Agreement_id,Vendor_id,purchase_order_id,sales_date,item_nbr,store_nbr,process_date,seq_nbr,item_cost,Agreement_allowance_type,dept_nbr,quantity,canculated_amt,allowance_amount,bill_nbr,Bill_date,Store_Alloc_ind,Store_Alloc_date,Last_change_user_id,Last_change_timestamp
1001,501,100101001,2026-08-11,100101,111,2026-08-11,1,224.06,SC,27,19,4257.14,727.12,10011,2026-08-16,Y,2026-08-11,MOCKLOAD,2026-09-11 22:29:05
1001,501,100101002,2026-08-12,100101,120,2026-08-12,2,201.67,SC,16,24,4840.08,826.69,10011,2026-08-16,Y,2026-08-12,MOCKLOAD,2026-09-11 22:29:05
1001,501,100101003,2026-08-13,100101,113,2026-08-13,3,181.81,SC,14,92,16726.52,2856.89,10011,2026-08-16,Y,2026-08-13,MOCKLOAD,2026-09-11 22:29:05
1001,501,100101004,2026-08-14,100101,102,2026-08-14,4,411.45,SC,25,61,25098.45,4286.82,10011,2026-08-16,Y,2026-08-14,MOCKLOAD,2026-09-11 22:29:05
1001,501,100101005,2026-08-15,100101,101,2026-08-15,5,398.23,SC,20,78,31061.94,5305.38,10011,2026-08-16,Y,2026-08-15,MOCKLOAD,2026-09-11 22:29:05
1001,501,100101006,2026-08-16,100101,115,2026-08-16,6,84.18,SC,28,1,84.18,14.38,10011,2026-08-16,Y,2026-08-16,MOCKLOAD,2026-09-11 22:29:05
1001,501,100101007,2026-08-17,100101,101,2026-08-17,7,160.22,SC,26,55,8812.1,1505.11,10012,2026-08-22,Y,2026-08-17,MOCKLOAD,2026-09-11 22:29:05
1001,501,100101008,2026-08-18,100101,110,2026-08-18,8,408.03,SC,23,100,40803,6969.15,10012,2026-08-22,Y,2026-08-18,MOCKLOAD,2026-09-11 22:29:05
1001,501,100101009,2026-08-19,100101,117,2026-08-19,9,315.2,SC,28,84,26476.8,4522.24,10012,2026-08-22,Y,2026-08-19,MOCKLOAD,2026-09-11 22:29:05
1001,501,100101010,2026-08-20,100101,116,2026-08-20,10,473.58,SC,24,94,44516.52,7603.42,10012,2026-08-22,Y,2026-08-20,MOCKLOAD,2026-09-11 22:29:05
1001,501,100101011,2026-08-21,100101,120,2026-08-21,11,89.95,SC,21,67,6026.65,1029.35,10012,2026-08-22,Y,2026-08-21,MOCKLOAD,2026-09-11 22:29:05
1001,501,100101012,2026-08-22,100101,117,2026-08-22,12,261.7,SC,20,20,5234,893.97,10012,2026-08-22,Y,2026-08-22,MOCKLOAD,2026-09-11 22:29:05
1001,501,100101013,2026-08-23,100101,116,2026-08-23,13,489.31,SC,26,28,13700.68,2340.08,10013,2026-08-28,Y,2026-08-23,MOCKLOAD,2026-09-11 22:29:05
1001,501,100101014,2026-08-24,100101,118,2026-08-24,14,389.81,SC,27,56,21829.36,3728.45,10013,2026-08-28,Y,2026-08-24,MOCKLOAD,2026-09-11 22:29:05
1001,501,100101015,2026-08-25,100101,102,2026-08-25,15,372.31,SC,26,87,32390.97,5532.38,10013,2026-08-28,Y,2026-08-25,MOCKLOAD,2026-09-11 22:29:05
1001,501,100101016,2026-08-26,100101,120,2026-08-26,16,402,SC,12,64,25728,4394.34,10013,2026-08-28,Y,2026-08-26,MOCKLOAD,2026-09-11 22:29:05
1001,501,100101017,2026-08-27,100101,103,2026-08-27,17,350.06,SC,20,43,15052.58,2570.98,10013,2026-08-28,Y,2026-08-27,MOCKLOAD,2026-09-11 22:29:05
1001,501,100101018,2026-08-28,100101,118,2026-08-28,18,488.81,SC,16,54,26395.74,4508.39,10013,2026-08-28,Y,2026-08-28,MOCKLOAD,2026-09-11 22:29:05
1001,501,100101019,2026-08-29,100101,112,2026-08-29,19,173.91,SC,28,38,6608.58,1128.75,10014,2026-09-03,Y,2026-08-29,MOCKLOAD,2026-09-11 22:29:05
1001,501,100101020,2026-08-30,100101,114,2026-08-30,20,470.13,SC,10,43,20215.59,3452.82,10014,2026-09-03,Y,2026-08-30,MOCKLOAD,2026-09-11 22:29:05
1001,501,100101021,2026-08-31,100101,118,2026-08-31,21,241.16,SC,29,73,17604.68,3006.88,10014,2026-09-03,Y,2026-08-31,MOCKLOAD,2026-09-11 22:29:05
1001,501,100101022,2026-09-01,100101,116,2026-09-01,22,219.42,SC,18,82,17992.44,3073.11,10014,2026-09-03,Y,2026-09-01,MOCKLOAD,2026-09-11 22:29:05
1001,501,100101023,2026-09-02,100101,117,2026-09-02,23,75.29,SC,23,70,5270.3,900.17,10014,2026-09-03,Y,2026-09-02,MOCKLOAD,2026-09-11 22:29:05
1001,501,100101024,2026-09-03,100101,109,2026-09-03,24,21.41,SC,25,5,107.05,18.28,10014,2026-09-03,Y,2026-09-03,MOCKLOAD,2026-09-11 22:29:05
1001,501,100101025,2026-09-04,100101,110,2026-09-04,25,18.33,SC,27,5,91.65,15.65,10015,2026-09-09,Y,2026-09-04,MOCKLOAD,2026-09-11 22:29:05
1001,501,100101026,2026-09-05,100101,112,2026-09-05,26,147.67,SC,22,34,5020.78,857.55,10015,2026-09-09,Y,2026-09-05,MOCKLOAD,2026-09-11 22:29:05
1001,501,100101027,2026-09-06,100101,118,2026-09-06,27,94.28,SC,16,85,8013.8,1368.76,10015,2026-09-09,Y,2026-09-06,MOCKLOAD,2026-09-11 22:29:05
1001,501,100101028,2026-09-07,100101,119,2026-09-07,28,464.59,SC,18,9,4181.31,714.17,10015,2026-09-09,Y,2026-09-07,MOCKLOAD,2026-09-11 22:29:05
1001,501,100101029,2026-09-08,100101,107,2026-09-08,29,9.43,SC,29,14,132.02,22.55,10015,2026-09-09,Y,2026-09-08,MOCKLOAD,2026-09-11 22:29:05
1001,501,100101030,2026-09-09,100101,104,2026-09-09,30,326.83,SC,12,16,5229.28,893.16,10015,2026-09-09,Y,2026-09-09,MOCKLOAD,2026-09-11 22:29:05
1001,501,100102001,2026-08-11,100102,103,2026-08-11,1,24.81,SC,26,3,74.43,12.71,10011,2026-08-16,Y,2026-08-11,MOCKLOAD,2026-09-11 22:29:05
1001,501,100102002,2026-08-12,100102,101,2026-08-12,2,488.18,SC,12,69,33684.42,5753.3,10011,2026-08-16,Y,2026-08-12,MOCKLOAD,2026-09-11 22:29:05
1001,501,100102003,2026-08-13,100102,105,2026-08-13,3,135.7,SC,27,35,4749.5,811.21,10011,2026-08-16,Y,2026-08-13,MOCKLOAD,2026-09-11 22:29:05
1001,501,100102004,2026-08-14,100102,103,2026-08-14,4,374.59,SC,18,93,34836.87,5950.14,10011,2026-08-16,Y,2026-08-14,MOCKLOAD,2026-09-11 22:29:05
1001,501,100102005,2026-08-15,100102,118,2026-08-15,5,425.05,SC,13,8,3400.4,580.79,10011,2026-08-16,Y,2026-08-15,MOCKLOAD,2026-09-11 22:29:05
1001,501,100102006,2026-08-16,100102,105,2026-08-16,6,488.33,SC,10,55,26858.15,4587.37,10011,2026-08-16,Y,2026-08-16,MOCKLOAD,2026-09-11 22:29:05
1001,501,100102007,2026-08-17,100102,107,2026-08-17,7,137.54,SC,11,11,1512.94,258.41,10012,2026-08-22,Y,2026-08-17,MOCKLOAD,2026-09-11 22:29:05
1001,501,100102008,2026-08-18,100102,101,2026-08-18,8,498.38,SC,17,15,7475.7,1276.85,10012,2026-08-22,Y,2026-08-18,MOCKLOAD,2026-09-11 22:29:05
1001,501,100102009,2026-08-19,100102,110,2026-08-19,9,170.02,SC,24,27,4590.54,784.06,10012,2026-08-22,Y,2026-08-19,MOCKLOAD,2026-09-11 22:29:05
1001,501,100102010,2026-08-20,100102,105,2026-08-20,10,264.17,SC,18,27,7132.59,1218.25,10012,2026-08-22,Y,2026-08-20,MOCKLOAD,2026-09-11 22:29:05
1001,501,100102011,2026-08-21,100102,114,2026-08-21,11,150.54,SC,12,38,5720.52,977.06,10012,2026-08-22,Y,2026-08-21,MOCKLOAD,2026-09-11 22:29:05
1001,501,100102012,2026-08-22,100102,101,2026-08-22,12,193.28,SC,16,10,1932.8,330.12,10012,2026-08-22,Y,2026-08-22,MOCKLOAD,2026-09-11 22:29:05
1001,501,100102013,2026-08-23,100102,104,2026-08-23,13,239.71,SC,17,96,23012.16,3930.48,10013,2026-08-28,Y,2026-08-23,MOCKLOAD,2026-09-11 22:29:05
1001,501,100102014,2026-08-24,100102,120,2026-08-24,14,346.97,SC,20,71,24634.87,4207.64,10013,2026-08-28,Y,2026-08-24,MOCKLOAD,2026-09-11 22:29:05
1001,501,100102015,2026-08-25,100102,117,2026-08-25,15,333.42,SC,27,62,20672.04,3530.78,10013,2026-08-28,Y,2026-08-25,MOCKLOAD,2026-09-11 22:29:05
1001,501,100102016,2026-08-26,100102,111,2026-08-26,16,221.33,SC,11,96,21247.68,3629.1,10013,2026-08-28,Y,2026-08-26,MOCKLOAD,2026-09-11 22:29:05
1001,501,100102017,2026-08-27,100102,108,2026-08-27,17,228.2,SC,28,16,3651.2,623.62,10013,2026-08-28,Y,2026-08-27,MOCKLOAD,2026-09-11 22:29:05
1001,501,100102018,2026-08-28,100102,114,2026-08-28,18,324.04,SC,10,44,14257.76,2435.23,10013,2026-08-28,Y,2026-08-28,MOCKLOAD,2026-09-11 22:29:05
1001,501,100102019,2026-08-29,100102,107,2026-08-29,19,11.45,SC,19,94,1076.3,183.83,10014,2026-09-03,Y,2026-08-29,MOCKLOAD,2026-09-11 22:29:05
1001,501,100102020,2026-08-30,100102,108,2026-08-30,20,165.16,SC,19,100,16516,2820.93,10014,2026-09-03,Y,2026-08-30,MOCKLOAD,2026-09-11 22:29:05
1001,501,100102021,2026-08-31,100102,120,2026-08-31,21,77.02,SC,28,29,2233.58,381.5,10014,2026-09-03,Y,2026-08-31,MOCKLOAD,2026-09-11 22:29:05
1001,501,100102022,2026-09-01,100102,105,2026-09-01,22,144.76,SC,25,57,8251.32,1409.33,10014,2026-09-03,Y,2026-09-01,MOCKLOAD,2026-09-11 22:29:05
1001,501,100102023,2026-09-02,100102,104,2026-09-02,23,445.81,SC,17,25,11145.25,1903.61,10014,2026-09-03,Y,2026-09-02,MOCKLOAD,2026-09-11 22:29:05
1001,501,100102024,2026-09-03,100102,118,2026-09-03,24,197.5,SC,26,40,7900,1349.32,10014,2026-09-03,Y,2026-09-03,MOCKLOAD,2026-09-11 22:29:05
1001,501,100102025,2026-09-04,100102,103,2026-09-04,25,59.08,SC,15,24,1417.92,242.18,10015,2026-09-09,Y,2026-09-04,MOCKLOAD,2026-09-11 22:29:05
1001,501,100102026,2026-09-05,100102,117,2026-09-05,26,308.75,SC,19,93,28713.75,4904.31,10015,2026-09-09,Y,2026-09-05,MOCKLOAD,2026-09-11 22:29:05
1001,501,100102027,2026-09-06,100102,102,2026-09-06,27,226.86,SC,26,63,14292.18,2441.1,10015,2026-09-09,Y,2026-09-06,MOCKLOAD,2026-09-11 22:29:05
1001,501,100102028,2026-09-07,100102,101,2026-09-07,28,376.23,SC,15,72,27088.56,4626.73,10015,2026-09-09,Y,2026-09-07,MOCKLOAD,2026-09-11 22:29:05
1001,501,100102029,2026-09-08,100102,102,2026-09-08,29,208.5,SC,25,27,5629.5,961.52,10015,2026-09-09,Y,2026-09-08,MOCKLOAD,2026-09-11 22:29:05
1001,501,100102030,2026-09-09,100102,106,2026-09-09,30,195.48,SC,10,11,2150.28,367.27,10015,2026-09-09,Y,2026-09-09,MOCKLOAD,2026-09-11 22:29:05
1001,501,100103001,2026-08-11,100103,109,2026-08-11,1,328.62,SC,10,30,9858.6,1683.85,10011,2026-08-16,Y,2026-08-11,MOCKLOAD,2026-09-11 22:29:05
1001,501,100103002,2026-08-12,100103,118,2026-08-12,2,493.16,SC,21,36,17753.76,3032.34,10011,2026-08-16,Y,2026-08-12,MOCKLOAD,2026-09-11 22:29:05
1001,501,100103003,2026-08-13,100103,111,2026-08-13,3,468.1,SC,17,73,34171.3,5836.46,10011,2026-08-16,Y,2026-08-13,MOCKLOAD,2026-09-11 22:29:05
1001,501,100103004,2026-08-14,100103,114,2026-08-14,4,64.94,SC,14,29,1883.26,321.66,10011,2026-08-16,Y,2026-08-14,MOCKLOAD,2026-09-11 22:29:05
1001,501,100103005,2026-08-15,100103,117,2026-08-15,5,463.35,SC,14,14,6486.9,1107.96,10011,2026-08-16,Y,2026-08-15,MOCKLOAD,2026-09-11 22:29:05
1001,501,100103006,2026-08-16,100103,114,2026-08-16,6,265.56,SC,29,32,8497.92,1451.44,10011,2026-08-16,Y,2026-08-16,MOCKLOAD,2026-09-11 22:29:05
1001,501,100103007,2026-08-17,100103,107,2026-08-17,7,470.61,SC,10,85,40001.85,6832.32,10012,2026-08-22,Y,2026-08-17,MOCKLOAD,2026-09-11 22:29:05
1001,501,100103008,2026-08-18,100103,112,2026-08-18,8,148.68,SC,19,13,1932.84,330.13,10012,2026-08-22,Y,2026-08-18,MOCKLOAD,2026-09-11 22:29:05
1001,501,100103009,2026-08-19,100103,111,2026-08-19,9,468.14,SC,10,52,24343.28,4157.83,10012,2026-08-22,Y,2026-08-19,MOCKLOAD,2026-09-11 22:29:05
1001,501,100103010,2026-08-20,100103,108,2026-08-20,10,267.94,SC,24,21,5626.74,961.05,10012,2026-08-22,Y,2026-08-20,MOCKLOAD,2026-09-11 22:29:05
1001,501,100103011,2026-08-21,100103,116,2026-08-21,11,62.52,SC,29,59,3688.68,630.03,10012,2026-08-22,Y,2026-08-21,MOCKLOAD,2026-09-11 22:29:05
1001,501,100103012,2026-08-22,100103,117,2026-08-22,12,220.22,SC,18,23,5065.06,865.11,10012,2026-08-22,Y,2026-08-22,MOCKLOAD,2026-09-11 22:29:05
1001,501,100103013,2026-08-23,100103,113,2026-08-23,13,157.66,SC,28,41,6464.06,1104.06,10013,2026-08-28,Y,2026-08-23,MOCKLOAD,2026-09-11 22:29:05
1001,501,100103014,2026-08-24,100103,102,2026-08-24,14,444.71,SC,13,2,889.42,151.91,10013,2026-08-28,Y,2026-08-24,MOCKLOAD,2026-09-11 22:29:05
1001,501,100103015,2026-08-25,100103,109,2026-08-25,15,168.13,SC,22,47,7902.11,1349.68,10013,2026-08-28,Y,2026-08-25,MOCKLOAD,2026-09-11 22:29:05
1001,501,100103016,2026-08-26,100103,103,2026-08-26,16,192.66,SC,26,86,16568.76,2829.94,10013,2026-08-28,Y,2026-08-26,MOCKLOAD,2026-09-11 22:29:05
1001,501,100103017,2026-08-27,100103,120,2026-08-27,17,369.21,SC,17,30,11076.3,1891.83,10013,2026-08-28,Y,2026-08-27,MOCKLOAD,2026-09-11 22:29:05
1001,501,100103018,2026-08-28,100103,114,2026-08-28,18,255.02,SC,16,67,17086.34,2918.35,10013,2026-08-28,Y,2026-08-28,MOCKLOAD,2026-09-11 22:29:05
1001,501,100103019,2026-08-29,100103,106,2026-08-29,19,142.73,SC,10,49,6993.77,1194.54,10014,2026-09-03,Y,2026-08-29,MOCKLOAD,2026-09-11 22:29:05
1001,501,100103020,2026-08-30,100103,117,2026-08-30,20,402.39,SC,23,19,7645.41,1305.84,10014,2026-09-03,Y,2026-08-30,MOCKLOAD,2026-09-11 22:29:05
1001,501,100103021,2026-08-31,100103,112,2026-08-31,21,193.35,SC,11,4,773.4,132.1,10014,2026-09-03,Y,2026-08-31,MOCKLOAD,2026-09-11 22:29:05
1001,501,100103022,2026-09-01,100103,108,2026-09-01,22,102.42,SC,19,11,1126.62,192.43,10014,2026-09-03,Y,2026-09-01,MOCKLOAD,2026-09-11 22:29:05
1001,501,100103023,2026-09-02,100103,102,2026-09-02,23,327.36,SC,14,64,20951.04,3578.44,10014,2026-09-03,Y,2026-09-02,MOCKLOAD,2026-09-11 22:29:05
1001,501,100103024,2026-09-03,100103,101,2026-09-03,24,18.94,SC,17,79,1496.26,255.56,10014,2026-09-03,Y,2026-09-03,MOCKLOAD,2026-09-11 22:29:05
1001,501,100103025,2026-09-04,100103,119,2026-09-04,25,289.41,SC,18,22,6367.02,1087.49,10015,2026-09-09,Y,2026-09-04,MOCKLOAD,2026-09-11 22:29:05
1001,501,100103026,2026-09-05,100103,120,2026-09-05,26,69.41,SC,17,90,6246.9,1066.97,10015,2026-09-09,Y,2026-09-05,MOCKLOAD,2026-09-11 22:29:05
1001,501,100103027,2026-09-06,100103,103,2026-09-06,27,321.02,SC,16,84,26965.68,4605.74,10015,2026-09-09,Y,2026-09-06,MOCKLOAD,2026-09-11 22:29:05
1001,501,100103028,2026-09-07,100103,104,2026-09-07,28,55.24,SC,22,31,1712.44,292.48,10015,2026-09-09,Y,2026-09-07,MOCKLOAD,2026-09-11 22:29:05
1001,501,100103029,2026-09-08,100103,119,2026-09-08,29,233.79,SC,27,62,14494.98,2475.74,10015,2026-09-09,Y,2026-09-08,MOCKLOAD,2026-09-11 22:29:05
1001,501,100103030,2026-09-09,100103,111,2026-09-09,30,282.3,SC,18,58,16373.4,2796.58,10015,2026-09-09,Y,2026-09-09,MOCKLOAD,2026-09-11 22:29:05
1001,501,100104001,2026-08-11,100104,115,2026-08-11,1,112.77,SC,15,96,10825.92,1849.07,10011,2026-08-16,Y,2026-08-11,MOCKLOAD,2026-09-11 22:29:05
1001,501,100104002,2026-08-12,100104,108,2026-08-12,2,412.28,SC,24,13,5359.64,915.43,10011,2026-08-16,Y,2026-08-12,MOCKLOAD,2026-09-11 22:29:05
1001,501,100104003,2026-08-13,100104,118,2026-08-13,3,181.8,SC,16,76,13816.8,2359.91,10011,2026-08-16,Y,2026-08-13,MOCKLOAD,2026-09-11 22:29:05
1001,501,100104004,2026-08-14,100104,110,2026-08-14,4,117.06,SC,25,47,5501.82,939.71,10011,2026-08-16,Y,2026-08-14,MOCKLOAD,2026-09-11 22:29:05
1001,501,100104005,2026-08-15,100104,102,2026-08-15,5,496.91,SC,27,84,41740.44,7129.27,10011,2026-08-16,Y,2026-08-15,MOCKLOAD,2026-09-11 22:29:05
1001,501,100104006,2026-08-16,100104,112,2026-08-16,6,45.88,SC,12,60,2752.8,470.18,10011,2026-08-16,Y,2026-08-16,MOCKLOAD,2026-09-11 22:29:05
1001,501,100104007,2026-08-17,100104,119,2026-08-17,7,113.54,SC,20,37,4200.98,717.53,10012,2026-08-22,Y,2026-08-17,MOCKLOAD,2026-09-11 22:29:05
1001,501,100104008,2026-08-18,100104,101,2026-08-18,8,355.02,SC,21,93,33016.86,5639.28,10012,2026-08-22,Y,2026-08-18,MOCKLOAD,2026-09-11 22:29:05
1001,501,100104009,2026-08-19,100104,113,2026-08-19,9,183.83,SC,29,86,15809.38,2700.24,10012,2026-08-22,Y,2026-08-19,MOCKLOAD,2026-09-11 22:29:05
1001,501,100104010,2026-08-20,100104,118,2026-08-20,10,385.3,SC,25,30,11559,1974.28,10012,2026-08-22,Y,2026-08-20,MOCKLOAD,2026-09-11 22:29:05
1001,501,100104011,2026-08-21,100104,119,2026-08-21,11,92.57,SC,18,28,2591.96,442.71,10012,2026-08-22,Y,2026-08-21,MOCKLOAD,2026-09-11 22:29:05
1001,501,100104012,2026-08-22,100104,108,2026-08-22,12,152.59,SC,16,4,610.36,104.25,10012,2026-08-22,Y,2026-08-22,MOCKLOAD,2026-09-11 22:29:05
1001,501,100104013,2026-08-23,100104,102,2026-08-23,13,227.68,SC,13,1,227.68,38.89,10013,2026-08-28,Y,2026-08-23,MOCKLOAD,2026-09-11 22:29:05
1001,501,100104014,2026-08-24,100104,108,2026-08-24,14,63.31,SC,15,28,1772.68,302.77,10013,2026-08-28,Y,2026-08-24,MOCKLOAD,2026-09-11 22:29:05
1001,501,100104015,2026-08-25,100104,115,2026-08-25,15,488.28,SC,12,38,18554.64,3169.13,10013,2026-08-28,Y,2026-08-25,MOCKLOAD,2026-09-11 22:29:05
1001,501,100104016,2026-08-26,100104,115,2026-08-26,16,111.16,SC,28,50,5558,949.31,10013,2026-08-28,Y,2026-08-26,MOCKLOAD,2026-09-11 22:29:05
1001,501,100104017,2026-08-27,100104,105,2026-08-27,17,366.15,SC,17,59,21602.85,3689.77,10013,2026-08-28,Y,2026-08-27,MOCKLOAD,2026-09-11 22:29:05
1001,501,100104018,2026-08-28,100104,108,2026-08-28,18,362.35,SC,28,52,18842.2,3218.25,10013,2026-08-28,Y,2026-08-28,MOCKLOAD,2026-09-11 22:29:05
1001,501,100104019,2026-08-29,100104,119,2026-08-29,19,412.48,SC,25,77,31760.96,5424.77,10014,2026-09-03,Y,2026-08-29,MOCKLOAD,2026-09-11 22:29:05
1001,501,100104020,2026-08-30,100104,111,2026-08-30,20,31.18,SC,27,43,1340.74,229,10014,2026-09-03,Y,2026-08-30,MOCKLOAD,2026-09-11 22:29:05
1001,501,100104021,2026-08-31,100104,109,2026-08-31,21,296.87,SC,11,58,17218.46,2940.91,10014,2026-09-03,Y,2026-08-31,MOCKLOAD,2026-09-11 22:29:05
1001,501,100104022,2026-09-01,100104,109,2026-09-01,22,57.69,SC,15,64,3692.16,630.62,10014,2026-09-03,Y,2026-09-01,MOCKLOAD,2026-09-11 22:29:05
1001,501,100104023,2026-09-02,100104,113,2026-09-02,23,400.28,SC,17,46,18412.88,3144.92,10014,2026-09-03,Y,2026-09-02,MOCKLOAD,2026-09-11 22:29:05
1001,501,100104024,2026-09-03,100104,107,2026-09-03,24,204.06,SC,27,67,13672.02,2335.18,10014,2026-09-03,Y,2026-09-03,MOCKLOAD,2026-09-11 22:29:05
1001,501,100104025,2026-09-04,100104,110,2026-09-04,25,160.2,SC,10,5,801,136.81,10015,2026-09-09,Y,2026-09-04,MOCKLOAD,2026-09-11 22:29:05
1001,501,100104026,2026-09-05,100104,103,2026-09-05,26,31.51,SC,19,97,3056.47,522.05,10015,2026-09-09,Y,2026-09-05,MOCKLOAD,2026-09-11 22:29:05
1001,501,100104027,2026-09-06,100104,109,2026-09-06,27,222.35,SC,18,67,14897.45,2544.48,10015,2026-09-09,Y,2026-09-06,MOCKLOAD,2026-09-11 22:29:05
1001,501,100104028,2026-09-07,100104,112,2026-09-07,28,170.4,SC,14,48,8179.2,1397.01,10015,2026-09-09,Y,2026-09-07,MOCKLOAD,2026-09-11 22:29:05
1001,501,100104029,2026-09-08,100104,120,2026-09-08,29,248.95,SC,15,39,9709.05,1658.31,10015,2026-09-09,Y,2026-09-08,MOCKLOAD,2026-09-11 22:29:05
1001,501,100104030,2026-09-09,100104,105,2026-09-09,30,479.62,SC,26,77,36930.74,6307.77,10015,2026-09-09,Y,2026-09-09,MOCKLOAD,2026-09-11 22:29:05
1001,501,100105001,2026-08-11,100105,101,2026-08-11,1,399.45,SC,13,68,27162.6,4639.37,10011,2026-08-16,Y,2026-08-11,MOCKLOAD,2026-09-11 22:29:05
1001,501,100105002,2026-08-12,100105,117,2026-08-12,2,352.64,SC,16,58,20453.12,3493.39,10011,2026-08-16,Y,2026-08-12,MOCKLOAD,2026-09-11 22:29:05
1001,501,100105003,2026-08-13,100105,117,2026-08-13,3,337.28,SC,24,79,26645.12,4550.99,10011,2026-08-16,Y,2026-08-13,MOCKLOAD,2026-09-11 22:29:05
1001,501,100105004,2026-08-14,100105,105,2026-08-14,4,324.02,SC,10,96,31105.92,5312.89,10011,2026-08-16,Y,2026-08-14,MOCKLOAD,2026-09-11 22:29:05
1001,501,100105005,2026-08-15,100105,104,2026-08-15,5,180.05,SC,13,4,720.2,123.01,10011,2026-08-16,Y,2026-08-15,MOCKLOAD,2026-09-11 22:29:05
1001,501,100105006,2026-08-16,100105,114,2026-08-16,6,330.02,SC,25,81,26731.62,4565.76,10011,2026-08-16,Y,2026-08-16,MOCKLOAD,2026-09-11 22:29:05
1001,501,100105007,2026-08-17,100105,108,2026-08-17,7,269.49,SC,27,37,9971.13,1703.07,10012,2026-08-22,Y,2026-08-17,MOCKLOAD,2026-09-11 22:29:05
1001,501,100105008,2026-08-18,100105,115,2026-08-18,8,311.02,SC,29,42,13062.84,2231.13,10012,2026-08-22,Y,2026-08-18,MOCKLOAD,2026-09-11 22:29:05
1001,501,100105009,2026-08-19,100105,106,2026-08-19,9,411.19,SC,10,19,7812.61,1334.39,10012,2026-08-22,Y,2026-08-19,MOCKLOAD,2026-09-11 22:29:05
1001,501,100105010,2026-08-20,100105,114,2026-08-20,10,417.51,SC,15,55,22963.05,3922.09,10012,2026-08-22,Y,2026-08-20,MOCKLOAD,2026-09-11 22:29:05
1001,501,100105011,2026-08-21,100105,107,2026-08-21,11,117.61,SC,18,27,3175.47,542.37,10012,2026-08-22,Y,2026-08-21,MOCKLOAD,2026-09-11 22:29:05
1001,501,100105012,2026-08-22,100105,117,2026-08-22,12,37.11,SC,11,73,2709.03,462.7,10012,2026-08-22,Y,2026-08-22,MOCKLOAD,2026-09-11 22:29:05
1001,501,100105013,2026-08-23,100105,112,2026-08-23,13,220.09,SC,25,64,14085.76,2405.85,10013,2026-08-28,Y,2026-08-23,MOCKLOAD,2026-09-11 22:29:05
1001,501,100105014,2026-08-24,100105,103,2026-08-24,14,198.33,SC,20,59,11701.47,1998.61,10013,2026-08-28,Y,2026-08-24,MOCKLOAD,2026-09-11 22:29:05
1001,501,100105015,2026-08-25,100105,101,2026-08-25,15,96.97,SC,17,80,7757.6,1325,10013,2026-08-28,Y,2026-08-25,MOCKLOAD,2026-09-11 22:29:05
1001,501,100105016,2026-08-26,100105,110,2026-08-26,16,420.65,SC,20,75,31548.75,5388.53,10013,2026-08-28,Y,2026-08-26,MOCKLOAD,2026-09-11 22:29:05
1001,501,100105017,2026-08-27,100105,101,2026-08-27,17,189.9,SC,22,78,14812.2,2529.92,10013,2026-08-28,Y,2026-08-27,MOCKLOAD,2026-09-11 22:29:05
1001,501,100105018,2026-08-28,100105,103,2026-08-28,18,411.52,SC,19,2,823.04,140.58,10013,2026-08-28,Y,2026-08-28,MOCKLOAD,2026-09-11 22:29:05
1001,501,100105019,2026-08-29,100105,108,2026-08-29,19,211.75,SC,24,22,4658.5,795.67,10014,2026-09-03,Y,2026-08-29,MOCKLOAD,2026-09-11 22:29:05
1001,501,100105020,2026-08-30,100105,101,2026-08-30,20,493.03,SC,23,26,12818.78,2189.45,10014,2026-09-03,Y,2026-08-30,MOCKLOAD,2026-09-11 22:29:05
1001,501,100105021,2026-08-31,100105,110,2026-08-31,21,120.95,SC,19,34,4112.3,702.38,10014,2026-09-03,Y,2026-08-31,MOCKLOAD,2026-09-11 22:29:05
1001,501,100105022,2026-09-01,100105,109,2026-09-01,22,460.33,SC,19,55,25318.15,4324.34,10014,2026-09-03,Y,2026-09-01,MOCKLOAD,2026-09-11 22:29:05
1001,501,100105023,2026-09-02,100105,118,2026-09-02,23,86.05,SC,26,26,2237.3,382.13,10014,2026-09-03,Y,2026-09-02,MOCKLOAD,2026-09-11 22:29:05
1001,501,100105024,2026-09-03,100105,120,2026-09-03,24,402.31,SC,20,30,12069.3,2061.44,10014,2026-09-03,Y,2026-09-03,MOCKLOAD,2026-09-11 22:29:05
1001,501,100105025,2026-09-04,100105,115,2026-09-04,25,164,SC,25,91,14924,2549.02,10015,2026-09-09,Y,2026-09-04,MOCKLOAD,2026-09-11 22:29:05
1001,501,100105026,2026-09-05,100105,117,2026-09-05,26,457.22,SC,18,68,31090.96,5310.34,10015,2026-09-09,Y,2026-09-05,MOCKLOAD,2026-09-11 22:29:05
1001,501,100105027,2026-09-06,100105,114,2026-09-06,27,182.58,SC,22,43,7850.94,1340.94,10015,2026-09-09,Y,2026-09-06,MOCKLOAD,2026-09-11 22:29:05
1001,501,100105028,2026-09-07,100105,107,2026-09-07,28,206.59,SC,16,26,5371.34,917.42,10015,2026-09-09,Y,2026-09-07,MOCKLOAD,2026-09-11 22:29:05
1001,501,100105029,2026-09-08,100105,115,2026-09-08,29,275.59,SC,12,5,1377.95,235.35,10015,2026-09-09,Y,2026-09-08,MOCKLOAD,2026-09-11 22:29:05
1001,501,100105030,2026-09-09,100105,107,2026-09-09,30,368.25,SC,10,99,36456.75,6226.81,10015,2026-09-09,Y,2026-09-09,MOCKLOAD,2026-09-11 22:29:05
1001,501,100106001,2026-08-11,100106,118,2026-08-11,1,131.15,SC,24,42,5508.3,940.82,10011,2026-08-16,Y,2026-08-11,MOCKLOAD,2026-09-11 22:29:05
1001,501,100106002,2026-08-12,100106,117,2026-08-12,2,229.76,SC,16,7,1608.32,274.7,10011,2026-08-16,Y,2026-08-12,MOCKLOAD,2026-09-11 22:29:05
1001,501,100106003,2026-08-13,100106,118,2026-08-13,3,489.08,SC,27,28,13694.24,2338.98,10011,2026-08-16,Y,2026-08-13,MOCKLOAD,2026-09-11 22:29:05
1001,501,100106004,2026-08-14,100106,101,2026-08-14,4,323.2,SC,12,85,27472,4692.22,10011,2026-08-16,Y,2026-08-14,MOCKLOAD,2026-09-11 22:29:05
1001,501,100106005,2026-08-15,100106,119,2026-08-15,5,240.04,SC,24,36,8641.44,1475.96,10011,2026-08-16,Y,2026-08-15,MOCKLOAD,2026-09-11 22:29:05
1001,501,100106006,2026-08-16,100106,111,2026-08-16,6,104.27,SC,19,86,8967.22,1531.6,10011,2026-08-16,Y,2026-08-16,MOCKLOAD,2026-09-11 22:29:05
1001,501,100106007,2026-08-17,100106,114,2026-08-17,7,492.18,SC,11,3,1476.54,252.19,10012,2026-08-22,Y,2026-08-17,MOCKLOAD,2026-09-11 22:29:05
1001,501,100106008,2026-08-18,100106,115,2026-08-18,8,185.73,SC,27,28,5200.44,888.24,10012,2026-08-22,Y,2026-08-18,MOCKLOAD,2026-09-11 22:29:05
1001,501,100106009,2026-08-19,100106,117,2026-08-19,9,376.68,SC,14,44,16573.92,2830.83,10012,2026-08-22,Y,2026-08-19,MOCKLOAD,2026-09-11 22:29:05
1001,501,100106010,2026-08-20,100106,111,2026-08-20,10,5.22,SC,24,64,334.08,57.06,10012,2026-08-22,Y,2026-08-20,MOCKLOAD,2026-09-11 22:29:05
1001,501,100106011,2026-08-21,100106,119,2026-08-21,11,436.97,SC,27,35,15293.95,2612.21,10012,2026-08-22,Y,2026-08-21,MOCKLOAD,2026-09-11 22:29:05
1001,501,100106012,2026-08-22,100106,106,2026-08-22,12,222.76,SC,29,58,12920.08,2206.75,10012,2026-08-22,Y,2026-08-22,MOCKLOAD,2026-09-11 22:29:05
1001,501,100106013,2026-08-23,100106,109,2026-08-23,13,494,SC,27,11,5434,928.13,10013,2026-08-28,Y,2026-08-23,MOCKLOAD,2026-09-11 22:29:05
1001,501,100106014,2026-08-24,100106,110,2026-08-24,14,480.62,SC,11,39,18744.18,3201.51,10013,2026-08-28,Y,2026-08-24,MOCKLOAD,2026-09-11 22:29:05
1001,501,100106015,2026-08-25,100106,105,2026-08-25,15,370.55,SC,28,75,27791.25,4746.75,10013,2026-08-28,Y,2026-08-25,MOCKLOAD,2026-09-11 22:29:05
1001,501,100106016,2026-08-26,100106,115,2026-08-26,16,227.32,SC,17,50,11366,1941.31,10013,2026-08-28,Y,2026-08-26,MOCKLOAD,2026-09-11 22:29:05
1001,501,100106017,2026-08-27,100106,101,2026-08-27,17,60.76,SC,13,58,3524.08,601.91,10013,2026-08-28,Y,2026-08-27,MOCKLOAD,2026-09-11 22:29:05
1001,501,100106018,2026-08-28,100106,119,2026-08-28,18,12.22,SC,24,50,611,104.36,10013,2026-08-28,Y,2026-08-28,MOCKLOAD,2026-09-11 22:29:05
1001,501,100106019,2026-08-29,100106,108,2026-08-29,19,355.49,SC,10,19,6754.31,1153.64,10014,2026-09-03,Y,2026-08-29,MOCKLOAD,2026-09-11 22:29:05
1001,501,100106020,2026-08-30,100106,110,2026-08-30,20,487.53,SC,14,84,40952.52,6994.69,10014,2026-09-03,Y,2026-08-30,MOCKLOAD,2026-09-11 22:29:05
1001,501,100106021,2026-08-31,100106,117,2026-08-31,21,310.53,SC,16,76,23600.28,4030.93,10014,2026-09-03,Y,2026-08-31,MOCKLOAD,2026-09-11 22:29:05
1001,501,100106022,2026-09-01,100106,109,2026-09-01,22,320.06,SC,15,74,23684.44,4045.3,10014,2026-09-03,Y,2026-09-01,MOCKLOAD,2026-09-11 22:29:05
1001,501,100106023,2026-09-02,100106,106,2026-09-02,23,230.02,SC,18,13,2990.26,510.74,10014,2026-09-03,Y,2026-09-02,MOCKLOAD,2026-09-11 22:29:05
1001,501,100106024,2026-09-03,100106,119,2026-09-03,24,96.01,SC,15,73,7008.73,1197.09,10014,2026-09-03,Y,2026-09-03,MOCKLOAD,2026-09-11 22:29:05
1001,501,100106025,2026-09-04,100106,115,2026-09-04,25,77.54,SC,27,50,3877,662.19,10015,2026-09-09,Y,2026-09-04,MOCKLOAD,2026-09-11 22:29:05
1001,501,100106026,2026-09-05,100106,112,2026-09-05,26,365.25,SC,15,99,36159.75,6176.09,10015,2026-09-09,Y,2026-09-05,MOCKLOAD,2026-09-11 22:29:05
1001,501,100106027,2026-09-06,100106,113,2026-09-06,27,55.96,SC,25,62,3469.52,592.59,10015,2026-09-09,Y,2026-09-06,MOCKLOAD,2026-09-11 22:29:05
1001,501,100106028,2026-09-07,100106,115,2026-09-07,28,455,SC,23,47,21385,3652.56,10015,2026-09-09,Y,2026-09-07,MOCKLOAD,2026-09-11 22:29:05
1001,501,100106029,2026-09-08,100106,101,2026-09-08,29,422.45,SC,25,27,11406.15,1948.17,10015,2026-09-09,Y,2026-09-08,MOCKLOAD,2026-09-11 22:29:05
1001,501,100106030,2026-09-09,100106,109,2026-09-09,30,255.46,SC,20,92,23502.32,4014.2,10015,2026-09-09,Y,2026-09-09,MOCKLOAD,2026-09-11 22:29:05
1001,501,100107001,2026-08-11,100107,101,2026-08-11,1,153.83,SC,14,81,12460.23,2128.21,10011,2026-08-16,Y,2026-08-11,MOCKLOAD,2026-09-11 22:29:05
1001,501,100107002,2026-08-12,100107,116,2026-08-12,2,402.64,SC,18,96,38653.44,6602.01,10011,2026-08-16,Y,2026-08-12,MOCKLOAD,2026-09-11 22:29:05
1001,501,100107003,2026-08-13,100107,111,2026-08-13,3,440.52,SC,16,98,43170.96,7373.6,10011,2026-08-16,Y,2026-08-13,MOCKLOAD,2026-09-11 22:29:05
1001,501,100107004,2026-08-14,100107,114,2026-08-14,4,474.53,SC,21,23,10914.19,1864.14,10011,2026-08-16,Y,2026-08-14,MOCKLOAD,2026-09-11 22:29:05
1001,501,100107005,2026-08-15,100107,110,2026-08-15,5,319.55,SC,17,14,4473.7,764.11,10011,2026-08-16,Y,2026-08-15,MOCKLOAD,2026-09-11 22:29:05
1001,501,100107006,2026-08-16,100107,107,2026-08-16,6,98.1,SC,28,1,98.1,16.76,10011,2026-08-16,Y,2026-08-16,MOCKLOAD,2026-09-11 22:29:05
1001,501,100107007,2026-08-17,100107,105,2026-08-17,7,245.85,SC,27,100,24585,4199.12,10012,2026-08-22,Y,2026-08-17,MOCKLOAD,2026-09-11 22:29:05
1001,501,100107008,2026-08-18,100107,117,2026-08-18,8,135.45,SC,25,25,3386.25,578.37,10012,2026-08-22,Y,2026-08-18,MOCKLOAD,2026-09-11 22:29:05
1001,501,100107009,2026-08-19,100107,116,2026-08-19,9,274.9,SC,13,73,20067.7,3427.56,10012,2026-08-22,Y,2026-08-19,MOCKLOAD,2026-09-11 22:29:05
1001,501,100107010,2026-08-20,100107,101,2026-08-20,10,333,SC,23,10,3330,568.76,10012,2026-08-22,Y,2026-08-20,MOCKLOAD,2026-09-11 22:29:05
1001,501,100107011,2026-08-21,100107,101,2026-08-21,11,105.62,SC,18,3,316.86,54.12,10012,2026-08-22,Y,2026-08-21,MOCKLOAD,2026-09-11 22:29:05
1001,501,100107012,2026-08-22,100107,103,2026-08-22,12,277.13,SC,11,51,14133.63,2414.02,10012,2026-08-22,Y,2026-08-22,MOCKLOAD,2026-09-11 22:29:05
1001,501,100107013,2026-08-23,100107,120,2026-08-23,13,114.46,SC,28,42,4807.32,821.09,10013,2026-08-28,Y,2026-08-23,MOCKLOAD,2026-09-11 22:29:05
1001,501,100107014,2026-08-24,100107,105,2026-08-24,14,25.87,SC,29,15,388.05,66.28,10013,2026-08-28,Y,2026-08-24,MOCKLOAD,2026-09-11 22:29:05
1001,501,100107015,2026-08-25,100107,105,2026-08-25,15,443.41,SC,22,43,19066.63,3256.58,10013,2026-08-28,Y,2026-08-25,MOCKLOAD,2026-09-11 22:29:05
1001,501,100107016,2026-08-26,100107,117,2026-08-26,16,348.8,SC,21,29,10115.2,1727.68,10013,2026-08-28,Y,2026-08-26,MOCKLOAD,2026-09-11 22:29:05
1001,501,100107017,2026-08-27,100107,102,2026-08-27,17,180.78,SC,15,36,6508.08,1111.58,10013,2026-08-28,Y,2026-08-27,MOCKLOAD,2026-09-11 22:29:05
1001,501,100107018,2026-08-28,100107,112,2026-08-28,18,418.36,SC,26,19,7948.84,1357.66,10013,2026-08-28,Y,2026-08-28,MOCKLOAD,2026-09-11 22:29:05
1001,501,100107019,2026-08-29,100107,112,2026-08-29,19,45.55,SC,16,100,4555,777.99,10014,2026-09-03,Y,2026-08-29,MOCKLOAD,2026-09-11 22:29:05
1001,501,100107020,2026-08-30,100107,101,2026-08-30,20,454.4,SC,18,75,34080,5820.86,10014,2026-09-03,Y,2026-08-30,MOCKLOAD,2026-09-11 22:29:05
1001,501,100107021,2026-08-31,100107,104,2026-08-31,21,10.76,SC,20,50,538,91.89,10014,2026-09-03,Y,2026-08-31,MOCKLOAD,2026-09-11 22:29:05
1001,501,100107022,2026-09-01,100107,117,2026-09-01,22,415.6,SC,28,45,18702,3194.3,10014,2026-09-03,Y,2026-09-01,MOCKLOAD,2026-09-11 22:29:05
1001,501,100107023,2026-09-02,100107,108,2026-09-02,23,206.79,SC,10,5,1033.95,176.6,10014,2026-09-03,Y,2026-09-02,MOCKLOAD,2026-09-11 22:29:05
1001,501,100107024,2026-09-03,100107,116,2026-09-03,24,108.13,SC,15,21,2270.73,387.84,10014,2026-09-03,Y,2026-09-03,MOCKLOAD,2026-09-11 22:29:05
1001,501,100107025,2026-09-04,100107,106,2026-09-04,25,144.5,SC,23,42,6069,1036.59,10015,2026-09-09,Y,2026-09-04,MOCKLOAD,2026-09-11 22:29:05
1001,501,100107026,2026-09-05,100107,116,2026-09-05,26,287.33,SC,28,94,27009.02,4613.14,10015,2026-09-09,Y,2026-09-05,MOCKLOAD,2026-09-11 22:29:05
1001,501,100107027,2026-09-06,100107,115,2026-09-06,27,346.78,SC,22,53,18379.34,3139.19,10015,2026-09-09,Y,2026-09-06,MOCKLOAD,2026-09-11 22:29:05
1001,501,100107028,2026-09-07,100107,108,2026-09-07,28,486.45,SC,22,96,46699.2,7976.22,10015,2026-09-09,Y,2026-09-07,MOCKLOAD,2026-09-11 22:29:05
1001,501,100107029,2026-09-08,100107,106,2026-09-08,29,245.03,SC,12,80,19602.4,3348.09,10015,2026-09-09,Y,2026-09-08,MOCKLOAD,2026-09-11 22:29:05
1001,501,100107030,2026-09-09,100107,102,2026-09-09,30,15.25,SC,24,57,869.25,148.47,10015,2026-09-09,Y,2026-09-09,MOCKLOAD,2026-09-11 22:29:05
1001,501,100108001,2026-08-11,100108,106,2026-08-11,1,378.39,SC,16,91,34433.49,5881.24,10011,2026-08-16,Y,2026-08-11,MOCKLOAD,2026-09-11 22:29:05
1001,501,100108002,2026-08-12,100108,101,2026-08-12,2,419.23,SC,14,80,33538.4,5728.36,10011,2026-08-16,Y,2026-08-12,MOCKLOAD,2026-09-11 22:29:05
1001,501,100108003,2026-08-13,100108,102,2026-08-13,3,412.39,SC,28,97,40001.83,6832.31,10011,2026-08-16,Y,2026-08-13,MOCKLOAD,2026-09-11 22:29:05
1001,501,100108004,2026-08-14,100108,117,2026-08-14,4,102.52,SC,18,68,6971.36,1190.71,10011,2026-08-16,Y,2026-08-14,MOCKLOAD,2026-09-11 22:29:05
1001,501,100108005,2026-08-15,100108,104,2026-08-15,5,34.96,SC,21,65,2272.4,388.13,10011,2026-08-16,Y,2026-08-15,MOCKLOAD,2026-09-11 22:29:05
1001,501,100108006,2026-08-16,100108,119,2026-08-16,6,152.98,SC,29,19,2906.62,496.45,10011,2026-08-16,Y,2026-08-16,MOCKLOAD,2026-09-11 22:29:05
1001,501,100108007,2026-08-17,100108,116,2026-08-17,7,140.06,SC,19,48,6722.88,1148.27,10012,2026-08-22,Y,2026-08-17,MOCKLOAD,2026-09-11 22:29:05
1001,501,100108008,2026-08-18,100108,108,2026-08-18,8,115.99,SC,26,29,3363.71,574.52,10012,2026-08-22,Y,2026-08-18,MOCKLOAD,2026-09-11 22:29:05
1001,501,100108009,2026-08-19,100108,118,2026-08-19,9,220.63,SC,28,9,1985.67,339.15,10012,2026-08-22,Y,2026-08-19,MOCKLOAD,2026-09-11 22:29:05
1001,501,100108010,2026-08-20,100108,103,2026-08-20,10,114.22,SC,24,51,5825.22,994.95,10012,2026-08-22,Y,2026-08-20,MOCKLOAD,2026-09-11 22:29:05
1001,501,100108011,2026-08-21,100108,103,2026-08-21,11,265.02,SC,27,91,24116.82,4119.15,10012,2026-08-22,Y,2026-08-21,MOCKLOAD,2026-09-11 22:29:05
1001,501,100108012,2026-08-22,100108,101,2026-08-22,12,484.68,SC,25,34,16479.12,2814.63,10012,2026-08-22,Y,2026-08-22,MOCKLOAD,2026-09-11 22:29:05
1001,501,100108013,2026-08-23,100108,120,2026-08-23,13,175.51,SC,16,81,14216.31,2428.15,10013,2026-08-28,Y,2026-08-23,MOCKLOAD,2026-09-11 22:29:05
1001,501,100108014,2026-08-24,100108,111,2026-08-24,14,394.36,SC,27,26,10253.36,1751.27,10013,2026-08-28,Y,2026-08-24,MOCKLOAD,2026-09-11 22:29:05
1001,501,100108015,2026-08-25,100108,119,2026-08-25,15,416.48,SC,17,12,4997.76,853.62,10013,2026-08-28,Y,2026-08-25,MOCKLOAD,2026-09-11 22:29:05
1001,501,100108016,2026-08-26,100108,111,2026-08-26,16,481.46,SC,20,82,39479.72,6743.14,10013,2026-08-28,Y,2026-08-26,MOCKLOAD,2026-09-11 22:29:05
1001,501,100108017,2026-08-27,100108,120,2026-08-27,17,381.45,SC,26,39,14876.55,2540.91,10013,2026-08-28,Y,2026-08-27,MOCKLOAD,2026-09-11 22:29:05
1001,501,100108018,2026-08-28,100108,108,2026-08-28,18,382.76,SC,28,35,13396.6,2288.14,10013,2026-08-28,Y,2026-08-28,MOCKLOAD,2026-09-11 22:29:05
1001,501,100108019,2026-08-29,100108,115,2026-08-29,19,115.65,SC,25,33,3816.45,651.85,10014,2026-09-03,Y,2026-08-29,MOCKLOAD,2026-09-11 22:29:05
1001,501,100108020,2026-08-30,100108,114,2026-08-30,20,333.36,SC,28,61,20334.96,3473.21,10014,2026-09-03,Y,2026-08-30,MOCKLOAD,2026-09-11 22:29:05
1001,501,100108021,2026-08-31,100108,109,2026-08-31,21,286.78,SC,16,25,7169.5,1224.55,10014,2026-09-03,Y,2026-08-31,MOCKLOAD,2026-09-11 22:29:05
1001,501,100108022,2026-09-01,100108,117,2026-09-01,22,201.52,SC,20,45,9068.4,1548.88,10014,2026-09-03,Y,2026-09-01,MOCKLOAD,2026-09-11 22:29:05
1001,501,100108023,2026-09-02,100108,116,2026-09-02,23,319.16,SC,25,35,11170.6,1907.94,10014,2026-09-03,Y,2026-09-02,MOCKLOAD,2026-09-11 22:29:05
1001,501,100108024,2026-09-03,100108,104,2026-09-03,24,149.04,SC,29,23,3427.92,585.49,10014,2026-09-03,Y,2026-09-03,MOCKLOAD,2026-09-11 22:29:05
1001,501,100108025,2026-09-04,100108,118,2026-09-04,25,151.65,SC,10,2,303.3,51.8,10015,2026-09-09,Y,2026-09-04,MOCKLOAD,2026-09-11 22:29:05
1001,501,100108026,2026-09-05,100108,110,2026-09-05,26,246.66,SC,28,64,15786.24,2696.29,10015,2026-09-09,Y,2026-09-05,MOCKLOAD,2026-09-11 22:29:05
1001,501,100108027,2026-09-06,100108,111,2026-09-06,27,292.84,SC,23,86,25184.24,4301.47,10015,2026-09-09,Y,2026-09-06,MOCKLOAD,2026-09-11 22:29:05
1001,501,100108028,2026-09-07,100108,104,2026-09-07,28,27.27,SC,18,31,845.37,144.39,10015,2026-09-09,Y,2026-09-07,MOCKLOAD,2026-09-11 22:29:05
1001,501,100108029,2026-09-08,100108,109,2026-09-08,29,261.15,SC,15,78,20369.7,3479.14,10015,2026-09-09,Y,2026-09-08,MOCKLOAD,2026-09-11 22:29:05
1001,501,100108030,2026-09-09,100108,104,2026-09-09,30,342.34,SC,10,55,18828.7,3215.94,10015,2026-09-09,Y,2026-09-09,MOCKLOAD,2026-09-11 22:29:05
1001,501,100109001,2026-08-11,100109,116,2026-08-11,1,237.87,SC,28,14,3330.18,568.79,10011,2026-08-16,Y,2026-08-11,MOCKLOAD,2026-09-11 22:29:05
1001,501,100109002,2026-08-12,100109,119,2026-08-12,2,42.03,SC,10,87,3656.61,624.55,10011,2026-08-16,Y,2026-08-12,MOCKLOAD,2026-09-11 22:29:05
1001,501,100109003,2026-08-13,100109,113,2026-08-13,3,270.31,SC,19,56,15137.36,2585.46,10011,2026-08-16,Y,2026-08-13,MOCKLOAD,2026-09-11 22:29:05
1001,501,100109004,2026-08-14,100109,103,2026-08-14,4,342.9,SC,22,93,31889.7,5446.76,10011,2026-08-16,Y,2026-08-14,MOCKLOAD,2026-09-11 22:29:05
1001,501,100109005,2026-08-15,100109,118,2026-08-15,5,170.13,SC,24,85,14461.05,2469.95,10011,2026-08-16,Y,2026-08-15,MOCKLOAD,2026-09-11 22:29:05
1001,501,100109006,2026-08-16,100109,108,2026-08-16,6,120.82,SC,17,68,8215.76,1403.25,10011,2026-08-16,Y,2026-08-16,MOCKLOAD,2026-09-11 22:29:05
1001,501,100109007,2026-08-17,100109,113,2026-08-17,7,309.74,SC,14,100,30974,5290.36,10012,2026-08-22,Y,2026-08-17,MOCKLOAD,2026-09-11 22:29:05
1001,501,100109008,2026-08-18,100109,109,2026-08-18,8,497.59,SC,20,20,9951.8,1699.77,10012,2026-08-22,Y,2026-08-18,MOCKLOAD,2026-09-11 22:29:05
1001,501,100109009,2026-08-19,100109,114,2026-08-19,9,94.49,SC,24,1,94.49,16.14,10012,2026-08-22,Y,2026-08-19,MOCKLOAD,2026-09-11 22:29:05
1001,501,100109010,2026-08-20,100109,119,2026-08-20,10,466.5,SC,26,38,17727,3027.77,10012,2026-08-22,Y,2026-08-20,MOCKLOAD,2026-09-11 22:29:05
1001,501,100109011,2026-08-21,100109,118,2026-08-21,11,457.8,SC,23,30,13734,2345.77,10012,2026-08-22,Y,2026-08-21,MOCKLOAD,2026-09-11 22:29:05
1001,501,100109012,2026-08-22,100109,119,2026-08-22,12,15.14,SC,28,37,560.18,95.68,10012,2026-08-22,Y,2026-08-22,MOCKLOAD,2026-09-11 22:29:05
1001,501,100109013,2026-08-23,100109,114,2026-08-23,13,153.18,SC,26,36,5514.48,941.87,10013,2026-08-28,Y,2026-08-23,MOCKLOAD,2026-09-11 22:29:05
1001,501,100109014,2026-08-24,100109,118,2026-08-24,14,73,SC,21,3,219,37.41,10013,2026-08-28,Y,2026-08-24,MOCKLOAD,2026-09-11 22:29:05
1001,501,100109015,2026-08-25,100109,106,2026-08-25,15,81.47,SC,14,37,3014.39,514.86,10013,2026-08-28,Y,2026-08-25,MOCKLOAD,2026-09-11 22:29:05
1001,501,100109016,2026-08-26,100109,104,2026-08-26,16,51.05,SC,10,8,408.4,69.75,10013,2026-08-28,Y,2026-08-26,MOCKLOAD,2026-09-11 22:29:05
1001,501,100109017,2026-08-27,100109,101,2026-08-27,17,384.88,SC,12,81,31175.28,5324.74,10013,2026-08-28,Y,2026-08-27,MOCKLOAD,2026-09-11 22:29:05
1001,501,100109018,2026-08-28,100109,111,2026-08-28,18,44.29,SC,27,91,4030.39,688.39,10013,2026-08-28,Y,2026-08-28,MOCKLOAD,2026-09-11 22:29:05
1001,501,100109019,2026-08-29,100109,116,2026-08-29,19,339.99,SC,27,64,21759.36,3716.5,10014,2026-09-03,Y,2026-08-29,MOCKLOAD,2026-09-11 22:29:05
1001,501,100109020,2026-08-30,100109,113,2026-08-30,20,226.72,SC,14,77,17457.44,2981.73,10014,2026-09-03,Y,2026-08-30,MOCKLOAD,2026-09-11 22:29:05
1001,501,100109021,2026-08-31,100109,119,2026-08-31,21,106.52,SC,21,97,10332.44,1764.78,10014,2026-09-03,Y,2026-08-31,MOCKLOAD,2026-09-11 22:29:05
1001,501,100109022,2026-09-01,100109,110,2026-09-01,22,373.38,SC,25,80,29870.4,5101.86,10014,2026-09-03,Y,2026-09-01,MOCKLOAD,2026-09-11 22:29:05
1001,501,100109023,2026-09-02,100109,117,2026-09-02,23,372.18,SC,16,49,18236.82,3114.85,10014,2026-09-03,Y,2026-09-02,MOCKLOAD,2026-09-11 22:29:05
1001,501,100109024,2026-09-03,100109,116,2026-09-03,24,437.39,SC,27,60,26243.4,4482.37,10014,2026-09-03,Y,2026-09-03,MOCKLOAD,2026-09-11 22:29:05
1001,501,100109025,2026-09-04,100109,117,2026-09-04,25,471.55,SC,22,27,12731.85,2174.6,10015,2026-09-09,Y,2026-09-04,MOCKLOAD,2026-09-11 22:29:05
1001,501,100109026,2026-09-05,100109,120,2026-09-05,26,297.07,SC,10,45,13368.15,2283.28,10015,2026-09-09,Y,2026-09-05,MOCKLOAD,2026-09-11 22:29:05
1001,501,100109027,2026-09-06,100109,110,2026-09-06,27,398.78,SC,17,42,16748.76,2860.69,10015,2026-09-09,Y,2026-09-06,MOCKLOAD,2026-09-11 22:29:05
1001,501,100109028,2026-09-07,100109,111,2026-09-07,28,152.89,SC,21,66,10090.74,1723.5,10015,2026-09-09,Y,2026-09-07,MOCKLOAD,2026-09-11 22:29:05
1001,501,100109029,2026-09-08,100109,104,2026-09-08,29,102.9,SC,22,58,5968.2,1019.37,10015,2026-09-09,Y,2026-09-08,MOCKLOAD,2026-09-11 22:29:05
1001,501,100109030,2026-09-09,100109,101,2026-09-09,30,427.44,SC,28,99,42316.56,7227.67,10015,2026-09-09,Y,2026-09-09,MOCKLOAD,2026-09-11 22:29:05
1001,501,100110001,2026-08-11,100110,101,2026-08-11,1,369.22,SC,12,40,14768.8,2522.51,10011,2026-08-16,Y,2026-08-11,MOCKLOAD,2026-09-11 22:29:05
1001,501,100110002,2026-08-12,100110,110,2026-08-12,2,260.82,SC,18,17,4433.94,757.32,10011,2026-08-16,Y,2026-08-12,MOCKLOAD,2026-09-11 22:29:05
1001,501,100110003,2026-08-13,100110,116,2026-08-13,3,478.66,SC,11,99,47387.34,8093.76,10011,2026-08-16,Y,2026-08-13,MOCKLOAD,2026-09-11 22:29:05
1001,501,100110004,2026-08-14,100110,106,2026-08-14,4,185.52,SC,19,52,9647.04,1647.71,10011,2026-08-16,Y,2026-08-14,MOCKLOAD,2026-09-11 22:29:05
1001,501,100110005,2026-08-15,100110,114,2026-08-15,5,191.42,SC,20,22,4211.24,719.28,10011,2026-08-16,Y,2026-08-15,MOCKLOAD,2026-09-11 22:29:05
1001,501,100110006,2026-08-16,100110,109,2026-08-16,6,410.04,SC,11,2,820.08,140.07,10011,2026-08-16,Y,2026-08-16,MOCKLOAD,2026-09-11 22:29:05
1001,501,100110007,2026-08-17,100110,112,2026-08-17,7,324.26,SC,12,13,4215.38,719.99,10012,2026-08-22,Y,2026-08-17,MOCKLOAD,2026-09-11 22:29:05
1001,501,100110008,2026-08-18,100110,107,2026-08-18,8,256.01,SC,11,59,15104.59,2579.86,10012,2026-08-22,Y,2026-08-18,MOCKLOAD,2026-09-11 22:29:05
1001,501,100110009,2026-08-19,100110,114,2026-08-19,9,442.42,SC,17,56,24775.52,4231.66,10012,2026-08-22,Y,2026-08-19,MOCKLOAD,2026-09-11 22:29:05
1001,501,100110010,2026-08-20,100110,120,2026-08-20,10,493.12,SC,16,79,38956.48,6653.77,10012,2026-08-22,Y,2026-08-20,MOCKLOAD,2026-09-11 22:29:05
1001,501,100110011,2026-08-21,100110,113,2026-08-21,11,55.83,SC,23,93,5192.19,886.83,10012,2026-08-22,Y,2026-08-21,MOCKLOAD,2026-09-11 22:29:05
1001,501,100110012,2026-08-22,100110,104,2026-08-22,12,358.81,SC,17,57,20452.17,3493.23,10012,2026-08-22,Y,2026-08-22,MOCKLOAD,2026-09-11 22:29:05
1001,501,100110013,2026-08-23,100110,108,2026-08-23,13,366.83,SC,25,96,35215.68,6014.84,10013,2026-08-28,Y,2026-08-23,MOCKLOAD,2026-09-11 22:29:05
1001,501,100110014,2026-08-24,100110,118,2026-08-24,14,333.86,SC,21,8,2670.88,456.19,10013,2026-08-28,Y,2026-08-24,MOCKLOAD,2026-09-11 22:29:05
1001,501,100110015,2026-08-25,100110,120,2026-08-25,15,255.83,SC,11,9,2302.47,393.26,10013,2026-08-28,Y,2026-08-25,MOCKLOAD,2026-09-11 22:29:05
1001,501,100110016,2026-08-26,100110,112,2026-08-26,16,179.49,SC,13,85,15256.65,2605.84,10013,2026-08-28,Y,2026-08-26,MOCKLOAD,2026-09-11 22:29:05
1001,501,100110017,2026-08-27,100110,108,2026-08-27,17,312.69,SC,16,2,625.38,106.81,10013,2026-08-28,Y,2026-08-27,MOCKLOAD,2026-09-11 22:29:05
1001,501,100110018,2026-08-28,100110,118,2026-08-28,18,447.43,SC,11,38,17002.34,2904,10013,2026-08-28,Y,2026-08-28,MOCKLOAD,2026-09-11 22:29:05
1001,501,100110019,2026-08-29,100110,107,2026-08-29,19,406.14,SC,22,62,25180.68,4300.86,10014,2026-09-03,Y,2026-08-29,MOCKLOAD,2026-09-11 22:29:05
1001,501,100110020,2026-08-30,100110,117,2026-08-30,20,451.13,SC,26,88,39699.44,6780.66,10014,2026-09-03,Y,2026-08-30,MOCKLOAD,2026-09-11 22:29:05
1001,501,100110021,2026-08-31,100110,118,2026-08-31,21,184.1,SC,27,16,2945.6,503.11,10014,2026-09-03,Y,2026-08-31,MOCKLOAD,2026-09-11 22:29:05
1001,501,100110022,2026-09-01,100110,108,2026-09-01,22,48.45,SC,21,68,3294.6,562.72,10014,2026-09-03,Y,2026-09-01,MOCKLOAD,2026-09-11 22:29:05
1001,501,100110023,2026-09-02,100110,106,2026-09-02,23,211.49,SC,29,46,9728.54,1661.63,10014,2026-09-03,Y,2026-09-02,MOCKLOAD,2026-09-11 22:29:05
1001,501,100110024,2026-09-03,100110,106,2026-09-03,24,446.67,SC,15,38,16973.46,2899.07,10014,2026-09-03,Y,2026-09-03,MOCKLOAD,2026-09-11 22:29:05
1001,501,100110025,2026-09-04,100110,112,2026-09-04,25,424.15,SC,11,43,18238.45,3115.13,10015,2026-09-09,Y,2026-09-04,MOCKLOAD,2026-09-11 22:29:05
1001,501,100110026,2026-09-05,100110,114,2026-09-05,26,180.26,SC,22,19,3424.94,584.98,10015,2026-09-09,Y,2026-09-05,MOCKLOAD,2026-09-11 22:29:05
1001,501,100110027,2026-09-06,100110,108,2026-09-06,27,361.57,SC,19,82,29648.74,5064,10015,2026-09-09,Y,2026-09-06,MOCKLOAD,2026-09-11 22:29:05
1001,501,100110028,2026-09-07,100110,114,2026-09-07,28,190.93,SC,23,15,2863.95,489.16,10015,2026-09-09,Y,2026-09-07,MOCKLOAD,2026-09-11 22:29:05
1001,501,100110029,2026-09-08,100110,118,2026-09-08,29,357.82,SC,11,11,3936.02,672.27,10015,2026-09-09,Y,2026-09-08,MOCKLOAD,2026-09-11 22:29:05
1001,501,100110030,2026-09-09,100110,116,2026-09-09,30,195.2,SC,10,57,11126.4,1900.39,10015,2026-09-09,Y,2026-09-09,MOCKLOAD,2026-09-11 22:29:05
1002,502,100201001,2026-08-11,100201,112,2026-08-11,1,372.2,SC,14,38,14143.6,936.31,10021,2026-08-16,Y,2026-08-11,MOCKLOAD,2026-09-11 22:29:05
1002,502,100201002,2026-08-12,100201,110,2026-08-12,2,214.1,SC,13,76,16271.6,1077.18,10021,2026-08-16,Y,2026-08-12,MOCKLOAD,2026-09-11 22:29:05
1002,502,100201003,2026-08-13,100201,118,2026-08-13,3,287.59,SC,16,16,4601.44,304.62,10021,2026-08-16,Y,2026-08-13,MOCKLOAD,2026-09-11 22:29:05
1002,502,100201004,2026-08-14,100201,103,2026-08-14,4,75.53,SC,29,37,2794.61,185,10021,2026-08-16,Y,2026-08-14,MOCKLOAD,2026-09-11 22:29:05
1002,502,100201005,2026-08-15,100201,109,2026-08-15,5,229.76,SC,24,64,14704.64,973.45,10021,2026-08-16,Y,2026-08-15,MOCKLOAD,2026-09-11 22:29:05
1002,502,100201006,2026-08-16,100201,117,2026-08-16,6,253.11,SC,11,98,24804.78,1642.08,10021,2026-08-16,Y,2026-08-16,MOCKLOAD,2026-09-11 22:29:05
1002,502,100201007,2026-08-17,100201,106,2026-08-17,7,419.31,SC,15,1,419.31,27.76,10022,2026-08-22,Y,2026-08-17,MOCKLOAD,2026-09-11 22:29:05
1002,502,100201008,2026-08-18,100201,103,2026-08-18,8,457.86,SC,22,42,19230.12,1273.03,10022,2026-08-22,Y,2026-08-18,MOCKLOAD,2026-09-11 22:29:05
1002,502,100201009,2026-08-19,100201,117,2026-08-19,9,7.73,SC,22,33,255.09,16.89,10022,2026-08-22,Y,2026-08-19,MOCKLOAD,2026-09-11 22:29:05
1002,502,100201010,2026-08-20,100201,113,2026-08-20,10,191.6,SC,29,63,12070.8,799.09,10022,2026-08-22,Y,2026-08-20,MOCKLOAD,2026-09-11 22:29:05
1002,502,100201011,2026-08-21,100201,118,2026-08-21,11,375.28,SC,29,94,35276.32,2335.29,10022,2026-08-22,Y,2026-08-21,MOCKLOAD,2026-09-11 22:29:05
1002,502,100201012,2026-08-22,100201,116,2026-08-22,12,306.13,SC,17,21,6428.73,425.58,10022,2026-08-22,Y,2026-08-22,MOCKLOAD,2026-09-11 22:29:05
1002,502,100201013,2026-08-23,100201,118,2026-08-23,13,68.43,SC,21,95,6500.85,430.36,10023,2026-08-28,Y,2026-08-23,MOCKLOAD,2026-09-11 22:29:05
1002,502,100201014,2026-08-24,100201,103,2026-08-24,14,390.93,SC,20,36,14073.48,931.66,10023,2026-08-28,Y,2026-08-24,MOCKLOAD,2026-09-11 22:29:05
1002,502,100201015,2026-08-25,100201,112,2026-08-25,15,159.51,SC,19,14,2233.14,147.83,10023,2026-08-28,Y,2026-08-25,MOCKLOAD,2026-09-11 22:29:05
1002,502,100201016,2026-08-26,100201,107,2026-08-26,16,301.74,SC,18,28,8448.72,559.31,10023,2026-08-28,Y,2026-08-26,MOCKLOAD,2026-09-11 22:29:05
1002,502,100201017,2026-08-27,100201,104,2026-08-27,17,431.23,SC,22,83,35792.09,2369.44,10023,2026-08-28,Y,2026-08-27,MOCKLOAD,2026-09-11 22:29:05
1002,502,100201018,2026-08-28,100201,103,2026-08-28,18,271.35,SC,16,26,7055.1,467.05,10023,2026-08-28,Y,2026-08-28,MOCKLOAD,2026-09-11 22:29:05
1002,502,100201019,2026-08-29,100201,120,2026-08-29,19,76.36,SC,25,20,1527.2,101.1,10024,2026-09-03,Y,2026-08-29,MOCKLOAD,2026-09-11 22:29:05
1002,502,100201020,2026-08-30,100201,110,2026-08-30,20,369.51,SC,17,38,14041.38,929.54,10024,2026-09-03,Y,2026-08-30,MOCKLOAD,2026-09-11 22:29:05
1002,502,100201021,2026-08-31,100201,103,2026-08-31,21,111.38,SC,23,33,3675.54,243.32,10024,2026-09-03,Y,2026-08-31,MOCKLOAD,2026-09-11 22:29:05
1002,502,100201022,2026-09-01,100201,108,2026-09-01,22,54,SC,22,69,3726,246.66,10024,2026-09-03,Y,2026-09-01,MOCKLOAD,2026-09-11 22:29:05
1002,502,100201023,2026-09-02,100201,106,2026-09-02,23,56.67,SC,28,9,510.03,33.76,10024,2026-09-03,Y,2026-09-02,MOCKLOAD,2026-09-11 22:29:05
1002,502,100201024,2026-09-03,100201,101,2026-09-03,24,209.72,SC,21,87,18245.64,1207.86,10024,2026-09-03,Y,2026-09-03,MOCKLOAD,2026-09-11 22:29:05
1002,502,100201025,2026-09-04,100201,106,2026-09-04,25,210.38,SC,10,19,3997.22,264.62,10025,2026-09-09,Y,2026-09-04,MOCKLOAD,2026-09-11 22:29:05
1002,502,100201026,2026-09-05,100201,103,2026-09-05,26,46.55,SC,21,9,418.95,27.73,10025,2026-09-09,Y,2026-09-05,MOCKLOAD,2026-09-11 22:29:05
1002,502,100201027,2026-09-06,100201,119,2026-09-06,27,310.47,SC,26,25,7761.75,513.83,10025,2026-09-09,Y,2026-09-06,MOCKLOAD,2026-09-11 22:29:05
1002,502,100201028,2026-09-07,100201,113,2026-09-07,28,74.06,SC,21,29,2147.74,142.18,10025,2026-09-09,Y,2026-09-07,MOCKLOAD,2026-09-11 22:29:05
1002,502,100201029,2026-09-08,100201,106,2026-09-08,29,357.18,SC,16,15,5357.7,354.68,10025,2026-09-09,Y,2026-09-08,MOCKLOAD,2026-09-11 22:29:05
1002,502,100201030,2026-09-09,100201,101,2026-09-09,30,279.56,SC,11,88,24601.28,1628.6,10025,2026-09-09,Y,2026-09-09,MOCKLOAD,2026-09-11 22:29:05
1002,502,100202001,2026-08-11,100202,102,2026-08-11,1,46.49,SC,16,45,2092.05,138.49,10021,2026-08-16,Y,2026-08-11,MOCKLOAD,2026-09-11 22:29:05
1002,502,100202002,2026-08-12,100202,107,2026-08-12,2,201.16,SC,20,94,18909.04,1251.78,10021,2026-08-16,Y,2026-08-12,MOCKLOAD,2026-09-11 22:29:05
1002,502,100202003,2026-08-13,100202,113,2026-08-13,3,168.63,SC,20,36,6070.68,401.88,10021,2026-08-16,Y,2026-08-13,MOCKLOAD,2026-09-11 22:29:05
1002,502,100202004,2026-08-14,100202,117,2026-08-14,4,385.88,SC,17,11,4244.68,281,10021,2026-08-16,Y,2026-08-14,MOCKLOAD,2026-09-11 22:29:05
1002,502,100202005,2026-08-15,100202,107,2026-08-15,5,363.39,SC,14,7,2543.73,168.39,10021,2026-08-16,Y,2026-08-15,MOCKLOAD,2026-09-11 22:29:05
1002,502,100202006,2026-08-16,100202,115,2026-08-16,6,360.08,SC,12,77,27726.16,1835.47,10021,2026-08-16,Y,2026-08-16,MOCKLOAD,2026-09-11 22:29:05
1002,502,100202007,2026-08-17,100202,112,2026-08-17,7,205.57,SC,25,45,9250.65,612.39,10022,2026-08-22,Y,2026-08-17,MOCKLOAD,2026-09-11 22:29:05
1002,502,100202008,2026-08-18,100202,112,2026-08-18,8,466.19,SC,15,90,41957.1,2777.56,10022,2026-08-22,Y,2026-08-18,MOCKLOAD,2026-09-11 22:29:05
1002,502,100202009,2026-08-19,100202,102,2026-08-19,9,434.05,SC,21,10,4340.5,287.34,10022,2026-08-22,Y,2026-08-19,MOCKLOAD,2026-09-11 22:29:05
1002,502,100202010,2026-08-20,100202,111,2026-08-20,10,213.94,SC,20,48,10269.12,679.82,10022,2026-08-22,Y,2026-08-20,MOCKLOAD,2026-09-11 22:29:05
1002,502,100202011,2026-08-21,100202,119,2026-08-21,11,43.58,SC,18,93,4052.94,268.3,10022,2026-08-22,Y,2026-08-21,MOCKLOAD,2026-09-11 22:29:05
1002,502,100202012,2026-08-22,100202,107,2026-08-22,12,374.02,SC,26,6,2244.12,148.56,10022,2026-08-22,Y,2026-08-22,MOCKLOAD,2026-09-11 22:29:05
1002,502,100202013,2026-08-23,100202,119,2026-08-23,13,354.21,SC,24,77,27274.17,1805.55,10023,2026-08-28,Y,2026-08-23,MOCKLOAD,2026-09-11 22:29:05
1002,502,100202014,2026-08-24,100202,107,2026-08-24,14,73.14,SC,27,15,1097.1,72.63,10023,2026-08-28,Y,2026-08-24,MOCKLOAD,2026-09-11 22:29:05
1002,502,100202015,2026-08-25,100202,118,2026-08-25,15,21.55,SC,25,52,1120.6,74.18,10023,2026-08-28,Y,2026-08-25,MOCKLOAD,2026-09-11 22:29:05
1002,502,100202016,2026-08-26,100202,114,2026-08-26,16,199.84,SC,23,66,13189.44,873.14,10023,2026-08-28,Y,2026-08-26,MOCKLOAD,2026-09-11 22:29:05
1002,502,100202017,2026-08-27,100202,114,2026-08-27,17,363.91,SC,15,53,19287.23,1276.81,10023,2026-08-28,Y,2026-08-27,MOCKLOAD,2026-09-11 22:29:05
1002,502,100202018,2026-08-28,100202,112,2026-08-28,18,209.68,SC,11,8,1677.44,111.05,10023,2026-08-28,Y,2026-08-28,MOCKLOAD,2026-09-11 22:29:05
1002,502,100202019,2026-08-29,100202,101,2026-08-29,19,119.06,SC,16,33,3928.98,260.1,10024,2026-09-03,Y,2026-08-29,MOCKLOAD,2026-09-11 22:29:05
1002,502,100202020,2026-08-30,100202,114,2026-08-30,20,30.87,SC,28,3,92.61,6.13,10024,2026-09-03,Y,2026-08-30,MOCKLOAD,2026-09-11 22:29:05
1002,502,100202021,2026-08-31,100202,113,2026-08-31,21,210.06,SC,29,24,5041.44,333.74,10024,2026-09-03,Y,2026-08-31,MOCKLOAD,2026-09-11 22:29:05
1002,502,100202022,2026-09-01,100202,118,2026-09-01,22,440.44,SC,23,87,38318.28,2536.67,10024,2026-09-03,Y,2026-09-01,MOCKLOAD,2026-09-11 22:29:05
1002,502,100202023,2026-09-02,100202,107,2026-09-02,23,362.33,SC,24,89,32247.37,2134.78,10024,2026-09-03,Y,2026-09-02,MOCKLOAD,2026-09-11 22:29:05
1002,502,100202024,2026-09-03,100202,112,2026-09-03,24,489.93,SC,10,24,11758.32,778.4,10024,2026-09-03,Y,2026-09-03,MOCKLOAD,2026-09-11 22:29:05
1002,502,100202025,2026-09-04,100202,114,2026-09-04,25,443.03,SC,19,45,19936.35,1319.79,10025,2026-09-09,Y,2026-09-04,MOCKLOAD,2026-09-11 22:29:05
1002,502,100202026,2026-09-05,100202,115,2026-09-05,26,254.92,SC,19,36,9177.12,607.53,10025,2026-09-09,Y,2026-09-05,MOCKLOAD,2026-09-11 22:29:05
1002,502,100202027,2026-09-06,100202,117,2026-09-06,27,287.6,SC,19,70,20132,1332.74,10025,2026-09-09,Y,2026-09-06,MOCKLOAD,2026-09-11 22:29:05
1002,502,100202028,2026-09-07,100202,102,2026-09-07,28,280.4,SC,25,61,17104.4,1132.31,10025,2026-09-09,Y,2026-09-07,MOCKLOAD,2026-09-11 22:29:05
1002,502,100202029,2026-09-08,100202,120,2026-09-08,29,41.31,SC,16,100,4131,273.47,10025,2026-09-09,Y,2026-09-08,MOCKLOAD,2026-09-11 22:29:05
1002,502,100202030,2026-09-09,100202,115,2026-09-09,30,101.67,SC,23,42,4270.14,282.68,10025,2026-09-09,Y,2026-09-09,MOCKLOAD,2026-09-11 22:29:05
1002,502,100203001,2026-08-11,100203,119,2026-08-11,1,326.05,SC,27,27,8803.35,582.78,10021,2026-08-16,Y,2026-08-11,MOCKLOAD,2026-09-11 22:29:05
1002,502,100203002,2026-08-12,100203,116,2026-08-12,2,68.99,SC,21,77,5312.23,351.67,10021,2026-08-16,Y,2026-08-12,MOCKLOAD,2026-09-11 22:29:05
1002,502,100203003,2026-08-13,100203,111,2026-08-13,3,298.52,SC,19,64,19105.28,1264.77,10021,2026-08-16,Y,2026-08-13,MOCKLOAD,2026-09-11 22:29:05
1002,502,100203004,2026-08-14,100203,114,2026-08-14,4,94.19,SC,20,57,5368.83,355.42,10021,2026-08-16,Y,2026-08-14,MOCKLOAD,2026-09-11 22:29:05
1002,502,100203005,2026-08-15,100203,117,2026-08-15,5,424.89,SC,21,84,35690.76,2362.73,10021,2026-08-16,Y,2026-08-15,MOCKLOAD,2026-09-11 22:29:05
1002,502,100203006,2026-08-16,100203,116,2026-08-16,6,157.86,SC,16,36,5682.96,376.21,10021,2026-08-16,Y,2026-08-16,MOCKLOAD,2026-09-11 22:29:05
1002,502,100203007,2026-08-17,100203,108,2026-08-17,7,87.05,SC,11,24,2089.2,138.31,10022,2026-08-22,Y,2026-08-17,MOCKLOAD,2026-09-11 22:29:05
1002,502,100203008,2026-08-18,100203,113,2026-08-18,8,476.8,SC,22,31,14780.8,978.49,10022,2026-08-22,Y,2026-08-18,MOCKLOAD,2026-09-11 22:29:05
1002,502,100203009,2026-08-19,100203,120,2026-08-19,9,424.59,SC,13,48,20380.32,1349.18,10022,2026-08-22,Y,2026-08-19,MOCKLOAD,2026-09-11 22:29:05
1002,502,100203010,2026-08-20,100203,110,2026-08-20,10,107.8,SC,19,96,10348.8,685.09,10022,2026-08-22,Y,2026-08-20,MOCKLOAD,2026-09-11 22:29:05
1002,502,100203011,2026-08-21,100203,114,2026-08-21,11,131.63,SC,25,64,8424.32,557.69,10022,2026-08-22,Y,2026-08-21,MOCKLOAD,2026-09-11 22:29:05
1002,502,100203012,2026-08-22,100203,114,2026-08-22,12,329.01,SC,18,98,32242.98,2134.49,10022,2026-08-22,Y,2026-08-22,MOCKLOAD,2026-09-11 22:29:05
1002,502,100203013,2026-08-23,100203,107,2026-08-23,13,211.52,SC,28,72,15229.44,1008.19,10023,2026-08-28,Y,2026-08-23,MOCKLOAD,2026-09-11 22:29:05
1002,502,100203014,2026-08-24,100203,118,2026-08-24,14,236.09,SC,15,6,1416.54,93.77,10023,2026-08-28,Y,2026-08-24,MOCKLOAD,2026-09-11 22:29:05
1002,502,100203015,2026-08-25,100203,107,2026-08-25,15,23.34,SC,11,35,816.9,54.08,10023,2026-08-28,Y,2026-08-25,MOCKLOAD,2026-09-11 22:29:05
1002,502,100203016,2026-08-26,100203,106,2026-08-26,16,14.19,SC,16,65,922.35,61.06,10023,2026-08-28,Y,2026-08-26,MOCKLOAD,2026-09-11 22:29:05
1002,502,100203017,2026-08-27,100203,118,2026-08-27,17,35.77,SC,28,44,1573.88,104.19,10023,2026-08-28,Y,2026-08-27,MOCKLOAD,2026-09-11 22:29:05
1002,502,100203018,2026-08-28,100203,109,2026-08-28,18,314.93,SC,25,82,25824.26,1709.57,10023,2026-08-28,Y,2026-08-28,MOCKLOAD,2026-09-11 22:29:05
1002,502,100203019,2026-08-29,100203,113,2026-08-29,19,194.7,SC,23,89,17328.3,1147.13,10024,2026-09-03,Y,2026-08-29,MOCKLOAD,2026-09-11 22:29:05
1002,502,100203020,2026-08-30,100203,109,2026-08-30,20,231.32,SC,12,76,17580.32,1163.82,10024,2026-09-03,Y,2026-08-30,MOCKLOAD,2026-09-11 22:29:05
1002,502,100203021,2026-08-31,100203,115,2026-08-31,21,171.33,SC,26,13,2227.29,147.45,10024,2026-09-03,Y,2026-08-31,MOCKLOAD,2026-09-11 22:29:05
1002,502,100203022,2026-09-01,100203,110,2026-09-01,22,338.44,SC,10,59,19967.96,1321.88,10024,2026-09-03,Y,2026-09-01,MOCKLOAD,2026-09-11 22:29:05
1002,502,100203023,2026-09-02,100203,109,2026-09-02,23,474.19,SC,17,6,2845.14,188.35,10024,2026-09-03,Y,2026-09-02,MOCKLOAD,2026-09-11 22:29:05
1002,502,100203024,2026-09-03,100203,106,2026-09-03,24,454.72,SC,13,90,40924.8,2709.22,10024,2026-09-03,Y,2026-09-03,MOCKLOAD,2026-09-11 22:29:05
1002,502,100203025,2026-09-04,100203,111,2026-09-04,25,257.77,SC,15,92,23714.84,1569.92,10025,2026-09-09,Y,2026-09-04,MOCKLOAD,2026-09-11 22:29:05
1002,502,100203026,2026-09-05,100203,118,2026-09-05,26,341.04,SC,17,61,20803.44,1377.19,10025,2026-09-09,Y,2026-09-05,MOCKLOAD,2026-09-11 22:29:05
1002,502,100203027,2026-09-06,100203,103,2026-09-06,27,298.33,SC,18,33,9844.89,651.73,10025,2026-09-09,Y,2026-09-06,MOCKLOAD,2026-09-11 22:29:05
1002,502,100203028,2026-09-07,100203,120,2026-09-07,28,236.54,SC,15,20,4730.8,313.18,10025,2026-09-09,Y,2026-09-07,MOCKLOAD,2026-09-11 22:29:05
1002,502,100203029,2026-09-08,100203,113,2026-09-08,29,389.35,SC,27,19,7397.65,489.72,10025,2026-09-09,Y,2026-09-08,MOCKLOAD,2026-09-11 22:29:05
1002,502,100203030,2026-09-09,100203,105,2026-09-09,30,156.29,SC,23,52,8127.08,538.01,10025,2026-09-09,Y,2026-09-09,MOCKLOAD,2026-09-11 22:29:05
1002,502,100204001,2026-08-11,100204,119,2026-08-11,1,285.5,SC,24,12,3426,226.8,10021,2026-08-16,Y,2026-08-11,MOCKLOAD,2026-09-11 22:29:05
1002,502,100204002,2026-08-12,100204,120,2026-08-12,2,427.92,SC,29,69,29526.48,1954.65,10021,2026-08-16,Y,2026-08-12,MOCKLOAD,2026-09-11 22:29:05
1002,502,100204003,2026-08-13,100204,120,2026-08-13,3,82.01,SC,12,29,2378.29,157.44,10021,2026-08-16,Y,2026-08-13,MOCKLOAD,2026-09-11 22:29:05
1002,502,100204004,2026-08-14,100204,104,2026-08-14,4,305.98,SC,20,33,10097.34,668.44,10021,2026-08-16,Y,2026-08-14,MOCKLOAD,2026-09-11 22:29:05
1002,502,100204005,2026-08-15,100204,112,2026-08-15,5,200.34,SC,15,15,3005.1,198.94,10021,2026-08-16,Y,2026-08-15,MOCKLOAD,2026-09-11 22:29:05
1002,502,100204006,2026-08-16,100204,105,2026-08-16,6,263.53,SC,21,5,1317.65,87.23,10021,2026-08-16,Y,2026-08-16,MOCKLOAD,2026-09-11 22:29:05
1002,502,100204007,2026-08-17,100204,115,2026-08-17,7,200.81,SC,24,100,20081,1329.36,10022,2026-08-22,Y,2026-08-17,MOCKLOAD,2026-09-11 22:29:05
1002,502,100204008,2026-08-18,100204,113,2026-08-18,8,175.59,SC,21,59,10359.81,685.82,10022,2026-08-22,Y,2026-08-18,MOCKLOAD,2026-09-11 22:29:05
1002,502,100204009,2026-08-19,100204,116,2026-08-19,9,100.67,SC,12,55,5536.85,366.54,10022,2026-08-22,Y,2026-08-19,MOCKLOAD,2026-09-11 22:29:05
1002,502,100204010,2026-08-20,100204,115,2026-08-20,10,83.98,SC,11,62,5206.76,344.69,10022,2026-08-22,Y,2026-08-20,MOCKLOAD,2026-09-11 22:29:05
1002,502,100204011,2026-08-21,100204,119,2026-08-21,11,465.77,SC,26,42,19562.34,1295.03,10022,2026-08-22,Y,2026-08-21,MOCKLOAD,2026-09-11 22:29:05
1002,502,100204012,2026-08-22,100204,120,2026-08-22,12,371.13,SC,29,81,30061.53,1990.07,10022,2026-08-22,Y,2026-08-22,MOCKLOAD,2026-09-11 22:29:05
1002,502,100204013,2026-08-23,100204,115,2026-08-23,13,477.27,SC,18,42,20045.34,1327,10023,2026-08-28,Y,2026-08-23,MOCKLOAD,2026-09-11 22:29:05
1002,502,100204014,2026-08-24,100204,112,2026-08-24,14,177.63,SC,12,42,7460.46,493.88,10023,2026-08-28,Y,2026-08-24,MOCKLOAD,2026-09-11 22:29:05
1002,502,100204015,2026-08-25,100204,114,2026-08-25,15,459.78,SC,16,56,25747.68,1704.5,10023,2026-08-28,Y,2026-08-25,MOCKLOAD,2026-09-11 22:29:05
1002,502,100204016,2026-08-26,100204,101,2026-08-26,16,301.72,SC,29,62,18706.64,1238.38,10023,2026-08-28,Y,2026-08-26,MOCKLOAD,2026-09-11 22:29:05
1002,502,100204017,2026-08-27,100204,102,2026-08-27,17,480.84,SC,16,67,32216.28,2132.72,10023,2026-08-28,Y,2026-08-27,MOCKLOAD,2026-09-11 22:29:05
1002,502,100204018,2026-08-28,100204,106,2026-08-28,18,379.73,SC,21,48,18227.04,1206.63,10023,2026-08-28,Y,2026-08-28,MOCKLOAD,2026-09-11 22:29:05
1002,502,100204019,2026-08-29,100204,110,2026-08-29,19,411.7,SC,11,79,32524.3,2153.11,10024,2026-09-03,Y,2026-08-29,MOCKLOAD,2026-09-11 22:29:05
1002,502,100204020,2026-08-30,100204,103,2026-08-30,20,171.22,SC,24,21,3595.62,238.03,10024,2026-09-03,Y,2026-08-30,MOCKLOAD,2026-09-11 22:29:05
1002,502,100204021,2026-08-31,100204,104,2026-08-31,21,175.21,SC,28,88,15418.48,1020.7,10024,2026-09-03,Y,2026-08-31,MOCKLOAD,2026-09-11 22:29:05
1002,502,100204022,2026-09-01,100204,101,2026-09-01,22,167.65,SC,27,65,10897.25,721.4,10024,2026-09-03,Y,2026-09-01,MOCKLOAD,2026-09-11 22:29:05
1002,502,100204023,2026-09-02,100204,117,2026-09-02,23,400.7,SC,11,21,8414.7,557.05,10024,2026-09-03,Y,2026-09-02,MOCKLOAD,2026-09-11 22:29:05
1002,502,100204024,2026-09-03,100204,110,2026-09-03,24,148.46,SC,15,57,8462.22,560.2,10024,2026-09-03,Y,2026-09-03,MOCKLOAD,2026-09-11 22:29:05
1002,502,100204025,2026-09-04,100204,102,2026-09-04,25,339.49,SC,14,34,11542.66,764.12,10025,2026-09-09,Y,2026-09-04,MOCKLOAD,2026-09-11 22:29:05
1002,502,100204026,2026-09-05,100204,116,2026-09-05,26,204.1,SC,14,45,9184.5,608.01,10025,2026-09-09,Y,2026-09-05,MOCKLOAD,2026-09-11 22:29:05
1002,502,100204027,2026-09-06,100204,119,2026-09-06,27,432.25,SC,17,84,36309,2403.66,10025,2026-09-09,Y,2026-09-06,MOCKLOAD,2026-09-11 22:29:05
1002,502,100204028,2026-09-07,100204,114,2026-09-07,28,74.98,SC,26,42,3149.16,208.47,10025,2026-09-09,Y,2026-09-07,MOCKLOAD,2026-09-11 22:29:05
1002,502,100204029,2026-09-08,100204,110,2026-09-08,29,169.36,SC,17,83,14056.88,930.57,10025,2026-09-09,Y,2026-09-08,MOCKLOAD,2026-09-11 22:29:05
1002,502,100204030,2026-09-09,100204,113,2026-09-09,30,352.54,SC,12,20,7050.8,466.76,10025,2026-09-09,Y,2026-09-09,MOCKLOAD,2026-09-11 22:29:05
1002,502,100205001,2026-08-11,100205,102,2026-08-11,1,367.62,SC,22,11,4043.82,267.7,10021,2026-08-16,Y,2026-08-11,MOCKLOAD,2026-09-11 22:29:05
1002,502,100205002,2026-08-12,100205,109,2026-08-12,2,253.11,SC,11,61,15439.71,1022.11,10021,2026-08-16,Y,2026-08-12,MOCKLOAD,2026-09-11 22:29:05
1002,502,100205003,2026-08-13,100205,115,2026-08-13,3,200.65,SC,21,48,9631.2,637.59,10021,2026-08-16,Y,2026-08-13,MOCKLOAD,2026-09-11 22:29:05
1002,502,100205004,2026-08-14,100205,104,2026-08-14,4,85.45,SC,12,91,7775.95,514.77,10021,2026-08-16,Y,2026-08-14,MOCKLOAD,2026-09-11 22:29:05
1002,502,100205005,2026-08-15,100205,108,2026-08-15,5,467.25,SC,19,89,41585.25,2752.94,10021,2026-08-16,Y,2026-08-15,MOCKLOAD,2026-09-11 22:29:05
1002,502,100205006,2026-08-16,100205,117,2026-08-16,6,283.29,SC,15,53,15014.37,993.95,10021,2026-08-16,Y,2026-08-16,MOCKLOAD,2026-09-11 22:29:05
1002,502,100205007,2026-08-17,100205,103,2026-08-17,7,462.73,SC,28,48,22211.04,1470.37,10022,2026-08-22,Y,2026-08-17,MOCKLOAD,2026-09-11 22:29:05
1002,502,100205008,2026-08-18,100205,101,2026-08-18,8,421.33,SC,20,80,33706.4,2231.36,10022,2026-08-22,Y,2026-08-18,MOCKLOAD,2026-09-11 22:29:05
1002,502,100205009,2026-08-19,100205,106,2026-08-19,9,320.1,SC,24,84,26888.4,1780.01,10022,2026-08-22,Y,2026-08-19,MOCKLOAD,2026-09-11 22:29:05
1002,502,100205010,2026-08-20,100205,101,2026-08-20,10,303,SC,21,29,8787,581.7,10022,2026-08-22,Y,2026-08-20,MOCKLOAD,2026-09-11 22:29:05
1002,502,100205011,2026-08-21,100205,110,2026-08-21,11,81.85,SC,18,47,3846.95,254.67,10022,2026-08-22,Y,2026-08-21,MOCKLOAD,2026-09-11 22:29:05
1002,502,100205012,2026-08-22,100205,110,2026-08-22,12,290.7,SC,11,61,17732.7,1173.9,10022,2026-08-22,Y,2026-08-22,MOCKLOAD,2026-09-11 22:29:05
1002,502,100205013,2026-08-23,100205,102,2026-08-23,13,222.32,SC,28,61,13561.52,897.77,10023,2026-08-28,Y,2026-08-23,MOCKLOAD,2026-09-11 22:29:05
1002,502,100205014,2026-08-24,100205,106,2026-08-24,14,378.12,SC,21,75,28359,1877.37,10023,2026-08-28,Y,2026-08-24,MOCKLOAD,2026-09-11 22:29:05
1002,502,100205015,2026-08-25,100205,109,2026-08-25,15,17.23,SC,21,42,723.66,47.91,10023,2026-08-28,Y,2026-08-25,MOCKLOAD,2026-09-11 22:29:05
1002,502,100205016,2026-08-26,100205,112,2026-08-26,16,497.45,SC,15,71,35318.95,2338.11,10023,2026-08-28,Y,2026-08-26,MOCKLOAD,2026-09-11 22:29:05
1002,502,100205017,2026-08-27,100205,115,2026-08-27,17,177.02,SC,20,82,14515.64,960.94,10023,2026-08-28,Y,2026-08-27,MOCKLOAD,2026-09-11 22:29:05
1002,502,100205018,2026-08-28,100205,114,2026-08-28,18,499.71,SC,11,59,29482.89,1951.77,10023,2026-08-28,Y,2026-08-28,MOCKLOAD,2026-09-11 22:29:05
1002,502,100205019,2026-08-29,100205,105,2026-08-29,19,221.79,SC,20,42,9315.18,616.66,10024,2026-09-03,Y,2026-08-29,MOCKLOAD,2026-09-11 22:29:05
1002,502,100205020,2026-08-30,100205,107,2026-08-30,20,446.65,SC,15,46,20545.9,1360.14,10024,2026-09-03,Y,2026-08-30,MOCKLOAD,2026-09-11 22:29:05
1002,502,100205021,2026-08-31,100205,118,2026-08-31,21,66.82,SC,20,2,133.64,8.85,10024,2026-09-03,Y,2026-08-31,MOCKLOAD,2026-09-11 22:29:05
1002,502,100205022,2026-09-01,100205,111,2026-09-01,22,447.75,SC,15,78,34924.5,2312,10024,2026-09-03,Y,2026-09-01,MOCKLOAD,2026-09-11 22:29:05
1002,502,100205023,2026-09-02,100205,113,2026-09-02,23,9.97,SC,11,11,109.67,7.26,10024,2026-09-03,Y,2026-09-02,MOCKLOAD,2026-09-11 22:29:05
1002,502,100205024,2026-09-03,100205,117,2026-09-03,24,96.54,SC,23,79,7626.66,504.88,10024,2026-09-03,Y,2026-09-03,MOCKLOAD,2026-09-11 22:29:05
1002,502,100205025,2026-09-04,100205,107,2026-09-04,25,189.6,SC,12,92,17443.2,1154.74,10025,2026-09-09,Y,2026-09-04,MOCKLOAD,2026-09-11 22:29:05
1002,502,100205026,2026-09-05,100205,102,2026-09-05,26,413.4,SC,10,7,2893.8,191.57,10025,2026-09-09,Y,2026-09-05,MOCKLOAD,2026-09-11 22:29:05
1002,502,100205027,2026-09-06,100205,112,2026-09-06,27,87.27,SC,24,71,6196.17,410.19,10025,2026-09-09,Y,2026-09-06,MOCKLOAD,2026-09-11 22:29:05
1002,502,100205028,2026-09-07,100205,116,2026-09-07,28,218.91,SC,22,51,11164.41,739.08,10025,2026-09-09,Y,2026-09-07,MOCKLOAD,2026-09-11 22:29:05
1002,502,100205029,2026-09-08,100205,116,2026-09-08,29,383.56,SC,15,62,23780.72,1574.28,10025,2026-09-09,Y,2026-09-08,MOCKLOAD,2026-09-11 22:29:05
1002,502,100205030,2026-09-09,100205,108,2026-09-09,30,145.35,SC,13,84,12209.4,808.26,10025,2026-09-09,Y,2026-09-09,MOCKLOAD,2026-09-11 22:29:05
1002,502,100206001,2026-08-11,100206,107,2026-08-11,1,454.61,SC,15,37,16820.57,1113.52,10021,2026-08-16,Y,2026-08-11,MOCKLOAD,2026-09-11 22:29:05
1002,502,100206002,2026-08-12,100206,101,2026-08-12,2,156.43,SC,26,23,3597.89,238.18,10021,2026-08-16,Y,2026-08-12,MOCKLOAD,2026-09-11 22:29:05
1002,502,100206003,2026-08-13,100206,111,2026-08-13,3,161.9,SC,26,87,14085.3,932.45,10021,2026-08-16,Y,2026-08-13,MOCKLOAD,2026-09-11 22:29:05
1002,502,100206004,2026-08-14,100206,119,2026-08-14,4,425.12,SC,23,90,38260.8,2532.86,10021,2026-08-16,Y,2026-08-14,MOCKLOAD,2026-09-11 22:29:05
1002,502,100206005,2026-08-15,100206,101,2026-08-15,5,208.86,SC,15,96,20050.56,1327.35,10021,2026-08-16,Y,2026-08-15,MOCKLOAD,2026-09-11 22:29:05
1002,502,100206006,2026-08-16,100206,112,2026-08-16,6,401.58,SC,13,37,14858.46,983.63,10021,2026-08-16,Y,2026-08-16,MOCKLOAD,2026-09-11 22:29:05
1002,502,100206007,2026-08-17,100206,120,2026-08-17,7,437.34,SC,24,99,43296.66,2866.24,10022,2026-08-22,Y,2026-08-17,MOCKLOAD,2026-09-11 22:29:05
1002,502,100206008,2026-08-18,100206,107,2026-08-18,8,262.15,SC,28,45,11796.75,780.94,10022,2026-08-22,Y,2026-08-18,MOCKLOAD,2026-09-11 22:29:05
1002,502,100206009,2026-08-19,100206,102,2026-08-19,9,360.73,SC,18,97,34990.81,2316.39,10022,2026-08-22,Y,2026-08-19,MOCKLOAD,2026-09-11 22:29:05
1002,502,100206010,2026-08-20,100206,105,2026-08-20,10,398.17,SC,10,88,35038.96,2319.58,10022,2026-08-22,Y,2026-08-20,MOCKLOAD,2026-09-11 22:29:05
1002,502,100206011,2026-08-21,100206,114,2026-08-21,11,118.71,SC,14,32,3798.72,251.48,10022,2026-08-22,Y,2026-08-21,MOCKLOAD,2026-09-11 22:29:05
1002,502,100206012,2026-08-22,100206,114,2026-08-22,12,458.23,SC,14,20,9164.6,606.7,10022,2026-08-22,Y,2026-08-22,MOCKLOAD,2026-09-11 22:29:05
1002,502,100206013,2026-08-23,100206,114,2026-08-23,13,341.99,SC,16,59,20177.41,1335.74,10023,2026-08-28,Y,2026-08-23,MOCKLOAD,2026-09-11 22:29:05
1002,502,100206014,2026-08-24,100206,104,2026-08-24,14,148.07,SC,29,77,11401.39,754.77,10023,2026-08-28,Y,2026-08-24,MOCKLOAD,2026-09-11 22:29:05
1002,502,100206015,2026-08-25,100206,104,2026-08-25,15,429.9,SC,13,55,23644.5,1565.27,10023,2026-08-28,Y,2026-08-25,MOCKLOAD,2026-09-11 22:29:05
1002,502,100206016,2026-08-26,100206,113,2026-08-26,16,452.2,SC,13,36,16279.2,1077.68,10023,2026-08-28,Y,2026-08-26,MOCKLOAD,2026-09-11 22:29:05
1002,502,100206017,2026-08-27,100206,102,2026-08-27,17,46.41,SC,16,19,881.79,58.37,10023,2026-08-28,Y,2026-08-27,MOCKLOAD,2026-09-11 22:29:05
1002,502,100206018,2026-08-28,100206,102,2026-08-28,18,485.5,SC,17,28,13594,899.92,10023,2026-08-28,Y,2026-08-28,MOCKLOAD,2026-09-11 22:29:05
1002,502,100206019,2026-08-29,100206,107,2026-08-29,19,110.42,SC,22,10,1104.2,73.1,10024,2026-09-03,Y,2026-08-29,MOCKLOAD,2026-09-11 22:29:05
1002,502,100206020,2026-08-30,100206,113,2026-08-30,20,346.3,SC,21,53,18353.9,1215.03,10024,2026-09-03,Y,2026-08-30,MOCKLOAD,2026-09-11 22:29:05
1002,502,100206021,2026-08-31,100206,118,2026-08-31,21,19.66,SC,29,56,1100.96,72.88,10024,2026-09-03,Y,2026-08-31,MOCKLOAD,2026-09-11 22:29:05
1002,502,100206022,2026-09-01,100206,106,2026-09-01,22,481.06,SC,11,85,40890.1,2706.92,10024,2026-09-03,Y,2026-09-01,MOCKLOAD,2026-09-11 22:29:05
1002,502,100206023,2026-09-02,100206,102,2026-09-02,23,107.96,SC,14,21,2267.16,150.09,10024,2026-09-03,Y,2026-09-02,MOCKLOAD,2026-09-11 22:29:05
1002,502,100206024,2026-09-03,100206,112,2026-09-03,24,350.81,SC,18,7,2455.67,162.57,10024,2026-09-03,Y,2026-09-03,MOCKLOAD,2026-09-11 22:29:05
1002,502,100206025,2026-09-04,100206,114,2026-09-04,25,373.32,SC,26,12,4479.84,296.57,10025,2026-09-09,Y,2026-09-04,MOCKLOAD,2026-09-11 22:29:05
1002,502,100206026,2026-09-05,100206,118,2026-09-05,26,276.95,SC,27,6,1661.7,110,10025,2026-09-09,Y,2026-09-05,MOCKLOAD,2026-09-11 22:29:05
1002,502,100206027,2026-09-06,100206,112,2026-09-06,27,390.61,SC,17,94,36717.34,2430.69,10025,2026-09-09,Y,2026-09-06,MOCKLOAD,2026-09-11 22:29:05
1002,502,100206028,2026-09-07,100206,119,2026-09-07,28,172.12,SC,19,50,8606,569.72,10025,2026-09-09,Y,2026-09-07,MOCKLOAD,2026-09-11 22:29:05
1002,502,100206029,2026-09-08,100206,107,2026-09-08,29,99.91,SC,13,56,5594.96,370.39,10025,2026-09-09,Y,2026-09-08,MOCKLOAD,2026-09-11 22:29:05
1002,502,100206030,2026-09-09,100206,116,2026-09-09,30,363.69,SC,22,17,6182.73,409.3,10025,2026-09-09,Y,2026-09-09,MOCKLOAD,2026-09-11 22:29:05
1002,502,100207001,2026-08-11,100207,104,2026-08-11,1,322.75,SC,12,83,26788.25,1773.38,10021,2026-08-16,Y,2026-08-11,MOCKLOAD,2026-09-11 22:29:05
1002,502,100207002,2026-08-12,100207,105,2026-08-12,2,156.6,SC,27,62,9709.2,642.75,10021,2026-08-16,Y,2026-08-12,MOCKLOAD,2026-09-11 22:29:05
1002,502,100207003,2026-08-13,100207,108,2026-08-13,3,137.34,SC,15,8,1098.72,72.74,10021,2026-08-16,Y,2026-08-13,MOCKLOAD,2026-09-11 22:29:05
1002,502,100207004,2026-08-14,100207,116,2026-08-14,4,99.25,SC,18,68,6749,446.78,10021,2026-08-16,Y,2026-08-14,MOCKLOAD,2026-09-11 22:29:05
1002,502,100207005,2026-08-15,100207,113,2026-08-15,5,68.08,SC,25,61,4152.88,274.92,10021,2026-08-16,Y,2026-08-15,MOCKLOAD,2026-09-11 22:29:05
1002,502,100207006,2026-08-16,100207,120,2026-08-16,6,75.3,SC,24,77,5798.1,383.83,10021,2026-08-16,Y,2026-08-16,MOCKLOAD,2026-09-11 22:29:05
1002,502,100207007,2026-08-17,100207,101,2026-08-17,7,299.09,SC,13,1,299.09,19.8,10022,2026-08-22,Y,2026-08-17,MOCKLOAD,2026-09-11 22:29:05
1002,502,100207008,2026-08-18,100207,109,2026-08-18,8,450.29,SC,22,64,28818.56,1907.79,10022,2026-08-22,Y,2026-08-18,MOCKLOAD,2026-09-11 22:29:05
1002,502,100207009,2026-08-19,100207,116,2026-08-19,9,452.49,SC,17,67,30316.83,2006.97,10022,2026-08-22,Y,2026-08-19,MOCKLOAD,2026-09-11 22:29:05
1002,502,100207010,2026-08-20,100207,110,2026-08-20,10,483.29,SC,22,28,13532.12,895.83,10022,2026-08-22,Y,2026-08-20,MOCKLOAD,2026-09-11 22:29:05
1002,502,100207011,2026-08-21,100207,113,2026-08-21,11,269.75,SC,17,82,22119.5,1464.31,10022,2026-08-22,Y,2026-08-21,MOCKLOAD,2026-09-11 22:29:05
1002,502,100207012,2026-08-22,100207,111,2026-08-22,12,60.17,SC,11,47,2827.99,187.21,10022,2026-08-22,Y,2026-08-22,MOCKLOAD,2026-09-11 22:29:05
1002,502,100207013,2026-08-23,100207,117,2026-08-23,13,322.61,SC,21,64,20647.04,1366.83,10023,2026-08-28,Y,2026-08-23,MOCKLOAD,2026-09-11 22:29:05
1002,502,100207014,2026-08-24,100207,114,2026-08-24,14,133.01,SC,13,27,3591.27,237.74,10023,2026-08-28,Y,2026-08-24,MOCKLOAD,2026-09-11 22:29:05
1002,502,100207015,2026-08-25,100207,106,2026-08-25,15,136.77,SC,12,42,5744.34,380.28,10023,2026-08-28,Y,2026-08-25,MOCKLOAD,2026-09-11 22:29:05
1002,502,100207016,2026-08-26,100207,105,2026-08-26,16,249.53,SC,18,34,8484.02,561.64,10023,2026-08-28,Y,2026-08-26,MOCKLOAD,2026-09-11 22:29:05
1002,502,100207017,2026-08-27,100207,102,2026-08-27,17,198.76,SC,27,21,4173.96,276.32,10023,2026-08-28,Y,2026-08-27,MOCKLOAD,2026-09-11 22:29:05
1002,502,100207018,2026-08-28,100207,116,2026-08-28,18,419.95,SC,28,66,27716.7,1834.85,10023,2026-08-28,Y,2026-08-28,MOCKLOAD,2026-09-11 22:29:05
1002,502,100207019,2026-08-29,100207,118,2026-08-29,19,40.15,SC,27,4,160.6,10.63,10024,2026-09-03,Y,2026-08-29,MOCKLOAD,2026-09-11 22:29:05
1002,502,100207020,2026-08-30,100207,107,2026-08-30,20,474.65,SC,23,16,7594.4,502.75,10024,2026-09-03,Y,2026-08-30,MOCKLOAD,2026-09-11 22:29:05
1002,502,100207021,2026-08-31,100207,112,2026-08-31,21,188.25,SC,20,58,10918.5,722.8,10024,2026-09-03,Y,2026-08-31,MOCKLOAD,2026-09-11 22:29:05
1002,502,100207022,2026-09-01,100207,111,2026-09-01,22,16.6,SC,13,5,83,5.49,10024,2026-09-03,Y,2026-09-01,MOCKLOAD,2026-09-11 22:29:05
1002,502,100207023,2026-09-02,100207,116,2026-09-02,23,18.01,SC,14,56,1008.56,66.77,10024,2026-09-03,Y,2026-09-02,MOCKLOAD,2026-09-11 22:29:05
1002,502,100207024,2026-09-03,100207,118,2026-09-03,24,260.59,SC,18,43,11205.37,741.8,10024,2026-09-03,Y,2026-09-03,MOCKLOAD,2026-09-11 22:29:05
1002,502,100207025,2026-09-04,100207,117,2026-09-04,25,427.72,SC,10,19,8126.68,537.99,10025,2026-09-09,Y,2026-09-04,MOCKLOAD,2026-09-11 22:29:05
1002,502,100207026,2026-09-05,100207,113,2026-09-05,26,104.73,SC,20,56,5864.88,388.26,10025,2026-09-09,Y,2026-09-05,MOCKLOAD,2026-09-11 22:29:05
1002,502,100207027,2026-09-06,100207,111,2026-09-06,27,290.78,SC,26,52,15120.56,1000.98,10025,2026-09-09,Y,2026-09-06,MOCKLOAD,2026-09-11 22:29:05
1002,502,100207028,2026-09-07,100207,104,2026-09-07,28,185.6,SC,18,17,3155.2,208.87,10025,2026-09-09,Y,2026-09-07,MOCKLOAD,2026-09-11 22:29:05
1002,502,100207029,2026-09-08,100207,115,2026-09-08,29,146.6,SC,24,11,1612.6,106.75,10025,2026-09-09,Y,2026-09-08,MOCKLOAD,2026-09-11 22:29:05
1002,502,100207030,2026-09-09,100207,106,2026-09-09,30,273.78,SC,27,32,8760.96,579.98,10025,2026-09-09,Y,2026-09-09,MOCKLOAD,2026-09-11 22:29:05
1002,502,100208001,2026-08-11,100208,111,2026-08-11,1,89.63,SC,20,1,89.63,5.93,10021,2026-08-16,Y,2026-08-11,MOCKLOAD,2026-09-11 22:29:05
1002,502,100208002,2026-08-12,100208,115,2026-08-12,2,38.34,SC,26,86,3297.24,218.28,10021,2026-08-16,Y,2026-08-12,MOCKLOAD,2026-09-11 22:29:05
1002,502,100208003,2026-08-13,100208,110,2026-08-13,3,397.38,SC,25,46,18279.48,1210.1,10021,2026-08-16,Y,2026-08-13,MOCKLOAD,2026-09-11 22:29:05
1002,502,100208004,2026-08-14,100208,120,2026-08-14,4,321.33,SC,16,42,13495.86,893.43,10021,2026-08-16,Y,2026-08-14,MOCKLOAD,2026-09-11 22:29:05
1002,502,100208005,2026-08-15,100208,103,2026-08-15,5,100.62,SC,10,75,7546.5,499.58,10021,2026-08-16,Y,2026-08-15,MOCKLOAD,2026-09-11 22:29:05
1002,502,100208006,2026-08-16,100208,107,2026-08-16,6,142.67,SC,12,63,8988.21,595.02,10021,2026-08-16,Y,2026-08-16,MOCKLOAD,2026-09-11 22:29:05
1002,502,100208007,2026-08-17,100208,108,2026-08-17,7,217.95,SC,11,82,17871.9,1183.12,10022,2026-08-22,Y,2026-08-17,MOCKLOAD,2026-09-11 22:29:05
1002,502,100208008,2026-08-18,100208,116,2026-08-18,8,15.37,SC,26,95,1460.15,96.66,10022,2026-08-22,Y,2026-08-18,MOCKLOAD,2026-09-11 22:29:05
1002,502,100208009,2026-08-19,100208,105,2026-08-19,9,116.65,SC,22,62,7232.3,478.78,10022,2026-08-22,Y,2026-08-19,MOCKLOAD,2026-09-11 22:29:05
1002,502,100208010,2026-08-20,100208,111,2026-08-20,10,358.23,SC,28,12,4298.76,284.58,10022,2026-08-22,Y,2026-08-20,MOCKLOAD,2026-09-11 22:29:05
1002,502,100208011,2026-08-21,100208,114,2026-08-21,11,438.08,SC,21,19,8323.52,551.02,10022,2026-08-22,Y,2026-08-21,MOCKLOAD,2026-09-11 22:29:05
1002,502,100208012,2026-08-22,100208,106,2026-08-22,12,13.48,SC,14,91,1226.68,81.21,10022,2026-08-22,Y,2026-08-22,MOCKLOAD,2026-09-11 22:29:05
1002,502,100208013,2026-08-23,100208,106,2026-08-23,13,317.42,SC,13,71,22536.82,1491.94,10023,2026-08-28,Y,2026-08-23,MOCKLOAD,2026-09-11 22:29:05
1002,502,100208014,2026-08-24,100208,104,2026-08-24,14,36.05,SC,23,43,1550.15,102.62,10023,2026-08-28,Y,2026-08-24,MOCKLOAD,2026-09-11 22:29:05
1002,502,100208015,2026-08-25,100208,116,2026-08-25,15,83.53,SC,26,54,4510.62,298.6,10023,2026-08-28,Y,2026-08-25,MOCKLOAD,2026-09-11 22:29:05
1002,502,100208016,2026-08-26,100208,120,2026-08-26,16,28.85,SC,27,57,1644.45,108.86,10023,2026-08-28,Y,2026-08-26,MOCKLOAD,2026-09-11 22:29:05
1002,502,100208017,2026-08-27,100208,106,2026-08-27,17,172.05,SC,22,32,5505.6,364.47,10023,2026-08-28,Y,2026-08-27,MOCKLOAD,2026-09-11 22:29:05
1002,502,100208018,2026-08-28,100208,117,2026-08-28,18,448.53,SC,13,70,31397.1,2078.49,10023,2026-08-28,Y,2026-08-28,MOCKLOAD,2026-09-11 22:29:05
1002,502,100208019,2026-08-29,100208,116,2026-08-29,19,484.84,SC,15,35,16969.4,1123.37,10024,2026-09-03,Y,2026-08-29,MOCKLOAD,2026-09-11 22:29:05
1002,502,100208020,2026-08-30,100208,118,2026-08-30,20,487.01,SC,13,64,31168.64,2063.36,10024,2026-09-03,Y,2026-08-30,MOCKLOAD,2026-09-11 22:29:05
1002,502,100208021,2026-08-31,100208,111,2026-08-31,21,323.13,SC,22,78,25204.14,1668.51,10024,2026-09-03,Y,2026-08-31,MOCKLOAD,2026-09-11 22:29:05
1002,502,100208022,2026-09-01,100208,114,2026-09-01,22,483.64,SC,26,27,13058.28,864.46,10024,2026-09-03,Y,2026-09-01,MOCKLOAD,2026-09-11 22:29:05
1002,502,100208023,2026-09-02,100208,104,2026-09-02,23,497.65,SC,13,8,3981.2,263.56,10024,2026-09-03,Y,2026-09-02,MOCKLOAD,2026-09-11 22:29:05
1002,502,100208024,2026-09-03,100208,112,2026-09-03,24,440.27,SC,16,98,43146.46,2856.3,10024,2026-09-03,Y,2026-09-03,MOCKLOAD,2026-09-11 22:29:05
1002,502,100208025,2026-09-04,100208,102,2026-09-04,25,38.47,SC,27,21,807.87,53.48,10025,2026-09-09,Y,2026-09-04,MOCKLOAD,2026-09-11 22:29:05
1002,502,100208026,2026-09-05,100208,103,2026-09-05,26,390.54,SC,27,84,32805.36,2171.71,10025,2026-09-09,Y,2026-09-05,MOCKLOAD,2026-09-11 22:29:05
1002,502,100208027,2026-09-06,100208,103,2026-09-06,27,425.92,SC,13,14,5962.88,394.74,10025,2026-09-09,Y,2026-09-06,MOCKLOAD,2026-09-11 22:29:05
1002,502,100208028,2026-09-07,100208,118,2026-09-07,28,335.23,SC,27,32,10727.36,710.15,10025,2026-09-09,Y,2026-09-07,MOCKLOAD,2026-09-11 22:29:05
1002,502,100208029,2026-09-08,100208,104,2026-09-08,29,381.49,SC,16,64,24415.36,1616.3,10025,2026-09-09,Y,2026-09-08,MOCKLOAD,2026-09-11 22:29:05
1002,502,100208030,2026-09-09,100208,114,2026-09-09,30,370.55,SC,24,63,23344.65,1545.42,10025,2026-09-09,Y,2026-09-09,MOCKLOAD,2026-09-11 22:29:05
1002,502,100209001,2026-08-11,100209,116,2026-08-11,1,81.81,SC,14,87,7117.47,471.18,10021,2026-08-16,Y,2026-08-11,MOCKLOAD,2026-09-11 22:29:05
1002,502,100209002,2026-08-12,100209,110,2026-08-12,2,117.37,SC,22,59,6924.83,458.42,10021,2026-08-16,Y,2026-08-12,MOCKLOAD,2026-09-11 22:29:05
1002,502,100209003,2026-08-13,100209,111,2026-08-13,3,306.6,SC,26,83,25447.8,1684.64,10021,2026-08-16,Y,2026-08-13,MOCKLOAD,2026-09-11 22:29:05
1002,502,100209004,2026-08-14,100209,107,2026-08-14,4,56.16,SC,16,48,2695.68,178.45,10021,2026-08-16,Y,2026-08-14,MOCKLOAD,2026-09-11 22:29:05
1002,502,100209005,2026-08-15,100209,117,2026-08-15,5,125.31,SC,22,67,8395.77,555.8,10021,2026-08-16,Y,2026-08-15,MOCKLOAD,2026-09-11 22:29:05
1002,502,100209006,2026-08-16,100209,105,2026-08-16,6,165.73,SC,19,100,16573,1097.13,10021,2026-08-16,Y,2026-08-16,MOCKLOAD,2026-09-11 22:29:05
1002,502,100209007,2026-08-17,100209,101,2026-08-17,7,405.55,SC,18,37,15005.35,993.35,10022,2026-08-22,Y,2026-08-17,MOCKLOAD,2026-09-11 22:29:05
1002,502,100209008,2026-08-18,100209,112,2026-08-18,8,46.9,SC,14,19,891.1,58.99,10022,2026-08-22,Y,2026-08-18,MOCKLOAD,2026-09-11 22:29:05
1002,502,100209009,2026-08-19,100209,117,2026-08-19,9,75.82,SC,27,40,3032.8,200.77,10022,2026-08-22,Y,2026-08-19,MOCKLOAD,2026-09-11 22:29:05
1002,502,100209010,2026-08-20,100209,118,2026-08-20,10,368.61,SC,12,51,18799.11,1244.5,10022,2026-08-22,Y,2026-08-20,MOCKLOAD,2026-09-11 22:29:05
1002,502,100209011,2026-08-21,100209,106,2026-08-21,11,283.95,SC,26,63,17888.85,1184.24,10022,2026-08-22,Y,2026-08-21,MOCKLOAD,2026-09-11 22:29:05
1002,502,100209012,2026-08-22,100209,120,2026-08-22,12,207.02,SC,23,50,10351,685.24,10022,2026-08-22,Y,2026-08-22,MOCKLOAD,2026-09-11 22:29:05
1002,502,100209013,2026-08-23,100209,114,2026-08-23,13,301.29,SC,17,16,4820.64,319.13,10023,2026-08-28,Y,2026-08-23,MOCKLOAD,2026-09-11 22:29:05
1002,502,100209014,2026-08-24,100209,120,2026-08-24,14,371.64,SC,21,56,20811.84,1377.74,10023,2026-08-28,Y,2026-08-24,MOCKLOAD,2026-09-11 22:29:05
1002,502,100209015,2026-08-25,100209,112,2026-08-25,15,217.62,SC,10,46,10010.52,662.7,10023,2026-08-28,Y,2026-08-25,MOCKLOAD,2026-09-11 22:29:05
1002,502,100209016,2026-08-26,100209,106,2026-08-26,16,252.03,SC,29,6,1512.18,100.11,10023,2026-08-28,Y,2026-08-26,MOCKLOAD,2026-09-11 22:29:05
1002,502,100209017,2026-08-27,100209,114,2026-08-27,17,377.83,SC,10,54,20402.82,1350.67,10023,2026-08-28,Y,2026-08-27,MOCKLOAD,2026-09-11 22:29:05
1002,502,100209018,2026-08-28,100209,101,2026-08-28,18,53.67,SC,11,52,2790.84,184.75,10023,2026-08-28,Y,2026-08-28,MOCKLOAD,2026-09-11 22:29:05
1002,502,100209019,2026-08-29,100209,104,2026-08-29,19,376.82,SC,16,10,3768.2,249.45,10024,2026-09-03,Y,2026-08-29,MOCKLOAD,2026-09-11 22:29:05
1002,502,100209020,2026-08-30,100209,109,2026-08-30,20,431.2,SC,12,61,26303.2,1741.27,10024,2026-09-03,Y,2026-08-30,MOCKLOAD,2026-09-11 22:29:05
1002,502,100209021,2026-08-31,100209,108,2026-08-31,21,244.44,SC,26,47,11488.68,760.55,10024,2026-09-03,Y,2026-08-31,MOCKLOAD,2026-09-11 22:29:05
1002,502,100209022,2026-09-01,100209,120,2026-09-01,22,137.04,SC,20,34,4659.36,308.45,10024,2026-09-03,Y,2026-09-01,MOCKLOAD,2026-09-11 22:29:05
1002,502,100209023,2026-09-02,100209,106,2026-09-02,23,463.24,SC,20,45,20845.8,1379.99,10024,2026-09-03,Y,2026-09-02,MOCKLOAD,2026-09-11 22:29:05
1002,502,100209024,2026-09-03,100209,117,2026-09-03,24,191.6,SC,28,81,15519.6,1027.4,10024,2026-09-03,Y,2026-09-03,MOCKLOAD,2026-09-11 22:29:05
1002,502,100209025,2026-09-04,100209,119,2026-09-04,25,441.63,SC,20,29,12807.27,847.84,10025,2026-09-09,Y,2026-09-04,MOCKLOAD,2026-09-11 22:29:05
1002,502,100209026,2026-09-05,100209,103,2026-09-05,26,188.44,SC,28,60,11306.4,748.48,10025,2026-09-09,Y,2026-09-05,MOCKLOAD,2026-09-11 22:29:05
1002,502,100209027,2026-09-06,100209,112,2026-09-06,27,176.96,SC,20,19,3362.24,222.58,10025,2026-09-09,Y,2026-09-06,MOCKLOAD,2026-09-11 22:29:05
1002,502,100209028,2026-09-07,100209,107,2026-09-07,28,48.78,SC,27,8,390.24,25.83,10025,2026-09-09,Y,2026-09-07,MOCKLOAD,2026-09-11 22:29:05
1002,502,100209029,2026-09-08,100209,116,2026-09-08,29,93.87,SC,22,70,6570.9,434.99,10025,2026-09-09,Y,2026-09-08,MOCKLOAD,2026-09-11 22:29:05
1002,502,100209030,2026-09-09,100209,113,2026-09-09,30,193.54,SC,12,77,14902.58,986.55,10025,2026-09-09,Y,2026-09-09,MOCKLOAD,2026-09-11 22:29:05
1002,502,100210001,2026-08-11,100210,111,2026-08-11,1,192.18,SC,20,6,1153.08,76.33,10021,2026-08-16,Y,2026-08-11,MOCKLOAD,2026-09-11 22:29:05
1002,502,100210002,2026-08-12,100210,104,2026-08-12,2,480.15,SC,18,34,16325.1,1080.72,10021,2026-08-16,Y,2026-08-12,MOCKLOAD,2026-09-11 22:29:05
1002,502,100210003,2026-08-13,100210,113,2026-08-13,3,354.97,SC,16,28,9939.16,657.97,10021,2026-08-16,Y,2026-08-13,MOCKLOAD,2026-09-11 22:29:05
1002,502,100210004,2026-08-14,100210,105,2026-08-14,4,199.03,SC,22,57,11344.71,751.02,10021,2026-08-16,Y,2026-08-14,MOCKLOAD,2026-09-11 22:29:05
1002,502,100210005,2026-08-15,100210,107,2026-08-15,5,462.75,SC,20,93,43035.75,2848.97,10021,2026-08-16,Y,2026-08-15,MOCKLOAD,2026-09-11 22:29:05
1002,502,100210006,2026-08-16,100210,111,2026-08-16,6,415.6,SC,12,31,12883.6,852.89,10021,2026-08-16,Y,2026-08-16,MOCKLOAD,2026-09-11 22:29:05
1002,502,100210007,2026-08-17,100210,107,2026-08-17,7,399.63,SC,18,6,2397.78,158.73,10022,2026-08-22,Y,2026-08-17,MOCKLOAD,2026-09-11 22:29:05
1002,502,100210008,2026-08-18,100210,110,2026-08-18,8,33.54,SC,14,37,1240.98,82.15,10022,2026-08-22,Y,2026-08-18,MOCKLOAD,2026-09-11 22:29:05
1002,502,100210009,2026-08-19,100210,119,2026-08-19,9,185.31,SC,18,4,741.24,49.07,10022,2026-08-22,Y,2026-08-19,MOCKLOAD,2026-09-11 22:29:05
1002,502,100210010,2026-08-20,100210,101,2026-08-20,10,424.65,SC,15,63,26752.95,1771.05,10022,2026-08-22,Y,2026-08-20,MOCKLOAD,2026-09-11 22:29:05
1002,502,100210011,2026-08-21,100210,105,2026-08-21,11,272.81,SC,16,86,23461.66,1553.16,10022,2026-08-22,Y,2026-08-21,MOCKLOAD,2026-09-11 22:29:05
1002,502,100210012,2026-08-22,100210,105,2026-08-22,12,190.44,SC,18,6,1142.64,75.64,10022,2026-08-22,Y,2026-08-22,MOCKLOAD,2026-09-11 22:29:05
1002,502,100210013,2026-08-23,100210,105,2026-08-23,13,388.63,SC,25,80,31090.4,2058.18,10023,2026-08-28,Y,2026-08-23,MOCKLOAD,2026-09-11 22:29:05
1002,502,100210014,2026-08-24,100210,111,2026-08-24,14,66.91,SC,12,56,3746.96,248.05,10023,2026-08-28,Y,2026-08-24,MOCKLOAD,2026-09-11 22:29:05
1002,502,100210015,2026-08-25,100210,116,2026-08-25,15,275.21,SC,10,96,26420.16,1749.01,10023,2026-08-28,Y,2026-08-25,MOCKLOAD,2026-09-11 22:29:05
1002,502,100210016,2026-08-26,100210,111,2026-08-26,16,175.07,SC,27,57,9978.99,660.61,10023,2026-08-28,Y,2026-08-26,MOCKLOAD,2026-09-11 22:29:05
1002,502,100210017,2026-08-27,100210,105,2026-08-27,17,418.6,SC,12,22,9209.2,609.65,10023,2026-08-28,Y,2026-08-27,MOCKLOAD,2026-09-11 22:29:05
1002,502,100210018,2026-08-28,100210,104,2026-08-28,18,219.89,SC,15,34,7476.26,494.93,10023,2026-08-28,Y,2026-08-28,MOCKLOAD,2026-09-11 22:29:05
1002,502,100210019,2026-08-29,100210,102,2026-08-29,19,239.56,SC,17,54,12936.24,856.38,10024,2026-09-03,Y,2026-08-29,MOCKLOAD,2026-09-11 22:29:05
1002,502,100210020,2026-08-30,100210,106,2026-08-30,20,428.44,SC,28,57,24421.08,1616.68,10024,2026-09-03,Y,2026-08-30,MOCKLOAD,2026-09-11 22:29:05
1002,502,100210021,2026-08-31,100210,105,2026-08-31,21,155.59,SC,25,100,15559,1030.01,10024,2026-09-03,Y,2026-08-31,MOCKLOAD,2026-09-11 22:29:05
1002,502,100210022,2026-09-01,100210,112,2026-09-01,22,21.55,SC,19,73,1573.15,104.14,10024,2026-09-03,Y,2026-09-01,MOCKLOAD,2026-09-11 22:29:05
1002,502,100210023,2026-09-02,100210,107,2026-09-02,23,344.48,SC,21,3,1033.44,68.41,10024,2026-09-03,Y,2026-09-02,MOCKLOAD,2026-09-11 22:29:05
1002,502,100210024,2026-09-03,100210,113,2026-09-03,24,464.42,SC,29,92,42726.64,2828.5,10024,2026-09-03,Y,2026-09-03,MOCKLOAD,2026-09-11 22:29:05
1002,502,100210025,2026-09-04,100210,117,2026-09-04,25,220.4,SC,26,94,20717.6,1371.51,10025,2026-09-09,Y,2026-09-04,MOCKLOAD,2026-09-11 22:29:05
1002,502,100210026,2026-09-05,100210,104,2026-09-05,26,211.79,SC,15,96,20331.84,1345.97,10025,2026-09-09,Y,2026-09-05,MOCKLOAD,2026-09-11 22:29:05
1002,502,100210027,2026-09-06,100210,108,2026-09-06,27,192.68,SC,16,38,7321.84,484.71,10025,2026-09-09,Y,2026-09-06,MOCKLOAD,2026-09-11 22:29:05
1002,502,100210028,2026-09-07,100210,116,2026-09-07,28,49.74,SC,21,40,1989.6,131.71,10025,2026-09-09,Y,2026-09-07,MOCKLOAD,2026-09-11 22:29:05
1002,502,100210029,2026-09-08,100210,115,2026-09-08,29,498.18,SC,17,1,498.18,32.98,10025,2026-09-09,Y,2026-09-08,MOCKLOAD,2026-09-11 22:29:05
1002,502,100210030,2026-09-09,100210,101,2026-09-09,30,176.57,SC,23,12,2118.84,140.27,10025,2026-09-09,Y,2026-09-09,MOCKLOAD,2026-09-11 22:29:05
1003,503,100301001,2026-08-11,100301,104,2026-08-11,1,335.65,SC,13,100,33565,2910.09,10031,2026-08-16,Y,2026-08-11,MOCKLOAD,2026-09-11 22:29:05
1003,503,100301002,2026-08-12,100301,108,2026-08-12,2,153.57,SC,13,33,5067.81,439.38,10031,2026-08-16,Y,2026-08-12,MOCKLOAD,2026-09-11 22:29:05
1003,503,100301003,2026-08-13,100301,108,2026-08-13,3,457.45,SC,22,48,21957.6,1903.72,10031,2026-08-16,Y,2026-08-13,MOCKLOAD,2026-09-11 22:29:05
1003,503,100301004,2026-08-14,100301,102,2026-08-14,4,494.54,SC,12,95,46981.3,4073.28,10031,2026-08-16,Y,2026-08-14,MOCKLOAD,2026-09-11 22:29:05
1003,503,100301005,2026-08-15,100301,110,2026-08-15,5,221.31,SC,22,77,17040.87,1477.44,10031,2026-08-16,Y,2026-08-15,MOCKLOAD,2026-09-11 22:29:05
1003,503,100301006,2026-08-16,100301,120,2026-08-16,6,287.85,SC,27,94,27057.9,2345.92,10031,2026-08-16,Y,2026-08-16,MOCKLOAD,2026-09-11 22:29:05
1003,503,100301007,2026-08-17,100301,111,2026-08-17,7,90.67,SC,13,44,3989.48,345.89,10032,2026-08-22,Y,2026-08-17,MOCKLOAD,2026-09-11 22:29:05
1003,503,100301008,2026-08-18,100301,110,2026-08-18,8,225.73,SC,16,62,13995.26,1213.39,10032,2026-08-22,Y,2026-08-18,MOCKLOAD,2026-09-11 22:29:05
1003,503,100301009,2026-08-19,100301,106,2026-08-19,9,199.27,SC,13,40,7970.8,691.07,10032,2026-08-22,Y,2026-08-19,MOCKLOAD,2026-09-11 22:29:05
1003,503,100301010,2026-08-20,100301,115,2026-08-20,10,185.02,SC,12,6,1110.12,96.25,10032,2026-08-22,Y,2026-08-20,MOCKLOAD,2026-09-11 22:29:05
1003,503,100301011,2026-08-21,100301,113,2026-08-21,11,491.59,SC,29,16,7865.44,681.93,10032,2026-08-22,Y,2026-08-21,MOCKLOAD,2026-09-11 22:29:05
1003,503,100301012,2026-08-22,100301,101,2026-08-22,12,12.78,SC,19,65,830.7,72.02,10032,2026-08-22,Y,2026-08-22,MOCKLOAD,2026-09-11 22:29:05
1003,503,100301013,2026-08-23,100301,112,2026-08-23,13,289.21,SC,22,51,14749.71,1278.8,10033,2026-08-28,Y,2026-08-23,MOCKLOAD,2026-09-11 22:29:05
1003,503,100301014,2026-08-24,100301,109,2026-08-24,14,131.16,SC,17,93,12197.88,1057.56,10033,2026-08-28,Y,2026-08-24,MOCKLOAD,2026-09-11 22:29:05
1003,503,100301015,2026-08-25,100301,106,2026-08-25,15,162.42,SC,10,98,15917.16,1380.02,10033,2026-08-28,Y,2026-08-25,MOCKLOAD,2026-09-11 22:29:05
1003,503,100301016,2026-08-26,100301,102,2026-08-26,16,99.4,SC,23,49,4870.6,422.28,10033,2026-08-28,Y,2026-08-26,MOCKLOAD,2026-09-11 22:29:05
1003,503,100301017,2026-08-27,100301,120,2026-08-27,17,300.79,SC,15,53,15941.87,1382.16,10033,2026-08-28,Y,2026-08-27,MOCKLOAD,2026-09-11 22:29:05
1003,503,100301018,2026-08-28,100301,110,2026-08-28,18,122.55,SC,11,6,735.3,63.75,10033,2026-08-28,Y,2026-08-28,MOCKLOAD,2026-09-11 22:29:05
1003,503,100301019,2026-08-29,100301,117,2026-08-29,19,46.07,SC,24,89,4100.23,355.49,10034,2026-09-03,Y,2026-08-29,MOCKLOAD,2026-09-11 22:29:05
1003,503,100301020,2026-08-30,100301,108,2026-08-30,20,167.03,SC,11,15,2505.45,217.22,10034,2026-09-03,Y,2026-08-30,MOCKLOAD,2026-09-11 22:29:05
1003,503,100301021,2026-08-31,100301,107,2026-08-31,21,102.15,SC,13,48,4903.2,425.11,10034,2026-09-03,Y,2026-08-31,MOCKLOAD,2026-09-11 22:29:05
1003,503,100301022,2026-09-01,100301,111,2026-09-01,22,165.76,SC,15,96,15912.96,1379.65,10034,2026-09-03,Y,2026-09-01,MOCKLOAD,2026-09-11 22:29:05
1003,503,100301023,2026-09-02,100301,111,2026-09-02,23,481.85,SC,19,74,35656.9,3091.45,10034,2026-09-03,Y,2026-09-02,MOCKLOAD,2026-09-11 22:29:05
1003,503,100301024,2026-09-03,100301,110,2026-09-03,24,241.89,SC,24,88,21286.32,1845.52,10034,2026-09-03,Y,2026-09-03,MOCKLOAD,2026-09-11 22:29:05
1003,503,100301025,2026-09-04,100301,110,2026-09-04,25,17.07,SC,24,31,529.17,45.88,10035,2026-09-09,Y,2026-09-04,MOCKLOAD,2026-09-11 22:29:05
1003,503,100301026,2026-09-05,100301,106,2026-09-05,26,176.29,SC,19,57,10048.53,871.21,10035,2026-09-09,Y,2026-09-05,MOCKLOAD,2026-09-11 22:29:05
1003,503,100301027,2026-09-06,100301,119,2026-09-06,27,424.26,SC,20,3,1272.78,110.35,10035,2026-09-09,Y,2026-09-06,MOCKLOAD,2026-09-11 22:29:05
1003,503,100301028,2026-09-07,100301,113,2026-09-07,28,273.3,SC,29,71,19404.3,1682.35,10035,2026-09-09,Y,2026-09-07,MOCKLOAD,2026-09-11 22:29:05
1003,503,100301029,2026-09-08,100301,120,2026-09-08,29,211.91,SC,10,10,2119.1,183.73,10035,2026-09-09,Y,2026-09-08,MOCKLOAD,2026-09-11 22:29:05
1003,503,100301030,2026-09-09,100301,112,2026-09-09,30,167.73,SC,20,75,12579.75,1090.66,10035,2026-09-09,Y,2026-09-09,MOCKLOAD,2026-09-11 22:29:05
1003,503,100302001,2026-08-11,100302,114,2026-08-11,1,7.93,SC,26,71,563.03,48.81,10031,2026-08-16,Y,2026-08-11,MOCKLOAD,2026-09-11 22:29:05
1003,503,100302002,2026-08-12,100302,115,2026-08-12,2,72.04,SC,18,85,6123.4,530.9,10031,2026-08-16,Y,2026-08-12,MOCKLOAD,2026-09-11 22:29:05
1003,503,100302003,2026-08-13,100302,101,2026-08-13,3,462.32,SC,23,58,26814.56,2324.82,10031,2026-08-16,Y,2026-08-13,MOCKLOAD,2026-09-11 22:29:05
1003,503,100302004,2026-08-14,100302,102,2026-08-14,4,171.91,SC,12,21,3610.11,313,10031,2026-08-16,Y,2026-08-14,MOCKLOAD,2026-09-11 22:29:05
1003,503,100302005,2026-08-15,100302,119,2026-08-15,5,454.21,SC,12,100,45421,3938,10031,2026-08-16,Y,2026-08-15,MOCKLOAD,2026-09-11 22:29:05
1003,503,100302006,2026-08-16,100302,107,2026-08-16,6,107.68,SC,23,92,9906.56,858.9,10031,2026-08-16,Y,2026-08-16,MOCKLOAD,2026-09-11 22:29:05
1003,503,100302007,2026-08-17,100302,105,2026-08-17,7,60.62,SC,12,62,3758.44,325.86,10032,2026-08-22,Y,2026-08-17,MOCKLOAD,2026-09-11 22:29:05
1003,503,100302008,2026-08-18,100302,101,2026-08-18,8,308.69,SC,11,47,14508.43,1257.88,10032,2026-08-22,Y,2026-08-18,MOCKLOAD,2026-09-11 22:29:05
1003,503,100302009,2026-08-19,100302,101,2026-08-19,9,40.04,SC,19,34,1361.36,118.03,10032,2026-08-22,Y,2026-08-19,MOCKLOAD,2026-09-11 22:29:05
1003,503,100302010,2026-08-20,100302,118,2026-08-20,10,8.45,SC,14,50,422.5,36.63,10032,2026-08-22,Y,2026-08-20,MOCKLOAD,2026-09-11 22:29:05
1003,503,100302011,2026-08-21,100302,103,2026-08-21,11,60.64,SC,15,71,4305.44,373.28,10032,2026-08-22,Y,2026-08-21,MOCKLOAD,2026-09-11 22:29:05
1003,503,100302012,2026-08-22,100302,106,2026-08-22,12,9.31,SC,12,65,605.15,52.47,10032,2026-08-22,Y,2026-08-22,MOCKLOAD,2026-09-11 22:29:05
1003,503,100302013,2026-08-23,100302,118,2026-08-23,13,498.9,SC,25,83,41408.7,3590.13,10033,2026-08-28,Y,2026-08-23,MOCKLOAD,2026-09-11 22:29:05
1003,503,100302014,2026-08-24,100302,117,2026-08-24,14,263.27,SC,14,67,17639.09,1529.31,10033,2026-08-28,Y,2026-08-24,MOCKLOAD,2026-09-11 22:29:05
1003,503,100302015,2026-08-25,100302,112,2026-08-25,15,84.86,SC,17,79,6703.94,581.23,10033,2026-08-28,Y,2026-08-25,MOCKLOAD,2026-09-11 22:29:05
1003,503,100302016,2026-08-26,100302,114,2026-08-26,16,377.77,SC,21,40,15110.8,1310.11,10033,2026-08-28,Y,2026-08-26,MOCKLOAD,2026-09-11 22:29:05
1003,503,100302017,2026-08-27,100302,107,2026-08-27,17,261.49,SC,10,32,8367.68,725.48,10033,2026-08-28,Y,2026-08-27,MOCKLOAD,2026-09-11 22:29:05
1003,503,100302018,2026-08-28,100302,101,2026-08-28,18,321.52,SC,24,29,9324.08,808.4,10033,2026-08-28,Y,2026-08-28,MOCKLOAD,2026-09-11 22:29:05
1003,503,100302019,2026-08-29,100302,101,2026-08-29,19,124.85,SC,12,5,624.25,54.12,10034,2026-09-03,Y,2026-08-29,MOCKLOAD,2026-09-11 22:29:05
1003,503,100302020,2026-08-30,100302,120,2026-08-30,20,61.91,SC,22,19,1176.29,101.98,10034,2026-09-03,Y,2026-08-30,MOCKLOAD,2026-09-11 22:29:05
1003,503,100302021,2026-08-31,100302,119,2026-08-31,21,141.02,SC,15,69,9730.38,843.62,10034,2026-09-03,Y,2026-08-31,MOCKLOAD,2026-09-11 22:29:05
1003,503,100302022,2026-09-01,100302,103,2026-09-01,22,393.37,SC,15,54,21241.98,1841.68,10034,2026-09-03,Y,2026-09-01,MOCKLOAD,2026-09-11 22:29:05
1003,503,100302023,2026-09-02,100302,120,2026-09-02,23,424.6,SC,13,25,10615,920.32,10034,2026-09-03,Y,2026-09-02,MOCKLOAD,2026-09-11 22:29:05
1003,503,100302024,2026-09-03,100302,111,2026-09-03,24,165.33,SC,19,17,2810.61,243.68,10034,2026-09-03,Y,2026-09-03,MOCKLOAD,2026-09-11 22:29:05
1003,503,100302025,2026-09-04,100302,111,2026-09-04,25,53.21,SC,11,13,691.73,59.97,10035,2026-09-09,Y,2026-09-04,MOCKLOAD,2026-09-11 22:29:05
1003,503,100302026,2026-09-05,100302,103,2026-09-05,26,499.83,SC,17,43,21492.69,1863.42,10035,2026-09-09,Y,2026-09-05,MOCKLOAD,2026-09-11 22:29:05
1003,503,100302027,2026-09-06,100302,115,2026-09-06,27,112.01,SC,28,71,7952.71,689.5,10035,2026-09-09,Y,2026-09-06,MOCKLOAD,2026-09-11 22:29:05
1003,503,100302028,2026-09-07,100302,105,2026-09-07,28,244.44,SC,15,13,3177.72,275.51,10035,2026-09-09,Y,2026-09-07,MOCKLOAD,2026-09-11 22:29:05
1003,503,100302029,2026-09-08,100302,110,2026-09-08,29,374.26,SC,20,55,20584.3,1784.66,10035,2026-09-09,Y,2026-09-08,MOCKLOAD,2026-09-11 22:29:05
1003,503,100302030,2026-09-09,100302,118,2026-09-09,30,323.35,SC,25,34,10993.9,953.17,10035,2026-09-09,Y,2026-09-09,MOCKLOAD,2026-09-11 22:29:05
1003,503,100303001,2026-08-11,100303,116,2026-08-11,1,451.69,SC,13,81,36586.89,3172.08,10031,2026-08-16,Y,2026-08-11,MOCKLOAD,2026-09-11 22:29:05
1003,503,100303002,2026-08-12,100303,116,2026-08-12,2,477.68,SC,10,1,477.68,41.41,10031,2026-08-16,Y,2026-08-12,MOCKLOAD,2026-09-11 22:29:05
1003,503,100303003,2026-08-13,100303,104,2026-08-13,3,344.34,SC,23,96,33056.64,2866.01,10031,2026-08-16,Y,2026-08-13,MOCKLOAD,2026-09-11 22:29:05
1003,503,100303004,2026-08-14,100303,112,2026-08-14,4,465.11,SC,14,13,6046.43,524.23,10031,2026-08-16,Y,2026-08-14,MOCKLOAD,2026-09-11 22:29:05
1003,503,100303005,2026-08-15,100303,119,2026-08-15,5,414.2,SC,24,98,40591.6,3519.29,10031,2026-08-16,Y,2026-08-15,MOCKLOAD,2026-09-11 22:29:05
1003,503,100303006,2026-08-16,100303,115,2026-08-16,6,355.41,SC,10,53,18836.73,1633.14,10031,2026-08-16,Y,2026-08-16,MOCKLOAD,2026-09-11 22:29:05
1003,503,100303007,2026-08-17,100303,116,2026-08-17,7,111.07,SC,12,91,10107.37,876.31,10032,2026-08-22,Y,2026-08-17,MOCKLOAD,2026-09-11 22:29:05
1003,503,100303008,2026-08-18,100303,116,2026-08-18,8,88.74,SC,28,66,5856.84,507.79,10032,2026-08-22,Y,2026-08-18,MOCKLOAD,2026-09-11 22:29:05
1003,503,100303009,2026-08-19,100303,118,2026-08-19,9,199.98,SC,17,3,599.94,52.01,10032,2026-08-22,Y,2026-08-19,MOCKLOAD,2026-09-11 22:29:05
1003,503,100303010,2026-08-20,100303,107,2026-08-20,10,29.57,SC,17,21,620.97,53.84,10032,2026-08-22,Y,2026-08-20,MOCKLOAD,2026-09-11 22:29:05
1003,503,100303011,2026-08-21,100303,116,2026-08-21,11,206.08,SC,15,89,18341.12,1590.18,10032,2026-08-22,Y,2026-08-21,MOCKLOAD,2026-09-11 22:29:05
1003,503,100303012,2026-08-22,100303,110,2026-08-22,12,121.62,SC,19,9,1094.58,94.9,10032,2026-08-22,Y,2026-08-22,MOCKLOAD,2026-09-11 22:29:05
1003,503,100303013,2026-08-23,100303,109,2026-08-23,13,275.89,SC,13,21,5793.69,502.31,10033,2026-08-28,Y,2026-08-23,MOCKLOAD,2026-09-11 22:29:05
1003,503,100303014,2026-08-24,100303,116,2026-08-24,14,441.08,SC,24,24,10585.92,917.8,10033,2026-08-28,Y,2026-08-24,MOCKLOAD,2026-09-11 22:29:05
1003,503,100303015,2026-08-25,100303,104,2026-08-25,15,417.38,SC,26,2,834.76,72.37,10033,2026-08-28,Y,2026-08-25,MOCKLOAD,2026-09-11 22:29:05
1003,503,100303016,2026-08-26,100303,117,2026-08-26,16,321.93,SC,17,26,8370.18,725.69,10033,2026-08-28,Y,2026-08-26,MOCKLOAD,2026-09-11 22:29:05
1003,503,100303017,2026-08-27,100303,112,2026-08-27,17,9.85,SC,24,72,709.2,61.49,10033,2026-08-28,Y,2026-08-27,MOCKLOAD,2026-09-11 22:29:05
1003,503,100303018,2026-08-28,100303,108,2026-08-28,18,307.52,SC,22,18,5535.36,479.92,10033,2026-08-28,Y,2026-08-28,MOCKLOAD,2026-09-11 22:29:05
1003,503,100303019,2026-08-29,100303,109,2026-08-29,19,221.45,SC,20,53,11736.85,1017.58,10034,2026-09-03,Y,2026-08-29,MOCKLOAD,2026-09-11 22:29:05
1003,503,100303020,2026-08-30,100303,119,2026-08-30,20,468.09,SC,23,17,7957.53,689.92,10034,2026-09-03,Y,2026-08-30,MOCKLOAD,2026-09-11 22:29:05
1003,503,100303021,2026-08-31,100303,109,2026-08-31,21,398.88,SC,10,17,6780.96,587.91,10034,2026-09-03,Y,2026-08-31,MOCKLOAD,2026-09-11 22:29:05
1003,503,100303022,2026-09-01,100303,111,2026-09-01,22,258.28,SC,14,91,23503.48,2037.75,10034,2026-09-03,Y,2026-09-01,MOCKLOAD,2026-09-11 22:29:05
1003,503,100303023,2026-09-02,100303,102,2026-09-02,23,366.66,SC,17,6,2199.96,190.74,10034,2026-09-03,Y,2026-09-02,MOCKLOAD,2026-09-11 22:29:05
1003,503,100303024,2026-09-03,100303,101,2026-09-03,24,433.76,SC,27,72,31230.72,2707.7,10034,2026-09-03,Y,2026-09-03,MOCKLOAD,2026-09-11 22:29:05
1003,503,100303025,2026-09-04,100303,120,2026-09-04,25,286.2,SC,25,4,1144.8,99.25,10035,2026-09-09,Y,2026-09-04,MOCKLOAD,2026-09-11 22:29:05
1003,503,100303026,2026-09-05,100303,110,2026-09-05,26,211.47,SC,26,14,2960.58,256.68,10035,2026-09-09,Y,2026-09-05,MOCKLOAD,2026-09-11 22:29:05
1003,503,100303027,2026-09-06,100303,102,2026-09-06,27,17.64,SC,20,92,1622.88,140.7,10035,2026-09-09,Y,2026-09-06,MOCKLOAD,2026-09-11 22:29:05
1003,503,100303028,2026-09-07,100303,118,2026-09-07,28,446.28,SC,24,79,35256.12,3056.71,10035,2026-09-09,Y,2026-09-07,MOCKLOAD,2026-09-11 22:29:05
1003,503,100303029,2026-09-08,100303,111,2026-09-08,29,150.32,SC,10,42,6313.44,547.38,10035,2026-09-09,Y,2026-09-08,MOCKLOAD,2026-09-11 22:29:05
1003,503,100303030,2026-09-09,100303,120,2026-09-09,30,242.1,SC,22,83,20094.3,1742.18,10035,2026-09-09,Y,2026-09-09,MOCKLOAD,2026-09-11 22:29:05
1003,503,100304001,2026-08-11,100304,102,2026-08-11,1,236.52,SC,28,30,7095.6,615.19,10031,2026-08-16,Y,2026-08-11,MOCKLOAD,2026-09-11 22:29:05
1003,503,100304002,2026-08-12,100304,110,2026-08-12,2,142.57,SC,19,61,8696.77,754.01,10031,2026-08-16,Y,2026-08-12,MOCKLOAD,2026-09-11 22:29:05
1003,503,100304003,2026-08-13,100304,108,2026-08-13,3,64.29,SC,25,42,2700.18,234.11,10031,2026-08-16,Y,2026-08-13,MOCKLOAD,2026-09-11 22:29:05
1003,503,100304004,2026-08-14,100304,119,2026-08-14,4,498.11,SC,15,73,36362.03,3152.59,10031,2026-08-16,Y,2026-08-14,MOCKLOAD,2026-09-11 22:29:05
1003,503,100304005,2026-08-15,100304,109,2026-08-15,5,417.05,SC,21,87,36283.35,3145.77,10031,2026-08-16,Y,2026-08-15,MOCKLOAD,2026-09-11 22:29:05
1003,503,100304006,2026-08-16,100304,118,2026-08-16,6,54.38,SC,20,54,2936.52,254.6,10031,2026-08-16,Y,2026-08-16,MOCKLOAD,2026-09-11 22:29:05
1003,503,100304007,2026-08-17,100304,115,2026-08-17,7,487.5,SC,25,42,20475,1775.18,10032,2026-08-22,Y,2026-08-17,MOCKLOAD,2026-09-11 22:29:05
1003,503,100304008,2026-08-18,100304,116,2026-08-18,8,264.8,SC,12,36,9532.8,826.49,10032,2026-08-22,Y,2026-08-18,MOCKLOAD,2026-09-11 22:29:05
1003,503,100304009,2026-08-19,100304,117,2026-08-19,9,392.14,SC,25,31,12156.34,1053.95,10032,2026-08-22,Y,2026-08-19,MOCKLOAD,2026-09-11 22:29:05
1003,503,100304010,2026-08-20,100304,104,2026-08-20,10,14.21,SC,25,61,866.81,75.15,10032,2026-08-22,Y,2026-08-20,MOCKLOAD,2026-09-11 22:29:05
1003,503,100304011,2026-08-21,100304,112,2026-08-21,11,449.78,SC,10,56,25187.68,2183.77,10032,2026-08-22,Y,2026-08-21,MOCKLOAD,2026-09-11 22:29:05
1003,503,100304012,2026-08-22,100304,111,2026-08-22,12,281.42,SC,17,58,16322.36,1415.15,10032,2026-08-22,Y,2026-08-22,MOCKLOAD,2026-09-11 22:29:05
1003,503,100304013,2026-08-23,100304,104,2026-08-23,13,234.28,SC,23,87,20382.36,1767.15,10033,2026-08-28,Y,2026-08-23,MOCKLOAD,2026-09-11 22:29:05
1003,503,100304014,2026-08-24,100304,116,2026-08-24,14,216.11,SC,29,68,14695.48,1274.1,10033,2026-08-28,Y,2026-08-24,MOCKLOAD,2026-09-11 22:29:05
1003,503,100304015,2026-08-25,100304,112,2026-08-25,15,309.17,SC,24,49,15149.33,1313.45,10033,2026-08-28,Y,2026-08-25,MOCKLOAD,2026-09-11 22:29:05
1003,503,100304016,2026-08-26,100304,115,2026-08-26,16,265.62,SC,24,69,18327.78,1589.02,10033,2026-08-28,Y,2026-08-26,MOCKLOAD,2026-09-11 22:29:05
1003,503,100304017,2026-08-27,100304,110,2026-08-27,17,418.07,SC,14,28,11705.96,1014.91,10033,2026-08-28,Y,2026-08-27,MOCKLOAD,2026-09-11 22:29:05
1003,503,100304018,2026-08-28,100304,119,2026-08-28,18,467.31,SC,23,22,10280.82,891.35,10033,2026-08-28,Y,2026-08-28,MOCKLOAD,2026-09-11 22:29:05
1003,503,100304019,2026-08-29,100304,102,2026-08-29,19,266.74,SC,29,8,2133.92,185.01,10034,2026-09-03,Y,2026-08-29,MOCKLOAD,2026-09-11 22:29:05
1003,503,100304020,2026-08-30,100304,106,2026-08-30,20,58.44,SC,26,62,3623.28,314.14,10034,2026-09-03,Y,2026-08-30,MOCKLOAD,2026-09-11 22:29:05
1003,503,100304021,2026-08-31,100304,108,2026-08-31,21,323,SC,22,89,28747,2492.36,10034,2026-09-03,Y,2026-08-31,MOCKLOAD,2026-09-11 22:29:05
1003,503,100304022,2026-09-01,100304,107,2026-09-01,22,112.87,SC,18,77,8690.99,753.51,10034,2026-09-03,Y,2026-09-01,MOCKLOAD,2026-09-11 22:29:05
1003,503,100304023,2026-09-02,100304,102,2026-09-02,23,39.26,SC,17,1,39.26,3.4,10034,2026-09-03,Y,2026-09-02,MOCKLOAD,2026-09-11 22:29:05
1003,503,100304024,2026-09-03,100304,106,2026-09-03,24,370.77,SC,16,19,7044.63,610.77,10034,2026-09-03,Y,2026-09-03,MOCKLOAD,2026-09-11 22:29:05
1003,503,100304025,2026-09-04,100304,113,2026-09-04,25,97.75,SC,22,43,4203.25,364.42,10035,2026-09-09,Y,2026-09-04,MOCKLOAD,2026-09-11 22:29:05
1003,503,100304026,2026-09-05,100304,106,2026-09-05,26,498.83,SC,21,30,14964.9,1297.46,10035,2026-09-09,Y,2026-09-05,MOCKLOAD,2026-09-11 22:29:05
1003,503,100304027,2026-09-06,100304,103,2026-09-06,27,33.85,SC,16,25,846.25,73.37,10035,2026-09-09,Y,2026-09-06,MOCKLOAD,2026-09-11 22:29:05
1003,503,100304028,2026-09-07,100304,106,2026-09-07,28,371.71,SC,10,66,24532.86,2127,10035,2026-09-09,Y,2026-09-07,MOCKLOAD,2026-09-11 22:29:05
1003,503,100304029,2026-09-08,100304,116,2026-09-08,29,207.5,SC,27,61,12657.5,1097.41,10035,2026-09-09,Y,2026-09-08,MOCKLOAD,2026-09-11 22:29:05
1003,503,100304030,2026-09-09,100304,101,2026-09-09,30,485.91,SC,12,58,28182.78,2443.45,10035,2026-09-09,Y,2026-09-09,MOCKLOAD,2026-09-11 22:29:05
1003,503,100305001,2026-08-11,100305,119,2026-08-11,1,241.95,SC,29,81,19597.95,1699.14,10031,2026-08-16,Y,2026-08-11,MOCKLOAD,2026-09-11 22:29:05
1003,503,100305002,2026-08-12,100305,113,2026-08-12,2,174.47,SC,24,53,9246.91,801.71,10031,2026-08-16,Y,2026-08-12,MOCKLOAD,2026-09-11 22:29:05
1003,503,100305003,2026-08-13,100305,101,2026-08-13,3,480,SC,15,73,35040,3037.97,10031,2026-08-16,Y,2026-08-13,MOCKLOAD,2026-09-11 22:29:05
1003,503,100305004,2026-08-14,100305,106,2026-08-14,4,203.76,SC,25,32,6520.32,565.31,10031,2026-08-16,Y,2026-08-14,MOCKLOAD,2026-09-11 22:29:05
1003,503,100305005,2026-08-15,100305,117,2026-08-15,5,27.87,SC,15,21,585.27,50.74,10031,2026-08-16,Y,2026-08-15,MOCKLOAD,2026-09-11 22:29:05
1003,503,100305006,2026-08-16,100305,111,2026-08-16,6,272.35,SC,20,4,1089.4,94.45,10031,2026-08-16,Y,2026-08-16,MOCKLOAD,2026-09-11 22:29:05
1003,503,100305007,2026-08-17,100305,119,2026-08-17,7,362.59,SC,16,73,26469.07,2294.87,10032,2026-08-22,Y,2026-08-17,MOCKLOAD,2026-09-11 22:29:05
1003,503,100305008,2026-08-18,100305,105,2026-08-18,8,366.36,SC,20,73,26744.28,2318.73,10032,2026-08-22,Y,2026-08-18,MOCKLOAD,2026-09-11 22:29:05
1003,503,100305009,2026-08-19,100305,105,2026-08-19,9,294.84,SC,24,20,5896.8,511.25,10032,2026-08-22,Y,2026-08-19,MOCKLOAD,2026-09-11 22:29:05
1003,503,100305010,2026-08-20,100305,103,2026-08-20,10,112.36,SC,15,15,1685.4,146.12,10032,2026-08-22,Y,2026-08-20,MOCKLOAD,2026-09-11 22:29:05
1003,503,100305011,2026-08-21,100305,113,2026-08-21,11,85.46,SC,29,94,8033.24,696.48,10032,2026-08-22,Y,2026-08-21,MOCKLOAD,2026-09-11 22:29:05
1003,503,100305012,2026-08-22,100305,113,2026-08-22,12,208.68,SC,27,15,3130.2,271.39,10032,2026-08-22,Y,2026-08-22,MOCKLOAD,2026-09-11 22:29:05
1003,503,100305013,2026-08-23,100305,102,2026-08-23,13,73.84,SC,19,88,6497.92,563.37,10033,2026-08-28,Y,2026-08-23,MOCKLOAD,2026-09-11 22:29:05
1003,503,100305014,2026-08-24,100305,101,2026-08-24,14,89.25,SC,21,45,4016.25,348.21,10033,2026-08-28,Y,2026-08-24,MOCKLOAD,2026-09-11 22:29:05
1003,503,100305015,2026-08-25,100305,102,2026-08-25,15,338.74,SC,26,100,33874,2936.88,10033,2026-08-28,Y,2026-08-25,MOCKLOAD,2026-09-11 22:29:05
1003,503,100305016,2026-08-26,100305,104,2026-08-26,16,19.14,SC,11,33,631.62,54.76,10033,2026-08-28,Y,2026-08-26,MOCKLOAD,2026-09-11 22:29:05
1003,503,100305017,2026-08-27,100305,114,2026-08-27,17,152.72,SC,23,2,305.44,26.48,10033,2026-08-28,Y,2026-08-27,MOCKLOAD,2026-09-11 22:29:05
1003,503,100305018,2026-08-28,100305,111,2026-08-28,18,93.82,SC,13,66,6192.12,536.86,10033,2026-08-28,Y,2026-08-28,MOCKLOAD,2026-09-11 22:29:05
1003,503,100305019,2026-08-29,100305,102,2026-08-29,19,127.64,SC,12,10,1276.4,110.66,10034,2026-09-03,Y,2026-08-29,MOCKLOAD,2026-09-11 22:29:05
1003,503,100305020,2026-08-30,100305,101,2026-08-30,20,490.59,SC,28,38,18642.42,1616.3,10034,2026-09-03,Y,2026-08-30,MOCKLOAD,2026-09-11 22:29:05
1003,503,100305021,2026-08-31,100305,102,2026-08-31,21,141.66,SC,14,56,7932.96,687.79,10034,2026-09-03,Y,2026-08-31,MOCKLOAD,2026-09-11 22:29:05
1003,503,100305022,2026-09-01,100305,104,2026-09-01,22,173.91,SC,19,55,9565.05,829.29,10034,2026-09-03,Y,2026-09-01,MOCKLOAD,2026-09-11 22:29:05
1003,503,100305023,2026-09-02,100305,115,2026-09-02,23,321.48,SC,23,87,27968.76,2424.89,10034,2026-09-03,Y,2026-09-02,MOCKLOAD,2026-09-11 22:29:05
1003,503,100305024,2026-09-03,100305,105,2026-09-03,24,416.51,SC,18,17,7080.67,613.89,10034,2026-09-03,Y,2026-09-03,MOCKLOAD,2026-09-11 22:29:05
1003,503,100305025,2026-09-04,100305,120,2026-09-04,25,93.64,SC,20,15,1404.6,121.78,10035,2026-09-09,Y,2026-09-04,MOCKLOAD,2026-09-11 22:29:05
1003,503,100305026,2026-09-05,100305,115,2026-09-05,26,62.97,SC,25,45,2833.65,245.68,10035,2026-09-09,Y,2026-09-05,MOCKLOAD,2026-09-11 22:29:05
1003,503,100305027,2026-09-06,100305,120,2026-09-06,27,120.76,SC,25,94,11351.44,984.17,10035,2026-09-09,Y,2026-09-06,MOCKLOAD,2026-09-11 22:29:05
1003,503,100305028,2026-09-07,100305,112,2026-09-07,28,33.25,SC,29,24,798,69.19,10035,2026-09-09,Y,2026-09-07,MOCKLOAD,2026-09-11 22:29:05
1003,503,100305029,2026-09-08,100305,116,2026-09-08,29,161.35,SC,23,19,3065.65,265.79,10035,2026-09-09,Y,2026-09-08,MOCKLOAD,2026-09-11 22:29:05
1003,503,100305030,2026-09-09,100305,106,2026-09-09,30,329.93,SC,26,6,1979.58,171.63,10035,2026-09-09,Y,2026-09-09,MOCKLOAD,2026-09-11 22:29:05
1003,503,100306001,2026-08-11,100306,113,2026-08-11,1,237.64,SC,28,65,15446.6,1339.22,10031,2026-08-16,Y,2026-08-11,MOCKLOAD,2026-09-11 22:29:05
1003,503,100306002,2026-08-12,100306,111,2026-08-12,2,302.2,SC,19,64,19340.8,1676.85,10031,2026-08-16,Y,2026-08-12,MOCKLOAD,2026-09-11 22:29:05
1003,503,100306003,2026-08-13,100306,117,2026-08-13,3,376.59,SC,26,56,21089.04,1828.42,10031,2026-08-16,Y,2026-08-13,MOCKLOAD,2026-09-11 22:29:05
1003,503,100306004,2026-08-14,100306,102,2026-08-14,4,108.66,SC,28,92,9996.72,866.72,10031,2026-08-16,Y,2026-08-14,MOCKLOAD,2026-09-11 22:29:05
1003,503,100306005,2026-08-15,100306,105,2026-08-15,5,185.56,SC,14,92,17071.52,1480.1,10031,2026-08-16,Y,2026-08-15,MOCKLOAD,2026-09-11 22:29:05
1003,503,100306006,2026-08-16,100306,110,2026-08-16,6,299.32,SC,21,67,20054.44,1738.72,10031,2026-08-16,Y,2026-08-16,MOCKLOAD,2026-09-11 22:29:05
1003,503,100306007,2026-08-17,100306,116,2026-08-17,7,20.63,SC,14,57,1175.91,101.95,10032,2026-08-22,Y,2026-08-17,MOCKLOAD,2026-09-11 22:29:05
1003,503,100306008,2026-08-18,100306,108,2026-08-18,8,403.26,SC,28,66,26615.16,2307.53,10032,2026-08-22,Y,2026-08-18,MOCKLOAD,2026-09-11 22:29:05
1003,503,100306009,2026-08-19,100306,116,2026-08-19,9,58.2,SC,11,7,407.4,35.32,10032,2026-08-22,Y,2026-08-19,MOCKLOAD,2026-09-11 22:29:05
1003,503,100306010,2026-08-20,100306,114,2026-08-20,10,68.63,SC,26,68,4666.84,404.62,10032,2026-08-22,Y,2026-08-20,MOCKLOAD,2026-09-11 22:29:05
1003,503,100306011,2026-08-21,100306,109,2026-08-21,11,89.88,SC,19,61,5482.68,475.35,10032,2026-08-22,Y,2026-08-21,MOCKLOAD,2026-09-11 22:29:05
1003,503,100306012,2026-08-22,100306,112,2026-08-22,12,407.6,SC,15,58,23640.8,2049.66,10032,2026-08-22,Y,2026-08-22,MOCKLOAD,2026-09-11 22:29:05
1003,503,100306013,2026-08-23,100306,112,2026-08-23,13,363.85,SC,22,41,14917.85,1293.38,10033,2026-08-28,Y,2026-08-23,MOCKLOAD,2026-09-11 22:29:05
1003,503,100306014,2026-08-24,100306,115,2026-08-24,14,378.05,SC,11,59,22304.95,1933.84,10033,2026-08-28,Y,2026-08-24,MOCKLOAD,2026-09-11 22:29:05
1003,503,100306015,2026-08-25,100306,111,2026-08-25,15,176.68,SC,24,12,2120.16,183.82,10033,2026-08-28,Y,2026-08-25,MOCKLOAD,2026-09-11 22:29:05
1003,503,100306016,2026-08-26,100306,109,2026-08-26,16,367.66,SC,29,74,27206.84,2358.83,10033,2026-08-28,Y,2026-08-26,MOCKLOAD,2026-09-11 22:29:05
1003,503,100306017,2026-08-27,100306,103,2026-08-27,17,168.33,SC,15,35,5891.55,510.8,10033,2026-08-28,Y,2026-08-27,MOCKLOAD,2026-09-11 22:29:05
1003,503,100306018,2026-08-28,100306,112,2026-08-28,18,476.05,SC,24,26,12377.3,1073.11,10033,2026-08-28,Y,2026-08-28,MOCKLOAD,2026-09-11 22:29:05
1003,503,100306019,2026-08-29,100306,115,2026-08-29,19,381.04,SC,21,29,11050.16,958.05,10034,2026-09-03,Y,2026-08-29,MOCKLOAD,2026-09-11 22:29:05
1003,503,100306020,2026-08-30,100306,102,2026-08-30,20,487.66,SC,10,36,17555.76,1522.08,10034,2026-09-03,Y,2026-08-30,MOCKLOAD,2026-09-11 22:29:05
1003,503,100306021,2026-08-31,100306,104,2026-08-31,21,316,SC,29,3,948,82.19,10034,2026-09-03,Y,2026-08-31,MOCKLOAD,2026-09-11 22:29:05
1003,503,100306022,2026-09-01,100306,110,2026-09-01,22,156.86,SC,21,78,12235.08,1060.78,10034,2026-09-03,Y,2026-09-01,MOCKLOAD,2026-09-11 22:29:05
1003,503,100306023,2026-09-02,100306,117,2026-09-02,23,21.43,SC,26,58,1242.94,107.76,10034,2026-09-03,Y,2026-09-02,MOCKLOAD,2026-09-11 22:29:05
1003,503,100306024,2026-09-03,100306,113,2026-09-03,24,326.76,SC,11,28,9149.28,793.24,10034,2026-09-03,Y,2026-09-03,MOCKLOAD,2026-09-11 22:29:05
1003,503,100306025,2026-09-04,100306,107,2026-09-04,25,399.54,SC,11,87,34759.98,3013.69,10035,2026-09-09,Y,2026-09-04,MOCKLOAD,2026-09-11 22:29:05
1003,503,100306026,2026-09-05,100306,104,2026-09-05,26,458.88,SC,18,87,39922.56,3461.29,10035,2026-09-09,Y,2026-09-05,MOCKLOAD,2026-09-11 22:29:05
1003,503,100306027,2026-09-06,100306,107,2026-09-06,27,234.34,SC,17,84,19684.56,1706.65,10035,2026-09-09,Y,2026-09-06,MOCKLOAD,2026-09-11 22:29:05
1003,503,100306028,2026-09-07,100306,109,2026-09-07,28,162.89,SC,23,28,4560.92,395.43,10035,2026-09-09,Y,2026-09-07,MOCKLOAD,2026-09-11 22:29:05
1003,503,100306029,2026-09-08,100306,120,2026-09-08,29,119.65,SC,11,78,9332.7,809.15,10035,2026-09-09,Y,2026-09-08,MOCKLOAD,2026-09-11 22:29:05
1003,503,100306030,2026-09-09,100306,113,2026-09-09,30,127.68,SC,26,9,1149.12,99.63,10035,2026-09-09,Y,2026-09-09,MOCKLOAD,2026-09-11 22:29:05
1003,503,100307001,2026-08-11,100307,107,2026-08-11,1,78.84,SC,13,9,709.56,61.52,10031,2026-08-16,Y,2026-08-11,MOCKLOAD,2026-09-11 22:29:05
1003,503,100307002,2026-08-12,100307,104,2026-08-12,2,166.62,SC,20,8,1332.96,115.57,10031,2026-08-16,Y,2026-08-12,MOCKLOAD,2026-09-11 22:29:05
1003,503,100307003,2026-08-13,100307,115,2026-08-13,3,145.01,SC,27,36,5220.36,452.61,10031,2026-08-16,Y,2026-08-13,MOCKLOAD,2026-09-11 22:29:05
1003,503,100307004,2026-08-14,100307,114,2026-08-14,4,269.13,SC,14,74,19915.62,1726.68,10031,2026-08-16,Y,2026-08-14,MOCKLOAD,2026-09-11 22:29:05
1003,503,100307005,2026-08-15,100307,111,2026-08-15,5,258.87,SC,18,41,10613.67,920.21,10031,2026-08-16,Y,2026-08-15,MOCKLOAD,2026-09-11 22:29:05
1003,503,100307006,2026-08-16,100307,107,2026-08-16,6,191.74,SC,13,30,5752.2,498.72,10031,2026-08-16,Y,2026-08-16,MOCKLOAD,2026-09-11 22:29:05
1003,503,100307007,2026-08-17,100307,104,2026-08-17,7,366.78,SC,29,65,23840.7,2066.99,10032,2026-08-22,Y,2026-08-17,MOCKLOAD,2026-09-11 22:29:05
1003,503,100307008,2026-08-18,100307,110,2026-08-18,8,250.74,SC,22,9,2256.66,195.65,10032,2026-08-22,Y,2026-08-18,MOCKLOAD,2026-09-11 22:29:05
1003,503,100307009,2026-08-19,100307,109,2026-08-19,9,98.63,SC,16,43,4241.09,367.7,10032,2026-08-22,Y,2026-08-19,MOCKLOAD,2026-09-11 22:29:05
1003,503,100307010,2026-08-20,100307,108,2026-08-20,10,157.31,SC,20,10,1573.1,136.39,10032,2026-08-22,Y,2026-08-20,MOCKLOAD,2026-09-11 22:29:05
1003,503,100307011,2026-08-21,100307,112,2026-08-21,11,405.66,SC,18,94,38132.04,3306.05,10032,2026-08-22,Y,2026-08-21,MOCKLOAD,2026-09-11 22:29:05
1003,503,100307012,2026-08-22,100307,114,2026-08-22,12,328.89,SC,23,83,27297.87,2366.73,10032,2026-08-22,Y,2026-08-22,MOCKLOAD,2026-09-11 22:29:05
1003,503,100307013,2026-08-23,100307,105,2026-08-23,13,259.2,SC,19,71,18403.2,1595.56,10033,2026-08-28,Y,2026-08-23,MOCKLOAD,2026-09-11 22:29:05
1003,503,100307014,2026-08-24,100307,119,2026-08-24,14,129.45,SC,19,8,1035.6,89.79,10033,2026-08-28,Y,2026-08-24,MOCKLOAD,2026-09-11 22:29:05
1003,503,100307015,2026-08-25,100307,106,2026-08-25,15,294.57,SC,12,84,24743.88,2145.29,10033,2026-08-28,Y,2026-08-25,MOCKLOAD,2026-09-11 22:29:05
1003,503,100307016,2026-08-26,100307,114,2026-08-26,16,6.18,SC,16,40,247.2,21.43,10033,2026-08-28,Y,2026-08-26,MOCKLOAD,2026-09-11 22:29:05
1003,503,100307017,2026-08-27,100307,116,2026-08-27,17,213.13,SC,20,2,426.26,36.96,10033,2026-08-28,Y,2026-08-27,MOCKLOAD,2026-09-11 22:29:05
1003,503,100307018,2026-08-28,100307,104,2026-08-28,18,225.48,SC,15,9,2029.32,175.94,10033,2026-08-28,Y,2026-08-28,MOCKLOAD,2026-09-11 22:29:05
1003,503,100307019,2026-08-29,100307,117,2026-08-29,19,451.97,SC,11,24,10847.28,940.46,10034,2026-09-03,Y,2026-08-29,MOCKLOAD,2026-09-11 22:29:05
1003,503,100307020,2026-08-30,100307,101,2026-08-30,20,441.15,SC,10,72,31762.8,2753.83,10034,2026-09-03,Y,2026-08-30,MOCKLOAD,2026-09-11 22:29:05
1003,503,100307021,2026-08-31,100307,105,2026-08-31,21,21.18,SC,23,89,1885.02,163.43,10034,2026-09-03,Y,2026-08-31,MOCKLOAD,2026-09-11 22:29:05
1003,503,100307022,2026-09-01,100307,118,2026-09-01,22,430.27,SC,19,55,23664.85,2051.74,10034,2026-09-03,Y,2026-09-01,MOCKLOAD,2026-09-11 22:29:05
1003,503,100307023,2026-09-02,100307,111,2026-09-02,23,470.55,SC,20,54,25409.7,2203.02,10034,2026-09-03,Y,2026-09-02,MOCKLOAD,2026-09-11 22:29:05
1003,503,100307024,2026-09-03,100307,101,2026-09-03,24,123.96,SC,25,9,1115.64,96.73,10034,2026-09-03,Y,2026-09-03,MOCKLOAD,2026-09-11 22:29:05
1003,503,100307025,2026-09-04,100307,120,2026-09-04,25,95.69,SC,27,70,6698.3,580.74,10035,2026-09-09,Y,2026-09-04,MOCKLOAD,2026-09-11 22:29:05
1003,503,100307026,2026-09-05,100307,107,2026-09-05,26,295.09,SC,23,25,7377.25,639.61,10035,2026-09-09,Y,2026-09-05,MOCKLOAD,2026-09-11 22:29:05
1003,503,100307027,2026-09-06,100307,116,2026-09-06,27,101.79,SC,12,62,6310.98,547.16,10035,2026-09-09,Y,2026-09-06,MOCKLOAD,2026-09-11 22:29:05
1003,503,100307028,2026-09-07,100307,114,2026-09-07,28,27.91,SC,21,56,1562.96,135.51,10035,2026-09-09,Y,2026-09-07,MOCKLOAD,2026-09-11 22:29:05
1003,503,100307029,2026-09-08,100307,119,2026-09-08,29,399.3,SC,27,88,35138.4,3046.5,10035,2026-09-09,Y,2026-09-08,MOCKLOAD,2026-09-11 22:29:05
1003,503,100307030,2026-09-09,100307,108,2026-09-09,30,239.91,SC,16,38,9116.58,790.41,10035,2026-09-09,Y,2026-09-09,MOCKLOAD,2026-09-11 22:29:05
1003,503,100308001,2026-08-11,100308,113,2026-08-11,1,159.48,SC,28,78,12439.44,1078.5,10031,2026-08-16,Y,2026-08-11,MOCKLOAD,2026-09-11 22:29:05
1003,503,100308002,2026-08-12,100308,116,2026-08-12,2,112.63,SC,16,37,4167.31,361.31,10031,2026-08-16,Y,2026-08-12,MOCKLOAD,2026-09-11 22:29:05
1003,503,100308003,2026-08-13,100308,119,2026-08-13,3,83.18,SC,10,1,83.18,7.21,10031,2026-08-16,Y,2026-08-13,MOCKLOAD,2026-09-11 22:29:05
1003,503,100308004,2026-08-14,100308,102,2026-08-14,4,247.13,SC,12,77,19029.01,1649.82,10031,2026-08-16,Y,2026-08-14,MOCKLOAD,2026-09-11 22:29:05
1003,503,100308005,2026-08-15,100308,105,2026-08-15,5,430.82,SC,21,75,32311.5,2801.41,10031,2026-08-16,Y,2026-08-15,MOCKLOAD,2026-09-11 22:29:05
1003,503,100308006,2026-08-16,100308,114,2026-08-16,6,340.24,SC,10,23,7825.52,678.47,10031,2026-08-16,Y,2026-08-16,MOCKLOAD,2026-09-11 22:29:05
1003,503,100308007,2026-08-17,100308,117,2026-08-17,7,45.97,SC,18,2,91.94,7.97,10032,2026-08-22,Y,2026-08-17,MOCKLOAD,2026-09-11 22:29:05
1003,503,100308008,2026-08-18,100308,103,2026-08-18,8,285.4,SC,23,77,21975.8,1905.3,10032,2026-08-22,Y,2026-08-18,MOCKLOAD,2026-09-11 22:29:05
1003,503,100308009,2026-08-19,100308,101,2026-08-19,9,301.8,SC,29,54,16297.2,1412.97,10032,2026-08-22,Y,2026-08-19,MOCKLOAD,2026-09-11 22:29:05
1003,503,100308010,2026-08-20,100308,117,2026-08-20,10,92.33,SC,17,26,2400.58,208.13,10032,2026-08-22,Y,2026-08-20,MOCKLOAD,2026-09-11 22:29:05
1003,503,100308011,2026-08-21,100308,119,2026-08-21,11,305.99,SC,12,37,11321.63,981.59,10032,2026-08-22,Y,2026-08-21,MOCKLOAD,2026-09-11 22:29:05
1003,503,100308012,2026-08-22,100308,110,2026-08-22,12,284.33,SC,10,12,3411.96,295.82,10032,2026-08-22,Y,2026-08-22,MOCKLOAD,2026-09-11 22:29:05
1003,503,100308013,2026-08-23,100308,118,2026-08-23,13,277.69,SC,14,92,25547.48,2214.97,10033,2026-08-28,Y,2026-08-23,MOCKLOAD,2026-09-11 22:29:05
1003,503,100308014,2026-08-24,100308,119,2026-08-24,14,252.01,SC,10,12,3024.12,262.19,10033,2026-08-28,Y,2026-08-24,MOCKLOAD,2026-09-11 22:29:05
1003,503,100308015,2026-08-25,100308,102,2026-08-25,15,445.28,SC,19,9,4007.52,347.45,10033,2026-08-28,Y,2026-08-25,MOCKLOAD,2026-09-11 22:29:05
1003,503,100308016,2026-08-26,100308,120,2026-08-26,16,12.87,SC,19,33,424.71,36.82,10033,2026-08-28,Y,2026-08-26,MOCKLOAD,2026-09-11 22:29:05
1003,503,100308017,2026-08-27,100308,105,2026-08-27,17,193.94,SC,16,45,8727.3,756.66,10033,2026-08-28,Y,2026-08-27,MOCKLOAD,2026-09-11 22:29:05
1003,503,100308018,2026-08-28,100308,109,2026-08-28,18,323.71,SC,20,21,6797.91,589.38,10033,2026-08-28,Y,2026-08-28,MOCKLOAD,2026-09-11 22:29:05
1003,503,100308019,2026-08-29,100308,120,2026-08-29,19,12.32,SC,17,61,751.52,65.16,10034,2026-09-03,Y,2026-08-29,MOCKLOAD,2026-09-11 22:29:05
1003,503,100308020,2026-08-30,100308,101,2026-08-30,20,390.95,SC,24,69,26975.55,2338.78,10034,2026-09-03,Y,2026-08-30,MOCKLOAD,2026-09-11 22:29:05
1003,503,100308021,2026-08-31,100308,119,2026-08-31,21,371.08,SC,17,75,27831,2412.95,10034,2026-09-03,Y,2026-08-31,MOCKLOAD,2026-09-11 22:29:05
1003,503,100308022,2026-09-01,100308,115,2026-09-01,22,162.75,SC,10,7,1139.25,98.77,10034,2026-09-03,Y,2026-09-01,MOCKLOAD,2026-09-11 22:29:05
1003,503,100308023,2026-09-02,100308,113,2026-09-02,23,452.05,SC,24,73,32999.65,2861.07,10034,2026-09-03,Y,2026-09-02,MOCKLOAD,2026-09-11 22:29:05
1003,503,100308024,2026-09-03,100308,108,2026-09-03,24,446.62,SC,14,5,2233.1,193.61,10034,2026-09-03,Y,2026-09-03,MOCKLOAD,2026-09-11 22:29:05
1003,503,100308025,2026-09-04,100308,112,2026-09-04,25,48.01,SC,11,27,1296.27,112.39,10035,2026-09-09,Y,2026-09-04,MOCKLOAD,2026-09-11 22:29:05
1003,503,100308026,2026-09-05,100308,101,2026-09-05,26,211.68,SC,15,96,20321.28,1761.85,10035,2026-09-09,Y,2026-09-05,MOCKLOAD,2026-09-11 22:29:05
1003,503,100308027,2026-09-06,100308,119,2026-09-06,27,75.25,SC,28,5,376.25,32.62,10035,2026-09-09,Y,2026-09-06,MOCKLOAD,2026-09-11 22:29:05
1003,503,100308028,2026-09-07,100308,118,2026-09-07,28,100.25,SC,15,64,6416,556.27,10035,2026-09-09,Y,2026-09-07,MOCKLOAD,2026-09-11 22:29:05
1003,503,100308029,2026-09-08,100308,111,2026-09-08,29,53.14,SC,15,15,797.1,69.11,10035,2026-09-09,Y,2026-09-08,MOCKLOAD,2026-09-11 22:29:05
1003,503,100308030,2026-09-09,100308,115,2026-09-09,30,166.11,SC,21,59,9800.49,849.7,10035,2026-09-09,Y,2026-09-09,MOCKLOAD,2026-09-11 22:29:05
1003,503,100309001,2026-08-11,100309,112,2026-08-11,1,224.98,SC,29,39,8774.22,760.72,10031,2026-08-16,Y,2026-08-11,MOCKLOAD,2026-09-11 22:29:05
1003,503,100309002,2026-08-12,100309,111,2026-08-12,2,426.03,SC,27,57,24283.71,2105.4,10031,2026-08-16,Y,2026-08-12,MOCKLOAD,2026-09-11 22:29:05
1003,503,100309003,2026-08-13,100309,102,2026-08-13,3,92.06,SC,21,44,4050.64,351.19,10031,2026-08-16,Y,2026-08-13,MOCKLOAD,2026-09-11 22:29:05
1003,503,100309004,2026-08-14,100309,110,2026-08-14,4,121.9,SC,27,87,10605.3,919.48,10031,2026-08-16,Y,2026-08-14,MOCKLOAD,2026-09-11 22:29:05
1003,503,100309005,2026-08-15,100309,106,2026-08-15,5,398.15,SC,13,29,11546.35,1001.07,10031,2026-08-16,Y,2026-08-15,MOCKLOAD,2026-09-11 22:29:05
1003,503,100309006,2026-08-16,100309,104,2026-08-16,6,216.65,SC,17,17,3683.05,319.32,10031,2026-08-16,Y,2026-08-16,MOCKLOAD,2026-09-11 22:29:05
1003,503,100309007,2026-08-17,100309,113,2026-08-17,7,378.44,SC,29,5,1892.2,164.05,10032,2026-08-22,Y,2026-08-17,MOCKLOAD,2026-09-11 22:29:05
1003,503,100309008,2026-08-18,100309,114,2026-08-18,8,209.24,SC,28,72,15065.28,1306.16,10032,2026-08-22,Y,2026-08-18,MOCKLOAD,2026-09-11 22:29:05
1003,503,100309009,2026-08-19,100309,115,2026-08-19,9,493.97,SC,10,40,19758.8,1713.09,10032,2026-08-22,Y,2026-08-19,MOCKLOAD,2026-09-11 22:29:05
1003,503,100309010,2026-08-20,100309,118,2026-08-20,10,325.17,SC,10,3,975.51,84.58,10032,2026-08-22,Y,2026-08-20,MOCKLOAD,2026-09-11 22:29:05
1003,503,100309011,2026-08-21,100309,113,2026-08-21,11,493.58,SC,15,88,43435.04,3765.82,10032,2026-08-22,Y,2026-08-21,MOCKLOAD,2026-09-11 22:29:05
1003,503,100309012,2026-08-22,100309,114,2026-08-22,12,343.91,SC,19,84,28888.44,2504.63,10032,2026-08-22,Y,2026-08-22,MOCKLOAD,2026-09-11 22:29:05
1003,503,100309013,2026-08-23,100309,109,2026-08-23,13,204.15,SC,14,44,8982.6,778.79,10033,2026-08-28,Y,2026-08-23,MOCKLOAD,2026-09-11 22:29:05
1003,503,100309014,2026-08-24,100309,111,2026-08-24,14,125.52,SC,24,33,4142.16,359.13,10033,2026-08-28,Y,2026-08-24,MOCKLOAD,2026-09-11 22:29:05
1003,503,100309015,2026-08-25,100309,120,2026-08-25,15,317.19,SC,20,74,23472.06,2035.03,10033,2026-08-28,Y,2026-08-25,MOCKLOAD,2026-09-11 22:29:05
1003,503,100309016,2026-08-26,100309,112,2026-08-26,16,474.58,SC,13,52,24678.16,2139.6,10033,2026-08-28,Y,2026-08-26,MOCKLOAD,2026-09-11 22:29:05
1003,503,100309017,2026-08-27,100309,103,2026-08-27,17,318.25,SC,26,84,26733,2317.75,10033,2026-08-28,Y,2026-08-27,MOCKLOAD,2026-09-11 22:29:05
1003,503,100309018,2026-08-28,100309,114,2026-08-28,18,390.2,SC,13,74,28874.8,2503.45,10033,2026-08-28,Y,2026-08-28,MOCKLOAD,2026-09-11 22:29:05
1003,503,100309019,2026-08-29,100309,104,2026-08-29,19,459.78,SC,16,1,459.78,39.86,10034,2026-09-03,Y,2026-08-29,MOCKLOAD,2026-09-11 22:29:05
1003,503,100309020,2026-08-30,100309,109,2026-08-30,20,281.2,SC,16,76,21371.2,1852.88,10034,2026-09-03,Y,2026-08-30,MOCKLOAD,2026-09-11 22:29:05
1003,503,100309021,2026-08-31,100309,111,2026-08-31,21,486.54,SC,25,48,23353.92,2024.78,10034,2026-09-03,Y,2026-08-31,MOCKLOAD,2026-09-11 22:29:05
1003,503,100309022,2026-09-01,100309,113,2026-09-01,22,242.6,SC,15,98,23774.8,2061.28,10034,2026-09-03,Y,2026-09-01,MOCKLOAD,2026-09-11 22:29:05
1003,503,100309023,2026-09-02,100309,115,2026-09-02,23,411.26,SC,22,79,32489.54,2816.84,10034,2026-09-03,Y,2026-09-02,MOCKLOAD,2026-09-11 22:29:05
1003,503,100309024,2026-09-03,100309,115,2026-09-03,24,109.11,SC,12,38,4146.18,359.47,10034,2026-09-03,Y,2026-09-03,MOCKLOAD,2026-09-11 22:29:05
1003,503,100309025,2026-09-04,100309,117,2026-09-04,25,310.62,SC,22,69,21432.78,1858.22,10035,2026-09-09,Y,2026-09-04,MOCKLOAD,2026-09-11 22:29:05
1003,503,100309026,2026-09-05,100309,105,2026-09-05,26,192.23,SC,18,89,17108.47,1483.3,10035,2026-09-09,Y,2026-09-05,MOCKLOAD,2026-09-11 22:29:05
1003,503,100309027,2026-09-06,100309,104,2026-09-06,27,407.46,SC,27,24,9779.04,847.84,10035,2026-09-09,Y,2026-09-06,MOCKLOAD,2026-09-11 22:29:05
1003,503,100309028,2026-09-07,100309,116,2026-09-07,28,24.8,SC,18,23,570.4,49.45,10035,2026-09-09,Y,2026-09-07,MOCKLOAD,2026-09-11 22:29:05
1003,503,100309029,2026-09-08,100309,109,2026-09-08,29,204.66,SC,23,26,5321.16,461.34,10035,2026-09-09,Y,2026-09-08,MOCKLOAD,2026-09-11 22:29:05
1003,503,100309030,2026-09-09,100309,106,2026-09-09,30,371.47,SC,23,61,22659.67,1964.59,10035,2026-09-09,Y,2026-09-09,MOCKLOAD,2026-09-11 22:29:05
1003,503,100310001,2026-08-11,100310,106,2026-08-11,1,466.64,SC,20,82,38264.48,3317.53,10031,2026-08-16,Y,2026-08-11,MOCKLOAD,2026-09-11 22:29:05
1003,503,100310002,2026-08-12,100310,101,2026-08-12,2,422.19,SC,27,27,11399.13,988.3,10031,2026-08-16,Y,2026-08-12,MOCKLOAD,2026-09-11 22:29:05
1003,503,100310003,2026-08-13,100310,113,2026-08-13,3,393.4,SC,27,21,8261.4,716.26,10031,2026-08-16,Y,2026-08-13,MOCKLOAD,2026-09-11 22:29:05
1003,503,100310004,2026-08-14,100310,113,2026-08-14,4,299.41,SC,17,90,26946.9,2336.3,10031,2026-08-16,Y,2026-08-14,MOCKLOAD,2026-09-11 22:29:05
1003,503,100310005,2026-08-15,100310,117,2026-08-15,5,282.29,SC,11,81,22865.49,1982.44,10031,2026-08-16,Y,2026-08-15,MOCKLOAD,2026-09-11 22:29:05
1003,503,100310006,2026-08-16,100310,112,2026-08-16,6,68.79,SC,25,36,2476.44,214.71,10031,2026-08-16,Y,2026-08-16,MOCKLOAD,2026-09-11 22:29:05
1003,503,100310007,2026-08-17,100310,109,2026-08-17,7,46.45,SC,24,74,3437.3,298.01,10032,2026-08-22,Y,2026-08-17,MOCKLOAD,2026-09-11 22:29:05
1003,503,100310008,2026-08-18,100310,111,2026-08-18,8,57.76,SC,28,4,231.04,20.03,10032,2026-08-22,Y,2026-08-18,MOCKLOAD,2026-09-11 22:29:05
1003,503,100310009,2026-08-19,100310,113,2026-08-19,9,175.09,SC,23,49,8579.41,743.83,10032,2026-08-22,Y,2026-08-19,MOCKLOAD,2026-09-11 22:29:05
1003,503,100310010,2026-08-20,100310,109,2026-08-20,10,325.79,SC,10,17,5538.43,480.18,10032,2026-08-22,Y,2026-08-20,MOCKLOAD,2026-09-11 22:29:05
1003,503,100310011,2026-08-21,100310,105,2026-08-21,11,451.63,SC,21,68,30710.84,2662.63,10032,2026-08-22,Y,2026-08-21,MOCKLOAD,2026-09-11 22:29:05
1003,503,100310012,2026-08-22,100310,101,2026-08-22,12,326.18,SC,26,18,5871.24,509.04,10032,2026-08-22,Y,2026-08-22,MOCKLOAD,2026-09-11 22:29:05
1003,503,100310013,2026-08-23,100310,103,2026-08-23,13,435.73,SC,13,68,29629.64,2568.89,10033,2026-08-28,Y,2026-08-23,MOCKLOAD,2026-09-11 22:29:05
1003,503,100310014,2026-08-24,100310,101,2026-08-24,14,184.44,SC,29,31,5717.64,495.72,10033,2026-08-28,Y,2026-08-24,MOCKLOAD,2026-09-11 22:29:05
1003,503,100310015,2026-08-25,100310,106,2026-08-25,15,189.64,SC,15,14,2654.96,230.19,10033,2026-08-28,Y,2026-08-25,MOCKLOAD,2026-09-11 22:29:05
1003,503,100310016,2026-08-26,100310,102,2026-08-26,16,436.22,SC,18,72,31407.84,2723.06,10033,2026-08-28,Y,2026-08-26,MOCKLOAD,2026-09-11 22:29:05
1003,503,100310017,2026-08-27,100310,110,2026-08-27,17,476.49,SC,28,75,35736.75,3098.38,10033,2026-08-28,Y,2026-08-27,MOCKLOAD,2026-09-11 22:29:05
1003,503,100310018,2026-08-28,100310,101,2026-08-28,18,205.79,SC,17,44,9054.76,785.05,10033,2026-08-28,Y,2026-08-28,MOCKLOAD,2026-09-11 22:29:05
1003,503,100310019,2026-08-29,100310,101,2026-08-29,19,162.79,SC,10,14,2279.06,197.59,10034,2026-09-03,Y,2026-08-29,MOCKLOAD,2026-09-11 22:29:05
1003,503,100310020,2026-08-30,100310,101,2026-08-30,20,257.09,SC,23,88,22623.92,1961.49,10034,2026-09-03,Y,2026-08-30,MOCKLOAD,2026-09-11 22:29:05
1003,503,100310021,2026-08-31,100310,118,2026-08-31,21,317.72,SC,15,9,2859.48,247.92,10034,2026-09-03,Y,2026-08-31,MOCKLOAD,2026-09-11 22:29:05
1003,503,100310022,2026-09-01,100310,113,2026-09-01,22,442.99,SC,22,77,34110.23,2957.36,10034,2026-09-03,Y,2026-09-01,MOCKLOAD,2026-09-11 22:29:05
1003,503,100310023,2026-09-02,100310,109,2026-09-02,23,447.22,SC,20,82,36672.04,3179.47,10034,2026-09-03,Y,2026-09-02,MOCKLOAD,2026-09-11 22:29:05
1003,503,100310024,2026-09-03,100310,108,2026-09-03,24,403.56,SC,28,10,4035.6,349.89,10034,2026-09-03,Y,2026-09-03,MOCKLOAD,2026-09-11 22:29:05
1003,503,100310025,2026-09-04,100310,119,2026-09-04,25,381.57,SC,21,89,33959.73,2944.31,10035,2026-09-09,Y,2026-09-04,MOCKLOAD,2026-09-11 22:29:05
1003,503,100310026,2026-09-05,100310,119,2026-09-05,26,264.13,SC,22,55,14527.15,1259.5,10035,2026-09-09,Y,2026-09-05,MOCKLOAD,2026-09-11 22:29:05
1003,503,100310027,2026-09-06,100310,116,2026-09-06,27,377.29,SC,23,66,24901.14,2158.93,10035,2026-09-09,Y,2026-09-06,MOCKLOAD,2026-09-11 22:29:05
1003,503,100310028,2026-09-07,100310,101,2026-09-07,28,472.37,SC,15,10,4723.7,409.54,10035,2026-09-09,Y,2026-09-07,MOCKLOAD,2026-09-11 22:29:05
1003,503,100310029,2026-09-08,100310,108,2026-09-08,29,121.71,SC,11,50,6085.5,527.61,10035,2026-09-09,Y,2026-09-08,MOCKLOAD,2026-09-11 22:29:05
1003,503,100310030,2026-09-09,100310,118,2026-09-09,30,482.41,SC,21,34,16401.94,1422.05,10035,2026-09-09,Y,2026-09-09,MOCKLOAD,2026-09-11 22:29:05
1004,504,100401001,2026-08-11,100401,102,2026-08-11,1,464.14,SC,20,53,24599.42,3335.68,10041,2026-08-16,Y,2026-08-11,MOCKLOAD,2026-09-11 22:29:05
1004,504,100401002,2026-08-12,100401,102,2026-08-12,2,129.09,SC,28,15,1936.35,262.57,10041,2026-08-16,Y,2026-08-12,MOCKLOAD,2026-09-11 22:29:05
1004,504,100401003,2026-08-13,100401,107,2026-08-13,3,240.31,SC,27,59,14178.29,1922.58,10041,2026-08-16,Y,2026-08-13,MOCKLOAD,2026-09-11 22:29:05
1004,504,100401004,2026-08-14,100401,105,2026-08-14,4,478.43,SC,22,35,16745.05,2270.63,10041,2026-08-16,Y,2026-08-14,MOCKLOAD,2026-09-11 22:29:05
1004,504,100401005,2026-08-15,100401,111,2026-08-15,5,48.39,SC,19,21,1016.19,137.8,10041,2026-08-16,Y,2026-08-15,MOCKLOAD,2026-09-11 22:29:05
1004,504,100401006,2026-08-16,100401,111,2026-08-16,6,133.01,SC,25,83,11039.83,1497,10041,2026-08-16,Y,2026-08-16,MOCKLOAD,2026-09-11 22:29:05
1004,504,100401007,2026-08-17,100401,105,2026-08-17,7,191.72,SC,20,97,18596.84,2521.73,10042,2026-08-22,Y,2026-08-17,MOCKLOAD,2026-09-11 22:29:05
1004,504,100401008,2026-08-18,100401,117,2026-08-18,8,224.13,SC,17,92,20619.96,2796.07,10042,2026-08-22,Y,2026-08-18,MOCKLOAD,2026-09-11 22:29:05
1004,504,100401009,2026-08-19,100401,120,2026-08-19,9,27.97,SC,12,57,1594.29,216.19,10042,2026-08-22,Y,2026-08-19,MOCKLOAD,2026-09-11 22:29:05
1004,504,100401010,2026-08-20,100401,105,2026-08-20,10,346.59,SC,26,96,33272.64,4511.77,10042,2026-08-22,Y,2026-08-20,MOCKLOAD,2026-09-11 22:29:05
1004,504,100401011,2026-08-21,100401,118,2026-08-21,11,55.11,SC,26,74,4078.14,553,10042,2026-08-22,Y,2026-08-21,MOCKLOAD,2026-09-11 22:29:05
1004,504,100401012,2026-08-22,100401,106,2026-08-22,12,228.87,SC,28,2,457.74,62.07,10042,2026-08-22,Y,2026-08-22,MOCKLOAD,2026-09-11 22:29:05
1004,504,100401013,2026-08-23,100401,102,2026-08-23,13,339.79,SC,26,36,12232.44,1658.72,10043,2026-08-28,Y,2026-08-23,MOCKLOAD,2026-09-11 22:29:05
1004,504,100401014,2026-08-24,100401,115,2026-08-24,14,207.27,SC,21,98,20312.46,2754.37,10043,2026-08-28,Y,2026-08-24,MOCKLOAD,2026-09-11 22:29:05
1004,504,100401015,2026-08-25,100401,108,2026-08-25,15,348.96,SC,12,28,9770.88,1324.93,10043,2026-08-28,Y,2026-08-25,MOCKLOAD,2026-09-11 22:29:05
1004,504,100401016,2026-08-26,100401,120,2026-08-26,16,472.03,SC,21,29,13688.87,1856.21,10043,2026-08-28,Y,2026-08-26,MOCKLOAD,2026-09-11 22:29:05
1004,504,100401017,2026-08-27,100401,104,2026-08-27,17,428.29,SC,24,19,8137.51,1103.45,10043,2026-08-28,Y,2026-08-27,MOCKLOAD,2026-09-11 22:29:05
1004,504,100401018,2026-08-28,100401,109,2026-08-28,18,309.19,SC,25,35,10821.65,1467.42,10043,2026-08-28,Y,2026-08-28,MOCKLOAD,2026-09-11 22:29:05
1004,504,100401019,2026-08-29,100401,101,2026-08-29,19,221.78,SC,10,5,1108.9,150.37,10044,2026-09-03,Y,2026-08-29,MOCKLOAD,2026-09-11 22:29:05
1004,504,100401020,2026-08-30,100401,117,2026-08-30,20,30.41,SC,13,50,1520.5,206.18,10044,2026-09-03,Y,2026-08-30,MOCKLOAD,2026-09-11 22:29:05
1004,504,100401021,2026-08-31,100401,116,2026-08-31,21,435.47,SC,14,6,2612.82,354.3,10044,2026-09-03,Y,2026-08-31,MOCKLOAD,2026-09-11 22:29:05
1004,504,100401022,2026-09-01,100401,116,2026-09-01,22,61.35,SC,22,64,3926.4,532.42,10044,2026-09-03,Y,2026-09-01,MOCKLOAD,2026-09-11 22:29:05
1004,504,100401023,2026-09-02,100401,111,2026-09-02,23,100.31,SC,13,100,10031,1360.2,10044,2026-09-03,Y,2026-09-02,MOCKLOAD,2026-09-11 22:29:05
1004,504,100401024,2026-09-03,100401,103,2026-09-03,24,221.85,SC,25,34,7542.9,1022.82,10044,2026-09-03,Y,2026-09-03,MOCKLOAD,2026-09-11 22:29:05
1004,504,100401025,2026-09-04,100401,108,2026-09-04,25,425.54,SC,19,18,7659.72,1038.66,10045,2026-09-09,Y,2026-09-04,MOCKLOAD,2026-09-11 22:29:05
1004,504,100401026,2026-09-05,100401,102,2026-09-05,26,109.38,SC,11,46,5031.48,682.27,10045,2026-09-09,Y,2026-09-05,MOCKLOAD,2026-09-11 22:29:05
1004,504,100401027,2026-09-06,100401,119,2026-09-06,27,41.03,SC,21,33,1353.99,183.6,10045,2026-09-09,Y,2026-09-06,MOCKLOAD,2026-09-11 22:29:05
1004,504,100401028,2026-09-07,100401,114,2026-09-07,28,159.09,SC,12,83,13204.47,1790.53,10045,2026-09-09,Y,2026-09-07,MOCKLOAD,2026-09-11 22:29:05
1004,504,100401029,2026-09-08,100401,106,2026-09-08,29,331.98,SC,20,73,24234.54,3286.2,10045,2026-09-09,Y,2026-09-08,MOCKLOAD,2026-09-11 22:29:05
1004,504,100401030,2026-09-09,100401,110,2026-09-09,30,232.7,SC,20,51,11867.7,1609.26,10045,2026-09-09,Y,2026-09-09,MOCKLOAD,2026-09-11 22:29:05
1004,504,100402001,2026-08-11,100402,113,2026-08-11,1,178.99,SC,18,65,11634.35,1577.62,10041,2026-08-16,Y,2026-08-11,MOCKLOAD,2026-09-11 22:29:05
1004,504,100402002,2026-08-12,100402,114,2026-08-12,2,314.06,SC,11,74,23240.44,3151.4,10041,2026-08-16,Y,2026-08-12,MOCKLOAD,2026-09-11 22:29:05
1004,504,100402003,2026-08-13,100402,119,2026-08-13,3,33.77,SC,11,6,202.62,27.48,10041,2026-08-16,Y,2026-08-13,MOCKLOAD,2026-09-11 22:29:05
1004,504,100402004,2026-08-14,100402,116,2026-08-14,4,380.76,SC,17,93,35410.68,4801.69,10041,2026-08-16,Y,2026-08-14,MOCKLOAD,2026-09-11 22:29:05
1004,504,100402005,2026-08-15,100402,106,2026-08-15,5,302.42,SC,15,7,2116.94,287.06,10041,2026-08-16,Y,2026-08-15,MOCKLOAD,2026-09-11 22:29:05
1004,504,100402006,2026-08-16,100402,107,2026-08-16,6,310.52,SC,27,42,13041.84,1768.47,10041,2026-08-16,Y,2026-08-16,MOCKLOAD,2026-09-11 22:29:05
1004,504,100402007,2026-08-17,100402,113,2026-08-17,7,296.98,SC,21,62,18412.76,2496.77,10042,2026-08-22,Y,2026-08-17,MOCKLOAD,2026-09-11 22:29:05
1004,504,100402008,2026-08-18,100402,108,2026-08-18,8,427.99,SC,18,40,17119.6,2321.42,10042,2026-08-22,Y,2026-08-18,MOCKLOAD,2026-09-11 22:29:05
1004,504,100402009,2026-08-19,100402,103,2026-08-19,9,323.93,SC,24,1,323.93,43.92,10042,2026-08-22,Y,2026-08-19,MOCKLOAD,2026-09-11 22:29:05
1004,504,100402010,2026-08-20,100402,102,2026-08-20,10,101.36,SC,16,64,6487.04,879.64,10042,2026-08-22,Y,2026-08-20,MOCKLOAD,2026-09-11 22:29:05
1004,504,100402011,2026-08-21,100402,105,2026-08-21,11,18.35,SC,29,35,642.25,87.09,10042,2026-08-22,Y,2026-08-21,MOCKLOAD,2026-09-11 22:29:05
1004,504,100402012,2026-08-22,100402,107,2026-08-22,12,23.8,SC,25,5,119,16.14,10042,2026-08-22,Y,2026-08-22,MOCKLOAD,2026-09-11 22:29:05
1004,504,100402013,2026-08-23,100402,113,2026-08-23,13,263.99,SC,14,39,10295.61,1396.08,10043,2026-08-28,Y,2026-08-23,MOCKLOAD,2026-09-11 22:29:05
1004,504,100402014,2026-08-24,100402,116,2026-08-24,14,300.54,SC,23,80,24043.2,3260.26,10043,2026-08-28,Y,2026-08-24,MOCKLOAD,2026-09-11 22:29:05
1004,504,100402015,2026-08-25,100402,105,2026-08-25,15,413.06,SC,29,94,38827.64,5265.03,10043,2026-08-28,Y,2026-08-25,MOCKLOAD,2026-09-11 22:29:05
1004,504,100402016,2026-08-26,100402,108,2026-08-26,16,408.42,SC,13,12,4901.04,664.58,10043,2026-08-28,Y,2026-08-26,MOCKLOAD,2026-09-11 22:29:05
1004,504,100402017,2026-08-27,100402,120,2026-08-27,17,440.58,SC,25,11,4846.38,657.17,10043,2026-08-28,Y,2026-08-27,MOCKLOAD,2026-09-11 22:29:05
1004,504,100402018,2026-08-28,100402,104,2026-08-28,18,348.75,SC,14,5,1743.75,236.45,10043,2026-08-28,Y,2026-08-28,MOCKLOAD,2026-09-11 22:29:05
1004,504,100402019,2026-08-29,100402,116,2026-08-29,19,297.24,SC,29,48,14267.52,1934.68,10044,2026-09-03,Y,2026-08-29,MOCKLOAD,2026-09-11 22:29:05
1004,504,100402020,2026-08-30,100402,113,2026-08-30,20,129.42,SC,16,72,9318.24,1263.55,10044,2026-09-03,Y,2026-08-30,MOCKLOAD,2026-09-11 22:29:05
1004,504,100402021,2026-08-31,100402,105,2026-08-31,21,154.13,SC,26,34,5240.42,710.6,10044,2026-09-03,Y,2026-08-31,MOCKLOAD,2026-09-11 22:29:05
1004,504,100402022,2026-09-01,100402,112,2026-09-01,22,79.4,SC,12,88,6987.2,947.46,10044,2026-09-03,Y,2026-09-01,MOCKLOAD,2026-09-11 22:29:05
1004,504,100402023,2026-09-02,100402,116,2026-09-02,23,382.31,SC,10,86,32878.66,4458.35,10044,2026-09-03,Y,2026-09-02,MOCKLOAD,2026-09-11 22:29:05
1004,504,100402024,2026-09-03,100402,117,2026-09-03,24,398.37,SC,19,97,38641.89,5239.84,10044,2026-09-03,Y,2026-09-03,MOCKLOAD,2026-09-11 22:29:05
1004,504,100402025,2026-09-04,100402,104,2026-09-04,25,99.9,SC,28,91,9090.9,1232.73,10045,2026-09-09,Y,2026-09-04,MOCKLOAD,2026-09-11 22:29:05
1004,504,100402026,2026-09-05,100402,110,2026-09-05,26,229.94,SC,27,91,20924.54,2837.37,10045,2026-09-09,Y,2026-09-05,MOCKLOAD,2026-09-11 22:29:05
1004,504,100402027,2026-09-06,100402,109,2026-09-06,27,315.01,SC,22,52,16380.52,2221.2,10045,2026-09-09,Y,2026-09-06,MOCKLOAD,2026-09-11 22:29:05
1004,504,100402028,2026-09-07,100402,103,2026-09-07,28,28.72,SC,13,41,1177.52,159.67,10045,2026-09-09,Y,2026-09-07,MOCKLOAD,2026-09-11 22:29:05
1004,504,100402029,2026-09-08,100402,113,2026-09-08,29,323.28,SC,27,77,24892.56,3375.43,10045,2026-09-09,Y,2026-09-08,MOCKLOAD,2026-09-11 22:29:05
1004,504,100402030,2026-09-09,100402,112,2026-09-09,30,403.33,SC,23,47,18956.51,2570.5,10045,2026-09-09,Y,2026-09-09,MOCKLOAD,2026-09-11 22:29:05
1004,504,100403001,2026-08-11,100403,113,2026-08-11,1,128.6,SC,16,90,11574,1569.43,10041,2026-08-16,Y,2026-08-11,MOCKLOAD,2026-09-11 22:29:05
1004,504,100403002,2026-08-12,100403,115,2026-08-12,2,359.37,SC,11,86,30905.82,4190.83,10041,2026-08-16,Y,2026-08-12,MOCKLOAD,2026-09-11 22:29:05
1004,504,100403003,2026-08-13,100403,119,2026-08-13,3,21.49,SC,19,68,1461.32,198.15,10041,2026-08-16,Y,2026-08-13,MOCKLOAD,2026-09-11 22:29:05
1004,504,100403004,2026-08-14,100403,107,2026-08-14,4,359.22,SC,28,24,8621.28,1169.05,10041,2026-08-16,Y,2026-08-14,MOCKLOAD,2026-09-11 22:29:05
1004,504,100403005,2026-08-15,100403,109,2026-08-15,5,136.19,SC,27,99,13482.81,1828.27,10041,2026-08-16,Y,2026-08-15,MOCKLOAD,2026-09-11 22:29:05
1004,504,100403006,2026-08-16,100403,118,2026-08-16,6,136.66,SC,26,68,9292.88,1260.11,10041,2026-08-16,Y,2026-08-16,MOCKLOAD,2026-09-11 22:29:05
1004,504,100403007,2026-08-17,100403,115,2026-08-17,7,297.91,SC,22,49,14597.59,1979.43,10042,2026-08-22,Y,2026-08-17,MOCKLOAD,2026-09-11 22:29:05
1004,504,100403008,2026-08-18,100403,119,2026-08-18,8,197.17,SC,25,37,7295.29,989.24,10042,2026-08-22,Y,2026-08-18,MOCKLOAD,2026-09-11 22:29:05
1004,504,100403009,2026-08-19,100403,101,2026-08-19,9,99.66,SC,15,33,3288.78,445.96,10042,2026-08-22,Y,2026-08-19,MOCKLOAD,2026-09-11 22:29:05
1004,504,100403010,2026-08-20,100403,115,2026-08-20,10,52.93,SC,29,98,5187.14,703.38,10042,2026-08-22,Y,2026-08-20,MOCKLOAD,2026-09-11 22:29:05
1004,504,100403011,2026-08-21,100403,120,2026-08-21,11,361.62,SC,10,36,13018.32,1765.28,10042,2026-08-22,Y,2026-08-21,MOCKLOAD,2026-09-11 22:29:05
1004,504,100403012,2026-08-22,100403,120,2026-08-22,12,144.37,SC,11,70,10105.9,1370.36,10042,2026-08-22,Y,2026-08-22,MOCKLOAD,2026-09-11 22:29:05
1004,504,100403013,2026-08-23,100403,102,2026-08-23,13,103.12,SC,28,98,10105.76,1370.34,10043,2026-08-28,Y,2026-08-23,MOCKLOAD,2026-09-11 22:29:05
1004,504,100403014,2026-08-24,100403,112,2026-08-24,14,387.37,SC,22,81,31376.97,4254.72,10043,2026-08-28,Y,2026-08-24,MOCKLOAD,2026-09-11 22:29:05
1004,504,100403015,2026-08-25,100403,107,2026-08-25,15,16.78,SC,20,55,922.9,125.15,10043,2026-08-28,Y,2026-08-25,MOCKLOAD,2026-09-11 22:29:05
1004,504,100403016,2026-08-26,100403,120,2026-08-26,16,383.1,SC,28,46,17622.6,2389.62,10043,2026-08-28,Y,2026-08-26,MOCKLOAD,2026-09-11 22:29:05
1004,504,100403017,2026-08-27,100403,109,2026-08-27,17,247.06,SC,12,60,14823.6,2010.08,10043,2026-08-28,Y,2026-08-27,MOCKLOAD,2026-09-11 22:29:05
1004,504,100403018,2026-08-28,100403,109,2026-08-28,18,228.58,SC,11,67,15314.86,2076.7,10043,2026-08-28,Y,2026-08-28,MOCKLOAD,2026-09-11 22:29:05
1004,504,100403019,2026-08-29,100403,118,2026-08-29,19,329.57,SC,20,46,15160.22,2055.73,10044,2026-09-03,Y,2026-08-29,MOCKLOAD,2026-09-11 22:29:05
1004,504,100403020,2026-08-30,100403,107,2026-08-30,20,12.22,SC,15,27,329.94,44.74,10044,2026-09-03,Y,2026-08-30,MOCKLOAD,2026-09-11 22:29:05
1004,504,100403021,2026-08-31,100403,110,2026-08-31,21,134.56,SC,18,80,10764.8,1459.71,10044,2026-09-03,Y,2026-08-31,MOCKLOAD,2026-09-11 22:29:05
1004,504,100403022,2026-09-01,100403,118,2026-09-01,22,497,SC,16,25,12425,1684.83,10044,2026-09-03,Y,2026-09-01,MOCKLOAD,2026-09-11 22:29:05
1004,504,100403023,2026-09-02,100403,117,2026-09-02,23,128.01,SC,16,77,9856.77,1336.58,10044,2026-09-03,Y,2026-09-02,MOCKLOAD,2026-09-11 22:29:05
1004,504,100403024,2026-09-03,100403,120,2026-09-03,24,377.04,SC,13,22,8294.88,1124.79,10044,2026-09-03,Y,2026-09-03,MOCKLOAD,2026-09-11 22:29:05
1004,504,100403025,2026-09-04,100403,102,2026-09-04,25,19.33,SC,26,96,1855.68,251.63,10045,2026-09-09,Y,2026-09-04,MOCKLOAD,2026-09-11 22:29:05
1004,504,100403026,2026-09-05,100403,115,2026-09-05,26,85.56,SC,22,74,6331.44,858.54,10045,2026-09-09,Y,2026-09-05,MOCKLOAD,2026-09-11 22:29:05
1004,504,100403027,2026-09-06,100403,104,2026-09-06,27,45.73,SC,16,45,2057.85,279.04,10045,2026-09-09,Y,2026-09-06,MOCKLOAD,2026-09-11 22:29:05
1004,504,100403028,2026-09-07,100403,120,2026-09-07,28,305.39,SC,15,33,10077.87,1366.56,10045,2026-09-09,Y,2026-09-07,MOCKLOAD,2026-09-11 22:29:05
1004,504,100403029,2026-09-08,100403,119,2026-09-08,29,78.56,SC,11,88,6913.28,937.44,10045,2026-09-09,Y,2026-09-08,MOCKLOAD,2026-09-11 22:29:05
1004,504,100403030,2026-09-09,100403,117,2026-09-09,30,162.89,SC,29,65,10587.85,1435.71,10045,2026-09-09,Y,2026-09-09,MOCKLOAD,2026-09-11 22:29:05
1004,504,100404001,2026-08-11,100404,112,2026-08-11,1,444.7,SC,17,58,25792.6,3497.48,10041,2026-08-16,Y,2026-08-11,MOCKLOAD,2026-09-11 22:29:05
1004,504,100404002,2026-08-12,100404,117,2026-08-12,2,406.01,SC,21,85,34510.85,4679.67,10041,2026-08-16,Y,2026-08-12,MOCKLOAD,2026-09-11 22:29:05
1004,504,100404003,2026-08-13,100404,120,2026-08-13,3,297.87,SC,25,14,4170.18,565.48,10041,2026-08-16,Y,2026-08-13,MOCKLOAD,2026-09-11 22:29:05
1004,504,100404004,2026-08-14,100404,118,2026-08-14,4,27.07,SC,19,64,1732.48,234.92,10041,2026-08-16,Y,2026-08-14,MOCKLOAD,2026-09-11 22:29:05
1004,504,100404005,2026-08-15,100404,118,2026-08-15,5,290.22,SC,29,41,11899.02,1613.51,10041,2026-08-16,Y,2026-08-15,MOCKLOAD,2026-09-11 22:29:05
1004,504,100404006,2026-08-16,100404,104,2026-08-16,6,493.14,SC,16,27,13314.78,1805.48,10041,2026-08-16,Y,2026-08-16,MOCKLOAD,2026-09-11 22:29:05
1004,504,100404007,2026-08-17,100404,107,2026-08-17,7,157.85,SC,10,44,6945.4,941.8,10042,2026-08-22,Y,2026-08-17,MOCKLOAD,2026-09-11 22:29:05
1004,504,100404008,2026-08-18,100404,113,2026-08-18,8,356.5,SC,26,45,16042.5,2175.36,10042,2026-08-22,Y,2026-08-18,MOCKLOAD,2026-09-11 22:29:05
1004,504,100404009,2026-08-19,100404,120,2026-08-19,9,134.01,SC,25,86,11524.86,1562.77,10042,2026-08-22,Y,2026-08-19,MOCKLOAD,2026-09-11 22:29:05
1004,504,100404010,2026-08-20,100404,117,2026-08-20,10,394.26,SC,15,85,33512.1,4544.24,10042,2026-08-22,Y,2026-08-20,MOCKLOAD,2026-09-11 22:29:05
1004,504,100404011,2026-08-21,100404,111,2026-08-21,11,48.49,SC,29,39,1891.11,256.43,10042,2026-08-22,Y,2026-08-21,MOCKLOAD,2026-09-11 22:29:05
1004,504,100404012,2026-08-22,100404,109,2026-08-22,12,175.14,SC,28,6,1050.84,142.49,10042,2026-08-22,Y,2026-08-22,MOCKLOAD,2026-09-11 22:29:05
1004,504,100404013,2026-08-23,100404,119,2026-08-23,13,204.23,SC,14,63,12866.49,1744.7,10043,2026-08-28,Y,2026-08-23,MOCKLOAD,2026-09-11 22:29:05
1004,504,100404014,2026-08-24,100404,111,2026-08-24,14,151.54,SC,29,78,11820.12,1602.81,10043,2026-08-28,Y,2026-08-24,MOCKLOAD,2026-09-11 22:29:05
1004,504,100404015,2026-08-25,100404,111,2026-08-25,15,408.41,SC,13,10,4084.1,553.8,10043,2026-08-28,Y,2026-08-25,MOCKLOAD,2026-09-11 22:29:05
1004,504,100404016,2026-08-26,100404,114,2026-08-26,16,133.57,SC,18,91,12154.87,1648.2,10043,2026-08-28,Y,2026-08-26,MOCKLOAD,2026-09-11 22:29:05
1004,504,100404017,2026-08-27,100404,103,2026-08-27,17,18.14,SC,15,96,1741.44,236.14,10043,2026-08-28,Y,2026-08-27,MOCKLOAD,2026-09-11 22:29:05
1004,504,100404018,2026-08-28,100404,114,2026-08-28,18,127.53,SC,17,4,510.12,69.17,10043,2026-08-28,Y,2026-08-28,MOCKLOAD,2026-09-11 22:29:05
1004,504,100404019,2026-08-29,100404,111,2026-08-29,19,170.08,SC,26,60,10204.8,1383.77,10044,2026-09-03,Y,2026-08-29,MOCKLOAD,2026-09-11 22:29:05
1004,504,100404020,2026-08-30,100404,119,2026-08-30,20,161.2,SC,26,98,15797.6,2142.15,10044,2026-09-03,Y,2026-08-30,MOCKLOAD,2026-09-11 22:29:05
1004,504,100404021,2026-08-31,100404,119,2026-08-31,21,68.68,SC,18,71,4876.28,661.22,10044,2026-09-03,Y,2026-08-31,MOCKLOAD,2026-09-11 22:29:05
1004,504,100404022,2026-09-01,100404,101,2026-09-01,22,118.58,SC,28,75,8893.5,1205.96,10044,2026-09-03,Y,2026-09-01,MOCKLOAD,2026-09-11 22:29:05
1004,504,100404023,2026-09-02,100404,107,2026-09-02,23,169.26,SC,22,87,14725.62,1996.79,10044,2026-09-03,Y,2026-09-02,MOCKLOAD,2026-09-11 22:29:05
1004,504,100404024,2026-09-03,100404,111,2026-09-03,24,216.85,SC,25,14,3035.9,411.67,10044,2026-09-03,Y,2026-09-03,MOCKLOAD,2026-09-11 22:29:05
1004,504,100404025,2026-09-04,100404,110,2026-09-04,25,434.17,SC,19,23,9985.91,1354.09,10045,2026-09-09,Y,2026-09-04,MOCKLOAD,2026-09-11 22:29:05
1004,504,100404026,2026-09-05,100404,108,2026-09-05,26,211.33,SC,15,60,12679.8,1719.38,10045,2026-09-09,Y,2026-09-05,MOCKLOAD,2026-09-11 22:29:05
1004,504,100404027,2026-09-06,100404,109,2026-09-06,27,127.05,SC,19,49,6225.45,844.17,10045,2026-09-09,Y,2026-09-06,MOCKLOAD,2026-09-11 22:29:05
1004,504,100404028,2026-09-07,100404,108,2026-09-07,28,316.9,SC,16,82,25985.8,3523.67,10045,2026-09-09,Y,2026-09-07,MOCKLOAD,2026-09-11 22:29:05
1004,504,100404029,2026-09-08,100404,119,2026-09-08,29,304.11,SC,20,37,11252.07,1525.78,10045,2026-09-09,Y,2026-09-08,MOCKLOAD,2026-09-11 22:29:05
1004,504,100404030,2026-09-09,100404,115,2026-09-09,30,104.28,SC,24,9,938.52,127.26,10045,2026-09-09,Y,2026-09-09,MOCKLOAD,2026-09-11 22:29:05
1004,504,100405001,2026-08-11,100405,118,2026-08-11,1,18.39,SC,12,65,1195.35,162.09,10041,2026-08-16,Y,2026-08-11,MOCKLOAD,2026-09-11 22:29:05
1004,504,100405002,2026-08-12,100405,116,2026-08-12,2,375.38,SC,17,33,12387.54,1679.75,10041,2026-08-16,Y,2026-08-12,MOCKLOAD,2026-09-11 22:29:05
1004,504,100405003,2026-08-13,100405,107,2026-08-13,3,350.55,SC,22,11,3856.05,522.88,10041,2026-08-16,Y,2026-08-13,MOCKLOAD,2026-09-11 22:29:05
1004,504,100405004,2026-08-14,100405,108,2026-08-14,4,179.8,SC,28,98,17620.4,2389.33,10041,2026-08-16,Y,2026-08-14,MOCKLOAD,2026-09-11 22:29:05
1004,504,100405005,2026-08-15,100405,111,2026-08-15,5,61.42,SC,23,86,5282.12,716.26,10041,2026-08-16,Y,2026-08-15,MOCKLOAD,2026-09-11 22:29:05
1004,504,100405006,2026-08-16,100405,103,2026-08-16,6,336.96,SC,25,54,18195.84,2467.36,10041,2026-08-16,Y,2026-08-16,MOCKLOAD,2026-09-11 22:29:05
1004,504,100405007,2026-08-17,100405,119,2026-08-17,7,29.68,SC,16,72,2136.96,289.77,10042,2026-08-22,Y,2026-08-17,MOCKLOAD,2026-09-11 22:29:05
1004,504,100405008,2026-08-18,100405,118,2026-08-18,8,318.79,SC,10,14,4463.06,605.19,10042,2026-08-22,Y,2026-08-18,MOCKLOAD,2026-09-11 22:29:05
1004,504,100405009,2026-08-19,100405,110,2026-08-19,9,285.61,SC,26,22,6283.42,852.03,10042,2026-08-22,Y,2026-08-19,MOCKLOAD,2026-09-11 22:29:05
1004,504,100405010,2026-08-20,100405,104,2026-08-20,10,237.95,SC,28,53,12611.35,1710.1,10042,2026-08-22,Y,2026-08-20,MOCKLOAD,2026-09-11 22:29:05
1004,504,100405011,2026-08-21,100405,115,2026-08-21,11,72.9,SC,26,55,4009.5,543.69,10042,2026-08-22,Y,2026-08-21,MOCKLOAD,2026-09-11 22:29:05
1004,504,100405012,2026-08-22,100405,102,2026-08-22,12,251.84,SC,10,17,4281.28,580.54,10042,2026-08-22,Y,2026-08-22,MOCKLOAD,2026-09-11 22:29:05
1004,504,100405013,2026-08-23,100405,108,2026-08-23,13,382.74,SC,14,26,9951.24,1349.39,10043,2026-08-28,Y,2026-08-23,MOCKLOAD,2026-09-11 22:29:05
1004,504,100405014,2026-08-24,100405,106,2026-08-24,14,284.23,SC,25,20,5684.6,770.83,10043,2026-08-28,Y,2026-08-24,MOCKLOAD,2026-09-11 22:29:05
1004,504,100405015,2026-08-25,100405,108,2026-08-25,15,281.48,SC,22,83,23362.84,3168,10043,2026-08-28,Y,2026-08-25,MOCKLOAD,2026-09-11 22:29:05
1004,504,100405016,2026-08-26,100405,115,2026-08-26,16,414.21,SC,12,11,4556.31,617.84,10043,2026-08-28,Y,2026-08-26,MOCKLOAD,2026-09-11 22:29:05
1004,504,100405017,2026-08-27,100405,104,2026-08-27,17,12.59,SC,19,83,1044.97,141.7,10043,2026-08-28,Y,2026-08-27,MOCKLOAD,2026-09-11 22:29:05
1004,504,100405018,2026-08-28,100405,110,2026-08-28,18,494.58,SC,22,36,17804.88,2414.34,10043,2026-08-28,Y,2026-08-28,MOCKLOAD,2026-09-11 22:29:05
1004,504,100405019,2026-08-29,100405,103,2026-08-29,19,444.59,SC,12,41,18228.19,2471.74,10044,2026-09-03,Y,2026-08-29,MOCKLOAD,2026-09-11 22:29:05
1004,504,100405020,2026-08-30,100405,107,2026-08-30,20,261.3,SC,29,48,12542.4,1700.75,10044,2026-09-03,Y,2026-08-30,MOCKLOAD,2026-09-11 22:29:05
1004,504,100405021,2026-08-31,100405,103,2026-08-31,21,350.26,SC,20,34,11908.84,1614.84,10044,2026-09-03,Y,2026-08-31,MOCKLOAD,2026-09-11 22:29:05
1004,504,100405022,2026-09-01,100405,119,2026-09-01,22,154.48,SC,16,46,7106.08,963.58,10044,2026-09-03,Y,2026-09-01,MOCKLOAD,2026-09-11 22:29:05
1004,504,100405023,2026-09-02,100405,110,2026-09-02,23,266.57,SC,25,72,19193.04,2602.58,10044,2026-09-03,Y,2026-09-02,MOCKLOAD,2026-09-11 22:29:05
1004,504,100405024,2026-09-03,100405,111,2026-09-03,24,450.12,SC,26,55,24756.6,3356.99,10044,2026-09-03,Y,2026-09-03,MOCKLOAD,2026-09-11 22:29:05
1004,504,100405025,2026-09-04,100405,101,2026-09-04,25,134.46,SC,10,12,1613.52,218.79,10045,2026-09-09,Y,2026-09-04,MOCKLOAD,2026-09-11 22:29:05
1004,504,100405026,2026-09-05,100405,111,2026-09-05,26,151.06,SC,26,11,1661.66,225.32,10045,2026-09-09,Y,2026-09-05,MOCKLOAD,2026-09-11 22:29:05
1004,504,100405027,2026-09-06,100405,105,2026-09-06,27,192.48,SC,28,37,7121.76,965.71,10045,2026-09-09,Y,2026-09-06,MOCKLOAD,2026-09-11 22:29:05
1004,504,100405028,2026-09-07,100405,115,2026-09-07,28,157.76,SC,29,57,8992.32,1219.36,10045,2026-09-09,Y,2026-09-07,MOCKLOAD,2026-09-11 22:29:05
1004,504,100405029,2026-09-08,100405,113,2026-09-08,29,118.13,SC,14,62,7324.06,993.14,10045,2026-09-09,Y,2026-09-08,MOCKLOAD,2026-09-11 22:29:05
1004,504,100405030,2026-09-09,100405,116,2026-09-09,30,14.36,SC,12,59,847.24,114.89,10045,2026-09-09,Y,2026-09-09,MOCKLOAD,2026-09-11 22:29:05
1004,504,100406001,2026-08-11,100406,108,2026-08-11,1,110.2,SC,16,23,2534.6,343.69,10041,2026-08-16,Y,2026-08-11,MOCKLOAD,2026-09-11 22:29:05
1004,504,100406002,2026-08-12,100406,113,2026-08-12,2,159.76,SC,24,8,1278.08,173.31,10041,2026-08-16,Y,2026-08-12,MOCKLOAD,2026-09-11 22:29:05
1004,504,100406003,2026-08-13,100406,101,2026-08-13,3,98.78,SC,18,65,6420.7,870.65,10041,2026-08-16,Y,2026-08-13,MOCKLOAD,2026-09-11 22:29:05
1004,504,100406004,2026-08-14,100406,109,2026-08-14,4,331.94,SC,13,66,21908.04,2970.73,10041,2026-08-16,Y,2026-08-14,MOCKLOAD,2026-09-11 22:29:05
1004,504,100406005,2026-08-15,100406,113,2026-08-15,5,44.39,SC,21,42,1864.38,252.81,10041,2026-08-16,Y,2026-08-15,MOCKLOAD,2026-09-11 22:29:05
1004,504,100406006,2026-08-16,100406,114,2026-08-16,6,339.61,SC,14,5,1698.05,230.26,10041,2026-08-16,Y,2026-08-16,MOCKLOAD,2026-09-11 22:29:05
1004,504,100406007,2026-08-17,100406,101,2026-08-17,7,349.87,SC,10,19,6647.53,901.41,10042,2026-08-22,Y,2026-08-17,MOCKLOAD,2026-09-11 22:29:05
1004,504,100406008,2026-08-18,100406,102,2026-08-18,8,299.83,SC,18,4,1199.32,162.63,10042,2026-08-22,Y,2026-08-18,MOCKLOAD,2026-09-11 22:29:05
1004,504,100406009,2026-08-19,100406,112,2026-08-19,9,184.54,SC,10,20,3690.8,500.47,10042,2026-08-22,Y,2026-08-19,MOCKLOAD,2026-09-11 22:29:05
1004,504,100406010,2026-08-20,100406,115,2026-08-20,10,442.92,SC,24,72,31890.24,4324.32,10042,2026-08-22,Y,2026-08-20,MOCKLOAD,2026-09-11 22:29:05
1004,504,100406011,2026-08-21,100406,114,2026-08-21,11,127.6,SC,24,45,5742,778.62,10042,2026-08-22,Y,2026-08-21,MOCKLOAD,2026-09-11 22:29:05
1004,504,100406012,2026-08-22,100406,109,2026-08-22,12,136.67,SC,28,14,1913.38,259.45,10042,2026-08-22,Y,2026-08-22,MOCKLOAD,2026-09-11 22:29:05
1004,504,100406013,2026-08-23,100406,118,2026-08-23,13,239.93,SC,11,85,20394.05,2765.43,10043,2026-08-28,Y,2026-08-23,MOCKLOAD,2026-09-11 22:29:05
1004,504,100406014,2026-08-24,100406,110,2026-08-24,14,461.97,SC,10,48,22174.56,3006.87,10043,2026-08-28,Y,2026-08-24,MOCKLOAD,2026-09-11 22:29:05
1004,504,100406015,2026-08-25,100406,112,2026-08-25,15,233.9,SC,13,77,18010.3,2442.2,10043,2026-08-28,Y,2026-08-25,MOCKLOAD,2026-09-11 22:29:05
1004,504,100406016,2026-08-26,100406,111,2026-08-26,16,372.88,SC,13,9,3355.92,455.06,10043,2026-08-28,Y,2026-08-26,MOCKLOAD,2026-09-11 22:29:05
1004,504,100406017,2026-08-27,100406,112,2026-08-27,17,371.82,SC,16,74,27514.68,3730.99,10043,2026-08-28,Y,2026-08-27,MOCKLOAD,2026-09-11 22:29:05
1004,504,100406018,2026-08-28,100406,101,2026-08-28,18,172.89,SC,20,89,15387.21,2086.51,10043,2026-08-28,Y,2026-08-28,MOCKLOAD,2026-09-11 22:29:05
1004,504,100406019,2026-08-29,100406,103,2026-08-29,19,76.25,SC,22,63,4803.75,651.39,10044,2026-09-03,Y,2026-08-29,MOCKLOAD,2026-09-11 22:29:05
1004,504,100406020,2026-08-30,100406,107,2026-08-30,20,325.03,SC,11,62,20151.86,2732.59,10044,2026-09-03,Y,2026-08-30,MOCKLOAD,2026-09-11 22:29:05
1004,504,100406021,2026-08-31,100406,118,2026-08-31,21,190.29,SC,26,32,6089.28,825.71,10044,2026-09-03,Y,2026-08-31,MOCKLOAD,2026-09-11 22:29:05
1004,504,100406022,2026-09-01,100406,112,2026-09-01,22,28.25,SC,15,68,1921,260.49,10044,2026-09-03,Y,2026-09-01,MOCKLOAD,2026-09-11 22:29:05
1004,504,100406023,2026-09-02,100406,108,2026-09-02,23,111.8,SC,13,41,4583.8,621.56,10044,2026-09-03,Y,2026-09-02,MOCKLOAD,2026-09-11 22:29:05
1004,504,100406024,2026-09-03,100406,110,2026-09-03,24,112.92,SC,28,53,5984.76,811.53,10044,2026-09-03,Y,2026-09-03,MOCKLOAD,2026-09-11 22:29:05
1004,504,100406025,2026-09-04,100406,117,2026-09-04,25,265.71,SC,27,4,1062.84,144.12,10045,2026-09-09,Y,2026-09-04,MOCKLOAD,2026-09-11 22:29:05
1004,504,100406026,2026-09-05,100406,101,2026-09-05,26,451.2,SC,10,95,42864,5812.36,10045,2026-09-09,Y,2026-09-05,MOCKLOAD,2026-09-11 22:29:05
1004,504,100406027,2026-09-06,100406,110,2026-09-06,27,333.36,SC,25,16,5333.76,723.26,10045,2026-09-09,Y,2026-09-06,MOCKLOAD,2026-09-11 22:29:05
1004,504,100406028,2026-09-07,100406,120,2026-09-07,28,362.46,SC,21,20,7249.2,982.99,10045,2026-09-09,Y,2026-09-07,MOCKLOAD,2026-09-11 22:29:05
1004,504,100406029,2026-09-08,100406,106,2026-09-08,29,240.72,SC,23,62,14924.64,2023.78,10045,2026-09-09,Y,2026-09-08,MOCKLOAD,2026-09-11 22:29:05
1004,504,100406030,2026-09-09,100406,117,2026-09-09,30,321.32,SC,12,44,14138.08,1917.12,10045,2026-09-09,Y,2026-09-09,MOCKLOAD,2026-09-11 22:29:05
1004,504,100407001,2026-08-11,100407,103,2026-08-11,1,130.15,SC,17,22,2863.3,388.26,10041,2026-08-16,Y,2026-08-11,MOCKLOAD,2026-09-11 22:29:05
1004,504,100407002,2026-08-12,100407,102,2026-08-12,2,222.92,SC,23,3,668.76,90.68,10041,2026-08-16,Y,2026-08-12,MOCKLOAD,2026-09-11 22:29:05
1004,504,100407003,2026-08-13,100407,111,2026-08-13,3,278.45,SC,15,50,13922.5,1887.89,10041,2026-08-16,Y,2026-08-13,MOCKLOAD,2026-09-11 22:29:05
1004,504,100407004,2026-08-14,100407,112,2026-08-14,4,431.01,SC,10,37,15947.37,2162.46,10041,2026-08-16,Y,2026-08-14,MOCKLOAD,2026-09-11 22:29:05
1004,504,100407005,2026-08-15,100407,120,2026-08-15,5,245.87,SC,10,50,12293.5,1667,10041,2026-08-16,Y,2026-08-15,MOCKLOAD,2026-09-11 22:29:05
1004,504,100407006,2026-08-16,100407,115,2026-08-16,6,367.65,SC,11,12,4411.8,598.24,10041,2026-08-16,Y,2026-08-16,MOCKLOAD,2026-09-11 22:29:05
1004,504,100407007,2026-08-17,100407,119,2026-08-17,7,191.4,SC,10,99,18948.6,2569.43,10042,2026-08-22,Y,2026-08-17,MOCKLOAD,2026-09-11 22:29:05
1004,504,100407008,2026-08-18,100407,120,2026-08-18,8,376.16,SC,21,68,25578.88,3468.5,10042,2026-08-22,Y,2026-08-18,MOCKLOAD,2026-09-11 22:29:05
1004,504,100407009,2026-08-19,100407,111,2026-08-19,9,461.75,SC,17,93,42942.75,5823.04,10042,2026-08-22,Y,2026-08-19,MOCKLOAD,2026-09-11 22:29:05
1004,504,100407010,2026-08-20,100407,109,2026-08-20,10,275.78,SC,10,75,20683.5,2804.68,10042,2026-08-22,Y,2026-08-20,MOCKLOAD,2026-09-11 22:29:05
1004,504,100407011,2026-08-21,100407,120,2026-08-21,11,474.9,SC,29,68,32293.2,4378.96,10042,2026-08-22,Y,2026-08-21,MOCKLOAD,2026-09-11 22:29:05
1004,504,100407012,2026-08-22,100407,107,2026-08-22,12,355.96,SC,24,58,20645.68,2799.55,10042,2026-08-22,Y,2026-08-22,MOCKLOAD,2026-09-11 22:29:05
1004,504,100407013,2026-08-23,100407,105,2026-08-23,13,471.67,SC,27,54,25470.18,3453.76,10043,2026-08-28,Y,2026-08-23,MOCKLOAD,2026-09-11 22:29:05
1004,504,100407014,2026-08-24,100407,109,2026-08-24,14,392.91,SC,22,82,32218.62,4368.84,10043,2026-08-28,Y,2026-08-24,MOCKLOAD,2026-09-11 22:29:05
1004,504,100407015,2026-08-25,100407,113,2026-08-25,15,62.3,SC,14,84,5233.2,709.62,10043,2026-08-28,Y,2026-08-25,MOCKLOAD,2026-09-11 22:29:05
1004,504,100407016,2026-08-26,100407,114,2026-08-26,16,266.55,SC,23,94,25055.7,3397.55,10043,2026-08-28,Y,2026-08-26,MOCKLOAD,2026-09-11 22:29:05
1004,504,100407017,2026-08-27,100407,104,2026-08-27,17,472.47,SC,10,12,5669.64,768.8,10043,2026-08-28,Y,2026-08-27,MOCKLOAD,2026-09-11 22:29:05
1004,504,100407018,2026-08-28,100407,118,2026-08-28,18,43.13,SC,10,23,991.99,134.51,10043,2026-08-28,Y,2026-08-28,MOCKLOAD,2026-09-11 22:29:05
1004,504,100407019,2026-08-29,100407,106,2026-08-29,19,48.88,SC,25,23,1124.24,152.45,10044,2026-09-03,Y,2026-08-29,MOCKLOAD,2026-09-11 22:29:05
1004,504,100407020,2026-08-30,100407,103,2026-08-30,20,470.04,SC,20,76,35723.04,4844.04,10044,2026-09-03,Y,2026-08-30,MOCKLOAD,2026-09-11 22:29:05
1004,504,100407021,2026-08-31,100407,115,2026-08-31,21,40.49,SC,11,59,2388.91,323.94,10044,2026-09-03,Y,2026-08-31,MOCKLOAD,2026-09-11 22:29:05
1004,504,100407022,2026-09-01,100407,101,2026-09-01,22,46.91,SC,27,29,1360.39,184.47,10044,2026-09-03,Y,2026-09-01,MOCKLOAD,2026-09-11 22:29:05
1004,504,100407023,2026-09-02,100407,113,2026-09-02,23,483.39,SC,25,20,9667.8,1310.95,10044,2026-09-03,Y,2026-09-02,MOCKLOAD,2026-09-11 22:29:05
1004,504,100407024,2026-09-03,100407,111,2026-09-03,24,125.88,SC,21,30,3776.4,512.08,10044,2026-09-03,Y,2026-09-03,MOCKLOAD,2026-09-11 22:29:05
1004,504,100407025,2026-09-04,100407,116,2026-09-04,25,384.21,SC,13,29,11142.09,1510.87,10045,2026-09-09,Y,2026-09-04,MOCKLOAD,2026-09-11 22:29:05
1004,504,100407026,2026-09-05,100407,117,2026-09-05,26,78.39,SC,27,55,4311.45,584.63,10045,2026-09-09,Y,2026-09-05,MOCKLOAD,2026-09-11 22:29:05
1004,504,100407027,2026-09-06,100407,119,2026-09-06,27,495.13,SC,27,87,43076.31,5841.15,10045,2026-09-09,Y,2026-09-06,MOCKLOAD,2026-09-11 22:29:05
1004,504,100407028,2026-09-07,100407,118,2026-09-07,28,73.64,SC,24,61,4492.04,609.12,10045,2026-09-09,Y,2026-09-07,MOCKLOAD,2026-09-11 22:29:05
1004,504,100407029,2026-09-08,100407,107,2026-09-08,29,446.49,SC,16,87,38844.63,5267.33,10045,2026-09-09,Y,2026-09-08,MOCKLOAD,2026-09-11 22:29:05
1004,504,100407030,2026-09-09,100407,101,2026-09-09,30,486.49,SC,23,55,26756.95,3628.24,10045,2026-09-09,Y,2026-09-09,MOCKLOAD,2026-09-11 22:29:05
1004,504,100408001,2026-08-11,100408,119,2026-08-11,1,174.81,SC,18,24,4195.44,568.9,10041,2026-08-16,Y,2026-08-11,MOCKLOAD,2026-09-11 22:29:05
1004,504,100408002,2026-08-12,100408,112,2026-08-12,2,145.53,SC,19,55,8004.15,1085.36,10041,2026-08-16,Y,2026-08-12,MOCKLOAD,2026-09-11 22:29:05
1004,504,100408003,2026-08-13,100408,110,2026-08-13,3,97.74,SC,20,20,1954.8,265.07,10041,2026-08-16,Y,2026-08-13,MOCKLOAD,2026-09-11 22:29:05
1004,504,100408004,2026-08-14,100408,117,2026-08-14,4,130.21,SC,12,86,11198.06,1518.46,10041,2026-08-16,Y,2026-08-14,MOCKLOAD,2026-09-11 22:29:05
1004,504,100408005,2026-08-15,100408,110,2026-08-15,5,489.07,SC,20,87,42549.09,5769.66,10041,2026-08-16,Y,2026-08-15,MOCKLOAD,2026-09-11 22:29:05
1004,504,100408006,2026-08-16,100408,107,2026-08-16,6,256.29,SC,18,85,21784.65,2954,10041,2026-08-16,Y,2026-08-16,MOCKLOAD,2026-09-11 22:29:05
1004,504,100408007,2026-08-17,100408,120,2026-08-17,7,185.57,SC,11,78,14474.46,1962.74,10042,2026-08-22,Y,2026-08-17,MOCKLOAD,2026-09-11 22:29:05
1004,504,100408008,2026-08-18,100408,119,2026-08-18,8,313.45,SC,15,23,7209.35,977.59,10042,2026-08-22,Y,2026-08-18,MOCKLOAD,2026-09-11 22:29:05
1004,504,100408009,2026-08-19,100408,112,2026-08-19,9,69.5,SC,27,64,4448,603.15,10042,2026-08-22,Y,2026-08-19,MOCKLOAD,2026-09-11 22:29:05
1004,504,100408010,2026-08-20,100408,118,2026-08-20,10,187.63,SC,16,16,3002.08,407.08,10042,2026-08-22,Y,2026-08-20,MOCKLOAD,2026-09-11 22:29:05
1004,504,100408011,2026-08-21,100408,114,2026-08-21,11,157.33,SC,27,54,8495.82,1152.03,10042,2026-08-22,Y,2026-08-21,MOCKLOAD,2026-09-11 22:29:05
1004,504,100408012,2026-08-22,100408,103,2026-08-22,12,308.98,SC,18,50,15449,2094.88,10042,2026-08-22,Y,2026-08-22,MOCKLOAD,2026-09-11 22:29:05
1004,504,100408013,2026-08-23,100408,106,2026-08-23,13,200.93,SC,12,92,18485.56,2506.64,10043,2026-08-28,Y,2026-08-23,MOCKLOAD,2026-09-11 22:29:05
1004,504,100408014,2026-08-24,100408,119,2026-08-24,14,39.43,SC,15,1,39.43,5.35,10043,2026-08-28,Y,2026-08-24,MOCKLOAD,2026-09-11 22:29:05
1004,504,100408015,2026-08-25,100408,110,2026-08-25,15,266.26,SC,15,15,3993.9,541.57,10043,2026-08-28,Y,2026-08-25,MOCKLOAD,2026-09-11 22:29:05
1004,504,100408016,2026-08-26,100408,119,2026-08-26,16,143.29,SC,20,22,3152.38,427.46,10043,2026-08-28,Y,2026-08-26,MOCKLOAD,2026-09-11 22:29:05
1004,504,100408017,2026-08-27,100408,114,2026-08-27,17,33.06,SC,11,79,2611.74,354.15,10043,2026-08-28,Y,2026-08-27,MOCKLOAD,2026-09-11 22:29:05
1004,504,100408018,2026-08-28,100408,112,2026-08-28,18,23.7,SC,16,77,1824.9,247.46,10043,2026-08-28,Y,2026-08-28,MOCKLOAD,2026-09-11 22:29:05
1004,504,100408019,2026-08-29,100408,102,2026-08-29,19,263.72,SC,20,9,2373.48,321.84,10044,2026-09-03,Y,2026-08-29,MOCKLOAD,2026-09-11 22:29:05
1004,504,100408020,2026-08-30,100408,120,2026-08-30,20,361.13,SC,15,19,6861.47,930.42,10044,2026-09-03,Y,2026-08-30,MOCKLOAD,2026-09-11 22:29:05
1004,504,100408021,2026-08-31,100408,105,2026-08-31,21,143.94,SC,27,98,14106.12,1912.79,10044,2026-09-03,Y,2026-08-31,MOCKLOAD,2026-09-11 22:29:05
1004,504,100408022,2026-09-01,100408,114,2026-09-01,22,482.42,SC,27,24,11578.08,1569.99,10044,2026-09-03,Y,2026-09-01,MOCKLOAD,2026-09-11 22:29:05
1004,504,100408023,2026-09-02,100408,103,2026-09-02,23,23.62,SC,20,29,684.98,92.88,10044,2026-09-03,Y,2026-09-02,MOCKLOAD,2026-09-11 22:29:05
1004,504,100408024,2026-09-03,100408,108,2026-09-03,24,165.44,SC,19,1,165.44,22.43,10044,2026-09-03,Y,2026-09-03,MOCKLOAD,2026-09-11 22:29:05
1004,504,100408025,2026-09-04,100408,107,2026-09-04,25,274.96,SC,18,90,24746.4,3355.61,10045,2026-09-09,Y,2026-09-04,MOCKLOAD,2026-09-11 22:29:05
1004,504,100408026,2026-09-05,100408,114,2026-09-05,26,127.79,SC,14,65,8306.35,1126.34,10045,2026-09-09,Y,2026-09-05,MOCKLOAD,2026-09-11 22:29:05
1004,504,100408027,2026-09-06,100408,108,2026-09-06,27,498.56,SC,28,10,4985.6,676.05,10045,2026-09-09,Y,2026-09-06,MOCKLOAD,2026-09-11 22:29:05
1004,504,100408028,2026-09-07,100408,111,2026-09-07,28,239.67,SC,13,68,16297.56,2209.95,10045,2026-09-09,Y,2026-09-07,MOCKLOAD,2026-09-11 22:29:05
1004,504,100408029,2026-09-08,100408,103,2026-09-08,29,250.77,SC,23,9,2256.93,306.04,10045,2026-09-09,Y,2026-09-08,MOCKLOAD,2026-09-11 22:29:05
1004,504,100408030,2026-09-09,100408,103,2026-09-09,30,328.71,SC,25,32,10518.72,1426.34,10045,2026-09-09,Y,2026-09-09,MOCKLOAD,2026-09-11 22:29:05
1004,504,100409001,2026-08-11,100409,101,2026-08-11,1,137.15,SC,15,90,12343.5,1673.78,10041,2026-08-16,Y,2026-08-11,MOCKLOAD,2026-09-11 22:29:05
1004,504,100409002,2026-08-12,100409,114,2026-08-12,2,154.55,SC,18,42,6491.1,880.19,10041,2026-08-16,Y,2026-08-12,MOCKLOAD,2026-09-11 22:29:05
1004,504,100409003,2026-08-13,100409,116,2026-08-13,3,118.19,SC,25,12,1418.28,192.32,10041,2026-08-16,Y,2026-08-13,MOCKLOAD,2026-09-11 22:29:05
1004,504,100409004,2026-08-14,100409,120,2026-08-14,4,372.62,SC,28,61,22729.82,3082.16,10041,2026-08-16,Y,2026-08-14,MOCKLOAD,2026-09-11 22:29:05
1004,504,100409005,2026-08-15,100409,104,2026-08-15,5,297.38,SC,18,63,18734.94,2540.46,10041,2026-08-16,Y,2026-08-15,MOCKLOAD,2026-09-11 22:29:05
1004,504,100409006,2026-08-16,100409,118,2026-08-16,6,365.95,SC,27,62,22688.9,3076.61,10041,2026-08-16,Y,2026-08-16,MOCKLOAD,2026-09-11 22:29:05
1004,504,100409007,2026-08-17,100409,119,2026-08-17,7,463.32,SC,27,68,31505.76,4272.18,10042,2026-08-22,Y,2026-08-17,MOCKLOAD,2026-09-11 22:29:05
1004,504,100409008,2026-08-18,100409,112,2026-08-18,8,90.62,SC,28,45,4077.9,552.96,10042,2026-08-22,Y,2026-08-18,MOCKLOAD,2026-09-11 22:29:05
1004,504,100409009,2026-08-19,100409,105,2026-08-19,9,86.63,SC,23,30,2598.9,352.41,10042,2026-08-22,Y,2026-08-19,MOCKLOAD,2026-09-11 22:29:05
1004,504,100409010,2026-08-20,100409,105,2026-08-20,10,413.58,SC,16,96,39703.68,5383.82,10042,2026-08-22,Y,2026-08-20,MOCKLOAD,2026-09-11 22:29:05
1004,504,100409011,2026-08-21,100409,111,2026-08-21,11,456.36,SC,28,100,45636,6188.24,10042,2026-08-22,Y,2026-08-21,MOCKLOAD,2026-09-11 22:29:05
1004,504,100409012,2026-08-22,100409,113,2026-08-22,12,8.07,SC,14,20,161.4,21.89,10042,2026-08-22,Y,2026-08-22,MOCKLOAD,2026-09-11 22:29:05
1004,504,100409013,2026-08-23,100409,103,2026-08-23,13,182.53,SC,19,24,4380.72,594.03,10043,2026-08-28,Y,2026-08-23,MOCKLOAD,2026-09-11 22:29:05
1004,504,100409014,2026-08-24,100409,106,2026-08-24,14,233.93,SC,13,71,16609.03,2252.18,10043,2026-08-28,Y,2026-08-24,MOCKLOAD,2026-09-11 22:29:05
1004,504,100409015,2026-08-25,100409,104,2026-08-25,15,53.92,SC,10,50,2696,365.58,10043,2026-08-28,Y,2026-08-25,MOCKLOAD,2026-09-11 22:29:05
1004,504,100409016,2026-08-26,100409,111,2026-08-26,16,495.7,SC,14,79,39160.3,5310.14,10043,2026-08-28,Y,2026-08-26,MOCKLOAD,2026-09-11 22:29:05
1004,504,100409017,2026-08-27,100409,101,2026-08-27,17,330.83,SC,20,84,27789.72,3768.29,10043,2026-08-28,Y,2026-08-27,MOCKLOAD,2026-09-11 22:29:05
1004,504,100409018,2026-08-28,100409,118,2026-08-28,18,470.05,SC,17,54,25382.7,3441.89,10043,2026-08-28,Y,2026-08-28,MOCKLOAD,2026-09-11 22:29:05
1004,504,100409019,2026-08-29,100409,119,2026-08-29,19,248.02,SC,22,63,15625.26,2118.79,10044,2026-09-03,Y,2026-08-29,MOCKLOAD,2026-09-11 22:29:05
1004,504,100409020,2026-08-30,100409,120,2026-08-30,20,181.47,SC,11,36,6532.92,885.86,10044,2026-09-03,Y,2026-08-30,MOCKLOAD,2026-09-11 22:29:05
1004,504,100409021,2026-08-31,100409,118,2026-08-31,21,421.56,SC,21,37,15597.72,2115.05,10044,2026-09-03,Y,2026-08-31,MOCKLOAD,2026-09-11 22:29:05
1004,504,100409022,2026-09-01,100409,112,2026-09-01,22,124.9,SC,15,41,5120.9,694.39,10044,2026-09-03,Y,2026-09-01,MOCKLOAD,2026-09-11 22:29:05
1004,504,100409023,2026-09-02,100409,107,2026-09-02,23,369.39,SC,23,53,19577.67,2654.73,10044,2026-09-03,Y,2026-09-02,MOCKLOAD,2026-09-11 22:29:05
1004,504,100409024,2026-09-03,100409,115,2026-09-03,24,498.88,SC,13,98,48890.24,6629.52,10044,2026-09-03,Y,2026-09-03,MOCKLOAD,2026-09-11 22:29:05
1004,504,100409025,2026-09-04,100409,115,2026-09-04,25,37.69,SC,14,46,1733.74,235.1,10045,2026-09-09,Y,2026-09-04,MOCKLOAD,2026-09-11 22:29:05
1004,504,100409026,2026-09-05,100409,106,2026-09-05,26,439.05,SC,15,40,17562,2381.41,10045,2026-09-09,Y,2026-09-05,MOCKLOAD,2026-09-11 22:29:05
1004,504,100409027,2026-09-06,100409,118,2026-09-06,27,32.48,SC,20,77,2500.96,339.13,10045,2026-09-09,Y,2026-09-06,MOCKLOAD,2026-09-11 22:29:05
1004,504,100409028,2026-09-07,100409,110,2026-09-07,28,243.03,SC,19,64,15553.92,2109.11,10045,2026-09-09,Y,2026-09-07,MOCKLOAD,2026-09-11 22:29:05
1004,504,100409029,2026-09-08,100409,109,2026-09-08,29,392.53,SC,16,48,18841.44,2554.9,10045,2026-09-09,Y,2026-09-08,MOCKLOAD,2026-09-11 22:29:05
1004,504,100409030,2026-09-09,100409,116,2026-09-09,30,443.68,SC,12,37,16416.16,2226.03,10045,2026-09-09,Y,2026-09-09,MOCKLOAD,2026-09-11 22:29:05
1004,504,100410001,2026-08-11,100410,117,2026-08-11,1,414.47,SC,25,81,33572.07,4552.37,10041,2026-08-16,Y,2026-08-11,MOCKLOAD,2026-09-11 22:29:05
1004,504,100410002,2026-08-12,100410,112,2026-08-12,2,38.81,SC,25,88,3415.28,463.11,10041,2026-08-16,Y,2026-08-12,MOCKLOAD,2026-09-11 22:29:05
1004,504,100410003,2026-08-13,100410,106,2026-08-13,3,247.17,SC,15,74,18290.58,2480.2,10041,2026-08-16,Y,2026-08-13,MOCKLOAD,2026-09-11 22:29:05
1004,504,100410004,2026-08-14,100410,114,2026-08-14,4,67.14,SC,22,82,5505.48,746.54,10041,2026-08-16,Y,2026-08-14,MOCKLOAD,2026-09-11 22:29:05
1004,504,100410005,2026-08-15,100410,111,2026-08-15,5,19.83,SC,16,51,1011.33,137.14,10041,2026-08-16,Y,2026-08-15,MOCKLOAD,2026-09-11 22:29:05
1004,504,100410006,2026-08-16,100410,116,2026-08-16,6,42.26,SC,15,52,2197.52,297.98,10041,2026-08-16,Y,2026-08-16,MOCKLOAD,2026-09-11 22:29:05
1004,504,100410007,2026-08-17,100410,108,2026-08-17,7,337.52,SC,27,56,18901.12,2562.99,10042,2026-08-22,Y,2026-08-17,MOCKLOAD,2026-09-11 22:29:05
1004,504,100410008,2026-08-18,100410,107,2026-08-18,8,446.45,SC,17,57,25447.65,3450.7,10042,2026-08-22,Y,2026-08-18,MOCKLOAD,2026-09-11 22:29:05
1004,504,100410009,2026-08-19,100410,104,2026-08-19,9,419.66,SC,22,62,26018.92,3528.17,10042,2026-08-22,Y,2026-08-19,MOCKLOAD,2026-09-11 22:29:05
1004,504,100410010,2026-08-20,100410,117,2026-08-20,10,489.57,SC,25,56,27415.92,3717.6,10042,2026-08-22,Y,2026-08-20,MOCKLOAD,2026-09-11 22:29:05
1004,504,100410011,2026-08-21,100410,119,2026-08-21,11,325.37,SC,22,74,24077.38,3264.89,10042,2026-08-22,Y,2026-08-21,MOCKLOAD,2026-09-11 22:29:05
1004,504,100410012,2026-08-22,100410,102,2026-08-22,12,435.5,SC,26,61,26565.5,3602.28,10042,2026-08-22,Y,2026-08-22,MOCKLOAD,2026-09-11 22:29:05
1004,504,100410013,2026-08-23,100410,114,2026-08-23,13,433.64,SC,24,98,42496.72,5762.56,10043,2026-08-28,Y,2026-08-23,MOCKLOAD,2026-09-11 22:29:05
1004,504,100410014,2026-08-24,100410,105,2026-08-24,14,132.99,SC,25,80,10639.2,1442.68,10043,2026-08-28,Y,2026-08-24,MOCKLOAD,2026-09-11 22:29:05
1004,504,100410015,2026-08-25,100410,118,2026-08-25,15,303.96,SC,16,22,6687.12,906.77,10043,2026-08-28,Y,2026-08-25,MOCKLOAD,2026-09-11 22:29:05
1004,504,100410016,2026-08-26,100410,107,2026-08-26,16,19.4,SC,16,12,232.8,31.57,10043,2026-08-28,Y,2026-08-26,MOCKLOAD,2026-09-11 22:29:05
1004,504,100410017,2026-08-27,100410,112,2026-08-27,17,284.36,SC,26,14,3981.04,539.83,10043,2026-08-28,Y,2026-08-27,MOCKLOAD,2026-09-11 22:29:05
1004,504,100410018,2026-08-28,100410,101,2026-08-28,18,172.52,SC,25,3,517.56,70.18,10043,2026-08-28,Y,2026-08-28,MOCKLOAD,2026-09-11 22:29:05
1004,504,100410019,2026-08-29,100410,114,2026-08-29,19,465.5,SC,19,32,14896,2019.9,10044,2026-09-03,Y,2026-08-29,MOCKLOAD,2026-09-11 22:29:05
1004,504,100410020,2026-08-30,100410,108,2026-08-30,20,320.48,SC,14,32,10255.36,1390.63,10044,2026-09-03,Y,2026-08-30,MOCKLOAD,2026-09-11 22:29:05
1004,504,100410021,2026-08-31,100410,118,2026-08-31,21,382.24,SC,12,80,30579.2,4146.54,10044,2026-09-03,Y,2026-08-31,MOCKLOAD,2026-09-11 22:29:05
1004,504,100410022,2026-09-01,100410,112,2026-09-01,22,207.83,SC,20,83,17249.89,2339.09,10044,2026-09-03,Y,2026-09-01,MOCKLOAD,2026-09-11 22:29:05
1004,504,100410023,2026-09-02,100410,109,2026-09-02,23,238.53,SC,19,88,20990.64,2846.33,10044,2026-09-03,Y,2026-09-02,MOCKLOAD,2026-09-11 22:29:05
1004,504,100410024,2026-09-03,100410,118,2026-09-03,24,176.85,SC,22,53,9373.05,1270.99,10044,2026-09-03,Y,2026-09-03,MOCKLOAD,2026-09-11 22:29:05
1004,504,100410025,2026-09-04,100410,105,2026-09-04,25,485.71,SC,15,42,20399.82,2766.22,10045,2026-09-09,Y,2026-09-04,MOCKLOAD,2026-09-11 22:29:05
1004,504,100410026,2026-09-05,100410,105,2026-09-05,26,267,SC,20,60,16020,2172.31,10045,2026-09-09,Y,2026-09-05,MOCKLOAD,2026-09-11 22:29:05
1004,504,100410027,2026-09-06,100410,107,2026-09-06,27,495.28,SC,23,60,29716.8,4029.6,10045,2026-09-09,Y,2026-09-06,MOCKLOAD,2026-09-11 22:29:05
1004,504,100410028,2026-09-07,100410,111,2026-09-07,28,481.64,SC,15,62,29861.68,4049.24,10045,2026-09-09,Y,2026-09-07,MOCKLOAD,2026-09-11 22:29:05
1004,504,100410029,2026-09-08,100410,105,2026-09-08,29,464.88,SC,22,79,36725.52,4979.98,10045,2026-09-09,Y,2026-09-08,MOCKLOAD,2026-09-11 22:29:05
1004,504,100410030,2026-09-09,100410,105,2026-09-09,30,146.3,SC,23,6,877.8,119.03,10045,2026-09-09,Y,2026-09-09,MOCKLOAD,2026-09-11 22:29:05
1005,505,100501001,2026-08-11,100501,111,2026-08-11,1,225.3,MK,16,43,9687.9,902.91,10051,2026-08-16,Y,2026-08-11,MOCKLOAD,2026-09-11 22:29:05
1005,505,100501002,2026-08-12,100501,106,2026-08-12,2,419.76,MK,15,45,18889.2,1760.47,10051,2026-08-16,Y,2026-08-12,MOCKLOAD,2026-09-11 22:29:05
1005,505,100501003,2026-08-13,100501,116,2026-08-13,3,39.21,MK,26,95,3724.95,347.17,10051,2026-08-16,Y,2026-08-13,MOCKLOAD,2026-09-11 22:29:05
1005,505,100501004,2026-08-14,100501,114,2026-08-14,4,471.49,MK,13,88,41491.12,3866.97,10051,2026-08-16,Y,2026-08-14,MOCKLOAD,2026-09-11 22:29:05
1005,505,100501005,2026-08-15,100501,106,2026-08-15,5,292.68,MK,11,33,9658.44,900.17,10051,2026-08-16,Y,2026-08-15,MOCKLOAD,2026-09-11 22:29:05
1005,505,100501006,2026-08-16,100501,111,2026-08-16,6,147.05,MK,18,22,3235.1,301.51,10051,2026-08-16,Y,2026-08-16,MOCKLOAD,2026-09-11 22:29:05
1005,505,100501007,2026-08-17,100501,110,2026-08-17,7,274.64,MK,18,39,10710.96,998.26,10052,2026-08-22,Y,2026-08-17,MOCKLOAD,2026-09-11 22:29:05
1005,505,100501008,2026-08-18,100501,103,2026-08-18,8,377.82,MK,19,50,18891,1760.64,10052,2026-08-22,Y,2026-08-18,MOCKLOAD,2026-09-11 22:29:05
1005,505,100501009,2026-08-19,100501,103,2026-08-19,9,489.08,MK,27,73,35702.84,3327.5,10052,2026-08-22,Y,2026-08-19,MOCKLOAD,2026-09-11 22:29:05
1005,505,100501010,2026-08-20,100501,118,2026-08-20,10,31.73,MK,14,87,2760.51,257.28,10052,2026-08-22,Y,2026-08-20,MOCKLOAD,2026-09-11 22:29:05
1005,505,100501011,2026-08-21,100501,119,2026-08-21,11,103.96,MK,29,66,6861.36,639.48,10052,2026-08-22,Y,2026-08-21,MOCKLOAD,2026-09-11 22:29:05
1005,505,100501012,2026-08-22,100501,104,2026-08-22,12,274.5,MK,13,57,15646.5,1458.25,10052,2026-08-22,Y,2026-08-22,MOCKLOAD,2026-09-11 22:29:05
1005,505,100501013,2026-08-23,100501,115,2026-08-23,13,489.35,MK,15,91,44530.85,4150.28,10053,2026-08-28,Y,2026-08-23,MOCKLOAD,2026-09-11 22:29:05
1005,505,100501014,2026-08-24,100501,104,2026-08-24,14,57.37,MK,29,67,3843.79,358.24,10053,2026-08-28,Y,2026-08-24,MOCKLOAD,2026-09-11 22:29:05
1005,505,100501015,2026-08-25,100501,109,2026-08-25,15,490.4,MK,13,23,11279.2,1051.22,10053,2026-08-28,Y,2026-08-25,MOCKLOAD,2026-09-11 22:29:05
1005,505,100501016,2026-08-26,100501,103,2026-08-26,16,340.47,MK,23,84,28599.48,2665.47,10053,2026-08-28,Y,2026-08-26,MOCKLOAD,2026-09-11 22:29:05
1005,505,100501017,2026-08-27,100501,118,2026-08-27,17,185.82,MK,14,29,5388.78,502.23,10053,2026-08-28,Y,2026-08-27,MOCKLOAD,2026-09-11 22:29:05
1005,505,100501018,2026-08-28,100501,117,2026-08-28,18,275.2,MK,18,44,12108.8,1128.54,10053,2026-08-28,Y,2026-08-28,MOCKLOAD,2026-09-11 22:29:05
1005,505,100501019,2026-08-29,100501,120,2026-08-29,19,223.49,MK,13,2,446.98,41.66,10054,2026-09-03,Y,2026-08-29,MOCKLOAD,2026-09-11 22:29:05
1005,505,100501020,2026-08-30,100501,104,2026-08-30,20,399.32,MK,22,53,21163.96,1972.48,10054,2026-09-03,Y,2026-08-30,MOCKLOAD,2026-09-11 22:29:05
1005,505,100501021,2026-08-31,100501,113,2026-08-31,21,429.46,MK,12,20,8589.2,800.51,10054,2026-09-03,Y,2026-08-31,MOCKLOAD,2026-09-11 22:29:05
1005,505,100501022,2026-09-01,100501,101,2026-09-01,22,463.65,MK,14,51,23646.15,2203.82,10054,2026-09-03,Y,2026-09-01,MOCKLOAD,2026-09-11 22:29:05
1005,505,100501023,2026-09-02,100501,112,2026-09-02,23,416.57,MK,12,92,38324.44,3571.84,10054,2026-09-03,Y,2026-09-02,MOCKLOAD,2026-09-11 22:29:05
1005,505,100501024,2026-09-03,100501,108,2026-09-03,24,143.46,MK,10,24,3443.04,320.89,10054,2026-09-03,Y,2026-09-03,MOCKLOAD,2026-09-11 22:29:05
1005,505,100501025,2026-09-04,100501,107,2026-09-04,25,237.48,MK,15,65,15436.2,1438.65,10055,2026-09-09,Y,2026-09-04,MOCKLOAD,2026-09-11 22:29:05
1005,505,100501026,2026-09-05,100501,109,2026-09-05,26,88.19,MK,19,1,88.19,8.22,10055,2026-09-09,Y,2026-09-05,MOCKLOAD,2026-09-11 22:29:05
1005,505,100501027,2026-09-06,100501,111,2026-09-06,27,5.46,MK,20,80,436.8,40.71,10055,2026-09-09,Y,2026-09-06,MOCKLOAD,2026-09-11 22:29:05
1005,505,100501028,2026-09-07,100501,105,2026-09-07,28,5.21,MK,10,93,484.53,45.16,10055,2026-09-09,Y,2026-09-07,MOCKLOAD,2026-09-11 22:29:05
1005,505,100501029,2026-09-08,100501,115,2026-09-08,29,113.25,MK,17,51,5775.75,538.3,10055,2026-09-09,Y,2026-09-08,MOCKLOAD,2026-09-11 22:29:05
1005,505,100501030,2026-09-09,100501,109,2026-09-09,30,45.79,MK,14,88,4029.52,375.55,10055,2026-09-09,Y,2026-09-09,MOCKLOAD,2026-09-11 22:29:05
1005,505,100502001,2026-08-11,100502,113,2026-08-11,1,410.56,MK,23,23,9442.88,880.08,10051,2026-08-16,Y,2026-08-11,MOCKLOAD,2026-09-11 22:29:05
1005,505,100502002,2026-08-12,100502,107,2026-08-12,2,367.07,MK,29,10,3670.7,342.11,10051,2026-08-16,Y,2026-08-12,MOCKLOAD,2026-09-11 22:29:05
1005,505,100502003,2026-08-13,100502,104,2026-08-13,3,39.92,MK,25,26,1037.92,96.73,10051,2026-08-16,Y,2026-08-13,MOCKLOAD,2026-09-11 22:29:05
1005,505,100502004,2026-08-14,100502,115,2026-08-14,4,84.28,MK,10,71,5983.88,557.7,10051,2026-08-16,Y,2026-08-14,MOCKLOAD,2026-09-11 22:29:05
1005,505,100502005,2026-08-15,100502,105,2026-08-15,5,254.09,MK,18,61,15499.49,1444.55,10051,2026-08-16,Y,2026-08-15,MOCKLOAD,2026-09-11 22:29:05
1005,505,100502006,2026-08-16,100502,104,2026-08-16,6,113.48,MK,13,91,10326.68,962.45,10051,2026-08-16,Y,2026-08-16,MOCKLOAD,2026-09-11 22:29:05
1005,505,100502007,2026-08-17,100502,118,2026-08-17,7,334.93,MK,13,7,2344.51,218.51,10052,2026-08-22,Y,2026-08-17,MOCKLOAD,2026-09-11 22:29:05
1005,505,100502008,2026-08-18,100502,103,2026-08-18,8,133.66,MK,19,57,7618.62,710.06,10052,2026-08-22,Y,2026-08-18,MOCKLOAD,2026-09-11 22:29:05
1005,505,100502009,2026-08-19,100502,111,2026-08-19,9,69.72,MK,28,87,6065.64,565.32,10052,2026-08-22,Y,2026-08-19,MOCKLOAD,2026-09-11 22:29:05
1005,505,100502010,2026-08-20,100502,104,2026-08-20,10,140.99,MK,18,91,12830.09,1195.76,10052,2026-08-22,Y,2026-08-20,MOCKLOAD,2026-09-11 22:29:05
1005,505,100502011,2026-08-21,100502,113,2026-08-21,11,31.59,MK,22,99,3127.41,291.47,10052,2026-08-22,Y,2026-08-21,MOCKLOAD,2026-09-11 22:29:05
1005,505,100502012,2026-08-22,100502,101,2026-08-22,12,465.86,MK,26,41,19100.26,1780.14,10052,2026-08-22,Y,2026-08-22,MOCKLOAD,2026-09-11 22:29:05
1005,505,100502013,2026-08-23,100502,101,2026-08-23,13,405.72,MK,11,91,36920.52,3440.99,10053,2026-08-28,Y,2026-08-23,MOCKLOAD,2026-09-11 22:29:05
1005,505,100502014,2026-08-24,100502,104,2026-08-24,14,137.01,MK,23,95,13015.95,1213.09,10053,2026-08-28,Y,2026-08-24,MOCKLOAD,2026-09-11 22:29:05
1005,505,100502015,2026-08-25,100502,119,2026-08-25,15,437.89,MK,28,34,14888.26,1387.59,10053,2026-08-28,Y,2026-08-25,MOCKLOAD,2026-09-11 22:29:05
1005,505,100502016,2026-08-26,100502,102,2026-08-26,16,371.08,MK,11,12,4452.96,415.02,10053,2026-08-28,Y,2026-08-26,MOCKLOAD,2026-09-11 22:29:05
1005,505,100502017,2026-08-27,100502,119,2026-08-27,17,313.05,MK,24,69,21600.45,2013.16,10053,2026-08-28,Y,2026-08-27,MOCKLOAD,2026-09-11 22:29:05
1005,505,100502018,2026-08-28,100502,120,2026-08-28,18,494.43,MK,22,67,33126.81,3087.42,10053,2026-08-28,Y,2026-08-28,MOCKLOAD,2026-09-11 22:29:05
1005,505,100502019,2026-08-29,100502,110,2026-08-29,19,317.68,MK,17,22,6988.96,651.37,10054,2026-09-03,Y,2026-08-29,MOCKLOAD,2026-09-11 22:29:05
1005,505,100502020,2026-08-30,100502,108,2026-08-30,20,342.4,MK,17,11,3766.4,351.03,10054,2026-09-03,Y,2026-08-30,MOCKLOAD,2026-09-11 22:29:05
1005,505,100502021,2026-08-31,100502,119,2026-08-31,21,83.72,MK,15,87,7283.64,678.84,10054,2026-09-03,Y,2026-08-31,MOCKLOAD,2026-09-11 22:29:05
1005,505,100502022,2026-09-01,100502,108,2026-09-01,22,5.01,MK,14,50,250.5,23.35,10054,2026-09-03,Y,2026-09-01,MOCKLOAD,2026-09-11 22:29:05
1005,505,100502023,2026-09-02,100502,111,2026-09-02,23,229.64,MK,11,78,17911.92,1669.39,10054,2026-09-03,Y,2026-09-02,MOCKLOAD,2026-09-11 22:29:05
1005,505,100502024,2026-09-03,100502,120,2026-09-03,24,443.29,MK,12,33,14628.57,1363.38,10054,2026-09-03,Y,2026-09-03,MOCKLOAD,2026-09-11 22:29:05
1005,505,100502025,2026-09-04,100502,106,2026-09-04,25,60.81,MK,13,80,4864.8,453.4,10055,2026-09-09,Y,2026-09-04,MOCKLOAD,2026-09-11 22:29:05
1005,505,100502026,2026-09-05,100502,114,2026-09-05,26,434.59,MK,28,80,34767.2,3240.3,10055,2026-09-09,Y,2026-09-05,MOCKLOAD,2026-09-11 22:29:05
1005,505,100502027,2026-09-06,100502,108,2026-09-06,27,148.23,MK,26,46,6818.58,635.49,10055,2026-09-09,Y,2026-09-06,MOCKLOAD,2026-09-11 22:29:05
1005,505,100502028,2026-09-07,100502,109,2026-09-07,28,95.53,MK,15,22,2101.66,195.87,10055,2026-09-09,Y,2026-09-07,MOCKLOAD,2026-09-11 22:29:05
1005,505,100502029,2026-09-08,100502,107,2026-09-08,29,250.95,MK,24,26,6524.7,608.1,10055,2026-09-09,Y,2026-09-08,MOCKLOAD,2026-09-11 22:29:05
1005,505,100502030,2026-09-09,100502,117,2026-09-09,30,450.91,MK,13,68,30661.88,2857.69,10055,2026-09-09,Y,2026-09-09,MOCKLOAD,2026-09-11 22:29:05
1005,505,100503001,2026-08-11,100503,120,2026-08-11,1,218.51,MK,16,79,17262.29,1608.85,10051,2026-08-16,Y,2026-08-11,MOCKLOAD,2026-09-11 22:29:05
1005,505,100503002,2026-08-12,100503,116,2026-08-12,2,397.47,MK,27,72,28617.84,2667.18,10051,2026-08-16,Y,2026-08-12,MOCKLOAD,2026-09-11 22:29:05
1005,505,100503003,2026-08-13,100503,113,2026-08-13,3,52.42,MK,16,18,943.56,87.94,10051,2026-08-16,Y,2026-08-13,MOCKLOAD,2026-09-11 22:29:05
1005,505,100503004,2026-08-14,100503,103,2026-08-14,4,88.75,MK,10,94,8342.5,777.52,10051,2026-08-16,Y,2026-08-14,MOCKLOAD,2026-09-11 22:29:05
1005,505,100503005,2026-08-15,100503,117,2026-08-15,5,344.76,MK,27,75,25857,2409.87,10051,2026-08-16,Y,2026-08-15,MOCKLOAD,2026-09-11 22:29:05
1005,505,100503006,2026-08-16,100503,108,2026-08-16,6,212.64,MK,10,45,9568.8,891.81,10051,2026-08-16,Y,2026-08-16,MOCKLOAD,2026-09-11 22:29:05
1005,505,100503007,2026-08-17,100503,103,2026-08-17,7,479.77,MK,29,52,24948.04,2325.16,10052,2026-08-22,Y,2026-08-17,MOCKLOAD,2026-09-11 22:29:05
1005,505,100503008,2026-08-18,100503,120,2026-08-18,8,300.36,MK,29,29,8710.44,811.81,10052,2026-08-22,Y,2026-08-18,MOCKLOAD,2026-09-11 22:29:05
1005,505,100503009,2026-08-19,100503,108,2026-08-19,9,329.41,MK,11,83,27341.03,2548.18,10052,2026-08-22,Y,2026-08-19,MOCKLOAD,2026-09-11 22:29:05
1005,505,100503010,2026-08-20,100503,109,2026-08-20,10,202.4,MK,25,55,11132,1037.5,10052,2026-08-22,Y,2026-08-20,MOCKLOAD,2026-09-11 22:29:05
1005,505,100503011,2026-08-21,100503,120,2026-08-21,11,296.85,MK,14,58,17217.3,1604.65,10052,2026-08-22,Y,2026-08-21,MOCKLOAD,2026-09-11 22:29:05
1005,505,100503012,2026-08-22,100503,105,2026-08-22,12,128.75,MK,14,76,9785,911.96,10052,2026-08-22,Y,2026-08-22,MOCKLOAD,2026-09-11 22:29:05
1005,505,100503013,2026-08-23,100503,104,2026-08-23,13,173.42,MK,23,94,16301.48,1519.3,10053,2026-08-28,Y,2026-08-23,MOCKLOAD,2026-09-11 22:29:05
1005,505,100503014,2026-08-24,100503,108,2026-08-24,14,284.97,MK,23,49,13963.53,1301.4,10053,2026-08-28,Y,2026-08-24,MOCKLOAD,2026-09-11 22:29:05
1005,505,100503015,2026-08-25,100503,108,2026-08-25,15,289.4,MK,24,29,8392.6,782.19,10053,2026-08-28,Y,2026-08-25,MOCKLOAD,2026-09-11 22:29:05
1005,505,100503016,2026-08-26,100503,119,2026-08-26,16,312.27,MK,29,94,29353.38,2735.74,10053,2026-08-28,Y,2026-08-26,MOCKLOAD,2026-09-11 22:29:05
1005,505,100503017,2026-08-27,100503,101,2026-08-27,17,200.65,MK,22,54,10835.1,1009.83,10053,2026-08-28,Y,2026-08-27,MOCKLOAD,2026-09-11 22:29:05
1005,505,100503018,2026-08-28,100503,108,2026-08-28,18,496.08,MK,15,36,17858.88,1664.45,10053,2026-08-28,Y,2026-08-28,MOCKLOAD,2026-09-11 22:29:05
1005,505,100503019,2026-08-29,100503,116,2026-08-29,19,71.88,MK,14,36,2587.68,241.17,10054,2026-09-03,Y,2026-08-29,MOCKLOAD,2026-09-11 22:29:05
1005,505,100503020,2026-08-30,100503,113,2026-08-30,20,151.39,MK,24,40,6055.6,564.38,10054,2026-09-03,Y,2026-08-30,MOCKLOAD,2026-09-11 22:29:05
1005,505,100503021,2026-08-31,100503,106,2026-08-31,21,313.55,MK,24,7,2194.85,204.56,10054,2026-09-03,Y,2026-08-31,MOCKLOAD,2026-09-11 22:29:05
1005,505,100503022,2026-09-01,100503,115,2026-09-01,22,452.15,MK,24,43,19442.45,1812.04,10054,2026-09-03,Y,2026-09-01,MOCKLOAD,2026-09-11 22:29:05
1005,505,100503023,2026-09-02,100503,101,2026-09-02,23,170.58,MK,18,3,511.74,47.69,10054,2026-09-03,Y,2026-09-02,MOCKLOAD,2026-09-11 22:29:05
1005,505,100503024,2026-09-03,100503,101,2026-09-03,24,120.57,MK,25,83,10007.31,932.68,10054,2026-09-03,Y,2026-09-03,MOCKLOAD,2026-09-11 22:29:05
1005,505,100503025,2026-09-04,100503,103,2026-09-04,25,165.69,MK,24,34,5633.46,525.04,10055,2026-09-09,Y,2026-09-04,MOCKLOAD,2026-09-11 22:29:05
1005,505,100503026,2026-09-05,100503,111,2026-09-05,26,365.39,MK,23,3,1096.17,102.16,10055,2026-09-09,Y,2026-09-05,MOCKLOAD,2026-09-11 22:29:05
1005,505,100503027,2026-09-06,100503,114,2026-09-06,27,370.83,MK,14,100,37083,3456.14,10055,2026-09-09,Y,2026-09-06,MOCKLOAD,2026-09-11 22:29:05
1005,505,100503028,2026-09-07,100503,105,2026-09-07,28,50.78,MK,20,55,2792.9,260.3,10055,2026-09-09,Y,2026-09-07,MOCKLOAD,2026-09-11 22:29:05
1005,505,100503029,2026-09-08,100503,112,2026-09-08,29,282.25,MK,15,60,16935,1578.34,10055,2026-09-09,Y,2026-09-08,MOCKLOAD,2026-09-11 22:29:05
1005,505,100503030,2026-09-09,100503,114,2026-09-09,30,33.38,MK,12,62,2069.56,192.88,10055,2026-09-09,Y,2026-09-09,MOCKLOAD,2026-09-11 22:29:05
1005,505,100504001,2026-08-11,100504,118,2026-08-11,1,34.49,MK,29,73,2517.77,234.66,10051,2026-08-16,Y,2026-08-11,MOCKLOAD,2026-09-11 22:29:05
1005,505,100504002,2026-08-12,100504,119,2026-08-12,2,150.72,MK,16,23,3466.56,323.08,10051,2026-08-16,Y,2026-08-12,MOCKLOAD,2026-09-11 22:29:05
1005,505,100504003,2026-08-13,100504,113,2026-08-13,3,323.23,MK,26,14,4525.22,421.75,10051,2026-08-16,Y,2026-08-13,MOCKLOAD,2026-09-11 22:29:05
1005,505,100504004,2026-08-14,100504,106,2026-08-14,4,307.39,MK,27,90,27665.1,2578.39,10051,2026-08-16,Y,2026-08-14,MOCKLOAD,2026-09-11 22:29:05
1005,505,100504005,2026-08-15,100504,116,2026-08-15,5,295.02,MK,13,45,13275.9,1237.31,10051,2026-08-16,Y,2026-08-15,MOCKLOAD,2026-09-11 22:29:05
1005,505,100504006,2026-08-16,100504,109,2026-08-16,6,229.69,MK,28,40,9187.6,856.28,10051,2026-08-16,Y,2026-08-16,MOCKLOAD,2026-09-11 22:29:05
1005,505,100504007,2026-08-17,100504,104,2026-08-17,7,204.21,MK,21,31,6330.51,590,10052,2026-08-22,Y,2026-08-17,MOCKLOAD,2026-09-11 22:29:05
1005,505,100504008,2026-08-18,100504,116,2026-08-18,8,368.79,MK,22,74,27290.46,2543.47,10052,2026-08-22,Y,2026-08-18,MOCKLOAD,2026-09-11 22:29:05
1005,505,100504009,2026-08-19,100504,115,2026-08-19,9,445.13,MK,28,73,32494.49,3028.49,10052,2026-08-22,Y,2026-08-19,MOCKLOAD,2026-09-11 22:29:05
1005,505,100504010,2026-08-20,100504,111,2026-08-20,10,342.35,MK,20,55,18829.25,1754.89,10052,2026-08-22,Y,2026-08-20,MOCKLOAD,2026-09-11 22:29:05
1005,505,100504011,2026-08-21,100504,101,2026-08-21,11,369.97,MK,13,6,2219.82,206.89,10052,2026-08-22,Y,2026-08-21,MOCKLOAD,2026-09-11 22:29:05
1005,505,100504012,2026-08-22,100504,108,2026-08-22,12,424.05,MK,23,89,37740.45,3517.41,10052,2026-08-22,Y,2026-08-22,MOCKLOAD,2026-09-11 22:29:05
1005,505,100504013,2026-08-23,100504,113,2026-08-23,13,42.93,MK,27,16,686.88,64.02,10053,2026-08-28,Y,2026-08-23,MOCKLOAD,2026-09-11 22:29:05
1005,505,100504014,2026-08-24,100504,104,2026-08-24,14,401.93,MK,21,67,26929.31,2509.81,10053,2026-08-28,Y,2026-08-24,MOCKLOAD,2026-09-11 22:29:05
1005,505,100504015,2026-08-25,100504,116,2026-08-25,15,389.42,MK,20,63,24533.46,2286.52,10053,2026-08-28,Y,2026-08-25,MOCKLOAD,2026-09-11 22:29:05
1005,505,100504016,2026-08-26,100504,113,2026-08-26,16,241.65,MK,14,22,5316.3,495.48,10053,2026-08-28,Y,2026-08-26,MOCKLOAD,2026-09-11 22:29:05
1005,505,100504017,2026-08-27,100504,115,2026-08-27,17,452.47,MK,13,98,44342.06,4132.68,10053,2026-08-28,Y,2026-08-27,MOCKLOAD,2026-09-11 22:29:05
1005,505,100504018,2026-08-28,100504,114,2026-08-28,18,18.79,MK,17,86,1615.94,150.61,10053,2026-08-28,Y,2026-08-28,MOCKLOAD,2026-09-11 22:29:05
1005,505,100504019,2026-08-29,100504,101,2026-08-29,19,385.06,MK,21,4,1540.24,143.55,10054,2026-09-03,Y,2026-08-29,MOCKLOAD,2026-09-11 22:29:05
1005,505,100504020,2026-08-30,100504,109,2026-08-30,20,327.91,MK,10,5,1639.55,152.81,10054,2026-09-03,Y,2026-08-30,MOCKLOAD,2026-09-11 22:29:05
1005,505,100504021,2026-08-31,100504,112,2026-08-31,21,276.38,MK,27,77,21281.26,1983.41,10054,2026-09-03,Y,2026-08-31,MOCKLOAD,2026-09-11 22:29:05
1005,505,100504022,2026-09-01,100504,106,2026-09-01,22,406.55,MK,15,56,22766.8,2121.87,10054,2026-09-03,Y,2026-09-01,MOCKLOAD,2026-09-11 22:29:05
1005,505,100504023,2026-09-02,100504,111,2026-09-02,23,154.72,MK,16,25,3868,360.5,10054,2026-09-03,Y,2026-09-02,MOCKLOAD,2026-09-11 22:29:05
1005,505,100504024,2026-09-03,100504,107,2026-09-03,24,215.85,MK,20,40,8634,804.69,10054,2026-09-03,Y,2026-09-03,MOCKLOAD,2026-09-11 22:29:05
1005,505,100504025,2026-09-04,100504,102,2026-09-04,25,205.4,MK,22,26,5340.4,497.73,10055,2026-09-09,Y,2026-09-04,MOCKLOAD,2026-09-11 22:29:05
1005,505,100504026,2026-09-05,100504,120,2026-09-05,26,334.16,MK,19,64,21386.24,1993.2,10055,2026-09-09,Y,2026-09-05,MOCKLOAD,2026-09-11 22:29:05
1005,505,100504027,2026-09-06,100504,106,2026-09-06,27,386.79,MK,13,65,25141.35,2343.17,10055,2026-09-09,Y,2026-09-06,MOCKLOAD,2026-09-11 22:29:05
1005,505,100504028,2026-09-07,100504,118,2026-09-07,28,209.11,MK,20,94,19656.34,1831.97,10055,2026-09-09,Y,2026-09-07,MOCKLOAD,2026-09-11 22:29:05
1005,505,100504029,2026-09-08,100504,110,2026-09-08,29,168.53,MK,10,63,10617.39,989.54,10055,2026-09-09,Y,2026-09-08,MOCKLOAD,2026-09-11 22:29:05
1005,505,100504030,2026-09-09,100504,108,2026-09-09,30,357.37,MK,17,73,26088.01,2431.4,10055,2026-09-09,Y,2026-09-09,MOCKLOAD,2026-09-11 22:29:05
1005,505,100505001,2026-08-11,100505,109,2026-08-11,1,27.37,MK,28,50,1368.5,127.54,10051,2026-08-16,Y,2026-08-11,MOCKLOAD,2026-09-11 22:29:05
1005,505,100505002,2026-08-12,100505,112,2026-08-12,2,434.43,MK,19,42,18246.06,1700.53,10051,2026-08-16,Y,2026-08-12,MOCKLOAD,2026-09-11 22:29:05
1005,505,100505003,2026-08-13,100505,117,2026-08-13,3,262.93,MK,14,2,525.86,49.01,10051,2026-08-16,Y,2026-08-13,MOCKLOAD,2026-09-11 22:29:05
1005,505,100505004,2026-08-14,100505,117,2026-08-14,4,432.88,MK,19,12,5194.56,484.13,10051,2026-08-16,Y,2026-08-14,MOCKLOAD,2026-09-11 22:29:05
1005,505,100505005,2026-08-15,100505,102,2026-08-15,5,291.49,MK,29,53,15448.97,1439.84,10051,2026-08-16,Y,2026-08-15,MOCKLOAD,2026-09-11 22:29:05
1005,505,100505006,2026-08-16,100505,116,2026-08-16,6,421.91,MK,10,4,1687.64,157.29,10051,2026-08-16,Y,2026-08-16,MOCKLOAD,2026-09-11 22:29:05
1005,505,100505007,2026-08-17,100505,120,2026-08-17,7,41.36,MK,11,66,2729.76,254.41,10052,2026-08-22,Y,2026-08-17,MOCKLOAD,2026-09-11 22:29:05
1005,505,100505008,2026-08-18,100505,102,2026-08-18,8,320.93,MK,27,52,16688.36,1555.36,10052,2026-08-22,Y,2026-08-18,MOCKLOAD,2026-09-11 22:29:05
1005,505,100505009,2026-08-19,100505,105,2026-08-19,9,405.1,MK,26,56,22685.6,2114.3,10052,2026-08-22,Y,2026-08-19,MOCKLOAD,2026-09-11 22:29:05
1005,505,100505010,2026-08-20,100505,105,2026-08-20,10,443.11,MK,23,10,4431.1,412.98,10052,2026-08-22,Y,2026-08-20,MOCKLOAD,2026-09-11 22:29:05
1005,505,100505011,2026-08-21,100505,120,2026-08-21,11,483.93,MK,20,15,7258.95,676.53,10052,2026-08-22,Y,2026-08-21,MOCKLOAD,2026-09-11 22:29:05
1005,505,100505012,2026-08-22,100505,114,2026-08-22,12,256.16,MK,29,11,2817.76,262.62,10052,2026-08-22,Y,2026-08-22,MOCKLOAD,2026-09-11 22:29:05
1005,505,100505013,2026-08-23,100505,112,2026-08-23,13,160.46,MK,17,26,4171.96,388.83,10053,2026-08-28,Y,2026-08-23,MOCKLOAD,2026-09-11 22:29:05
1005,505,100505014,2026-08-24,100505,115,2026-08-24,14,401.68,MK,17,36,14460.48,1347.72,10053,2026-08-28,Y,2026-08-24,MOCKLOAD,2026-09-11 22:29:05
1005,505,100505015,2026-08-25,100505,101,2026-08-25,15,23.07,MK,14,92,2122.44,197.81,10053,2026-08-28,Y,2026-08-25,MOCKLOAD,2026-09-11 22:29:05
1005,505,100505016,2026-08-26,100505,105,2026-08-26,16,394.44,MK,28,3,1183.32,110.29,10053,2026-08-28,Y,2026-08-26,MOCKLOAD,2026-09-11 22:29:05
1005,505,100505017,2026-08-27,100505,103,2026-08-27,17,328.77,MK,12,30,9863.1,919.24,10053,2026-08-28,Y,2026-08-27,MOCKLOAD,2026-09-11 22:29:05
1005,505,100505018,2026-08-28,100505,117,2026-08-28,18,102.14,MK,18,18,1838.52,171.35,10053,2026-08-28,Y,2026-08-28,MOCKLOAD,2026-09-11 22:29:05
1005,505,100505019,2026-08-29,100505,114,2026-08-29,19,136.01,MK,15,71,9656.71,900.01,10054,2026-09-03,Y,2026-08-29,MOCKLOAD,2026-09-11 22:29:05
1005,505,100505020,2026-08-30,100505,119,2026-08-30,20,365.01,MK,18,48,17520.48,1632.91,10054,2026-09-03,Y,2026-08-30,MOCKLOAD,2026-09-11 22:29:05
1005,505,100505021,2026-08-31,100505,108,2026-08-31,21,53.8,MK,29,3,161.4,15.04,10054,2026-09-03,Y,2026-08-31,MOCKLOAD,2026-09-11 22:29:05
1005,505,100505022,2026-09-01,100505,111,2026-09-01,22,168.56,MK,25,4,674.24,62.84,10054,2026-09-03,Y,2026-09-01,MOCKLOAD,2026-09-11 22:29:05
1005,505,100505023,2026-09-02,100505,115,2026-09-02,23,301.37,MK,24,69,20794.53,1938.05,10054,2026-09-03,Y,2026-09-02,MOCKLOAD,2026-09-11 22:29:05
1005,505,100505024,2026-09-03,100505,107,2026-09-03,24,48.33,MK,18,25,1208.25,112.61,10054,2026-09-03,Y,2026-09-03,MOCKLOAD,2026-09-11 22:29:05
1005,505,100505025,2026-09-04,100505,111,2026-09-04,25,446.62,MK,25,11,4912.82,457.87,10055,2026-09-09,Y,2026-09-04,MOCKLOAD,2026-09-11 22:29:05
1005,505,100505026,2026-09-05,100505,103,2026-09-05,26,248.28,MK,21,35,8689.8,809.89,10055,2026-09-09,Y,2026-09-05,MOCKLOAD,2026-09-11 22:29:05
1005,505,100505027,2026-09-06,100505,115,2026-09-06,27,119.31,MK,29,38,4533.78,422.55,10055,2026-09-09,Y,2026-09-06,MOCKLOAD,2026-09-11 22:29:05
1005,505,100505028,2026-09-07,100505,105,2026-09-07,28,443.77,MK,21,16,7100.32,661.75,10055,2026-09-09,Y,2026-09-07,MOCKLOAD,2026-09-11 22:29:05
1005,505,100505029,2026-09-08,100505,114,2026-09-08,29,166.64,MK,29,49,8165.36,761.01,10055,2026-09-09,Y,2026-09-08,MOCKLOAD,2026-09-11 22:29:05
1005,505,100505030,2026-09-09,100505,109,2026-09-09,30,93.51,MK,26,3,280.53,26.15,10055,2026-09-09,Y,2026-09-09,MOCKLOAD,2026-09-11 22:29:05
1005,505,100506001,2026-08-11,100506,106,2026-08-11,1,283.82,MK,29,69,19583.58,1825.19,10051,2026-08-16,Y,2026-08-11,MOCKLOAD,2026-09-11 22:29:05
1005,505,100506002,2026-08-12,100506,101,2026-08-12,2,332.62,MK,13,34,11309.08,1054.01,10051,2026-08-16,Y,2026-08-12,MOCKLOAD,2026-09-11 22:29:05
1005,505,100506003,2026-08-13,100506,109,2026-08-13,3,174.66,MK,22,5,873.3,81.39,10051,2026-08-16,Y,2026-08-13,MOCKLOAD,2026-09-11 22:29:05
1005,505,100506004,2026-08-14,100506,103,2026-08-14,4,150.49,MK,14,99,14898.51,1388.54,10051,2026-08-16,Y,2026-08-14,MOCKLOAD,2026-09-11 22:29:05
1005,505,100506005,2026-08-15,100506,106,2026-08-15,5,489.75,MK,17,53,25956.75,2419.17,10051,2026-08-16,Y,2026-08-15,MOCKLOAD,2026-09-11 22:29:05
1005,505,100506006,2026-08-16,100506,119,2026-08-16,6,118.21,MK,15,45,5319.45,495.77,10051,2026-08-16,Y,2026-08-16,MOCKLOAD,2026-09-11 22:29:05
1005,505,100506007,2026-08-17,100506,116,2026-08-17,7,325.83,MK,27,94,30628.02,2854.53,10052,2026-08-22,Y,2026-08-17,MOCKLOAD,2026-09-11 22:29:05
1005,505,100506008,2026-08-18,100506,119,2026-08-18,8,257.53,MK,21,78,20087.34,1872.14,10052,2026-08-22,Y,2026-08-18,MOCKLOAD,2026-09-11 22:29:05
1005,505,100506009,2026-08-19,100506,114,2026-08-19,9,85.35,MK,18,92,7852.2,731.83,10052,2026-08-22,Y,2026-08-19,MOCKLOAD,2026-09-11 22:29:05
1005,505,100506010,2026-08-20,100506,101,2026-08-20,10,495.63,MK,20,93,46093.59,4295.92,10052,2026-08-22,Y,2026-08-20,MOCKLOAD,2026-09-11 22:29:05
1005,505,100506011,2026-08-21,100506,111,2026-08-21,11,223.52,MK,25,84,18775.68,1749.89,10052,2026-08-22,Y,2026-08-21,MOCKLOAD,2026-09-11 22:29:05
1005,505,100506012,2026-08-22,100506,108,2026-08-22,12,316.47,MK,24,38,12025.86,1120.81,10052,2026-08-22,Y,2026-08-22,MOCKLOAD,2026-09-11 22:29:05
1005,505,100506013,2026-08-23,100506,105,2026-08-23,13,454.1,MK,27,44,19980.4,1862.17,10053,2026-08-28,Y,2026-08-23,MOCKLOAD,2026-09-11 22:29:05
1005,505,100506014,2026-08-24,100506,105,2026-08-24,14,354.25,MK,26,82,29048.5,2707.32,10053,2026-08-28,Y,2026-08-24,MOCKLOAD,2026-09-11 22:29:05
1005,505,100506015,2026-08-25,100506,118,2026-08-25,15,446.99,MK,28,77,34418.23,3207.78,10053,2026-08-28,Y,2026-08-25,MOCKLOAD,2026-09-11 22:29:05
1005,505,100506016,2026-08-26,100506,110,2026-08-26,16,128.04,MK,25,40,5121.6,477.33,10053,2026-08-28,Y,2026-08-26,MOCKLOAD,2026-09-11 22:29:05
1005,505,100506017,2026-08-27,100506,120,2026-08-27,17,216.27,MK,22,16,3460.32,322.5,10053,2026-08-28,Y,2026-08-27,MOCKLOAD,2026-09-11 22:29:05
1005,505,100506018,2026-08-28,100506,112,2026-08-28,18,14.04,MK,28,10,140.4,13.09,10053,2026-08-28,Y,2026-08-28,MOCKLOAD,2026-09-11 22:29:05
1005,505,100506019,2026-08-29,100506,114,2026-08-29,19,339.25,MK,12,38,12891.5,1201.49,10054,2026-09-03,Y,2026-08-29,MOCKLOAD,2026-09-11 22:29:05
1005,505,100506020,2026-08-30,100506,107,2026-08-30,20,318.69,MK,14,92,29319.48,2732.58,10054,2026-09-03,Y,2026-08-30,MOCKLOAD,2026-09-11 22:29:05
1005,505,100506021,2026-08-31,100506,120,2026-08-31,21,51.07,MK,18,52,2655.64,247.51,10054,2026-09-03,Y,2026-08-31,MOCKLOAD,2026-09-11 22:29:05
1005,505,100506022,2026-09-01,100506,116,2026-09-01,22,425.2,MK,16,72,30614.4,2853.26,10054,2026-09-03,Y,2026-09-01,MOCKLOAD,2026-09-11 22:29:05
1005,505,100506023,2026-09-02,100506,116,2026-09-02,23,119.29,MK,10,69,8231.01,767.13,10054,2026-09-03,Y,2026-09-02,MOCKLOAD,2026-09-11 22:29:05
1005,505,100506024,2026-09-03,100506,103,2026-09-03,24,112.35,MK,13,92,10336.2,963.33,10054,2026-09-03,Y,2026-09-03,MOCKLOAD,2026-09-11 22:29:05
1005,505,100506025,2026-09-04,100506,110,2026-09-04,25,362.5,MK,21,72,26100,2432.52,10055,2026-09-09,Y,2026-09-04,MOCKLOAD,2026-09-11 22:29:05
1005,505,100506026,2026-09-05,100506,112,2026-09-05,26,89.94,MK,29,67,6025.98,561.62,10055,2026-09-09,Y,2026-09-05,MOCKLOAD,2026-09-11 22:29:05
1005,505,100506027,2026-09-06,100506,114,2026-09-06,27,360.82,MK,23,36,12989.52,1210.62,10055,2026-09-09,Y,2026-09-06,MOCKLOAD,2026-09-11 22:29:05
1005,505,100506028,2026-09-07,100506,108,2026-09-07,28,231.19,MK,28,93,21500.67,2003.86,10055,2026-09-09,Y,2026-09-07,MOCKLOAD,2026-09-11 22:29:05
1005,505,100506029,2026-09-08,100506,106,2026-09-08,29,465.53,MK,14,33,15362.49,1431.78,10055,2026-09-09,Y,2026-09-08,MOCKLOAD,2026-09-11 22:29:05
1005,505,100506030,2026-09-09,100506,114,2026-09-09,30,240.71,MK,19,43,10350.53,964.67,10055,2026-09-09,Y,2026-09-09,MOCKLOAD,2026-09-11 22:29:05
1005,505,100507001,2026-08-11,100507,105,2026-08-11,1,150.35,MK,27,81,12178.35,1135.02,10051,2026-08-16,Y,2026-08-11,MOCKLOAD,2026-09-11 22:29:05
1005,505,100507002,2026-08-12,100507,109,2026-08-12,2,286.99,MK,15,16,4591.84,427.96,10051,2026-08-16,Y,2026-08-12,MOCKLOAD,2026-09-11 22:29:05
1005,505,100507003,2026-08-13,100507,117,2026-08-13,3,266.81,MK,29,74,19743.94,1840.14,10051,2026-08-16,Y,2026-08-13,MOCKLOAD,2026-09-11 22:29:05
1005,505,100507004,2026-08-14,100507,120,2026-08-14,4,286.03,MK,25,50,14301.5,1332.9,10051,2026-08-16,Y,2026-08-14,MOCKLOAD,2026-09-11 22:29:05
1005,505,100507005,2026-08-15,100507,101,2026-08-15,5,230.79,MK,29,24,5538.96,516.23,10051,2026-08-16,Y,2026-08-15,MOCKLOAD,2026-09-11 22:29:05
1005,505,100507006,2026-08-16,100507,102,2026-08-16,6,258.73,MK,27,55,14230.15,1326.25,10051,2026-08-16,Y,2026-08-16,MOCKLOAD,2026-09-11 22:29:05
1005,505,100507007,2026-08-17,100507,110,2026-08-17,7,347.31,MK,17,81,28132.11,2621.91,10052,2026-08-22,Y,2026-08-17,MOCKLOAD,2026-09-11 22:29:05
1005,505,100507008,2026-08-18,100507,115,2026-08-18,8,86.76,MK,17,37,3210.12,299.18,10052,2026-08-22,Y,2026-08-18,MOCKLOAD,2026-09-11 22:29:05
1005,505,100507009,2026-08-19,100507,111,2026-08-19,9,116.97,MK,12,29,3392.13,316.15,10052,2026-08-22,Y,2026-08-19,MOCKLOAD,2026-09-11 22:29:05
1005,505,100507010,2026-08-20,100507,117,2026-08-20,10,165.17,MK,23,60,9910.2,923.63,10052,2026-08-22,Y,2026-08-20,MOCKLOAD,2026-09-11 22:29:05
1005,505,100507011,2026-08-21,100507,107,2026-08-21,11,275.55,MK,15,52,14328.6,1335.43,10052,2026-08-22,Y,2026-08-21,MOCKLOAD,2026-09-11 22:29:05
1005,505,100507012,2026-08-22,100507,103,2026-08-22,12,480.99,MK,22,54,25973.46,2420.73,10052,2026-08-22,Y,2026-08-22,MOCKLOAD,2026-09-11 22:29:05
1005,505,100507013,2026-08-23,100507,116,2026-08-23,13,340.25,MK,27,72,24498,2283.21,10053,2026-08-28,Y,2026-08-23,MOCKLOAD,2026-09-11 22:29:05
1005,505,100507014,2026-08-24,100507,116,2026-08-24,14,360.99,MK,11,94,33933.06,3162.56,10053,2026-08-28,Y,2026-08-24,MOCKLOAD,2026-09-11 22:29:05
1005,505,100507015,2026-08-25,100507,103,2026-08-25,15,55.37,MK,11,62,3432.94,319.95,10053,2026-08-28,Y,2026-08-25,MOCKLOAD,2026-09-11 22:29:05
1005,505,100507016,2026-08-26,100507,109,2026-08-26,16,242.84,MK,15,64,15541.76,1448.49,10053,2026-08-28,Y,2026-08-26,MOCKLOAD,2026-09-11 22:29:05
1005,505,100507017,2026-08-27,100507,113,2026-08-27,17,498.17,MK,19,96,47824.32,4457.23,10053,2026-08-28,Y,2026-08-27,MOCKLOAD,2026-09-11 22:29:05
1005,505,100507018,2026-08-28,100507,114,2026-08-28,18,88.15,MK,11,92,8109.8,755.83,10053,2026-08-28,Y,2026-08-28,MOCKLOAD,2026-09-11 22:29:05
1005,505,100507019,2026-08-29,100507,111,2026-08-29,19,123.58,MK,17,20,2471.6,230.35,10054,2026-09-03,Y,2026-08-29,MOCKLOAD,2026-09-11 22:29:05
1005,505,100507020,2026-08-30,100507,112,2026-08-30,20,282.91,MK,13,21,5941.11,553.71,10054,2026-09-03,Y,2026-08-30,MOCKLOAD,2026-09-11 22:29:05
1005,505,100507021,2026-08-31,100507,119,2026-08-31,21,162.8,MK,13,54,8791.2,819.34,10054,2026-09-03,Y,2026-08-31,MOCKLOAD,2026-09-11 22:29:05
1005,505,100507022,2026-09-01,100507,118,2026-09-01,22,327.17,MK,16,60,19630.2,1829.53,10054,2026-09-03,Y,2026-09-01,MOCKLOAD,2026-09-11 22:29:05
1005,505,100507023,2026-09-02,100507,105,2026-09-02,23,177.69,MK,26,49,8706.81,811.47,10054,2026-09-03,Y,2026-09-02,MOCKLOAD,2026-09-11 22:29:05
1005,505,100507024,2026-09-03,100507,111,2026-09-03,24,258.03,MK,15,97,25028.91,2332.69,10054,2026-09-03,Y,2026-09-03,MOCKLOAD,2026-09-11 22:29:05
1005,505,100507025,2026-09-04,100507,119,2026-09-04,25,119.12,MK,11,8,952.96,88.82,10055,2026-09-09,Y,2026-09-04,MOCKLOAD,2026-09-11 22:29:05
1005,505,100507026,2026-09-05,100507,105,2026-09-05,26,318.35,MK,23,42,13370.7,1246.15,10055,2026-09-09,Y,2026-09-05,MOCKLOAD,2026-09-11 22:29:05
1005,505,100507027,2026-09-06,100507,117,2026-09-06,27,335.34,MK,27,32,10730.88,1000.12,10055,2026-09-09,Y,2026-09-06,MOCKLOAD,2026-09-11 22:29:05
1005,505,100507028,2026-09-07,100507,107,2026-09-07,28,390.61,MK,23,60,23436.6,2184.29,10055,2026-09-09,Y,2026-09-07,MOCKLOAD,2026-09-11 22:29:05
1005,505,100507029,2026-09-08,100507,109,2026-09-08,29,401.14,MK,18,94,37707.16,3514.31,10055,2026-09-09,Y,2026-09-08,MOCKLOAD,2026-09-11 22:29:05
1005,505,100507030,2026-09-09,100507,105,2026-09-09,30,261.35,MK,23,79,20646.65,1924.27,10055,2026-09-09,Y,2026-09-09,MOCKLOAD,2026-09-11 22:29:05
1005,505,100508001,2026-08-11,100508,102,2026-08-11,1,412.39,MK,21,84,34640.76,3228.52,10051,2026-08-16,Y,2026-08-11,MOCKLOAD,2026-09-11 22:29:05
1005,505,100508002,2026-08-12,100508,109,2026-08-12,2,136.57,MK,15,98,13383.86,1247.38,10051,2026-08-16,Y,2026-08-12,MOCKLOAD,2026-09-11 22:29:05
1005,505,100508003,2026-08-13,100508,116,2026-08-13,3,35.47,MK,19,22,780.34,72.73,10051,2026-08-16,Y,2026-08-13,MOCKLOAD,2026-09-11 22:29:05
1005,505,100508004,2026-08-14,100508,113,2026-08-14,4,242.51,MK,17,53,12853.03,1197.9,10051,2026-08-16,Y,2026-08-14,MOCKLOAD,2026-09-11 22:29:05
1005,505,100508005,2026-08-15,100508,105,2026-08-15,5,461.37,MK,22,47,21684.39,2020.99,10051,2026-08-16,Y,2026-08-15,MOCKLOAD,2026-09-11 22:29:05
1005,505,100508006,2026-08-16,100508,113,2026-08-16,6,212.11,MK,28,99,20998.89,1957.1,10051,2026-08-16,Y,2026-08-16,MOCKLOAD,2026-09-11 22:29:05
1005,505,100508007,2026-08-17,100508,112,2026-08-17,7,47.04,MK,18,89,4186.56,390.19,10052,2026-08-22,Y,2026-08-17,MOCKLOAD,2026-09-11 22:29:05
1005,505,100508008,2026-08-18,100508,111,2026-08-18,8,327.62,MK,11,56,18346.72,1709.91,10052,2026-08-22,Y,2026-08-18,MOCKLOAD,2026-09-11 22:29:05
1005,505,100508009,2026-08-19,100508,106,2026-08-19,9,456.28,MK,22,15,6844.2,637.88,10052,2026-08-22,Y,2026-08-19,MOCKLOAD,2026-09-11 22:29:05
1005,505,100508010,2026-08-20,100508,118,2026-08-20,10,350.02,MK,18,94,32901.88,3066.46,10052,2026-08-22,Y,2026-08-20,MOCKLOAD,2026-09-11 22:29:05
1005,505,100508011,2026-08-21,100508,103,2026-08-21,11,46.99,MK,23,11,516.89,48.17,10052,2026-08-22,Y,2026-08-21,MOCKLOAD,2026-09-11 22:29:05
1005,505,100508012,2026-08-22,100508,102,2026-08-22,12,73.61,MK,25,46,3386.06,315.58,10052,2026-08-22,Y,2026-08-22,MOCKLOAD,2026-09-11 22:29:05
1005,505,100508013,2026-08-23,100508,105,2026-08-23,13,335.16,MK,20,22,7373.52,687.21,10053,2026-08-28,Y,2026-08-23,MOCKLOAD,2026-09-11 22:29:05
1005,505,100508014,2026-08-24,100508,110,2026-08-24,14,93.37,MK,29,38,3548.06,330.68,10053,2026-08-28,Y,2026-08-24,MOCKLOAD,2026-09-11 22:29:05
1005,505,100508015,2026-08-25,100508,112,2026-08-25,15,7.7,MK,29,81,623.7,58.13,10053,2026-08-28,Y,2026-08-25,MOCKLOAD,2026-09-11 22:29:05
1005,505,100508016,2026-08-26,100508,102,2026-08-26,16,36.71,MK,18,11,403.81,37.64,10053,2026-08-28,Y,2026-08-26,MOCKLOAD,2026-09-11 22:29:05
1005,505,100508017,2026-08-27,100508,114,2026-08-27,17,495.21,MK,29,2,990.42,92.31,10053,2026-08-28,Y,2026-08-27,MOCKLOAD,2026-09-11 22:29:05
1005,505,100508018,2026-08-28,100508,108,2026-08-28,18,413.25,MK,29,26,10744.5,1001.39,10053,2026-08-28,Y,2026-08-28,MOCKLOAD,2026-09-11 22:29:05
1005,505,100508019,2026-08-29,100508,120,2026-08-29,19,396.28,MK,23,89,35268.92,3287.06,10054,2026-09-03,Y,2026-08-29,MOCKLOAD,2026-09-11 22:29:05
1005,505,100508020,2026-08-30,100508,110,2026-08-30,20,60.38,MK,11,54,3260.52,303.88,10054,2026-09-03,Y,2026-08-30,MOCKLOAD,2026-09-11 22:29:05
1005,505,100508021,2026-08-31,100508,115,2026-08-31,21,444.56,MK,29,51,22672.56,2113.08,10054,2026-09-03,Y,2026-08-31,MOCKLOAD,2026-09-11 22:29:05
1005,505,100508022,2026-09-01,100508,111,2026-09-01,22,405.67,MK,21,1,405.67,37.81,10054,2026-09-03,Y,2026-09-01,MOCKLOAD,2026-09-11 22:29:05
1005,505,100508023,2026-09-02,100508,104,2026-09-02,23,487.45,MK,12,90,43870.5,4088.73,10054,2026-09-03,Y,2026-09-02,MOCKLOAD,2026-09-11 22:29:05
1005,505,100508024,2026-09-03,100508,118,2026-09-03,24,105.59,MK,13,100,10559,984.1,10054,2026-09-03,Y,2026-09-03,MOCKLOAD,2026-09-11 22:29:05
1005,505,100508025,2026-09-04,100508,106,2026-09-04,25,81.15,MK,17,33,2677.95,249.58,10055,2026-09-09,Y,2026-09-04,MOCKLOAD,2026-09-11 22:29:05
1005,505,100508026,2026-09-05,100508,111,2026-09-05,26,79.74,MK,14,89,7096.86,661.43,10055,2026-09-09,Y,2026-09-05,MOCKLOAD,2026-09-11 22:29:05
1005,505,100508027,2026-09-06,100508,105,2026-09-06,27,221.68,MK,22,46,10197.28,950.39,10055,2026-09-09,Y,2026-09-06,MOCKLOAD,2026-09-11 22:29:05
1005,505,100508028,2026-09-07,100508,105,2026-09-07,28,328.81,MK,24,83,27291.23,2543.54,10055,2026-09-09,Y,2026-09-07,MOCKLOAD,2026-09-11 22:29:05
1005,505,100508029,2026-09-08,100508,117,2026-09-08,29,180,MK,19,9,1620,150.98,10055,2026-09-09,Y,2026-09-08,MOCKLOAD,2026-09-11 22:29:05
1005,505,100508030,2026-09-09,100508,111,2026-09-09,30,323.71,MK,21,17,5503.07,512.89,10055,2026-09-09,Y,2026-09-09,MOCKLOAD,2026-09-11 22:29:05
1005,505,100509001,2026-08-11,100509,107,2026-08-11,1,182.44,MK,15,49,8939.56,833.17,10051,2026-08-16,Y,2026-08-11,MOCKLOAD,2026-09-11 22:29:05
1005,505,100509002,2026-08-12,100509,117,2026-08-12,2,149.41,MK,21,20,2988.2,278.5,10051,2026-08-16,Y,2026-08-12,MOCKLOAD,2026-09-11 22:29:05
1005,505,100509003,2026-08-13,100509,117,2026-08-13,3,126.69,MK,14,60,7601.4,708.45,10051,2026-08-16,Y,2026-08-13,MOCKLOAD,2026-09-11 22:29:05
1005,505,100509004,2026-08-14,100509,108,2026-08-14,4,350.81,MK,29,12,4209.72,392.35,10051,2026-08-16,Y,2026-08-14,MOCKLOAD,2026-09-11 22:29:05
1005,505,100509005,2026-08-15,100509,106,2026-08-15,5,486.87,MK,24,9,4381.83,408.39,10051,2026-08-16,Y,2026-08-15,MOCKLOAD,2026-09-11 22:29:05
1005,505,100509006,2026-08-16,100509,119,2026-08-16,6,53.73,MK,11,56,3008.88,280.43,10051,2026-08-16,Y,2026-08-16,MOCKLOAD,2026-09-11 22:29:05
1005,505,100509007,2026-08-17,100509,119,2026-08-17,7,216.76,MK,21,31,6719.56,626.26,10052,2026-08-22,Y,2026-08-17,MOCKLOAD,2026-09-11 22:29:05
1005,505,100509008,2026-08-18,100509,115,2026-08-18,8,243.35,MK,22,72,17521.2,1632.98,10052,2026-08-22,Y,2026-08-18,MOCKLOAD,2026-09-11 22:29:05
1005,505,100509009,2026-08-19,100509,116,2026-08-19,9,133.36,MK,19,34,4534.24,422.59,10052,2026-08-22,Y,2026-08-19,MOCKLOAD,2026-09-11 22:29:05
1005,505,100509010,2026-08-20,100509,103,2026-08-20,10,170.3,MK,11,75,12772.5,1190.4,10052,2026-08-22,Y,2026-08-20,MOCKLOAD,2026-09-11 22:29:05
1005,505,100509011,2026-08-21,100509,117,2026-08-21,11,84.09,MK,10,5,420.45,39.19,10052,2026-08-22,Y,2026-08-21,MOCKLOAD,2026-09-11 22:29:05
1005,505,100509012,2026-08-22,100509,105,2026-08-22,12,48.74,MK,25,23,1121.02,104.48,10052,2026-08-22,Y,2026-08-22,MOCKLOAD,2026-09-11 22:29:05
1005,505,100509013,2026-08-23,100509,112,2026-08-23,13,47.29,MK,28,41,1938.89,180.7,10053,2026-08-28,Y,2026-08-23,MOCKLOAD,2026-09-11 22:29:05
1005,505,100509014,2026-08-24,100509,115,2026-08-24,14,411.3,MK,28,99,40718.7,3794.98,10053,2026-08-28,Y,2026-08-24,MOCKLOAD,2026-09-11 22:29:05
1005,505,100509015,2026-08-25,100509,104,2026-08-25,15,310.51,MK,28,21,6520.71,607.73,10053,2026-08-28,Y,2026-08-25,MOCKLOAD,2026-09-11 22:29:05
1005,505,100509016,2026-08-26,100509,112,2026-08-26,16,189.82,MK,22,79,14995.78,1397.61,10053,2026-08-28,Y,2026-08-26,MOCKLOAD,2026-09-11 22:29:05
1005,505,100509017,2026-08-27,100509,111,2026-08-27,17,134.11,MK,14,65,8717.15,812.44,10053,2026-08-28,Y,2026-08-27,MOCKLOAD,2026-09-11 22:29:05
1005,505,100509018,2026-08-28,100509,106,2026-08-28,18,218.27,MK,19,27,5893.29,549.25,10053,2026-08-28,Y,2026-08-28,MOCKLOAD,2026-09-11 22:29:05
1005,505,100509019,2026-08-29,100509,114,2026-08-29,19,354.18,MK,17,3,1062.54,99.03,10054,2026-09-03,Y,2026-08-29,MOCKLOAD,2026-09-11 22:29:05
1005,505,100509020,2026-08-30,100509,118,2026-08-30,20,307.09,MK,18,5,1535.45,143.1,10054,2026-09-03,Y,2026-08-30,MOCKLOAD,2026-09-11 22:29:05
1005,505,100509021,2026-08-31,100509,110,2026-08-31,21,350.83,MK,25,21,7367.43,686.64,10054,2026-09-03,Y,2026-08-31,MOCKLOAD,2026-09-11 22:29:05
1005,505,100509022,2026-09-01,100509,114,2026-09-01,22,47.79,MK,16,47,2246.13,209.34,10054,2026-09-03,Y,2026-09-01,MOCKLOAD,2026-09-11 22:29:05
1005,505,100509023,2026-09-02,100509,117,2026-09-02,23,217.39,MK,25,45,9782.55,911.73,10054,2026-09-03,Y,2026-09-02,MOCKLOAD,2026-09-11 22:29:05
1005,505,100509024,2026-09-03,100509,115,2026-09-03,24,110.79,MK,14,21,2326.59,216.84,10054,2026-09-03,Y,2026-09-03,MOCKLOAD,2026-09-11 22:29:05
1005,505,100509025,2026-09-04,100509,112,2026-09-04,25,75.35,MK,29,38,2863.3,266.86,10055,2026-09-09,Y,2026-09-04,MOCKLOAD,2026-09-11 22:29:05
1005,505,100509026,2026-09-05,100509,109,2026-09-05,26,366.43,MK,11,97,35543.71,3312.67,10055,2026-09-09,Y,2026-09-05,MOCKLOAD,2026-09-11 22:29:05
1005,505,100509027,2026-09-06,100509,108,2026-09-06,27,492.87,MK,24,3,1478.61,137.81,10055,2026-09-09,Y,2026-09-06,MOCKLOAD,2026-09-11 22:29:05
1005,505,100509028,2026-09-07,100509,119,2026-09-07,28,213.27,MK,18,52,11090.04,1033.59,10055,2026-09-09,Y,2026-09-07,MOCKLOAD,2026-09-11 22:29:05
1005,505,100509029,2026-09-08,100509,114,2026-09-08,29,112.51,MK,29,28,3150.28,293.61,10055,2026-09-09,Y,2026-09-08,MOCKLOAD,2026-09-11 22:29:05
1005,505,100509030,2026-09-09,100509,115,2026-09-09,30,352.26,MK,17,57,20078.82,1871.35,10055,2026-09-09,Y,2026-09-09,MOCKLOAD,2026-09-11 22:29:05
1005,505,100510001,2026-08-11,100510,120,2026-08-11,1,402.66,MK,10,12,4831.92,450.33,10051,2026-08-16,Y,2026-08-11,MOCKLOAD,2026-09-11 22:29:05
1005,505,100510002,2026-08-12,100510,103,2026-08-12,2,309.45,MK,20,71,21970.95,2047.69,10051,2026-08-16,Y,2026-08-12,MOCKLOAD,2026-09-11 22:29:05
1005,505,100510003,2026-08-13,100510,107,2026-08-13,3,494.92,MK,26,70,34644.4,3228.86,10051,2026-08-16,Y,2026-08-13,MOCKLOAD,2026-09-11 22:29:05
1005,505,100510004,2026-08-14,100510,108,2026-08-14,4,307.1,MK,13,3,921.3,85.87,10051,2026-08-16,Y,2026-08-14,MOCKLOAD,2026-09-11 22:29:05
1005,505,100510005,2026-08-15,100510,115,2026-08-15,5,12.29,MK,17,78,958.62,89.34,10051,2026-08-16,Y,2026-08-15,MOCKLOAD,2026-09-11 22:29:05
1005,505,100510006,2026-08-16,100510,111,2026-08-16,6,499.83,MK,24,51,25491.33,2375.79,10051,2026-08-16,Y,2026-08-16,MOCKLOAD,2026-09-11 22:29:05
1005,505,100510007,2026-08-17,100510,101,2026-08-17,7,378,MK,22,36,13608,1268.27,10052,2026-08-22,Y,2026-08-17,MOCKLOAD,2026-09-11 22:29:05
1005,505,100510008,2026-08-18,100510,119,2026-08-18,8,462.99,MK,16,36,16667.64,1553.42,10052,2026-08-22,Y,2026-08-18,MOCKLOAD,2026-09-11 22:29:05
1005,505,100510009,2026-08-19,100510,108,2026-08-19,9,278.25,MK,28,84,23373,2178.36,10052,2026-08-22,Y,2026-08-19,MOCKLOAD,2026-09-11 22:29:05
1005,505,100510010,2026-08-20,100510,104,2026-08-20,10,109.46,MK,19,84,9194.64,856.94,10052,2026-08-22,Y,2026-08-20,MOCKLOAD,2026-09-11 22:29:05
1005,505,100510011,2026-08-21,100510,115,2026-08-21,11,184.91,MK,12,13,2403.83,224.04,10052,2026-08-22,Y,2026-08-21,MOCKLOAD,2026-09-11 22:29:05
1005,505,100510012,2026-08-22,100510,110,2026-08-22,12,272.5,MK,20,89,24252.5,2260.33,10052,2026-08-22,Y,2026-08-22,MOCKLOAD,2026-09-11 22:29:05
1005,505,100510013,2026-08-23,100510,116,2026-08-23,13,142.06,MK,13,17,2415.02,225.08,10053,2026-08-28,Y,2026-08-23,MOCKLOAD,2026-09-11 22:29:05
1005,505,100510014,2026-08-24,100510,105,2026-08-24,14,204.5,MK,27,57,11656.5,1086.39,10053,2026-08-28,Y,2026-08-24,MOCKLOAD,2026-09-11 22:29:05
1005,505,100510015,2026-08-25,100510,111,2026-08-25,15,29.27,MK,23,22,643.94,60.02,10053,2026-08-28,Y,2026-08-25,MOCKLOAD,2026-09-11 22:29:05
1005,505,100510016,2026-08-26,100510,116,2026-08-26,16,460.47,MK,21,20,9209.4,858.32,10053,2026-08-28,Y,2026-08-26,MOCKLOAD,2026-09-11 22:29:05
1005,505,100510017,2026-08-27,100510,117,2026-08-27,17,306.25,MK,18,52,15925,1484.21,10053,2026-08-28,Y,2026-08-27,MOCKLOAD,2026-09-11 22:29:05
1005,505,100510018,2026-08-28,100510,119,2026-08-28,18,97.93,MK,24,16,1566.88,146.03,10053,2026-08-28,Y,2026-08-28,MOCKLOAD,2026-09-11 22:29:05
1005,505,100510019,2026-08-29,100510,117,2026-08-29,19,90.97,MK,24,17,1546.49,144.13,10054,2026-09-03,Y,2026-08-29,MOCKLOAD,2026-09-11 22:29:05
1005,505,100510020,2026-08-30,100510,101,2026-08-30,20,148.12,MK,16,72,10664.64,993.94,10054,2026-09-03,Y,2026-08-30,MOCKLOAD,2026-09-11 22:29:05
1005,505,100510021,2026-08-31,100510,115,2026-08-31,21,263.41,MK,16,14,3687.74,343.7,10054,2026-09-03,Y,2026-08-31,MOCKLOAD,2026-09-11 22:29:05
1005,505,100510022,2026-09-01,100510,120,2026-09-01,22,34.95,MK,16,15,524.25,48.86,10054,2026-09-03,Y,2026-09-01,MOCKLOAD,2026-09-11 22:29:05
1005,505,100510023,2026-09-02,100510,118,2026-09-02,23,176.7,MK,29,100,17670,1646.84,10054,2026-09-03,Y,2026-09-02,MOCKLOAD,2026-09-11 22:29:05
1005,505,100510024,2026-09-03,100510,118,2026-09-03,24,453.74,MK,14,39,17695.86,1649.25,10054,2026-09-03,Y,2026-09-03,MOCKLOAD,2026-09-11 22:29:05
1005,505,100510025,2026-09-04,100510,115,2026-09-04,25,453.8,MK,11,85,38573,3595,10055,2026-09-09,Y,2026-09-04,MOCKLOAD,2026-09-11 22:29:05
1005,505,100510026,2026-09-05,100510,111,2026-09-05,26,16.08,MK,29,79,1270.32,118.39,10055,2026-09-09,Y,2026-09-05,MOCKLOAD,2026-09-11 22:29:05
1005,505,100510027,2026-09-06,100510,104,2026-09-06,27,72.53,MK,11,11,797.83,74.36,10055,2026-09-09,Y,2026-09-06,MOCKLOAD,2026-09-11 22:29:05
1005,505,100510028,2026-09-07,100510,112,2026-09-07,28,141.5,MK,14,37,5235.5,487.95,10055,2026-09-09,Y,2026-09-07,MOCKLOAD,2026-09-11 22:29:05
1005,505,100510029,2026-09-08,100510,111,2026-09-08,29,305.49,MK,16,79,24133.71,2249.26,10055,2026-09-09,Y,2026-09-08,MOCKLOAD,2026-09-11 22:29:05
1005,505,100510030,2026-09-09,100510,109,2026-09-09,30,83.48,MK,13,31,2587.88,241.19,10055,2026-09-09,Y,2026-09-09,MOCKLOAD,2026-09-11 22:29:05
1006,506,100601001,2026-08-11,100601,118,2026-08-11,1,317.42,OI,24,59,18727.78,2344.72,10061,2026-08-16,Y,2026-08-11,MOCKLOAD,2026-09-11 22:29:05
1006,506,100601002,2026-08-12,100601,112,2026-08-12,2,217,OI,21,92,19964,2499.49,10061,2026-08-16,Y,2026-08-12,MOCKLOAD,2026-09-11 22:29:05
1006,506,100601003,2026-08-13,100601,119,2026-08-13,3,336.59,OI,27,57,19185.63,2402.04,10061,2026-08-16,Y,2026-08-13,MOCKLOAD,2026-09-11 22:29:05
1006,506,100601004,2026-08-14,100601,101,2026-08-14,4,255.06,OI,22,23,5866.38,734.47,10061,2026-08-16,Y,2026-08-14,MOCKLOAD,2026-09-11 22:29:05
1006,506,100601005,2026-08-15,100601,113,2026-08-15,5,69.16,OI,27,68,4702.88,588.8,10061,2026-08-16,Y,2026-08-15,MOCKLOAD,2026-09-11 22:29:05
1006,506,100601006,2026-08-16,100601,110,2026-08-16,6,76.85,OI,13,2,153.7,19.24,10061,2026-08-16,Y,2026-08-16,MOCKLOAD,2026-09-11 22:29:05
1006,506,100601007,2026-08-17,100601,101,2026-08-17,7,230.23,OI,16,52,11971.96,1498.89,10062,2026-08-22,Y,2026-08-17,MOCKLOAD,2026-09-11 22:29:05
1006,506,100601008,2026-08-18,100601,114,2026-08-18,8,234.2,OI,23,33,7728.6,967.62,10062,2026-08-22,Y,2026-08-18,MOCKLOAD,2026-09-11 22:29:05
1006,506,100601009,2026-08-19,100601,104,2026-08-19,9,456.65,OI,14,87,39728.55,4974.01,10062,2026-08-22,Y,2026-08-19,MOCKLOAD,2026-09-11 22:29:05
1006,506,100601010,2026-08-20,100601,102,2026-08-20,10,368.25,OI,19,99,36456.75,4564.39,10062,2026-08-22,Y,2026-08-20,MOCKLOAD,2026-09-11 22:29:05
1006,506,100601011,2026-08-21,100601,104,2026-08-21,11,427.27,OI,23,10,4272.7,534.94,10062,2026-08-22,Y,2026-08-21,MOCKLOAD,2026-09-11 22:29:05
1006,506,100601012,2026-08-22,100601,120,2026-08-22,12,397.96,OI,17,83,33030.68,4135.44,10062,2026-08-22,Y,2026-08-22,MOCKLOAD,2026-09-11 22:29:05
1006,506,100601013,2026-08-23,100601,116,2026-08-23,13,450.26,OI,27,36,16209.36,2029.41,10063,2026-08-28,Y,2026-08-23,MOCKLOAD,2026-09-11 22:29:05
1006,506,100601014,2026-08-24,100601,110,2026-08-24,14,266.91,OI,14,26,6939.66,868.85,10063,2026-08-28,Y,2026-08-24,MOCKLOAD,2026-09-11 22:29:05
1006,506,100601015,2026-08-25,100601,106,2026-08-25,15,316.5,OI,24,91,28801.5,3605.95,10063,2026-08-28,Y,2026-08-25,MOCKLOAD,2026-09-11 22:29:05
1006,506,100601016,2026-08-26,100601,115,2026-08-26,16,46.09,OI,12,80,3687.2,461.64,10063,2026-08-28,Y,2026-08-26,MOCKLOAD,2026-09-11 22:29:05
1006,506,100601017,2026-08-27,100601,118,2026-08-27,17,11.29,OI,23,72,812.88,101.77,10063,2026-08-28,Y,2026-08-27,MOCKLOAD,2026-09-11 22:29:05
1006,506,100601018,2026-08-28,100601,116,2026-08-28,18,349.37,OI,27,5,1746.85,218.71,10063,2026-08-28,Y,2026-08-28,MOCKLOAD,2026-09-11 22:29:05
1006,506,100601019,2026-08-29,100601,116,2026-08-29,19,124.33,OI,20,85,10568.05,1323.12,10064,2026-09-03,Y,2026-08-29,MOCKLOAD,2026-09-11 22:29:05
1006,506,100601020,2026-08-30,100601,105,2026-08-30,20,254.37,OI,13,73,18569.01,2324.84,10064,2026-09-03,Y,2026-08-30,MOCKLOAD,2026-09-11 22:29:05
1006,506,100601021,2026-08-31,100601,103,2026-08-31,21,489.76,OI,25,18,8815.68,1103.72,10064,2026-09-03,Y,2026-08-31,MOCKLOAD,2026-09-11 22:29:05
1006,506,100601022,2026-09-01,100601,112,2026-09-01,22,187.03,OI,22,48,8977.44,1123.98,10064,2026-09-03,Y,2026-09-01,MOCKLOAD,2026-09-11 22:29:05
1006,506,100601023,2026-09-02,100601,116,2026-09-02,23,449.97,OI,23,27,12149.19,1521.08,10064,2026-09-03,Y,2026-09-02,MOCKLOAD,2026-09-11 22:29:05
1006,506,100601024,2026-09-03,100601,120,2026-09-03,24,410.82,OI,27,59,24238.38,3034.65,10064,2026-09-03,Y,2026-09-03,MOCKLOAD,2026-09-11 22:29:05
1006,506,100601025,2026-09-04,100601,105,2026-09-04,25,12.54,OI,17,4,50.16,6.28,10065,2026-09-09,Y,2026-09-04,MOCKLOAD,2026-09-11 22:29:05
1006,506,100601026,2026-09-05,100601,110,2026-09-05,26,100.83,OI,13,86,8671.38,1085.66,10065,2026-09-09,Y,2026-09-05,MOCKLOAD,2026-09-11 22:29:05
1006,506,100601027,2026-09-06,100601,113,2026-09-06,27,199.09,OI,12,35,6968.15,872.41,10065,2026-09-09,Y,2026-09-06,MOCKLOAD,2026-09-11 22:29:05
1006,506,100601028,2026-09-07,100601,116,2026-09-07,28,208.81,OI,23,92,19210.52,2405.16,10065,2026-09-09,Y,2026-09-07,MOCKLOAD,2026-09-11 22:29:05
1006,506,100601029,2026-09-08,100601,117,2026-09-08,29,487.03,OI,23,37,18020.11,2256.12,10065,2026-09-09,Y,2026-09-08,MOCKLOAD,2026-09-11 22:29:05
1006,506,100601030,2026-09-09,100601,105,2026-09-09,30,294.4,OI,22,10,2944,368.59,10065,2026-09-09,Y,2026-09-09,MOCKLOAD,2026-09-11 22:29:05
1006,506,100602001,2026-08-11,100602,115,2026-08-11,1,418.71,OI,13,22,9211.62,1153.29,10061,2026-08-16,Y,2026-08-11,MOCKLOAD,2026-09-11 22:29:05
1006,506,100602002,2026-08-12,100602,120,2026-08-12,2,300.48,OI,22,25,7512,940.5,10061,2026-08-16,Y,2026-08-12,MOCKLOAD,2026-09-11 22:29:05
1006,506,100602003,2026-08-13,100602,117,2026-08-13,3,89.48,OI,15,68,6084.64,761.8,10061,2026-08-16,Y,2026-08-13,MOCKLOAD,2026-09-11 22:29:05
1006,506,100602004,2026-08-14,100602,104,2026-08-14,4,243.22,OI,25,31,7539.82,943.99,10061,2026-08-16,Y,2026-08-14,MOCKLOAD,2026-09-11 22:29:05
1006,506,100602005,2026-08-15,100602,104,2026-08-15,5,413.43,OI,19,99,40929.57,5124.38,10061,2026-08-16,Y,2026-08-15,MOCKLOAD,2026-09-11 22:29:05
1006,506,100602006,2026-08-16,100602,119,2026-08-16,6,467.14,OI,22,99,46246.86,5790.11,10061,2026-08-16,Y,2026-08-16,MOCKLOAD,2026-09-11 22:29:05
1006,506,100602007,2026-08-17,100602,119,2026-08-17,7,358.12,OI,25,30,10743.6,1345.1,10062,2026-08-22,Y,2026-08-17,MOCKLOAD,2026-09-11 22:29:05
1006,506,100602008,2026-08-18,100602,103,2026-08-18,8,89.85,OI,16,22,1976.7,247.48,10062,2026-08-22,Y,2026-08-18,MOCKLOAD,2026-09-11 22:29:05
1006,506,100602009,2026-08-19,100602,107,2026-08-19,9,341.24,OI,29,37,12625.88,1580.76,10062,2026-08-22,Y,2026-08-19,MOCKLOAD,2026-09-11 22:29:05
1006,506,100602010,2026-08-20,100602,116,2026-08-20,10,58.92,OI,19,2,117.84,14.75,10062,2026-08-22,Y,2026-08-20,MOCKLOAD,2026-09-11 22:29:05
1006,506,100602011,2026-08-21,100602,115,2026-08-21,11,350.09,OI,27,79,27657.11,3462.67,10062,2026-08-22,Y,2026-08-21,MOCKLOAD,2026-09-11 22:29:05
1006,506,100602012,2026-08-22,100602,115,2026-08-22,12,88.83,OI,21,35,3109.05,389.25,10062,2026-08-22,Y,2026-08-22,MOCKLOAD,2026-09-11 22:29:05
1006,506,100602013,2026-08-23,100602,104,2026-08-23,13,292.32,OI,17,27,7892.64,988.16,10063,2026-08-28,Y,2026-08-23,MOCKLOAD,2026-09-11 22:29:05
1006,506,100602014,2026-08-24,100602,106,2026-08-24,14,75.56,OI,13,93,7027.08,879.79,10063,2026-08-28,Y,2026-08-24,MOCKLOAD,2026-09-11 22:29:05
1006,506,100602015,2026-08-25,100602,119,2026-08-25,15,283.86,OI,14,89,25263.54,3163,10063,2026-08-28,Y,2026-08-25,MOCKLOAD,2026-09-11 22:29:05
1006,506,100602016,2026-08-26,100602,110,2026-08-26,16,168.62,OI,23,35,5901.7,738.89,10063,2026-08-28,Y,2026-08-26,MOCKLOAD,2026-09-11 22:29:05
1006,506,100602017,2026-08-27,100602,118,2026-08-27,17,275.56,OI,19,47,12951.32,1621.51,10063,2026-08-28,Y,2026-08-27,MOCKLOAD,2026-09-11 22:29:05
1006,506,100602018,2026-08-28,100602,109,2026-08-28,18,383.61,OI,15,29,11124.69,1392.81,10063,2026-08-28,Y,2026-08-28,MOCKLOAD,2026-09-11 22:29:05
1006,506,100602019,2026-08-29,100602,108,2026-08-29,19,346.43,OI,24,76,26328.68,3296.35,10064,2026-09-03,Y,2026-08-29,MOCKLOAD,2026-09-11 22:29:05
1006,506,100602020,2026-08-30,100602,109,2026-08-30,20,90.71,OI,29,36,3265.56,408.85,10064,2026-09-03,Y,2026-08-30,MOCKLOAD,2026-09-11 22:29:05
1006,506,100602021,2026-08-31,100602,111,2026-08-31,21,131.74,OI,25,65,8563.1,1072.1,10064,2026-09-03,Y,2026-08-31,MOCKLOAD,2026-09-11 22:29:05
1006,506,100602022,2026-09-01,100602,105,2026-09-01,22,414.33,OI,26,12,4971.96,622.49,10064,2026-09-03,Y,2026-09-01,MOCKLOAD,2026-09-11 22:29:05
1006,506,100602023,2026-09-02,100602,116,2026-09-02,23,186.6,OI,14,53,9889.8,1238.2,10064,2026-09-03,Y,2026-09-02,MOCKLOAD,2026-09-11 22:29:05
1006,506,100602024,2026-09-03,100602,120,2026-09-03,24,196.27,OI,27,57,11187.39,1400.66,10064,2026-09-03,Y,2026-09-03,MOCKLOAD,2026-09-11 22:29:05
1006,506,100602025,2026-09-04,100602,103,2026-09-04,25,331.64,OI,23,21,6964.44,871.95,10065,2026-09-09,Y,2026-09-04,MOCKLOAD,2026-09-11 22:29:05
1006,506,100602026,2026-09-05,100602,108,2026-09-05,26,287.69,OI,20,15,4315.35,540.28,10065,2026-09-09,Y,2026-09-05,MOCKLOAD,2026-09-11 22:29:05
1006,506,100602027,2026-09-06,100602,105,2026-09-06,27,488.58,OI,14,36,17588.88,2202.13,10065,2026-09-09,Y,2026-09-06,MOCKLOAD,2026-09-11 22:29:05
1006,506,100602028,2026-09-07,100602,104,2026-09-07,28,22.51,OI,26,78,1755.78,219.82,10065,2026-09-09,Y,2026-09-07,MOCKLOAD,2026-09-11 22:29:05
1006,506,100602029,2026-09-08,100602,113,2026-09-08,29,37.39,OI,20,34,1271.26,159.16,10065,2026-09-09,Y,2026-09-08,MOCKLOAD,2026-09-11 22:29:05
1006,506,100602030,2026-09-09,100602,102,2026-09-09,30,156.69,OI,27,62,9714.78,1216.29,10065,2026-09-09,Y,2026-09-09,MOCKLOAD,2026-09-11 22:29:05
1006,506,100603001,2026-08-11,100603,119,2026-08-11,1,123.63,OI,27,81,10014.03,1253.76,10061,2026-08-16,Y,2026-08-11,MOCKLOAD,2026-09-11 22:29:05
1006,506,100603002,2026-08-12,100603,101,2026-08-12,2,284.81,OI,20,80,22784.8,2852.66,10061,2026-08-16,Y,2026-08-12,MOCKLOAD,2026-09-11 22:29:05
1006,506,100603003,2026-08-13,100603,111,2026-08-13,3,9.84,OI,15,22,216.48,27.1,10061,2026-08-16,Y,2026-08-13,MOCKLOAD,2026-09-11 22:29:05
1006,506,100603004,2026-08-14,100603,109,2026-08-14,4,154.26,OI,20,20,3085.2,386.27,10061,2026-08-16,Y,2026-08-14,MOCKLOAD,2026-09-11 22:29:05
1006,506,100603005,2026-08-15,100603,117,2026-08-15,5,116.98,OI,15,34,3977.32,497.96,10061,2026-08-16,Y,2026-08-15,MOCKLOAD,2026-09-11 22:29:05
1006,506,100603006,2026-08-16,100603,118,2026-08-16,6,127.57,OI,24,76,9695.32,1213.85,10061,2026-08-16,Y,2026-08-16,MOCKLOAD,2026-09-11 22:29:05
1006,506,100603007,2026-08-17,100603,105,2026-08-17,7,132.42,OI,29,4,529.68,66.32,10062,2026-08-22,Y,2026-08-17,MOCKLOAD,2026-09-11 22:29:05
1006,506,100603008,2026-08-18,100603,111,2026-08-18,8,323.49,OI,22,94,30408.06,3807.09,10062,2026-08-22,Y,2026-08-18,MOCKLOAD,2026-09-11 22:29:05
1006,506,100603009,2026-08-19,100603,102,2026-08-19,9,42.13,OI,27,29,1221.77,152.97,10062,2026-08-22,Y,2026-08-19,MOCKLOAD,2026-09-11 22:29:05
1006,506,100603010,2026-08-20,100603,111,2026-08-20,10,240.21,OI,12,26,6245.46,781.93,10062,2026-08-22,Y,2026-08-20,MOCKLOAD,2026-09-11 22:29:05
1006,506,100603011,2026-08-21,100603,103,2026-08-21,11,135.22,OI,28,30,4056.6,507.89,10062,2026-08-22,Y,2026-08-21,MOCKLOAD,2026-09-11 22:29:05
1006,506,100603012,2026-08-22,100603,108,2026-08-22,12,247.14,OI,13,82,20265.48,2537.24,10062,2026-08-22,Y,2026-08-22,MOCKLOAD,2026-09-11 22:29:05
1006,506,100603013,2026-08-23,100603,116,2026-08-23,13,61.23,OI,12,3,183.69,23,10063,2026-08-28,Y,2026-08-23,MOCKLOAD,2026-09-11 22:29:05
1006,506,100603014,2026-08-24,100603,111,2026-08-24,14,384.62,OI,18,47,18077.14,2263.26,10063,2026-08-28,Y,2026-08-24,MOCKLOAD,2026-09-11 22:29:05
1006,506,100603015,2026-08-25,100603,116,2026-08-25,15,459.32,OI,29,5,2296.6,287.53,10063,2026-08-28,Y,2026-08-25,MOCKLOAD,2026-09-11 22:29:05
1006,506,100603016,2026-08-26,100603,114,2026-08-26,16,414.35,OI,23,91,37705.85,4720.77,10063,2026-08-28,Y,2026-08-26,MOCKLOAD,2026-09-11 22:29:05
1006,506,100603017,2026-08-27,100603,101,2026-08-27,17,187.45,OI,21,59,11059.55,1384.66,10063,2026-08-28,Y,2026-08-27,MOCKLOAD,2026-09-11 22:29:05
1006,506,100603018,2026-08-28,100603,112,2026-08-28,18,487.01,OI,17,81,39447.81,4938.87,10063,2026-08-28,Y,2026-08-28,MOCKLOAD,2026-09-11 22:29:05
1006,506,100603019,2026-08-29,100603,110,2026-08-29,19,454.95,OI,16,99,45040.05,5639.01,10064,2026-09-03,Y,2026-08-29,MOCKLOAD,2026-09-11 22:29:05
1006,506,100603020,2026-08-30,100603,104,2026-08-30,20,190.26,OI,19,11,2092.86,262.03,10064,2026-09-03,Y,2026-08-30,MOCKLOAD,2026-09-11 22:29:05
1006,506,100603021,2026-08-31,100603,109,2026-08-31,21,359.13,OI,10,44,15801.72,1978.38,10064,2026-09-03,Y,2026-08-31,MOCKLOAD,2026-09-11 22:29:05
1006,506,100603022,2026-09-01,100603,102,2026-09-01,22,176.7,OI,14,10,1767,221.23,10064,2026-09-03,Y,2026-09-01,MOCKLOAD,2026-09-11 22:29:05
1006,506,100603023,2026-09-02,100603,117,2026-09-02,23,77.41,OI,27,14,1083.74,135.68,10064,2026-09-03,Y,2026-09-02,MOCKLOAD,2026-09-11 22:29:05
1006,506,100603024,2026-09-03,100603,117,2026-09-03,24,282.34,OI,23,59,16658.06,2085.59,10064,2026-09-03,Y,2026-09-03,MOCKLOAD,2026-09-11 22:29:05
1006,506,100603025,2026-09-04,100603,118,2026-09-04,25,287.53,OI,13,68,19552.04,2447.92,10065,2026-09-09,Y,2026-09-04,MOCKLOAD,2026-09-11 22:29:05
1006,506,100603026,2026-09-05,100603,109,2026-09-05,26,342.37,OI,26,99,33894.63,4243.61,10065,2026-09-09,Y,2026-09-05,MOCKLOAD,2026-09-11 22:29:05
1006,506,100603027,2026-09-06,100603,112,2026-09-06,27,71.96,OI,21,96,6908.16,864.9,10065,2026-09-09,Y,2026-09-06,MOCKLOAD,2026-09-11 22:29:05
1006,506,100603028,2026-09-07,100603,110,2026-09-07,28,203.57,OI,25,75,15267.75,1911.52,10065,2026-09-09,Y,2026-09-07,MOCKLOAD,2026-09-11 22:29:05
1006,506,100603029,2026-09-08,100603,107,2026-09-08,29,15.02,OI,25,4,60.08,7.52,10065,2026-09-09,Y,2026-09-08,MOCKLOAD,2026-09-11 22:29:05
1006,506,100603030,2026-09-09,100603,106,2026-09-09,30,47.24,OI,18,67,3165.08,396.27,10065,2026-09-09,Y,2026-09-09,MOCKLOAD,2026-09-11 22:29:05
1006,506,100604001,2026-08-11,100604,116,2026-08-11,1,249.36,OI,22,95,23689.2,2965.89,10061,2026-08-16,Y,2026-08-11,MOCKLOAD,2026-09-11 22:29:05
1006,506,100604002,2026-08-12,100604,120,2026-08-12,2,98.04,OI,29,62,6078.48,761.03,10061,2026-08-16,Y,2026-08-12,MOCKLOAD,2026-09-11 22:29:05
1006,506,100604003,2026-08-13,100604,104,2026-08-13,3,250.02,OI,29,51,12751.02,1596.43,10061,2026-08-16,Y,2026-08-13,MOCKLOAD,2026-09-11 22:29:05
1006,506,100604004,2026-08-14,100604,102,2026-08-14,4,458.1,OI,28,49,22446.9,2810.35,10061,2026-08-16,Y,2026-08-14,MOCKLOAD,2026-09-11 22:29:05
1006,506,100604005,2026-08-15,100604,101,2026-08-15,5,272.31,OI,16,96,26141.76,3272.95,10061,2026-08-16,Y,2026-08-15,MOCKLOAD,2026-09-11 22:29:05
1006,506,100604006,2026-08-16,100604,103,2026-08-16,6,380.91,OI,25,45,17140.95,2146.05,10061,2026-08-16,Y,2026-08-16,MOCKLOAD,2026-09-11 22:29:05
1006,506,100604007,2026-08-17,100604,107,2026-08-17,7,251.72,OI,25,64,16110.08,2016.98,10062,2026-08-22,Y,2026-08-17,MOCKLOAD,2026-09-11 22:29:05
1006,506,100604008,2026-08-18,100604,119,2026-08-18,8,320.43,OI,22,39,12496.77,1564.6,10062,2026-08-22,Y,2026-08-18,MOCKLOAD,2026-09-11 22:29:05
1006,506,100604009,2026-08-19,100604,114,2026-08-19,9,224.07,OI,26,92,20614.44,2580.93,10062,2026-08-22,Y,2026-08-19,MOCKLOAD,2026-09-11 22:29:05
1006,506,100604010,2026-08-20,100604,119,2026-08-20,10,300.58,OI,16,65,19537.7,2446.12,10062,2026-08-22,Y,2026-08-20,MOCKLOAD,2026-09-11 22:29:05
1006,506,100604011,2026-08-21,100604,114,2026-08-21,11,212.01,OI,24,63,13356.63,1672.25,10062,2026-08-22,Y,2026-08-21,MOCKLOAD,2026-09-11 22:29:05
1006,506,100604012,2026-08-22,100604,112,2026-08-22,12,487.05,OI,19,73,35554.65,4451.44,10062,2026-08-22,Y,2026-08-22,MOCKLOAD,2026-09-11 22:29:05
1006,506,100604013,2026-08-23,100604,109,2026-08-23,13,83.1,OI,15,23,1911.3,239.29,10063,2026-08-28,Y,2026-08-23,MOCKLOAD,2026-09-11 22:29:05
1006,506,100604014,2026-08-24,100604,112,2026-08-24,14,237.97,OI,15,56,13326.32,1668.46,10063,2026-08-28,Y,2026-08-24,MOCKLOAD,2026-09-11 22:29:05
1006,506,100604015,2026-08-25,100604,113,2026-08-25,15,244.87,OI,10,77,18854.99,2360.64,10063,2026-08-28,Y,2026-08-25,MOCKLOAD,2026-09-11 22:29:05
1006,506,100604016,2026-08-26,100604,115,2026-08-26,16,490.81,OI,12,56,27485.36,3441.17,10063,2026-08-28,Y,2026-08-26,MOCKLOAD,2026-09-11 22:29:05
1006,506,100604017,2026-08-27,100604,119,2026-08-27,17,409.89,OI,21,23,9427.47,1180.32,10063,2026-08-28,Y,2026-08-27,MOCKLOAD,2026-09-11 22:29:05
1006,506,100604018,2026-08-28,100604,112,2026-08-28,18,254.23,OI,12,8,2033.84,254.64,10063,2026-08-28,Y,2026-08-28,MOCKLOAD,2026-09-11 22:29:05
1006,506,100604019,2026-08-29,100604,104,2026-08-29,19,77.44,OI,22,15,1161.6,145.43,10064,2026-09-03,Y,2026-08-29,MOCKLOAD,2026-09-11 22:29:05
1006,506,100604020,2026-08-30,100604,119,2026-08-30,20,184.99,OI,16,75,13874.25,1737.06,10064,2026-09-03,Y,2026-08-30,MOCKLOAD,2026-09-11 22:29:05
1006,506,100604021,2026-08-31,100604,101,2026-08-31,21,86.83,OI,26,63,5470.29,684.88,10064,2026-09-03,Y,2026-08-31,MOCKLOAD,2026-09-11 22:29:05
1006,506,100604022,2026-09-01,100604,114,2026-09-01,22,234.94,OI,14,54,12686.76,1588.38,10064,2026-09-03,Y,2026-09-01,MOCKLOAD,2026-09-11 22:29:05
1006,506,100604023,2026-09-02,100604,113,2026-09-02,23,178.67,OI,18,90,16080.3,2013.25,10064,2026-09-03,Y,2026-09-02,MOCKLOAD,2026-09-11 22:29:05
1006,506,100604024,2026-09-03,100604,104,2026-09-03,24,290.85,OI,15,14,4071.9,509.8,10064,2026-09-03,Y,2026-09-03,MOCKLOAD,2026-09-11 22:29:05
1006,506,100604025,2026-09-04,100604,117,2026-09-04,25,426.27,OI,16,44,18755.88,2348.24,10065,2026-09-09,Y,2026-09-04,MOCKLOAD,2026-09-11 22:29:05
1006,506,100604026,2026-09-05,100604,115,2026-09-05,26,303.88,OI,21,82,24918.16,3119.75,10065,2026-09-09,Y,2026-09-05,MOCKLOAD,2026-09-11 22:29:05
1006,506,100604027,2026-09-06,100604,117,2026-09-06,27,207.07,OI,25,20,4141.4,518.5,10065,2026-09-09,Y,2026-09-06,MOCKLOAD,2026-09-11 22:29:05
1006,506,100604028,2026-09-07,100604,107,2026-09-07,28,38,OI,19,24,912,114.18,10065,2026-09-09,Y,2026-09-07,MOCKLOAD,2026-09-11 22:29:05
1006,506,100604029,2026-09-08,100604,119,2026-09-08,29,456.5,OI,19,7,3195.5,400.08,10065,2026-09-09,Y,2026-09-08,MOCKLOAD,2026-09-11 22:29:05
1006,506,100604030,2026-09-09,100604,112,2026-09-09,30,18.38,OI,23,34,624.92,78.24,10065,2026-09-09,Y,2026-09-09,MOCKLOAD,2026-09-11 22:29:05
1006,506,100605001,2026-08-11,100605,112,2026-08-11,1,5.39,OI,27,27,145.53,18.22,10061,2026-08-16,Y,2026-08-11,MOCKLOAD,2026-09-11 22:29:05
1006,506,100605002,2026-08-12,100605,101,2026-08-12,2,417.28,OI,18,85,35468.8,4440.69,10061,2026-08-16,Y,2026-08-12,MOCKLOAD,2026-09-11 22:29:05
1006,506,100605003,2026-08-13,100605,112,2026-08-13,3,175.59,OI,18,79,13871.61,1736.73,10061,2026-08-16,Y,2026-08-13,MOCKLOAD,2026-09-11 22:29:05
1006,506,100605004,2026-08-14,100605,110,2026-08-14,4,86.36,OI,18,41,3540.76,443.3,10061,2026-08-16,Y,2026-08-14,MOCKLOAD,2026-09-11 22:29:05
1006,506,100605005,2026-08-15,100605,114,2026-08-15,5,396.98,OI,18,89,35331.22,4423.47,10061,2026-08-16,Y,2026-08-15,MOCKLOAD,2026-09-11 22:29:05
1006,506,100605006,2026-08-16,100605,120,2026-08-16,6,346.33,OI,26,85,29438.05,3685.64,10061,2026-08-16,Y,2026-08-16,MOCKLOAD,2026-09-11 22:29:05
1006,506,100605007,2026-08-17,100605,105,2026-08-17,7,159.72,OI,26,99,15812.28,1979.7,10062,2026-08-22,Y,2026-08-17,MOCKLOAD,2026-09-11 22:29:05
1006,506,100605008,2026-08-18,100605,110,2026-08-18,8,90.8,OI,26,38,3450.4,431.99,10062,2026-08-22,Y,2026-08-18,MOCKLOAD,2026-09-11 22:29:05
1006,506,100605009,2026-08-19,100605,112,2026-08-19,9,151.63,OI,20,42,6368.46,797.33,10062,2026-08-22,Y,2026-08-19,MOCKLOAD,2026-09-11 22:29:05
1006,506,100605010,2026-08-20,100605,109,2026-08-20,10,294.05,OI,23,63,18525.15,2319.35,10062,2026-08-22,Y,2026-08-20,MOCKLOAD,2026-09-11 22:29:05
1006,506,100605011,2026-08-21,100605,106,2026-08-21,11,473.2,OI,28,91,43061.2,5391.26,10062,2026-08-22,Y,2026-08-21,MOCKLOAD,2026-09-11 22:29:05
1006,506,100605012,2026-08-22,100605,110,2026-08-22,12,321.5,OI,13,57,18325.5,2294.35,10062,2026-08-22,Y,2026-08-22,MOCKLOAD,2026-09-11 22:29:05
1006,506,100605013,2026-08-23,100605,115,2026-08-23,13,133.82,OI,28,91,12177.62,1524.64,10063,2026-08-28,Y,2026-08-23,MOCKLOAD,2026-09-11 22:29:05
1006,506,100605014,2026-08-24,100605,112,2026-08-24,14,177,OI,17,61,10797,1351.78,10063,2026-08-28,Y,2026-08-24,MOCKLOAD,2026-09-11 22:29:05
1006,506,100605015,2026-08-25,100605,116,2026-08-25,15,110.11,OI,10,73,8038.03,1006.36,10063,2026-08-28,Y,2026-08-25,MOCKLOAD,2026-09-11 22:29:05
1006,506,100605016,2026-08-26,100605,107,2026-08-26,16,292.1,OI,11,100,29210,3657.09,10063,2026-08-28,Y,2026-08-26,MOCKLOAD,2026-09-11 22:29:05
1006,506,100605017,2026-08-27,100605,108,2026-08-27,17,76.82,OI,21,43,3303.26,413.57,10063,2026-08-28,Y,2026-08-27,MOCKLOAD,2026-09-11 22:29:05
1006,506,100605018,2026-08-28,100605,120,2026-08-28,18,273.2,OI,21,30,8196,1026.14,10063,2026-08-28,Y,2026-08-28,MOCKLOAD,2026-09-11 22:29:05
1006,506,100605019,2026-08-29,100605,120,2026-08-29,19,196.7,OI,18,27,5310.9,664.92,10064,2026-09-03,Y,2026-08-29,MOCKLOAD,2026-09-11 22:29:05
1006,506,100605020,2026-08-30,100605,107,2026-08-30,20,405.02,OI,19,38,15390.76,1926.92,10064,2026-09-03,Y,2026-08-30,MOCKLOAD,2026-09-11 22:29:05
1006,506,100605021,2026-08-31,100605,117,2026-08-31,21,155.68,OI,13,4,622.72,77.96,10064,2026-09-03,Y,2026-08-31,MOCKLOAD,2026-09-11 22:29:05
1006,506,100605022,2026-09-01,100605,108,2026-09-01,22,290.96,OI,22,79,22985.84,2877.83,10064,2026-09-03,Y,2026-09-01,MOCKLOAD,2026-09-11 22:29:05
1006,506,100605023,2026-09-02,100605,115,2026-09-02,23,435.77,OI,18,71,30939.67,3873.65,10064,2026-09-03,Y,2026-09-02,MOCKLOAD,2026-09-11 22:29:05
1006,506,100605024,2026-09-03,100605,120,2026-09-03,24,32.43,OI,10,18,583.74,73.08,10064,2026-09-03,Y,2026-09-03,MOCKLOAD,2026-09-11 22:29:05
1006,506,100605025,2026-09-04,100605,106,2026-09-04,25,9.79,OI,18,92,900.68,112.77,10065,2026-09-09,Y,2026-09-04,MOCKLOAD,2026-09-11 22:29:05
1006,506,100605026,2026-09-05,100605,108,2026-09-05,26,450.14,OI,28,56,25207.84,3156.02,10065,2026-09-09,Y,2026-09-05,MOCKLOAD,2026-09-11 22:29:05
1006,506,100605027,2026-09-06,100605,119,2026-09-06,27,346.55,OI,25,46,15941.3,1995.85,10065,2026-09-09,Y,2026-09-06,MOCKLOAD,2026-09-11 22:29:05
1006,506,100605028,2026-09-07,100605,110,2026-09-07,28,63.76,OI,22,3,191.28,23.95,10065,2026-09-09,Y,2026-09-07,MOCKLOAD,2026-09-11 22:29:05
1006,506,100605029,2026-09-08,100605,103,2026-09-08,29,248.89,OI,11,17,4231.13,529.74,10065,2026-09-09,Y,2026-09-08,MOCKLOAD,2026-09-11 22:29:05
1006,506,100605030,2026-09-09,100605,103,2026-09-09,30,43.53,OI,24,18,783.54,98.1,10065,2026-09-09,Y,2026-09-09,MOCKLOAD,2026-09-11 22:29:05
1006,506,100606001,2026-08-11,100606,102,2026-08-11,1,32.01,OI,15,74,2368.74,296.57,10061,2026-08-16,Y,2026-08-11,MOCKLOAD,2026-09-11 22:29:05
1006,506,100606002,2026-08-12,100606,120,2026-08-12,2,127.68,OI,20,57,7277.76,911.18,10061,2026-08-16,Y,2026-08-12,MOCKLOAD,2026-09-11 22:29:05
1006,506,100606003,2026-08-13,100606,111,2026-08-13,3,468.83,OI,28,3,1406.49,176.09,10061,2026-08-16,Y,2026-08-13,MOCKLOAD,2026-09-11 22:29:05
1006,506,100606004,2026-08-14,100606,106,2026-08-14,4,443.63,OI,21,37,16414.31,2055.07,10061,2026-08-16,Y,2026-08-14,MOCKLOAD,2026-09-11 22:29:05
1006,506,100606005,2026-08-15,100606,112,2026-08-15,5,236.17,OI,26,54,12753.18,1596.7,10061,2026-08-16,Y,2026-08-15,MOCKLOAD,2026-09-11 22:29:05
1006,506,100606006,2026-08-16,100606,113,2026-08-16,6,146.28,OI,17,99,14481.72,1813.11,10061,2026-08-16,Y,2026-08-16,MOCKLOAD,2026-09-11 22:29:05
1006,506,100606007,2026-08-17,100606,103,2026-08-17,7,73.67,OI,20,24,1768.08,221.36,10062,2026-08-22,Y,2026-08-17,MOCKLOAD,2026-09-11 22:29:05
1006,506,100606008,2026-08-18,100606,106,2026-08-18,8,215.31,OI,27,78,16794.18,2102.63,10062,2026-08-22,Y,2026-08-18,MOCKLOAD,2026-09-11 22:29:05
1006,506,100606009,2026-08-19,100606,103,2026-08-19,9,64.76,OI,19,22,1424.72,178.37,10062,2026-08-22,Y,2026-08-19,MOCKLOAD,2026-09-11 22:29:05
1006,506,100606010,2026-08-20,100606,114,2026-08-20,10,214.4,OI,23,10,2144,268.43,10062,2026-08-22,Y,2026-08-20,MOCKLOAD,2026-09-11 22:29:05
1006,506,100606011,2026-08-21,100606,109,2026-08-21,11,333.84,OI,10,26,8679.84,1086.72,10062,2026-08-22,Y,2026-08-21,MOCKLOAD,2026-09-11 22:29:05
1006,506,100606012,2026-08-22,100606,102,2026-08-22,12,499.63,OI,19,55,27479.65,3440.45,10062,2026-08-22,Y,2026-08-22,MOCKLOAD,2026-09-11 22:29:05
1006,506,100606013,2026-08-23,100606,115,2026-08-23,13,67.56,OI,18,88,5945.28,744.35,10063,2026-08-28,Y,2026-08-23,MOCKLOAD,2026-09-11 22:29:05
1006,506,100606014,2026-08-24,100606,109,2026-08-24,14,386.65,OI,15,51,19719.15,2468.84,10063,2026-08-28,Y,2026-08-24,MOCKLOAD,2026-09-11 22:29:05
1006,506,100606015,2026-08-25,100606,111,2026-08-25,15,22.05,OI,26,47,1036.35,129.75,10063,2026-08-28,Y,2026-08-25,MOCKLOAD,2026-09-11 22:29:05
1006,506,100606016,2026-08-26,100606,108,2026-08-26,16,370.79,OI,29,5,1853.95,232.11,10063,2026-08-28,Y,2026-08-26,MOCKLOAD,2026-09-11 22:29:05
1006,506,100606017,2026-08-27,100606,108,2026-08-27,17,168.53,OI,27,10,1685.3,211,10063,2026-08-28,Y,2026-08-27,MOCKLOAD,2026-09-11 22:29:05
1006,506,100606018,2026-08-28,100606,105,2026-08-28,18,78.33,OI,24,20,1566.6,196.14,10063,2026-08-28,Y,2026-08-28,MOCKLOAD,2026-09-11 22:29:05
1006,506,100606019,2026-08-29,100606,111,2026-08-29,19,374.49,OI,21,41,15354.09,1922.33,10064,2026-09-03,Y,2026-08-29,MOCKLOAD,2026-09-11 22:29:05
1006,506,100606020,2026-08-30,100606,117,2026-08-30,20,322.66,OI,13,19,6130.54,767.54,10064,2026-09-03,Y,2026-08-30,MOCKLOAD,2026-09-11 22:29:05
1006,506,100606021,2026-08-31,100606,118,2026-08-31,21,50.19,OI,26,36,1806.84,226.22,10064,2026-09-03,Y,2026-08-31,MOCKLOAD,2026-09-11 22:29:05
1006,506,100606022,2026-09-01,100606,109,2026-09-01,22,284.14,OI,19,68,19321.52,2419.05,10064,2026-09-03,Y,2026-09-01,MOCKLOAD,2026-09-11 22:29:05
1006,506,100606023,2026-09-02,100606,104,2026-09-02,23,302.05,OI,23,68,20539.4,2571.53,10064,2026-09-03,Y,2026-09-02,MOCKLOAD,2026-09-11 22:29:05
1006,506,100606024,2026-09-03,100606,118,2026-09-03,24,318.05,OI,11,28,8905.4,1114.96,10064,2026-09-03,Y,2026-09-03,MOCKLOAD,2026-09-11 22:29:05
1006,506,100606025,2026-09-04,100606,104,2026-09-04,25,460.4,OI,28,34,15653.6,1959.83,10065,2026-09-09,Y,2026-09-04,MOCKLOAD,2026-09-11 22:29:05
1006,506,100606026,2026-09-05,100606,120,2026-09-05,26,49.15,OI,26,5,245.75,30.77,10065,2026-09-09,Y,2026-09-05,MOCKLOAD,2026-09-11 22:29:05
1006,506,100606027,2026-09-06,100606,115,2026-09-06,27,149.35,OI,10,9,1344.15,168.29,10065,2026-09-09,Y,2026-09-06,MOCKLOAD,2026-09-11 22:29:05
1006,506,100606028,2026-09-07,100606,101,2026-09-07,28,287.2,OI,10,17,4882.4,611.28,10065,2026-09-09,Y,2026-09-07,MOCKLOAD,2026-09-11 22:29:05
1006,506,100606029,2026-09-08,100606,113,2026-09-08,29,65.6,OI,20,85,5576,698.12,10065,2026-09-09,Y,2026-09-08,MOCKLOAD,2026-09-11 22:29:05
1006,506,100606030,2026-09-09,100606,111,2026-09-09,30,389.45,OI,29,43,16746.35,2096.64,10065,2026-09-09,Y,2026-09-09,MOCKLOAD,2026-09-11 22:29:05
1006,506,100607001,2026-08-11,100607,116,2026-08-11,1,413.9,OI,17,48,19867.2,2487.37,10061,2026-08-16,Y,2026-08-11,MOCKLOAD,2026-09-11 22:29:05
1006,506,100607002,2026-08-12,100607,113,2026-08-12,2,34.22,OI,26,72,2463.84,308.47,10061,2026-08-16,Y,2026-08-12,MOCKLOAD,2026-09-11 22:29:05
1006,506,100607003,2026-08-13,100607,102,2026-08-13,3,480.65,OI,10,72,34606.8,4332.77,10061,2026-08-16,Y,2026-08-13,MOCKLOAD,2026-09-11 22:29:05
1006,506,100607004,2026-08-14,100607,119,2026-08-14,4,87.42,OI,12,70,6119.4,766.15,10061,2026-08-16,Y,2026-08-14,MOCKLOAD,2026-09-11 22:29:05
1006,506,100607005,2026-08-15,100607,117,2026-08-15,5,317.12,OI,22,4,1268.48,158.81,10061,2026-08-16,Y,2026-08-15,MOCKLOAD,2026-09-11 22:29:05
1006,506,100607006,2026-08-16,100607,120,2026-08-16,6,47.35,OI,13,86,4072.1,509.83,10061,2026-08-16,Y,2026-08-16,MOCKLOAD,2026-09-11 22:29:05
1006,506,100607007,2026-08-17,100607,113,2026-08-17,7,203.46,OI,11,13,2644.98,331.15,10062,2026-08-22,Y,2026-08-17,MOCKLOAD,2026-09-11 22:29:05
1006,506,100607008,2026-08-18,100607,120,2026-08-18,8,357.28,OI,24,38,13576.64,1699.8,10062,2026-08-22,Y,2026-08-18,MOCKLOAD,2026-09-11 22:29:05
1006,506,100607009,2026-08-19,100607,116,2026-08-19,9,368.13,OI,18,30,11043.9,1382.7,10062,2026-08-22,Y,2026-08-19,MOCKLOAD,2026-09-11 22:29:05
1006,506,100607010,2026-08-20,100607,107,2026-08-20,10,120.59,OI,27,74,8923.66,1117.24,10062,2026-08-22,Y,2026-08-20,MOCKLOAD,2026-09-11 22:29:05
1006,506,100607011,2026-08-21,100607,110,2026-08-21,11,97.92,OI,10,91,8910.72,1115.62,10062,2026-08-22,Y,2026-08-21,MOCKLOAD,2026-09-11 22:29:05
1006,506,100607012,2026-08-22,100607,107,2026-08-22,12,136.92,OI,14,20,2738.4,342.85,10062,2026-08-22,Y,2026-08-22,MOCKLOAD,2026-09-11 22:29:05
1006,506,100607013,2026-08-23,100607,112,2026-08-23,13,255.87,OI,26,4,1023.48,128.14,10063,2026-08-28,Y,2026-08-23,MOCKLOAD,2026-09-11 22:29:05
1006,506,100607014,2026-08-24,100607,103,2026-08-24,14,343.58,OI,24,85,29204.3,3656.38,10063,2026-08-28,Y,2026-08-24,MOCKLOAD,2026-09-11 22:29:05
1006,506,100607015,2026-08-25,100607,110,2026-08-25,15,84.02,OI,23,23,1932.46,241.94,10063,2026-08-28,Y,2026-08-25,MOCKLOAD,2026-09-11 22:29:05
1006,506,100607016,2026-08-26,100607,101,2026-08-26,16,156.26,OI,22,71,11094.46,1389.03,10063,2026-08-28,Y,2026-08-26,MOCKLOAD,2026-09-11 22:29:05
1006,506,100607017,2026-08-27,100607,101,2026-08-27,17,191.83,OI,26,60,11509.8,1441.03,10063,2026-08-28,Y,2026-08-27,MOCKLOAD,2026-09-11 22:29:05
1006,506,100607018,2026-08-28,100607,103,2026-08-28,18,177.86,OI,24,88,15651.68,1959.59,10063,2026-08-28,Y,2026-08-28,MOCKLOAD,2026-09-11 22:29:05
1006,506,100607019,2026-08-29,100607,111,2026-08-29,19,449.2,OI,18,99,44470.8,5567.74,10064,2026-09-03,Y,2026-08-29,MOCKLOAD,2026-09-11 22:29:05
1006,506,100607020,2026-08-30,100607,101,2026-08-30,20,137.31,OI,14,1,137.31,17.19,10064,2026-09-03,Y,2026-08-30,MOCKLOAD,2026-09-11 22:29:05
1006,506,100607021,2026-08-31,100607,119,2026-08-31,21,226.44,OI,27,97,21964.68,2749.98,10064,2026-09-03,Y,2026-08-31,MOCKLOAD,2026-09-11 22:29:05
1006,506,100607022,2026-09-01,100607,110,2026-09-01,22,245.47,OI,27,31,7609.57,952.72,10064,2026-09-03,Y,2026-09-01,MOCKLOAD,2026-09-11 22:29:05
1006,506,100607023,2026-09-02,100607,101,2026-09-02,23,319.96,OI,28,24,7679.04,961.42,10064,2026-09-03,Y,2026-09-02,MOCKLOAD,2026-09-11 22:29:05
1006,506,100607024,2026-09-03,100607,116,2026-09-03,24,85.85,OI,25,17,1459.45,182.72,10064,2026-09-03,Y,2026-09-03,MOCKLOAD,2026-09-11 22:29:05
1006,506,100607025,2026-09-04,100607,105,2026-09-04,25,325.08,OI,13,93,30232.44,3785.1,10065,2026-09-09,Y,2026-09-04,MOCKLOAD,2026-09-11 22:29:05
1006,506,100607026,2026-09-05,100607,101,2026-09-05,26,436.42,OI,18,32,13965.44,1748.47,10065,2026-09-09,Y,2026-09-05,MOCKLOAD,2026-09-11 22:29:05
1006,506,100607027,2026-09-06,100607,105,2026-09-06,27,254.49,OI,10,1,254.49,31.86,10065,2026-09-09,Y,2026-09-06,MOCKLOAD,2026-09-11 22:29:05
1006,506,100607028,2026-09-07,100607,120,2026-09-07,28,20.22,OI,23,96,1941.12,243.03,10065,2026-09-09,Y,2026-09-07,MOCKLOAD,2026-09-11 22:29:05
1006,506,100607029,2026-09-08,100607,120,2026-09-08,29,472.48,OI,27,84,39688.32,4968.98,10065,2026-09-09,Y,2026-09-08,MOCKLOAD,2026-09-11 22:29:05
1006,506,100607030,2026-09-09,100607,105,2026-09-09,30,247.67,OI,17,61,15107.87,1891.51,10065,2026-09-09,Y,2026-09-09,MOCKLOAD,2026-09-11 22:29:05
1006,506,100608001,2026-08-11,100608,104,2026-08-11,1,18.22,OI,20,53,965.66,120.9,10061,2026-08-16,Y,2026-08-11,MOCKLOAD,2026-09-11 22:29:05
1006,506,100608002,2026-08-12,100608,112,2026-08-12,2,304.97,OI,11,58,17688.26,2214.57,10061,2026-08-16,Y,2026-08-12,MOCKLOAD,2026-09-11 22:29:05
1006,506,100608003,2026-08-13,100608,118,2026-08-13,3,128.04,OI,18,43,5505.72,689.32,10061,2026-08-16,Y,2026-08-13,MOCKLOAD,2026-09-11 22:29:05
1006,506,100608004,2026-08-14,100608,114,2026-08-14,4,300.77,OI,19,59,17745.43,2221.73,10061,2026-08-16,Y,2026-08-14,MOCKLOAD,2026-09-11 22:29:05
1006,506,100608005,2026-08-15,100608,115,2026-08-15,5,235.99,OI,25,13,3067.87,384.1,10061,2026-08-16,Y,2026-08-15,MOCKLOAD,2026-09-11 22:29:05
1006,506,100608006,2026-08-16,100608,101,2026-08-16,6,485.34,OI,26,58,28149.72,3524.34,10061,2026-08-16,Y,2026-08-16,MOCKLOAD,2026-09-11 22:29:05
1006,506,100608007,2026-08-17,100608,108,2026-08-17,7,394.39,OI,25,61,24057.79,3012.04,10062,2026-08-22,Y,2026-08-17,MOCKLOAD,2026-09-11 22:29:05
1006,506,100608008,2026-08-18,100608,117,2026-08-18,8,485.87,OI,12,88,42756.56,5353.12,10062,2026-08-22,Y,2026-08-18,MOCKLOAD,2026-09-11 22:29:05
1006,506,100608009,2026-08-19,100608,102,2026-08-19,9,132.08,OI,17,12,1584.96,198.44,10062,2026-08-22,Y,2026-08-19,MOCKLOAD,2026-09-11 22:29:05
1006,506,100608010,2026-08-20,100608,107,2026-08-20,10,404.05,OI,23,56,22626.8,2832.88,10062,2026-08-22,Y,2026-08-20,MOCKLOAD,2026-09-11 22:29:05
1006,506,100608011,2026-08-21,100608,110,2026-08-21,11,6.8,OI,24,38,258.4,32.35,10062,2026-08-22,Y,2026-08-21,MOCKLOAD,2026-09-11 22:29:05
1006,506,100608012,2026-08-22,100608,108,2026-08-22,12,65.39,OI,17,24,1569.36,196.48,10062,2026-08-22,Y,2026-08-22,MOCKLOAD,2026-09-11 22:29:05
1006,506,100608013,2026-08-23,100608,116,2026-08-23,13,329.79,OI,17,30,9893.7,1238.69,10063,2026-08-28,Y,2026-08-23,MOCKLOAD,2026-09-11 22:29:05
1006,506,100608014,2026-08-24,100608,115,2026-08-24,14,24.1,OI,24,28,674.8,84.48,10063,2026-08-28,Y,2026-08-24,MOCKLOAD,2026-09-11 22:29:05
1006,506,100608015,2026-08-25,100608,112,2026-08-25,15,497.74,OI,25,1,497.74,62.32,10063,2026-08-28,Y,2026-08-25,MOCKLOAD,2026-09-11 22:29:05
1006,506,100608016,2026-08-26,100608,112,2026-08-26,16,88.8,OI,16,31,2752.8,344.65,10063,2026-08-28,Y,2026-08-26,MOCKLOAD,2026-09-11 22:29:05
1006,506,100608017,2026-08-27,100608,103,2026-08-27,17,211.82,OI,11,35,7413.7,928.2,10063,2026-08-28,Y,2026-08-27,MOCKLOAD,2026-09-11 22:29:05
1006,506,100608018,2026-08-28,100608,120,2026-08-28,18,204.93,OI,20,97,19878.21,2488.75,10063,2026-08-28,Y,2026-08-28,MOCKLOAD,2026-09-11 22:29:05
1006,506,100608019,2026-08-29,100608,102,2026-08-29,19,151.47,OI,21,72,10905.84,1365.41,10064,2026-09-03,Y,2026-08-29,MOCKLOAD,2026-09-11 22:29:05
1006,506,100608020,2026-08-30,100608,106,2026-08-30,20,111.19,OI,10,56,6226.64,779.58,10064,2026-09-03,Y,2026-08-30,MOCKLOAD,2026-09-11 22:29:05
1006,506,100608021,2026-08-31,100608,104,2026-08-31,21,103.14,OI,14,79,8148.06,1020.14,10064,2026-09-03,Y,2026-08-31,MOCKLOAD,2026-09-11 22:29:05
1006,506,100608022,2026-09-01,100608,120,2026-09-01,22,107.47,OI,12,47,5051.09,632.4,10064,2026-09-03,Y,2026-09-01,MOCKLOAD,2026-09-11 22:29:05
1006,506,100608023,2026-09-02,100608,110,2026-09-02,23,326.49,OI,24,50,16324.5,2043.83,10064,2026-09-03,Y,2026-09-02,MOCKLOAD,2026-09-11 22:29:05
1006,506,100608024,2026-09-03,100608,106,2026-09-03,24,32.12,OI,16,26,835.12,104.56,10064,2026-09-03,Y,2026-09-03,MOCKLOAD,2026-09-11 22:29:05
1006,506,100608025,2026-09-04,100608,102,2026-09-04,25,249.29,OI,22,100,24929,3121.11,10065,2026-09-09,Y,2026-09-04,MOCKLOAD,2026-09-11 22:29:05
1006,506,100608026,2026-09-05,100608,106,2026-09-05,26,60.52,OI,20,50,3026,378.86,10065,2026-09-09,Y,2026-09-05,MOCKLOAD,2026-09-11 22:29:05
1006,506,100608027,2026-09-06,100608,111,2026-09-06,27,477.93,OI,20,95,45403.35,5684.5,10065,2026-09-09,Y,2026-09-06,MOCKLOAD,2026-09-11 22:29:05
1006,506,100608028,2026-09-07,100608,113,2026-09-07,28,167.9,OI,10,55,9234.5,1156.16,10065,2026-09-09,Y,2026-09-07,MOCKLOAD,2026-09-11 22:29:05
1006,506,100608029,2026-09-08,100608,115,2026-09-08,29,302.67,OI,17,27,8172.09,1023.15,10065,2026-09-09,Y,2026-09-08,MOCKLOAD,2026-09-11 22:29:05
1006,506,100608030,2026-09-09,100608,114,2026-09-09,30,93.44,OI,11,83,7755.52,970.99,10065,2026-09-09,Y,2026-09-09,MOCKLOAD,2026-09-11 22:29:05
1006,506,100609001,2026-08-11,100609,107,2026-08-11,1,319.81,OI,28,57,18229.17,2282.29,10061,2026-08-16,Y,2026-08-11,MOCKLOAD,2026-09-11 22:29:05
1006,506,100609002,2026-08-12,100609,106,2026-08-12,2,331.13,OI,15,24,7947.12,994.98,10061,2026-08-16,Y,2026-08-12,MOCKLOAD,2026-09-11 22:29:05
1006,506,100609003,2026-08-13,100609,119,2026-08-13,3,332.89,OI,12,28,9320.92,1166.98,10061,2026-08-16,Y,2026-08-13,MOCKLOAD,2026-09-11 22:29:05
1006,506,100609004,2026-08-14,100609,109,2026-08-14,4,35.6,OI,19,10,356,44.57,10061,2026-08-16,Y,2026-08-14,MOCKLOAD,2026-09-11 22:29:05
1006,506,100609005,2026-08-15,100609,117,2026-08-15,5,396.07,OI,24,34,13466.38,1685.99,10061,2026-08-16,Y,2026-08-15,MOCKLOAD,2026-09-11 22:29:05
1006,506,100609006,2026-08-16,100609,119,2026-08-16,6,464.32,OI,15,31,14393.92,1802.12,10061,2026-08-16,Y,2026-08-16,MOCKLOAD,2026-09-11 22:29:05
1006,506,100609007,2026-08-17,100609,113,2026-08-17,7,308.57,OI,12,2,617.14,77.27,10062,2026-08-22,Y,2026-08-17,MOCKLOAD,2026-09-11 22:29:05
1006,506,100609008,2026-08-18,100609,110,2026-08-18,8,497.11,OI,20,6,2982.66,373.43,10062,2026-08-22,Y,2026-08-18,MOCKLOAD,2026-09-11 22:29:05
1006,506,100609009,2026-08-19,100609,120,2026-08-19,9,458.15,OI,12,27,12370.05,1548.73,10062,2026-08-22,Y,2026-08-19,MOCKLOAD,2026-09-11 22:29:05
1006,506,100609010,2026-08-20,100609,115,2026-08-20,10,349.1,OI,14,13,4538.3,568.2,10062,2026-08-22,Y,2026-08-20,MOCKLOAD,2026-09-11 22:29:05
1006,506,100609011,2026-08-21,100609,120,2026-08-21,11,449.74,OI,24,94,42275.56,5292.9,10062,2026-08-22,Y,2026-08-21,MOCKLOAD,2026-09-11 22:29:05
1006,506,100609012,2026-08-22,100609,112,2026-08-22,12,64.02,OI,27,3,192.06,24.05,10062,2026-08-22,Y,2026-08-22,MOCKLOAD,2026-09-11 22:29:05
1006,506,100609013,2026-08-23,100609,108,2026-08-23,13,340.47,OI,27,74,25194.78,3154.39,10063,2026-08-28,Y,2026-08-23,MOCKLOAD,2026-09-11 22:29:05
1006,506,100609014,2026-08-24,100609,101,2026-08-24,14,14.73,OI,16,9,132.57,16.6,10063,2026-08-28,Y,2026-08-24,MOCKLOAD,2026-09-11 22:29:05
1006,506,100609015,2026-08-25,100609,108,2026-08-25,15,8.68,OI,12,37,321.16,40.21,10063,2026-08-28,Y,2026-08-25,MOCKLOAD,2026-09-11 22:29:05
1006,506,100609016,2026-08-26,100609,112,2026-08-26,16,430.98,OI,14,12,5171.76,647.5,10063,2026-08-28,Y,2026-08-26,MOCKLOAD,2026-09-11 22:29:05
1006,506,100609017,2026-08-27,100609,112,2026-08-27,17,218.77,OI,29,13,2844.01,356.07,10063,2026-08-28,Y,2026-08-27,MOCKLOAD,2026-09-11 22:29:05
1006,506,100609018,2026-08-28,100609,113,2026-08-28,18,217.35,OI,21,50,10867.5,1360.61,10063,2026-08-28,Y,2026-08-28,MOCKLOAD,2026-09-11 22:29:05
1006,506,100609019,2026-08-29,100609,112,2026-08-29,19,409.25,OI,29,80,32740,4099.05,10064,2026-09-03,Y,2026-08-29,MOCKLOAD,2026-09-11 22:29:05
1006,506,100609020,2026-08-30,100609,105,2026-08-30,20,320.76,OI,10,94,30151.44,3774.96,10064,2026-09-03,Y,2026-08-30,MOCKLOAD,2026-09-11 22:29:05
1006,506,100609021,2026-08-31,100609,117,2026-08-31,21,47.82,OI,23,63,3012.66,377.19,10064,2026-09-03,Y,2026-08-31,MOCKLOAD,2026-09-11 22:29:05
1006,506,100609022,2026-09-01,100609,116,2026-09-01,22,245.97,OI,24,48,11806.56,1478.18,10064,2026-09-03,Y,2026-09-01,MOCKLOAD,2026-09-11 22:29:05
1006,506,100609023,2026-09-02,100609,101,2026-09-02,23,494.22,OI,13,82,40526.04,5073.86,10064,2026-09-03,Y,2026-09-02,MOCKLOAD,2026-09-11 22:29:05
1006,506,100609024,2026-09-03,100609,113,2026-09-03,24,133.63,OI,29,66,8819.58,1104.21,10064,2026-09-03,Y,2026-09-03,MOCKLOAD,2026-09-11 22:29:05
1006,506,100609025,2026-09-04,100609,112,2026-09-04,25,418.91,OI,25,18,7540.38,944.06,10065,2026-09-09,Y,2026-09-04,MOCKLOAD,2026-09-11 22:29:05
1006,506,100609026,2026-09-05,100609,111,2026-09-05,26,226.56,OI,11,86,19484.16,2439.42,10065,2026-09-09,Y,2026-09-05,MOCKLOAD,2026-09-11 22:29:05
1006,506,100609027,2026-09-06,100609,115,2026-09-06,27,249.92,OI,19,1,249.92,31.29,10065,2026-09-09,Y,2026-09-06,MOCKLOAD,2026-09-11 22:29:05
1006,506,100609028,2026-09-07,100609,117,2026-09-07,28,125.12,OI,22,82,10259.84,1284.53,10065,2026-09-09,Y,2026-09-07,MOCKLOAD,2026-09-11 22:29:05
1006,506,100609029,2026-09-08,100609,114,2026-09-08,29,175.92,OI,16,41,7212.72,903.03,10065,2026-09-09,Y,2026-09-08,MOCKLOAD,2026-09-11 22:29:05
1006,506,100609030,2026-09-09,100609,112,2026-09-09,30,173.65,OI,12,44,7640.6,956.6,10065,2026-09-09,Y,2026-09-09,MOCKLOAD,2026-09-11 22:29:05
1006,506,100610001,2026-08-11,100610,118,2026-08-11,1,473.57,OI,27,88,41674.16,5217.6,10061,2026-08-16,Y,2026-08-11,MOCKLOAD,2026-09-11 22:29:05
1006,506,100610002,2026-08-12,100610,116,2026-08-12,2,353.83,OI,24,57,20168.31,2525.07,10061,2026-08-16,Y,2026-08-12,MOCKLOAD,2026-09-11 22:29:05
1006,506,100610003,2026-08-13,100610,109,2026-08-13,3,164.31,OI,15,83,13637.73,1707.44,10061,2026-08-16,Y,2026-08-13,MOCKLOAD,2026-09-11 22:29:05
1006,506,100610004,2026-08-14,100610,116,2026-08-14,4,432.85,OI,24,94,40687.9,5094.13,10061,2026-08-16,Y,2026-08-14,MOCKLOAD,2026-09-11 22:29:05
1006,506,100610005,2026-08-15,100610,102,2026-08-15,5,465.05,OI,13,39,18136.95,2270.75,10061,2026-08-16,Y,2026-08-15,MOCKLOAD,2026-09-11 22:29:05
1006,506,100610006,2026-08-16,100610,107,2026-08-16,6,303.25,OI,21,52,15769,1974.28,10061,2026-08-16,Y,2026-08-16,MOCKLOAD,2026-09-11 22:29:05
1006,506,100610007,2026-08-17,100610,115,2026-08-17,7,294.52,OI,19,75,22089,2765.54,10062,2026-08-22,Y,2026-08-17,MOCKLOAD,2026-09-11 22:29:05
1006,506,100610008,2026-08-18,100610,102,2026-08-18,8,422.73,OI,20,31,13104.63,1640.7,10062,2026-08-22,Y,2026-08-18,MOCKLOAD,2026-09-11 22:29:05
1006,506,100610009,2026-08-19,100610,107,2026-08-19,9,193.97,OI,11,82,15905.54,1991.37,10062,2026-08-22,Y,2026-08-19,MOCKLOAD,2026-09-11 22:29:05
1006,506,100610010,2026-08-20,100610,119,2026-08-20,10,470.06,OI,20,49,23032.94,2883.72,10062,2026-08-22,Y,2026-08-20,MOCKLOAD,2026-09-11 22:29:05
1006,506,100610011,2026-08-21,100610,106,2026-08-21,11,130.78,OI,13,58,7585.24,949.67,10062,2026-08-22,Y,2026-08-21,MOCKLOAD,2026-09-11 22:29:05
1006,506,100610012,2026-08-22,100610,103,2026-08-22,12,195.92,OI,27,42,8228.64,1030.23,10062,2026-08-22,Y,2026-08-22,MOCKLOAD,2026-09-11 22:29:05
1006,506,100610013,2026-08-23,100610,108,2026-08-23,13,184.38,OI,10,1,184.38,23.08,10063,2026-08-28,Y,2026-08-23,MOCKLOAD,2026-09-11 22:29:05
1006,506,100610014,2026-08-24,100610,101,2026-08-24,14,162.25,OI,28,88,14278,1787.61,10063,2026-08-28,Y,2026-08-24,MOCKLOAD,2026-09-11 22:29:05
1006,506,100610015,2026-08-25,100610,115,2026-08-25,15,339.38,OI,25,75,25453.5,3186.78,10063,2026-08-28,Y,2026-08-25,MOCKLOAD,2026-09-11 22:29:05
1006,506,100610016,2026-08-26,100610,106,2026-08-26,16,245.76,OI,22,34,8355.84,1046.15,10063,2026-08-28,Y,2026-08-26,MOCKLOAD,2026-09-11 22:29:05
1006,506,100610017,2026-08-27,100610,109,2026-08-27,17,50.46,OI,15,46,2321.16,290.61,10063,2026-08-28,Y,2026-08-27,MOCKLOAD,2026-09-11 22:29:05
1006,506,100610018,2026-08-28,100610,105,2026-08-28,18,87.46,OI,23,48,4198.08,525.6,10063,2026-08-28,Y,2026-08-28,MOCKLOAD,2026-09-11 22:29:05
1006,506,100610019,2026-08-29,100610,106,2026-08-29,19,70.78,OI,19,35,2477.3,310.16,10064,2026-09-03,Y,2026-08-29,MOCKLOAD,2026-09-11 22:29:05
1006,506,100610020,2026-08-30,100610,101,2026-08-30,20,49.17,OI,24,97,4769.49,597.14,10064,2026-09-03,Y,2026-08-30,MOCKLOAD,2026-09-11 22:29:05
1006,506,100610021,2026-08-31,100610,114,2026-08-31,21,439.01,OI,21,88,38632.88,4836.84,10064,2026-09-03,Y,2026-08-31,MOCKLOAD,2026-09-11 22:29:05
1006,506,100610022,2026-09-01,100610,109,2026-09-01,22,234.49,OI,23,100,23449,2935.81,10064,2026-09-03,Y,2026-09-01,MOCKLOAD,2026-09-11 22:29:05
1006,506,100610023,2026-09-02,100610,116,2026-09-02,23,436.04,OI,18,49,21365.96,2675.02,10064,2026-09-03,Y,2026-09-02,MOCKLOAD,2026-09-11 22:29:05
1006,506,100610024,2026-09-03,100610,106,2026-09-03,24,125.55,OI,26,53,6654.15,833.1,10064,2026-09-03,Y,2026-09-03,MOCKLOAD,2026-09-11 22:29:05
1006,506,100610025,2026-09-04,100610,114,2026-09-04,25,447,OI,13,91,40677,5092.76,10065,2026-09-09,Y,2026-09-04,MOCKLOAD,2026-09-11 22:29:05
1006,506,100610026,2026-09-05,100610,116,2026-09-05,26,263.04,OI,27,20,5260.8,658.65,10065,2026-09-09,Y,2026-09-05,MOCKLOAD,2026-09-11 22:29:05
1006,506,100610027,2026-09-06,100610,104,2026-09-06,27,182.17,OI,25,32,5829.44,729.85,10065,2026-09-09,Y,2026-09-06,MOCKLOAD,2026-09-11 22:29:05
1006,506,100610028,2026-09-07,100610,120,2026-09-07,28,247.23,OI,10,47,11619.81,1454.8,10065,2026-09-09,Y,2026-09-07,MOCKLOAD,2026-09-11 22:29:05
1006,506,100610029,2026-09-08,100610,107,2026-09-08,29,7.99,OI,14,91,727.09,91.03,10065,2026-09-09,Y,2026-09-08,MOCKLOAD,2026-09-11 22:29:05
1006,506,100610030,2026-09-09,100610,112,2026-09-09,30,446.66,OI,19,58,25906.28,3243.47,10065,2026-09-09,Y,2026-09-09,MOCKLOAD,2026-09-11 22:29:05
1007,507,100701001,2026-08-11,100701,114,2026-08-11,1,377.14,MK,15,18,6788.52,792.22,10071,2026-08-16,Y,2026-08-11,MOCKLOAD,2026-09-11 22:29:05
1007,507,100701002,2026-08-12,100701,109,2026-08-12,2,449.65,MK,21,12,5395.8,629.69,10071,2026-08-16,Y,2026-08-12,MOCKLOAD,2026-09-11 22:29:05
1007,507,100701003,2026-08-13,100701,118,2026-08-13,3,57.75,MK,20,45,2598.75,303.27,10071,2026-08-16,Y,2026-08-13,MOCKLOAD,2026-09-11 22:29:05
1007,507,100701004,2026-08-14,100701,110,2026-08-14,4,44.39,MK,12,48,2130.72,248.66,10071,2026-08-16,Y,2026-08-14,MOCKLOAD,2026-09-11 22:29:05
1007,507,100701005,2026-08-15,100701,119,2026-08-15,5,161.2,MK,17,77,12412.4,1448.53,10071,2026-08-16,Y,2026-08-15,MOCKLOAD,2026-09-11 22:29:05
1007,507,100701006,2026-08-16,100701,113,2026-08-16,6,480.01,MK,12,94,45120.94,5265.61,10071,2026-08-16,Y,2026-08-16,MOCKLOAD,2026-09-11 22:29:05
1007,507,100701007,2026-08-17,100701,107,2026-08-17,7,474.97,MK,23,66,31348.02,3658.31,10072,2026-08-22,Y,2026-08-17,MOCKLOAD,2026-09-11 22:29:05
1007,507,100701008,2026-08-18,100701,101,2026-08-18,8,349.87,MK,29,76,26590.12,3103.07,10072,2026-08-22,Y,2026-08-18,MOCKLOAD,2026-09-11 22:29:05
1007,507,100701009,2026-08-19,100701,117,2026-08-19,9,294.46,MK,21,54,15900.84,1855.63,10072,2026-08-22,Y,2026-08-19,MOCKLOAD,2026-09-11 22:29:05
1007,507,100701010,2026-08-20,100701,119,2026-08-20,10,129.34,MK,10,72,9312.48,1086.77,10072,2026-08-22,Y,2026-08-20,MOCKLOAD,2026-09-11 22:29:05
1007,507,100701011,2026-08-21,100701,117,2026-08-21,11,173.06,MK,22,84,14537.04,1696.47,10072,2026-08-22,Y,2026-08-21,MOCKLOAD,2026-09-11 22:29:05
1007,507,100701012,2026-08-22,100701,119,2026-08-22,12,37.94,MK,20,99,3756.06,438.33,10072,2026-08-22,Y,2026-08-22,MOCKLOAD,2026-09-11 22:29:05
1007,507,100701013,2026-08-23,100701,101,2026-08-23,13,462.23,MK,13,8,3697.84,431.54,10073,2026-08-28,Y,2026-08-23,MOCKLOAD,2026-09-11 22:29:05
1007,507,100701014,2026-08-24,100701,118,2026-08-24,14,257.03,MK,14,3,771.09,89.99,10073,2026-08-28,Y,2026-08-24,MOCKLOAD,2026-09-11 22:29:05
1007,507,100701015,2026-08-25,100701,109,2026-08-25,15,395.14,MK,25,3,1185.42,138.34,10073,2026-08-28,Y,2026-08-25,MOCKLOAD,2026-09-11 22:29:05
1007,507,100701016,2026-08-26,100701,111,2026-08-26,16,427.53,MK,13,99,42325.47,4939.38,10073,2026-08-28,Y,2026-08-26,MOCKLOAD,2026-09-11 22:29:05
1007,507,100701017,2026-08-27,100701,110,2026-08-27,17,266.76,MK,29,54,14405.04,1681.07,10073,2026-08-28,Y,2026-08-27,MOCKLOAD,2026-09-11 22:29:05
1007,507,100701018,2026-08-28,100701,110,2026-08-28,18,134.21,MK,25,48,6442.08,751.79,10073,2026-08-28,Y,2026-08-28,MOCKLOAD,2026-09-11 22:29:05
1007,507,100701019,2026-08-29,100701,102,2026-08-29,19,297.97,MK,14,89,26519.33,3094.81,10074,2026-09-03,Y,2026-08-29,MOCKLOAD,2026-09-11 22:29:05
1007,507,100701020,2026-08-30,100701,120,2026-08-30,20,232.69,MK,16,14,3257.66,380.17,10074,2026-09-03,Y,2026-08-30,MOCKLOAD,2026-09-11 22:29:05
1007,507,100701021,2026-08-31,100701,113,2026-08-31,21,458.46,MK,12,34,15587.64,1819.08,10074,2026-09-03,Y,2026-08-31,MOCKLOAD,2026-09-11 22:29:05
1007,507,100701022,2026-09-01,100701,104,2026-09-01,22,61.56,MK,20,77,4740.12,553.17,10074,2026-09-03,Y,2026-09-01,MOCKLOAD,2026-09-11 22:29:05
1007,507,100701023,2026-09-02,100701,102,2026-09-02,23,258.65,MK,15,69,17846.85,2082.73,10074,2026-09-03,Y,2026-09-02,MOCKLOAD,2026-09-11 22:29:05
1007,507,100701024,2026-09-03,100701,113,2026-09-03,24,55.34,MK,23,88,4869.92,568.32,10074,2026-09-03,Y,2026-09-03,MOCKLOAD,2026-09-11 22:29:05
1007,507,100701025,2026-09-04,100701,112,2026-09-04,25,449.66,MK,21,28,12590.48,1469.31,10075,2026-09-09,Y,2026-09-04,MOCKLOAD,2026-09-11 22:29:05
1007,507,100701026,2026-09-05,100701,104,2026-09-05,26,108.76,MK,22,20,2175.2,253.85,10075,2026-09-09,Y,2026-09-05,MOCKLOAD,2026-09-11 22:29:05
1007,507,100701027,2026-09-06,100701,109,2026-09-06,27,371.43,MK,25,13,4828.59,563.5,10075,2026-09-09,Y,2026-09-06,MOCKLOAD,2026-09-11 22:29:05
1007,507,100701028,2026-09-07,100701,101,2026-09-07,28,349.5,MK,20,33,11533.5,1345.96,10075,2026-09-09,Y,2026-09-07,MOCKLOAD,2026-09-11 22:29:05
1007,507,100701029,2026-09-08,100701,116,2026-09-08,29,183.82,MK,13,45,8271.9,965.33,10075,2026-09-09,Y,2026-09-08,MOCKLOAD,2026-09-11 22:29:05
1007,507,100701030,2026-09-09,100701,107,2026-09-09,30,293.57,MK,16,14,4109.98,479.63,10075,2026-09-09,Y,2026-09-09,MOCKLOAD,2026-09-11 22:29:05
1007,507,100702001,2026-08-11,100702,110,2026-08-11,1,429.79,MK,13,28,12034.12,1404.38,10071,2026-08-16,Y,2026-08-11,MOCKLOAD,2026-09-11 22:29:05
1007,507,100702002,2026-08-12,100702,116,2026-08-12,2,356.25,MK,25,76,27075,3159.65,10071,2026-08-16,Y,2026-08-12,MOCKLOAD,2026-09-11 22:29:05
1007,507,100702003,2026-08-13,100702,114,2026-08-13,3,88.62,MK,13,23,2038.26,237.86,10071,2026-08-16,Y,2026-08-13,MOCKLOAD,2026-09-11 22:29:05
1007,507,100702004,2026-08-14,100702,113,2026-08-14,4,60.57,MK,29,27,1635.39,190.85,10071,2026-08-16,Y,2026-08-14,MOCKLOAD,2026-09-11 22:29:05
1007,507,100702005,2026-08-15,100702,114,2026-08-15,5,345.74,MK,12,53,18324.22,2138.44,10071,2026-08-16,Y,2026-08-15,MOCKLOAD,2026-09-11 22:29:05
1007,507,100702006,2026-08-16,100702,120,2026-08-16,6,101.11,MK,11,63,6369.93,743.37,10071,2026-08-16,Y,2026-08-16,MOCKLOAD,2026-09-11 22:29:05
1007,507,100702007,2026-08-17,100702,112,2026-08-17,7,229.26,MK,22,42,9628.92,1123.69,10072,2026-08-22,Y,2026-08-17,MOCKLOAD,2026-09-11 22:29:05
1007,507,100702008,2026-08-18,100702,115,2026-08-18,8,366.15,MK,19,54,19772.1,2307.4,10072,2026-08-22,Y,2026-08-18,MOCKLOAD,2026-09-11 22:29:05
1007,507,100702009,2026-08-19,100702,104,2026-08-19,9,58.2,MK,20,6,349.2,40.75,10072,2026-08-22,Y,2026-08-19,MOCKLOAD,2026-09-11 22:29:05
1007,507,100702010,2026-08-20,100702,109,2026-08-20,10,236.63,MK,24,86,20350.18,2374.87,10072,2026-08-22,Y,2026-08-20,MOCKLOAD,2026-09-11 22:29:05
1007,507,100702011,2026-08-21,100702,120,2026-08-21,11,450.66,MK,12,63,28391.58,3313.3,10072,2026-08-22,Y,2026-08-21,MOCKLOAD,2026-09-11 22:29:05
1007,507,100702012,2026-08-22,100702,102,2026-08-22,12,54.7,MK,23,36,1969.2,229.81,10072,2026-08-22,Y,2026-08-22,MOCKLOAD,2026-09-11 22:29:05
1007,507,100702013,2026-08-23,100702,113,2026-08-23,13,352.6,MK,17,16,5641.6,658.37,10073,2026-08-28,Y,2026-08-23,MOCKLOAD,2026-09-11 22:29:05
1007,507,100702014,2026-08-24,100702,103,2026-08-24,14,217.64,MK,18,38,8270.32,965.15,10073,2026-08-28,Y,2026-08-24,MOCKLOAD,2026-09-11 22:29:05
1007,507,100702015,2026-08-25,100702,102,2026-08-25,15,131.65,MK,10,33,4344.45,507,10073,2026-08-28,Y,2026-08-25,MOCKLOAD,2026-09-11 22:29:05
1007,507,100702016,2026-08-26,100702,118,2026-08-26,16,9.93,MK,26,57,566.01,66.05,10073,2026-08-28,Y,2026-08-26,MOCKLOAD,2026-09-11 22:29:05
1007,507,100702017,2026-08-27,100702,111,2026-08-27,17,486.98,MK,13,31,15096.38,1761.75,10073,2026-08-28,Y,2026-08-27,MOCKLOAD,2026-09-11 22:29:05
1007,507,100702018,2026-08-28,100702,105,2026-08-28,18,283.34,MK,11,3,850.02,99.2,10073,2026-08-28,Y,2026-08-28,MOCKLOAD,2026-09-11 22:29:05
1007,507,100702019,2026-08-29,100702,105,2026-08-29,19,47.98,MK,22,71,3406.58,397.55,10074,2026-09-03,Y,2026-08-29,MOCKLOAD,2026-09-11 22:29:05
1007,507,100702020,2026-08-30,100702,106,2026-08-30,20,484.57,MK,25,38,18413.66,2148.87,10074,2026-09-03,Y,2026-08-30,MOCKLOAD,2026-09-11 22:29:05
1007,507,100702021,2026-08-31,100702,112,2026-08-31,21,204.86,MK,12,31,6350.66,741.12,10074,2026-09-03,Y,2026-08-31,MOCKLOAD,2026-09-11 22:29:05
1007,507,100702022,2026-09-01,100702,107,2026-09-01,22,461.88,MK,28,100,46188,5390.14,10074,2026-09-03,Y,2026-09-01,MOCKLOAD,2026-09-11 22:29:05
1007,507,100702023,2026-09-02,100702,104,2026-09-02,23,238.07,MK,11,32,7618.24,889.05,10074,2026-09-03,Y,2026-09-02,MOCKLOAD,2026-09-11 22:29:05
1007,507,100702024,2026-09-03,100702,117,2026-09-03,24,428.4,MK,17,42,17992.8,2099.76,10074,2026-09-03,Y,2026-09-03,MOCKLOAD,2026-09-11 22:29:05
1007,507,100702025,2026-09-04,100702,101,2026-09-04,25,230.59,MK,19,28,6456.52,753.48,10075,2026-09-09,Y,2026-09-04,MOCKLOAD,2026-09-11 22:29:05
1007,507,100702026,2026-09-05,100702,103,2026-09-05,26,67.57,MK,27,1,67.57,7.89,10075,2026-09-09,Y,2026-09-05,MOCKLOAD,2026-09-11 22:29:05
1007,507,100702027,2026-09-06,100702,114,2026-09-06,27,70.55,MK,28,60,4233,493.99,10075,2026-09-09,Y,2026-09-06,MOCKLOAD,2026-09-11 22:29:05
1007,507,100702028,2026-09-07,100702,108,2026-09-07,28,290.25,MK,29,66,19156.5,2235.56,10075,2026-09-09,Y,2026-09-07,MOCKLOAD,2026-09-11 22:29:05
1007,507,100702029,2026-09-08,100702,110,2026-09-08,29,77.04,MK,11,70,5392.8,629.34,10075,2026-09-09,Y,2026-09-08,MOCKLOAD,2026-09-11 22:29:05
1007,507,100702030,2026-09-09,100702,106,2026-09-09,30,483.12,MK,14,2,966.24,112.76,10075,2026-09-09,Y,2026-09-09,MOCKLOAD,2026-09-11 22:29:05
1007,507,100703001,2026-08-11,100703,116,2026-08-11,1,269.23,MK,13,4,1076.92,125.68,10071,2026-08-16,Y,2026-08-11,MOCKLOAD,2026-09-11 22:29:05
1007,507,100703002,2026-08-12,100703,114,2026-08-12,2,457.31,MK,10,61,27895.91,3255.45,10071,2026-08-16,Y,2026-08-12,MOCKLOAD,2026-09-11 22:29:05
1007,507,100703003,2026-08-13,100703,116,2026-08-13,3,472.11,MK,29,80,37768.8,4407.62,10071,2026-08-16,Y,2026-08-13,MOCKLOAD,2026-09-11 22:29:05
1007,507,100703004,2026-08-14,100703,120,2026-08-14,4,490.45,MK,21,29,14223.05,1659.83,10071,2026-08-16,Y,2026-08-14,MOCKLOAD,2026-09-11 22:29:05
1007,507,100703005,2026-08-15,100703,116,2026-08-15,5,178.34,MK,12,72,12840.48,1498.48,10071,2026-08-16,Y,2026-08-15,MOCKLOAD,2026-09-11 22:29:05
1007,507,100703006,2026-08-16,100703,105,2026-08-16,6,383.58,MK,17,20,7671.6,895.28,10071,2026-08-16,Y,2026-08-16,MOCKLOAD,2026-09-11 22:29:05
1007,507,100703007,2026-08-17,100703,108,2026-08-17,7,360.32,MK,12,76,27384.32,3195.75,10072,2026-08-22,Y,2026-08-17,MOCKLOAD,2026-09-11 22:29:05
1007,507,100703008,2026-08-18,100703,109,2026-08-18,8,190.7,MK,29,23,4386.1,511.86,10072,2026-08-22,Y,2026-08-18,MOCKLOAD,2026-09-11 22:29:05
1007,507,100703009,2026-08-19,100703,104,2026-08-19,9,132.76,MK,23,44,5841.44,681.7,10072,2026-08-22,Y,2026-08-19,MOCKLOAD,2026-09-11 22:29:05
1007,507,100703010,2026-08-20,100703,107,2026-08-20,10,363.09,MK,20,68,24690.12,2881.34,10072,2026-08-22,Y,2026-08-20,MOCKLOAD,2026-09-11 22:29:05
1007,507,100703011,2026-08-21,100703,120,2026-08-21,11,447.65,MK,22,19,8505.35,992.57,10072,2026-08-22,Y,2026-08-21,MOCKLOAD,2026-09-11 22:29:05
1007,507,100703012,2026-08-22,100703,111,2026-08-22,12,259.74,MK,16,37,9610.38,1121.53,10072,2026-08-22,Y,2026-08-22,MOCKLOAD,2026-09-11 22:29:05
1007,507,100703013,2026-08-23,100703,102,2026-08-23,13,165.22,MK,15,72,11895.84,1388.24,10073,2026-08-28,Y,2026-08-23,MOCKLOAD,2026-09-11 22:29:05
1007,507,100703014,2026-08-24,100703,116,2026-08-24,14,145.36,MK,21,12,1744.32,203.56,10073,2026-08-28,Y,2026-08-24,MOCKLOAD,2026-09-11 22:29:05
1007,507,100703015,2026-08-25,100703,110,2026-08-25,15,83.86,MK,29,15,1257.9,146.8,10073,2026-08-28,Y,2026-08-25,MOCKLOAD,2026-09-11 22:29:05
1007,507,100703016,2026-08-26,100703,106,2026-08-26,16,183.25,MK,10,17,3115.25,363.55,10073,2026-08-28,Y,2026-08-26,MOCKLOAD,2026-09-11 22:29:05
1007,507,100703017,2026-08-27,100703,106,2026-08-27,17,44.09,MK,29,25,1102.25,128.63,10073,2026-08-28,Y,2026-08-27,MOCKLOAD,2026-09-11 22:29:05
1007,507,100703018,2026-08-28,100703,117,2026-08-28,18,99.85,MK,12,13,1298.05,151.48,10073,2026-08-28,Y,2026-08-28,MOCKLOAD,2026-09-11 22:29:05
1007,507,100703019,2026-08-29,100703,104,2026-08-29,19,116.27,MK,11,52,6046.04,705.57,10074,2026-09-03,Y,2026-08-29,MOCKLOAD,2026-09-11 22:29:05
1007,507,100703020,2026-08-30,100703,120,2026-08-30,20,34.96,MK,20,38,1328.48,155.03,10074,2026-09-03,Y,2026-08-30,MOCKLOAD,2026-09-11 22:29:05
1007,507,100703021,2026-08-31,100703,115,2026-08-31,21,190.65,MK,19,9,1715.85,200.24,10074,2026-09-03,Y,2026-08-31,MOCKLOAD,2026-09-11 22:29:05
1007,507,100703022,2026-09-01,100703,120,2026-09-01,22,96.18,MK,23,41,3943.38,460.19,10074,2026-09-03,Y,2026-09-01,MOCKLOAD,2026-09-11 22:29:05
1007,507,100703023,2026-09-02,100703,119,2026-09-02,23,191.36,MK,10,97,18561.92,2166.18,10074,2026-09-03,Y,2026-09-02,MOCKLOAD,2026-09-11 22:29:05
1007,507,100703024,2026-09-03,100703,102,2026-09-03,24,402.71,MK,19,66,26578.86,3101.75,10074,2026-09-03,Y,2026-09-03,MOCKLOAD,2026-09-11 22:29:05
1007,507,100703025,2026-09-04,100703,120,2026-09-04,25,191.25,MK,11,21,4016.25,468.7,10075,2026-09-09,Y,2026-09-04,MOCKLOAD,2026-09-11 22:29:05
1007,507,100703026,2026-09-05,100703,117,2026-09-05,26,276.18,MK,14,69,19056.42,2223.88,10075,2026-09-09,Y,2026-09-05,MOCKLOAD,2026-09-11 22:29:05
1007,507,100703027,2026-09-06,100703,118,2026-09-06,27,284.19,MK,18,89,25292.91,2951.68,10075,2026-09-09,Y,2026-09-06,MOCKLOAD,2026-09-11 22:29:05
1007,507,100703028,2026-09-07,100703,106,2026-09-07,28,390.67,MK,22,69,26956.23,3145.79,10075,2026-09-09,Y,2026-09-07,MOCKLOAD,2026-09-11 22:29:05
1007,507,100703029,2026-09-08,100703,113,2026-09-08,29,52.53,MK,27,24,1260.72,147.13,10075,2026-09-09,Y,2026-09-08,MOCKLOAD,2026-09-11 22:29:05
1007,507,100703030,2026-09-09,100703,104,2026-09-09,30,370.31,MK,21,41,15182.71,1771.82,10075,2026-09-09,Y,2026-09-09,MOCKLOAD,2026-09-11 22:29:05
1007,507,100704001,2026-08-11,100704,109,2026-08-11,1,214.27,MK,15,45,9642.15,1125.24,10071,2026-08-16,Y,2026-08-11,MOCKLOAD,2026-09-11 22:29:05
1007,507,100704002,2026-08-12,100704,103,2026-08-12,2,110.19,MK,14,60,6611.4,771.55,10071,2026-08-16,Y,2026-08-12,MOCKLOAD,2026-09-11 22:29:05
1007,507,100704003,2026-08-13,100704,104,2026-08-13,3,452.05,MK,27,10,4520.5,527.54,10071,2026-08-16,Y,2026-08-13,MOCKLOAD,2026-09-11 22:29:05
1007,507,100704004,2026-08-14,100704,118,2026-08-14,4,384.8,MK,26,87,33477.6,3906.84,10071,2026-08-16,Y,2026-08-14,MOCKLOAD,2026-09-11 22:29:05
1007,507,100704005,2026-08-15,100704,116,2026-08-15,5,72.98,MK,10,80,5838.4,681.34,10071,2026-08-16,Y,2026-08-15,MOCKLOAD,2026-09-11 22:29:05
1007,507,100704006,2026-08-16,100704,106,2026-08-16,6,167.93,MK,19,33,5541.69,646.72,10071,2026-08-16,Y,2026-08-16,MOCKLOAD,2026-09-11 22:29:05
1007,507,100704007,2026-08-17,100704,106,2026-08-17,7,352.8,MK,11,72,25401.6,2964.37,10072,2026-08-22,Y,2026-08-17,MOCKLOAD,2026-09-11 22:29:05
1007,507,100704008,2026-08-18,100704,109,2026-08-18,8,115.07,MK,16,75,8630.25,1007.15,10072,2026-08-22,Y,2026-08-18,MOCKLOAD,2026-09-11 22:29:05
1007,507,100704009,2026-08-19,100704,110,2026-08-19,9,405.79,MK,19,10,4057.9,473.56,10072,2026-08-22,Y,2026-08-19,MOCKLOAD,2026-09-11 22:29:05
1007,507,100704010,2026-08-20,100704,118,2026-08-20,10,43.75,MK,20,15,656.25,76.58,10072,2026-08-22,Y,2026-08-20,MOCKLOAD,2026-09-11 22:29:05
1007,507,100704011,2026-08-21,100704,117,2026-08-21,11,47.59,MK,12,8,380.72,44.43,10072,2026-08-22,Y,2026-08-21,MOCKLOAD,2026-09-11 22:29:05
1007,507,100704012,2026-08-22,100704,120,2026-08-22,12,407.05,MK,26,18,7326.9,855.05,10072,2026-08-22,Y,2026-08-22,MOCKLOAD,2026-09-11 22:29:05
1007,507,100704013,2026-08-23,100704,110,2026-08-23,13,398.91,MK,17,54,21541.14,2513.85,10073,2026-08-28,Y,2026-08-23,MOCKLOAD,2026-09-11 22:29:05
1007,507,100704014,2026-08-24,100704,104,2026-08-24,14,82.1,MK,21,84,6896.4,804.81,10073,2026-08-28,Y,2026-08-24,MOCKLOAD,2026-09-11 22:29:05
1007,507,100704015,2026-08-25,100704,118,2026-08-25,15,98.02,MK,23,46,4508.92,526.19,10073,2026-08-28,Y,2026-08-25,MOCKLOAD,2026-09-11 22:29:05
1007,507,100704016,2026-08-26,100704,111,2026-08-26,16,206.92,MK,23,41,8483.72,990.05,10073,2026-08-28,Y,2026-08-26,MOCKLOAD,2026-09-11 22:29:05
1007,507,100704017,2026-08-27,100704,106,2026-08-27,17,444.27,MK,22,72,31987.44,3732.93,10073,2026-08-28,Y,2026-08-27,MOCKLOAD,2026-09-11 22:29:05
1007,507,100704018,2026-08-28,100704,111,2026-08-28,18,275.99,MK,24,52,14351.48,1674.82,10073,2026-08-28,Y,2026-08-28,MOCKLOAD,2026-09-11 22:29:05
1007,507,100704019,2026-08-29,100704,120,2026-08-29,19,462.32,MK,20,59,27276.88,3183.21,10074,2026-09-03,Y,2026-08-29,MOCKLOAD,2026-09-11 22:29:05
1007,507,100704020,2026-08-30,100704,113,2026-08-30,20,291.11,MK,18,69,20086.59,2344.11,10074,2026-09-03,Y,2026-08-30,MOCKLOAD,2026-09-11 22:29:05
1007,507,100704021,2026-08-31,100704,114,2026-08-31,21,198.62,MK,14,78,15492.36,1807.96,10074,2026-09-03,Y,2026-08-31,MOCKLOAD,2026-09-11 22:29:05
1007,507,100704022,2026-09-01,100704,118,2026-09-01,22,73.9,MK,25,93,6872.7,802.04,10074,2026-09-03,Y,2026-09-01,MOCKLOAD,2026-09-11 22:29:05
1007,507,100704023,2026-09-02,100704,102,2026-09-02,23,499.64,MK,15,67,33475.88,3906.64,10074,2026-09-03,Y,2026-09-02,MOCKLOAD,2026-09-11 22:29:05
1007,507,100704024,2026-09-03,100704,117,2026-09-03,24,207.96,MK,21,35,7278.6,849.41,10074,2026-09-03,Y,2026-09-03,MOCKLOAD,2026-09-11 22:29:05
1007,507,100704025,2026-09-04,100704,103,2026-09-04,25,312.98,MK,26,38,11893.24,1387.94,10075,2026-09-09,Y,2026-09-04,MOCKLOAD,2026-09-11 22:29:05
1007,507,100704026,2026-09-05,100704,117,2026-09-05,26,86.43,MK,12,30,2592.9,302.59,10075,2026-09-09,Y,2026-09-05,MOCKLOAD,2026-09-11 22:29:05
1007,507,100704027,2026-09-06,100704,114,2026-09-06,27,97.63,MK,10,46,4490.98,524.1,10075,2026-09-09,Y,2026-09-06,MOCKLOAD,2026-09-11 22:29:05
1007,507,100704028,2026-09-07,100704,110,2026-09-07,28,434.77,MK,18,91,39564.07,4617.13,10075,2026-09-09,Y,2026-09-07,MOCKLOAD,2026-09-11 22:29:05
1007,507,100704029,2026-09-08,100704,120,2026-09-08,29,339.88,MK,28,10,3398.8,396.64,10075,2026-09-09,Y,2026-09-08,MOCKLOAD,2026-09-11 22:29:05
1007,507,100704030,2026-09-09,100704,108,2026-09-09,30,441.28,MK,25,61,26918.08,3141.34,10075,2026-09-09,Y,2026-09-09,MOCKLOAD,2026-09-11 22:29:05
1007,507,100705001,2026-08-11,100705,107,2026-08-11,1,16.89,MK,10,39,658.71,76.87,10071,2026-08-16,Y,2026-08-11,MOCKLOAD,2026-09-11 22:29:05
1007,507,100705002,2026-08-12,100705,117,2026-08-12,2,396.22,MK,19,3,1188.66,138.72,10071,2026-08-16,Y,2026-08-12,MOCKLOAD,2026-09-11 22:29:05
1007,507,100705003,2026-08-13,100705,112,2026-08-13,3,64.32,MK,27,7,450.24,52.54,10071,2026-08-16,Y,2026-08-13,MOCKLOAD,2026-09-11 22:29:05
1007,507,100705004,2026-08-14,100705,107,2026-08-14,4,149.38,MK,14,49,7319.62,854.2,10071,2026-08-16,Y,2026-08-14,MOCKLOAD,2026-09-11 22:29:05
1007,507,100705005,2026-08-15,100705,102,2026-08-15,5,342.67,MK,10,84,28784.28,3359.13,10071,2026-08-16,Y,2026-08-15,MOCKLOAD,2026-09-11 22:29:05
1007,507,100705006,2026-08-16,100705,107,2026-08-16,6,122.82,MK,27,58,7123.56,831.32,10071,2026-08-16,Y,2026-08-16,MOCKLOAD,2026-09-11 22:29:05
1007,507,100705007,2026-08-17,100705,111,2026-08-17,7,362.95,MK,13,33,11977.35,1397.76,10072,2026-08-22,Y,2026-08-17,MOCKLOAD,2026-09-11 22:29:05
1007,507,100705008,2026-08-18,100705,117,2026-08-18,8,178.35,MK,14,51,9095.85,1061.49,10072,2026-08-22,Y,2026-08-18,MOCKLOAD,2026-09-11 22:29:05
1007,507,100705009,2026-08-19,100705,114,2026-08-19,9,137.9,MK,18,14,1930.6,225.3,10072,2026-08-22,Y,2026-08-19,MOCKLOAD,2026-09-11 22:29:05
1007,507,100705010,2026-08-20,100705,107,2026-08-20,10,248.29,MK,19,21,5214.09,608.48,10072,2026-08-22,Y,2026-08-20,MOCKLOAD,2026-09-11 22:29:05
1007,507,100705011,2026-08-21,100705,118,2026-08-21,11,135.24,MK,19,30,4057.2,473.48,10072,2026-08-22,Y,2026-08-21,MOCKLOAD,2026-09-11 22:29:05
1007,507,100705012,2026-08-22,100705,119,2026-08-22,12,261.53,MK,25,39,10199.67,1190.3,10072,2026-08-22,Y,2026-08-22,MOCKLOAD,2026-09-11 22:29:05
1007,507,100705013,2026-08-23,100705,110,2026-08-23,13,353.76,MK,25,38,13442.88,1568.78,10073,2026-08-28,Y,2026-08-23,MOCKLOAD,2026-09-11 22:29:05
1007,507,100705014,2026-08-24,100705,106,2026-08-24,14,313.18,MK,14,50,15659,1827.41,10073,2026-08-28,Y,2026-08-24,MOCKLOAD,2026-09-11 22:29:05
1007,507,100705015,2026-08-25,100705,108,2026-08-25,15,56.43,MK,11,32,1805.76,210.73,10073,2026-08-28,Y,2026-08-25,MOCKLOAD,2026-09-11 22:29:05
1007,507,100705016,2026-08-26,100705,107,2026-08-26,16,438.54,MK,24,21,9209.34,1074.73,10073,2026-08-28,Y,2026-08-26,MOCKLOAD,2026-09-11 22:29:05
1007,507,100705017,2026-08-27,100705,110,2026-08-27,17,197.27,MK,24,67,13217.09,1542.43,10073,2026-08-28,Y,2026-08-27,MOCKLOAD,2026-09-11 22:29:05
1007,507,100705018,2026-08-28,100705,109,2026-08-28,18,325.1,MK,14,17,5526.7,644.97,10073,2026-08-28,Y,2026-08-28,MOCKLOAD,2026-09-11 22:29:05
1007,507,100705019,2026-08-29,100705,114,2026-08-29,19,498.62,MK,25,72,35900.64,4189.6,10074,2026-09-03,Y,2026-08-29,MOCKLOAD,2026-09-11 22:29:05
1007,507,100705020,2026-08-30,100705,105,2026-08-30,20,61.18,MK,14,29,1774.22,207.05,10074,2026-09-03,Y,2026-08-30,MOCKLOAD,2026-09-11 22:29:05
1007,507,100705021,2026-08-31,100705,104,2026-08-31,21,361.45,MK,24,51,18433.95,2151.24,10074,2026-09-03,Y,2026-08-31,MOCKLOAD,2026-09-11 22:29:05
1007,507,100705022,2026-09-01,100705,101,2026-09-01,22,439.42,MK,22,76,33395.92,3897.3,10074,2026-09-03,Y,2026-09-01,MOCKLOAD,2026-09-11 22:29:05
1007,507,100705023,2026-09-02,100705,104,2026-09-02,23,115.57,MK,21,63,7280.91,849.68,10074,2026-09-03,Y,2026-09-02,MOCKLOAD,2026-09-11 22:29:05
1007,507,100705024,2026-09-03,100705,117,2026-09-03,24,154.6,MK,26,32,4947.2,577.34,10074,2026-09-03,Y,2026-09-03,MOCKLOAD,2026-09-11 22:29:05
1007,507,100705025,2026-09-04,100705,103,2026-09-04,25,189.44,MK,11,94,17807.36,2078.12,10075,2026-09-09,Y,2026-09-04,MOCKLOAD,2026-09-11 22:29:05
1007,507,100705026,2026-09-05,100705,109,2026-09-05,26,430.68,MK,21,34,14643.12,1708.85,10075,2026-09-09,Y,2026-09-05,MOCKLOAD,2026-09-11 22:29:05
1007,507,100705027,2026-09-06,100705,115,2026-09-06,27,259.54,MK,13,35,9083.9,1060.09,10075,2026-09-09,Y,2026-09-06,MOCKLOAD,2026-09-11 22:29:05
1007,507,100705028,2026-09-07,100705,106,2026-09-07,28,156.89,MK,22,22,3451.58,402.8,10075,2026-09-09,Y,2026-09-07,MOCKLOAD,2026-09-11 22:29:05
1007,507,100705029,2026-09-08,100705,118,2026-09-08,29,180.57,MK,22,84,15167.88,1770.09,10075,2026-09-09,Y,2026-09-08,MOCKLOAD,2026-09-11 22:29:05
1007,507,100705030,2026-09-09,100705,109,2026-09-09,30,166.07,MK,18,65,10794.55,1259.72,10075,2026-09-09,Y,2026-09-09,MOCKLOAD,2026-09-11 22:29:05
1007,507,100706001,2026-08-11,100706,107,2026-08-11,1,180.69,MK,15,43,7769.67,906.72,10071,2026-08-16,Y,2026-08-11,MOCKLOAD,2026-09-11 22:29:05
1007,507,100706002,2026-08-12,100706,107,2026-08-12,2,264.46,MK,16,51,13487.46,1573.99,10071,2026-08-16,Y,2026-08-12,MOCKLOAD,2026-09-11 22:29:05
1007,507,100706003,2026-08-13,100706,104,2026-08-13,3,56.61,MK,22,50,2830.5,330.32,10071,2026-08-16,Y,2026-08-13,MOCKLOAD,2026-09-11 22:29:05
1007,507,100706004,2026-08-14,100706,118,2026-08-14,4,236.67,MK,17,97,22956.99,2679.08,10071,2026-08-16,Y,2026-08-14,MOCKLOAD,2026-09-11 22:29:05
1007,507,100706005,2026-08-15,100706,117,2026-08-15,5,195.93,MK,19,86,16849.98,1966.39,10071,2026-08-16,Y,2026-08-15,MOCKLOAD,2026-09-11 22:29:05
1007,507,100706006,2026-08-16,100706,108,2026-08-16,6,425.55,MK,17,56,23830.8,2781.05,10071,2026-08-16,Y,2026-08-16,MOCKLOAD,2026-09-11 22:29:05
1007,507,100706007,2026-08-17,100706,109,2026-08-17,7,385.06,MK,24,77,29649.62,3460.11,10072,2026-08-22,Y,2026-08-17,MOCKLOAD,2026-09-11 22:29:05
1007,507,100706008,2026-08-18,100706,113,2026-08-18,8,37.08,MK,15,32,1186.56,138.47,10072,2026-08-22,Y,2026-08-18,MOCKLOAD,2026-09-11 22:29:05
1007,507,100706009,2026-08-19,100706,120,2026-08-19,9,207.62,MK,23,86,17855.32,2083.72,10072,2026-08-22,Y,2026-08-19,MOCKLOAD,2026-09-11 22:29:05
1007,507,100706010,2026-08-20,100706,112,2026-08-20,10,239.88,MK,10,56,13433.28,1567.66,10072,2026-08-22,Y,2026-08-20,MOCKLOAD,2026-09-11 22:29:05
1007,507,100706011,2026-08-21,100706,115,2026-08-21,11,124.34,MK,29,71,8828.14,1030.24,10072,2026-08-22,Y,2026-08-21,MOCKLOAD,2026-09-11 22:29:05
1007,507,100706012,2026-08-22,100706,112,2026-08-22,12,373.65,MK,25,92,34375.8,4011.66,10072,2026-08-22,Y,2026-08-22,MOCKLOAD,2026-09-11 22:29:05
1007,507,100706013,2026-08-23,100706,104,2026-08-23,13,179.64,MK,13,59,10598.76,1236.88,10073,2026-08-28,Y,2026-08-23,MOCKLOAD,2026-09-11 22:29:05
1007,507,100706014,2026-08-24,100706,118,2026-08-24,14,12.04,MK,12,82,987.28,115.22,10073,2026-08-28,Y,2026-08-24,MOCKLOAD,2026-09-11 22:29:05
1007,507,100706015,2026-08-25,100706,118,2026-08-25,15,159.75,MK,17,62,9904.5,1155.86,10073,2026-08-28,Y,2026-08-25,MOCKLOAD,2026-09-11 22:29:05
1007,507,100706016,2026-08-26,100706,116,2026-08-26,16,373.29,MK,18,18,6719.22,784.13,10073,2026-08-28,Y,2026-08-26,MOCKLOAD,2026-09-11 22:29:05
1007,507,100706017,2026-08-27,100706,111,2026-08-27,17,186.22,MK,11,50,9311,1086.59,10073,2026-08-28,Y,2026-08-27,MOCKLOAD,2026-09-11 22:29:05
1007,507,100706018,2026-08-28,100706,111,2026-08-28,18,423.45,MK,23,74,31335.3,3656.83,10073,2026-08-28,Y,2026-08-28,MOCKLOAD,2026-09-11 22:29:05
1007,507,100706019,2026-08-29,100706,107,2026-08-29,19,126.47,MK,26,34,4299.98,501.81,10074,2026-09-03,Y,2026-08-29,MOCKLOAD,2026-09-11 22:29:05
1007,507,100706020,2026-08-30,100706,103,2026-08-30,20,334.96,MK,24,4,1339.84,156.36,10074,2026-09-03,Y,2026-08-30,MOCKLOAD,2026-09-11 22:29:05
1007,507,100706021,2026-08-31,100706,118,2026-08-31,21,419.29,MK,19,66,27673.14,3229.46,10074,2026-09-03,Y,2026-08-31,MOCKLOAD,2026-09-11 22:29:05
1007,507,100706022,2026-09-01,100706,111,2026-09-01,22,144.91,MK,15,87,12607.17,1471.26,10074,2026-09-03,Y,2026-09-01,MOCKLOAD,2026-09-11 22:29:05
1007,507,100706023,2026-09-02,100706,103,2026-09-02,23,98.68,MK,16,57,5624.76,656.41,10074,2026-09-03,Y,2026-09-02,MOCKLOAD,2026-09-11 22:29:05
1007,507,100706024,2026-09-03,100706,113,2026-09-03,24,414.21,MK,11,5,2071.05,241.69,10074,2026-09-03,Y,2026-09-03,MOCKLOAD,2026-09-11 22:29:05
1007,507,100706025,2026-09-04,100706,114,2026-09-04,25,312.04,MK,28,11,3432.44,400.57,10075,2026-09-09,Y,2026-09-04,MOCKLOAD,2026-09-11 22:29:05
1007,507,100706026,2026-09-05,100706,116,2026-09-05,26,103.08,MK,10,82,8452.56,986.41,10075,2026-09-09,Y,2026-09-05,MOCKLOAD,2026-09-11 22:29:05
1007,507,100706027,2026-09-06,100706,101,2026-09-06,27,403.1,MK,28,63,25395.3,2963.63,10075,2026-09-09,Y,2026-09-06,MOCKLOAD,2026-09-11 22:29:05
1007,507,100706028,2026-09-07,100706,112,2026-09-07,28,300.01,MK,17,63,18900.63,2205.7,10075,2026-09-09,Y,2026-09-07,MOCKLOAD,2026-09-11 22:29:05
1007,507,100706029,2026-09-08,100706,115,2026-09-08,29,229.93,MK,11,34,7817.62,912.32,10075,2026-09-09,Y,2026-09-08,MOCKLOAD,2026-09-11 22:29:05
1007,507,100706030,2026-09-09,100706,107,2026-09-09,30,108.48,MK,24,91,9871.68,1152.03,10075,2026-09-09,Y,2026-09-09,MOCKLOAD,2026-09-11 22:29:05
1007,507,100707001,2026-08-11,100707,118,2026-08-11,1,486.95,MK,25,22,10712.9,1250.2,10071,2026-08-16,Y,2026-08-11,MOCKLOAD,2026-09-11 22:29:05
1007,507,100707002,2026-08-12,100707,114,2026-08-12,2,47.35,MK,28,96,4545.6,530.47,10071,2026-08-16,Y,2026-08-12,MOCKLOAD,2026-09-11 22:29:05
1007,507,100707003,2026-08-13,100707,106,2026-08-13,3,446.55,MK,12,93,41529.15,4846.45,10071,2026-08-16,Y,2026-08-13,MOCKLOAD,2026-09-11 22:29:05
1007,507,100707004,2026-08-14,100707,120,2026-08-14,4,324.26,MK,25,8,2594.08,302.73,10071,2026-08-16,Y,2026-08-14,MOCKLOAD,2026-09-11 22:29:05
1007,507,100707005,2026-08-15,100707,120,2026-08-15,5,450.15,MK,29,58,26108.7,3046.89,10071,2026-08-16,Y,2026-08-15,MOCKLOAD,2026-09-11 22:29:05
1007,507,100707006,2026-08-16,100707,115,2026-08-16,6,285.72,MK,23,33,9428.76,1100.34,10071,2026-08-16,Y,2026-08-16,MOCKLOAD,2026-09-11 22:29:05
1007,507,100707007,2026-08-17,100707,118,2026-08-17,7,55.15,MK,18,60,3309,386.16,10072,2026-08-22,Y,2026-08-17,MOCKLOAD,2026-09-11 22:29:05
1007,507,100707008,2026-08-18,100707,112,2026-08-18,8,267.84,MK,20,99,26516.16,3094.44,10072,2026-08-22,Y,2026-08-18,MOCKLOAD,2026-09-11 22:29:05
1007,507,100707009,2026-08-19,100707,106,2026-08-19,9,484.62,MK,17,41,19869.42,2318.76,10072,2026-08-22,Y,2026-08-19,MOCKLOAD,2026-09-11 22:29:05
1007,507,100707010,2026-08-20,100707,112,2026-08-20,10,274.48,MK,28,71,19488.08,2274.26,10072,2026-08-22,Y,2026-08-20,MOCKLOAD,2026-09-11 22:29:05
1007,507,100707011,2026-08-21,100707,107,2026-08-21,11,100.39,MK,22,17,1706.63,199.16,10072,2026-08-22,Y,2026-08-21,MOCKLOAD,2026-09-11 22:29:05
1007,507,100707012,2026-08-22,100707,114,2026-08-22,12,409.4,MK,20,32,13100.8,1528.86,10072,2026-08-22,Y,2026-08-22,MOCKLOAD,2026-09-11 22:29:05
1007,507,100707013,2026-08-23,100707,117,2026-08-23,13,441.7,MK,27,33,14576.1,1701.03,10073,2026-08-28,Y,2026-08-23,MOCKLOAD,2026-09-11 22:29:05
1007,507,100707014,2026-08-24,100707,101,2026-08-24,14,343.5,MK,28,36,12366,1443.11,10073,2026-08-28,Y,2026-08-24,MOCKLOAD,2026-09-11 22:29:05
1007,507,100707015,2026-08-25,100707,113,2026-08-25,15,113.27,MK,25,47,5323.69,621.27,10073,2026-08-28,Y,2026-08-25,MOCKLOAD,2026-09-11 22:29:05
1007,507,100707016,2026-08-26,100707,116,2026-08-26,16,304.58,MK,22,68,20711.44,2417.03,10073,2026-08-28,Y,2026-08-26,MOCKLOAD,2026-09-11 22:29:05
1007,507,100707017,2026-08-27,100707,120,2026-08-27,17,209.44,MK,25,2,418.88,48.88,10073,2026-08-28,Y,2026-08-27,MOCKLOAD,2026-09-11 22:29:05
1007,507,100707018,2026-08-28,100707,109,2026-08-28,18,99.79,MK,16,45,4490.55,524.05,10073,2026-08-28,Y,2026-08-28,MOCKLOAD,2026-09-11 22:29:05
1007,507,100707019,2026-08-29,100707,110,2026-08-29,19,291.94,MK,17,23,6714.62,783.6,10074,2026-09-03,Y,2026-08-29,MOCKLOAD,2026-09-11 22:29:05
1007,507,100707020,2026-08-30,100707,118,2026-08-30,20,278.48,MK,13,50,13924,1624.93,10074,2026-09-03,Y,2026-08-30,MOCKLOAD,2026-09-11 22:29:05
1007,507,100707021,2026-08-31,100707,111,2026-08-31,21,136.65,MK,29,75,10248.75,1196.03,10074,2026-09-03,Y,2026-08-31,MOCKLOAD,2026-09-11 22:29:05
1007,507,100707022,2026-09-01,100707,107,2026-09-01,22,74.44,MK,26,30,2233.2,260.61,10074,2026-09-03,Y,2026-09-01,MOCKLOAD,2026-09-11 22:29:05
1007,507,100707023,2026-09-02,100707,119,2026-09-02,23,448.01,MK,22,84,37632.84,4391.75,10074,2026-09-03,Y,2026-09-02,MOCKLOAD,2026-09-11 22:29:05
1007,507,100707024,2026-09-03,100707,118,2026-09-03,24,26.38,MK,10,42,1107.96,129.3,10074,2026-09-03,Y,2026-09-03,MOCKLOAD,2026-09-11 22:29:05
1007,507,100707025,2026-09-04,100707,115,2026-09-04,25,72.45,MK,18,74,5361.3,625.66,10075,2026-09-09,Y,2026-09-04,MOCKLOAD,2026-09-11 22:29:05
1007,507,100707026,2026-09-05,100707,103,2026-09-05,26,79.89,MK,19,60,4793.4,559.39,10075,2026-09-09,Y,2026-09-05,MOCKLOAD,2026-09-11 22:29:05
1007,507,100707027,2026-09-06,100707,108,2026-09-06,27,396.7,MK,23,13,5157.1,601.83,10075,2026-09-09,Y,2026-09-06,MOCKLOAD,2026-09-11 22:29:05
1007,507,100707028,2026-09-07,100707,120,2026-09-07,28,280.85,MK,25,2,561.7,65.55,10075,2026-09-09,Y,2026-09-07,MOCKLOAD,2026-09-11 22:29:05
1007,507,100707029,2026-09-08,100707,106,2026-09-08,29,338.83,MK,12,74,25073.42,2926.07,10075,2026-09-09,Y,2026-09-08,MOCKLOAD,2026-09-11 22:29:05
1007,507,100707030,2026-09-09,100707,102,2026-09-09,30,414.27,MK,13,69,28584.63,3335.83,10075,2026-09-09,Y,2026-09-09,MOCKLOAD,2026-09-11 22:29:05
1007,507,100708001,2026-08-11,100708,118,2026-08-11,1,73.92,MK,24,88,6504.96,759.13,10071,2026-08-16,Y,2026-08-11,MOCKLOAD,2026-09-11 22:29:05
1007,507,100708002,2026-08-12,100708,115,2026-08-12,2,331.53,MK,26,37,12266.61,1431.51,10071,2026-08-16,Y,2026-08-12,MOCKLOAD,2026-09-11 22:29:05
1007,507,100708003,2026-08-13,100708,116,2026-08-13,3,33.51,MK,20,87,2915.37,340.22,10071,2026-08-16,Y,2026-08-13,MOCKLOAD,2026-09-11 22:29:05
1007,507,100708004,2026-08-14,100708,118,2026-08-14,4,260.57,MK,28,47,12246.79,1429.2,10071,2026-08-16,Y,2026-08-14,MOCKLOAD,2026-09-11 22:29:05
1007,507,100708005,2026-08-15,100708,113,2026-08-15,5,87.21,MK,12,75,6540.75,763.31,10071,2026-08-16,Y,2026-08-15,MOCKLOAD,2026-09-11 22:29:05
1007,507,100708006,2026-08-16,100708,109,2026-08-16,6,103.87,MK,12,8,830.96,96.97,10071,2026-08-16,Y,2026-08-16,MOCKLOAD,2026-09-11 22:29:05
1007,507,100708007,2026-08-17,100708,102,2026-08-17,7,309.7,MK,11,69,21369.3,2493.8,10072,2026-08-22,Y,2026-08-17,MOCKLOAD,2026-09-11 22:29:05
1007,507,100708008,2026-08-18,100708,101,2026-08-18,8,376.48,MK,24,4,1505.92,175.74,10072,2026-08-22,Y,2026-08-18,MOCKLOAD,2026-09-11 22:29:05
1007,507,100708009,2026-08-19,100708,108,2026-08-19,9,48.36,MK,22,25,1209,141.09,10072,2026-08-22,Y,2026-08-19,MOCKLOAD,2026-09-11 22:29:05
1007,507,100708010,2026-08-20,100708,120,2026-08-20,10,185.55,MK,29,56,10390.8,1212.61,10072,2026-08-22,Y,2026-08-20,MOCKLOAD,2026-09-11 22:29:05
1007,507,100708011,2026-08-21,100708,104,2026-08-21,11,405.6,MK,15,51,20685.6,2414.01,10072,2026-08-22,Y,2026-08-21,MOCKLOAD,2026-09-11 22:29:05
1007,507,100708012,2026-08-22,100708,115,2026-08-22,12,286.27,MK,26,24,6870.48,801.79,10072,2026-08-22,Y,2026-08-22,MOCKLOAD,2026-09-11 22:29:05
1007,507,100708013,2026-08-23,100708,120,2026-08-23,13,77.49,MK,15,42,3254.58,379.81,10073,2026-08-28,Y,2026-08-23,MOCKLOAD,2026-09-11 22:29:05
1007,507,100708014,2026-08-24,100708,108,2026-08-24,14,257.44,MK,21,91,23427.04,2733.94,10073,2026-08-28,Y,2026-08-24,MOCKLOAD,2026-09-11 22:29:05
1007,507,100708015,2026-08-25,100708,106,2026-08-25,15,443.14,MK,19,67,29690.38,3464.87,10073,2026-08-28,Y,2026-08-25,MOCKLOAD,2026-09-11 22:29:05
1007,507,100708016,2026-08-26,100708,104,2026-08-26,16,233.41,MK,22,29,6768.89,789.93,10073,2026-08-28,Y,2026-08-26,MOCKLOAD,2026-09-11 22:29:05
1007,507,100708017,2026-08-27,100708,104,2026-08-27,17,448.21,MK,28,14,6274.94,732.29,10073,2026-08-28,Y,2026-08-27,MOCKLOAD,2026-09-11 22:29:05
1007,507,100708018,2026-08-28,100708,104,2026-08-28,18,248.22,MK,18,89,22091.58,2578.09,10073,2026-08-28,Y,2026-08-28,MOCKLOAD,2026-09-11 22:29:05
1007,507,100708019,2026-08-29,100708,106,2026-08-29,19,204.17,MK,11,35,7145.95,833.93,10074,2026-09-03,Y,2026-08-29,MOCKLOAD,2026-09-11 22:29:05
1007,507,100708020,2026-08-30,100708,102,2026-08-30,20,45.57,MK,23,38,1731.66,202.08,10074,2026-09-03,Y,2026-08-30,MOCKLOAD,2026-09-11 22:29:05
1007,507,100708021,2026-08-31,100708,109,2026-08-31,21,438.9,MK,20,23,10094.7,1178.05,10074,2026-09-03,Y,2026-08-31,MOCKLOAD,2026-09-11 22:29:05
1007,507,100708022,2026-09-01,100708,102,2026-09-01,22,30.59,MK,24,80,2447.2,285.59,10074,2026-09-03,Y,2026-09-01,MOCKLOAD,2026-09-11 22:29:05
1007,507,100708023,2026-09-02,100708,119,2026-09-02,23,259.83,MK,15,48,12471.84,1455.46,10074,2026-09-03,Y,2026-09-02,MOCKLOAD,2026-09-11 22:29:05
1007,507,100708024,2026-09-03,100708,104,2026-09-03,24,121.9,MK,26,79,9630.1,1123.83,10074,2026-09-03,Y,2026-09-03,MOCKLOAD,2026-09-11 22:29:05
1007,507,100708025,2026-09-04,100708,117,2026-09-04,25,73.31,MK,21,51,3738.81,436.32,10075,2026-09-09,Y,2026-09-04,MOCKLOAD,2026-09-11 22:29:05
1007,507,100708026,2026-09-05,100708,112,2026-09-05,26,126.8,MK,18,94,11919.2,1390.97,10075,2026-09-09,Y,2026-09-05,MOCKLOAD,2026-09-11 22:29:05
1007,507,100708027,2026-09-06,100708,114,2026-09-06,27,425.81,MK,16,83,35342.23,4124.44,10075,2026-09-09,Y,2026-09-06,MOCKLOAD,2026-09-11 22:29:05
1007,507,100708028,2026-09-07,100708,120,2026-09-07,28,32.05,MK,24,78,2499.9,291.74,10075,2026-09-09,Y,2026-09-07,MOCKLOAD,2026-09-11 22:29:05
1007,507,100708029,2026-09-08,100708,110,2026-09-08,29,365.69,MK,28,78,28523.82,3328.73,10075,2026-09-09,Y,2026-09-08,MOCKLOAD,2026-09-11 22:29:05
1007,507,100708030,2026-09-09,100708,103,2026-09-09,30,132.42,MK,21,48,6356.16,741.76,10075,2026-09-09,Y,2026-09-09,MOCKLOAD,2026-09-11 22:29:05
1007,507,100709001,2026-08-11,100709,102,2026-08-11,1,148.96,MK,22,19,2830.24,330.29,10071,2026-08-16,Y,2026-08-11,MOCKLOAD,2026-09-11 22:29:05
1007,507,100709002,2026-08-12,100709,118,2026-08-12,2,26.52,MK,24,20,530.4,61.9,10071,2026-08-16,Y,2026-08-12,MOCKLOAD,2026-09-11 22:29:05
1007,507,100709003,2026-08-13,100709,108,2026-08-13,3,58.68,MK,20,56,3286.08,383.49,10071,2026-08-16,Y,2026-08-13,MOCKLOAD,2026-09-11 22:29:05
1007,507,100709004,2026-08-14,100709,120,2026-08-14,4,198.59,MK,19,9,1787.31,208.58,10071,2026-08-16,Y,2026-08-14,MOCKLOAD,2026-09-11 22:29:05
1007,507,100709005,2026-08-15,100709,103,2026-08-15,5,77.51,MK,28,87,6743.37,786.95,10071,2026-08-16,Y,2026-08-15,MOCKLOAD,2026-09-11 22:29:05
1007,507,100709006,2026-08-16,100709,106,2026-08-16,6,57.36,MK,27,43,2466.48,287.84,10071,2026-08-16,Y,2026-08-16,MOCKLOAD,2026-09-11 22:29:05
1007,507,100709007,2026-08-17,100709,119,2026-08-17,7,391.58,MK,12,80,31326.4,3655.79,10072,2026-08-22,Y,2026-08-17,MOCKLOAD,2026-09-11 22:29:05
1007,507,100709008,2026-08-18,100709,113,2026-08-18,8,131.35,MK,15,87,11427.45,1333.58,10072,2026-08-22,Y,2026-08-18,MOCKLOAD,2026-09-11 22:29:05
1007,507,100709009,2026-08-19,100709,112,2026-08-19,9,309.16,MK,25,61,18858.76,2200.82,10072,2026-08-22,Y,2026-08-19,MOCKLOAD,2026-09-11 22:29:05
1007,507,100709010,2026-08-20,100709,120,2026-08-20,10,236.7,MK,17,12,2840.4,331.47,10072,2026-08-22,Y,2026-08-20,MOCKLOAD,2026-09-11 22:29:05
1007,507,100709011,2026-08-21,100709,110,2026-08-21,11,58.65,MK,17,38,2228.7,260.09,10072,2026-08-22,Y,2026-08-21,MOCKLOAD,2026-09-11 22:29:05
1007,507,100709012,2026-08-22,100709,117,2026-08-22,12,302.29,MK,23,84,25392.36,2963.29,10072,2026-08-22,Y,2026-08-22,MOCKLOAD,2026-09-11 22:29:05
1007,507,100709013,2026-08-23,100709,104,2026-08-23,13,191.14,MK,26,15,2867.1,334.59,10073,2026-08-28,Y,2026-08-23,MOCKLOAD,2026-09-11 22:29:05
1007,507,100709014,2026-08-24,100709,115,2026-08-24,14,261.7,MK,15,10,2617,305.4,10073,2026-08-28,Y,2026-08-24,MOCKLOAD,2026-09-11 22:29:05
1007,507,100709015,2026-08-25,100709,102,2026-08-25,15,486.59,MK,11,23,11191.57,1306.06,10073,2026-08-28,Y,2026-08-25,MOCKLOAD,2026-09-11 22:29:05
1007,507,100709016,2026-08-26,100709,120,2026-08-26,16,475.81,MK,16,70,33306.7,3886.89,10073,2026-08-28,Y,2026-08-26,MOCKLOAD,2026-09-11 22:29:05
1007,507,100709017,2026-08-27,100709,114,2026-08-27,17,484.69,MK,20,19,9209.11,1074.7,10073,2026-08-28,Y,2026-08-27,MOCKLOAD,2026-09-11 22:29:05
1007,507,100709018,2026-08-28,100709,105,2026-08-28,18,195.12,MK,25,18,3512.16,409.87,10073,2026-08-28,Y,2026-08-28,MOCKLOAD,2026-09-11 22:29:05
1007,507,100709019,2026-08-29,100709,111,2026-08-29,19,412.14,MK,21,66,27201.24,3174.38,10074,2026-09-03,Y,2026-08-29,MOCKLOAD,2026-09-11 22:29:05
1007,507,100709020,2026-08-30,100709,114,2026-08-30,20,431.42,MK,10,7,3019.94,352.43,10074,2026-09-03,Y,2026-08-30,MOCKLOAD,2026-09-11 22:29:05
1007,507,100709021,2026-08-31,100709,111,2026-08-31,21,490.51,MK,24,36,17658.36,2060.73,10074,2026-09-03,Y,2026-08-31,MOCKLOAD,2026-09-11 22:29:05
1007,507,100709022,2026-09-01,100709,104,2026-09-01,22,103.79,MK,17,70,7265.3,847.86,10074,2026-09-03,Y,2026-09-01,MOCKLOAD,2026-09-11 22:29:05
1007,507,100709023,2026-09-02,100709,114,2026-09-02,23,464.81,MK,29,15,6972.15,813.65,10074,2026-09-03,Y,2026-09-02,MOCKLOAD,2026-09-11 22:29:05
1007,507,100709024,2026-09-03,100709,110,2026-09-03,24,317.77,MK,22,12,3813.24,445.01,10074,2026-09-03,Y,2026-09-03,MOCKLOAD,2026-09-11 22:29:05
1007,507,100709025,2026-09-04,100709,116,2026-09-04,25,222.11,MK,10,61,13548.71,1581.13,10075,2026-09-09,Y,2026-09-04,MOCKLOAD,2026-09-11 22:29:05
1007,507,100709026,2026-09-05,100709,116,2026-09-05,26,305.54,MK,12,1,305.54,35.66,10075,2026-09-09,Y,2026-09-05,MOCKLOAD,2026-09-11 22:29:05
1007,507,100709027,2026-09-06,100709,102,2026-09-06,27,200.31,MK,23,39,7812.09,911.67,10075,2026-09-09,Y,2026-09-06,MOCKLOAD,2026-09-11 22:29:05
1007,507,100709028,2026-09-07,100709,118,2026-09-07,28,130.51,MK,20,36,4698.36,548.3,10075,2026-09-09,Y,2026-09-07,MOCKLOAD,2026-09-11 22:29:05
1007,507,100709029,2026-09-08,100709,116,2026-09-08,29,321.86,MK,20,8,2574.88,300.49,10075,2026-09-09,Y,2026-09-08,MOCKLOAD,2026-09-11 22:29:05
1007,507,100709030,2026-09-09,100709,116,2026-09-09,30,56.98,MK,15,75,4273.5,498.72,10075,2026-09-09,Y,2026-09-09,MOCKLOAD,2026-09-11 22:29:05
1007,507,100710001,2026-08-11,100710,108,2026-08-11,1,417.42,MK,21,30,12522.6,1461.39,10071,2026-08-16,Y,2026-08-11,MOCKLOAD,2026-09-11 22:29:05
1007,507,100710002,2026-08-12,100710,104,2026-08-12,2,113.09,MK,28,52,5880.68,686.28,10071,2026-08-16,Y,2026-08-12,MOCKLOAD,2026-09-11 22:29:05
1007,507,100710003,2026-08-13,100710,101,2026-08-13,3,41.97,MK,10,89,3735.33,435.91,10071,2026-08-16,Y,2026-08-13,MOCKLOAD,2026-09-11 22:29:05
1007,507,100710004,2026-08-14,100710,110,2026-08-14,4,16.93,MK,29,3,50.79,5.93,10071,2026-08-16,Y,2026-08-14,MOCKLOAD,2026-09-11 22:29:05
1007,507,100710005,2026-08-15,100710,108,2026-08-15,5,44.32,MK,11,7,310.24,36.21,10071,2026-08-16,Y,2026-08-15,MOCKLOAD,2026-09-11 22:29:05
1007,507,100710006,2026-08-16,100710,115,2026-08-16,6,446.46,MK,20,12,5357.52,625.22,10071,2026-08-16,Y,2026-08-16,MOCKLOAD,2026-09-11 22:29:05
1007,507,100710007,2026-08-17,100710,116,2026-08-17,7,439.8,MK,29,49,21550.2,2514.91,10072,2026-08-22,Y,2026-08-17,MOCKLOAD,2026-09-11 22:29:05
1007,507,100710008,2026-08-18,100710,102,2026-08-18,8,355,MK,12,100,35500,4142.85,10072,2026-08-22,Y,2026-08-18,MOCKLOAD,2026-09-11 22:29:05
1007,507,100710009,2026-08-19,100710,104,2026-08-19,9,268.12,MK,12,60,16087.2,1877.38,10072,2026-08-22,Y,2026-08-19,MOCKLOAD,2026-09-11 22:29:05
1007,507,100710010,2026-08-20,100710,120,2026-08-20,10,262.27,MK,24,25,6556.75,765.17,10072,2026-08-22,Y,2026-08-20,MOCKLOAD,2026-09-11 22:29:05
1007,507,100710011,2026-08-21,100710,116,2026-08-21,11,347.93,MK,11,66,22963.38,2679.83,10072,2026-08-22,Y,2026-08-21,MOCKLOAD,2026-09-11 22:29:05
1007,507,100710012,2026-08-22,100710,114,2026-08-22,12,171.85,MK,27,21,3608.85,421.15,10072,2026-08-22,Y,2026-08-22,MOCKLOAD,2026-09-11 22:29:05
1007,507,100710013,2026-08-23,100710,115,2026-08-23,13,20.56,MK,27,77,1583.12,184.75,10073,2026-08-28,Y,2026-08-23,MOCKLOAD,2026-09-11 22:29:05
1007,507,100710014,2026-08-24,100710,104,2026-08-24,14,91.36,MK,12,39,3563.04,415.81,10073,2026-08-28,Y,2026-08-24,MOCKLOAD,2026-09-11 22:29:05
1007,507,100710015,2026-08-25,100710,113,2026-08-25,15,178.59,MK,18,32,5714.88,666.93,10073,2026-08-28,Y,2026-08-25,MOCKLOAD,2026-09-11 22:29:05
1007,507,100710016,2026-08-26,100710,119,2026-08-26,16,463.2,MK,21,17,7874.4,918.94,10073,2026-08-28,Y,2026-08-26,MOCKLOAD,2026-09-11 22:29:05
1007,507,100710017,2026-08-27,100710,116,2026-08-27,17,231.38,MK,22,34,7866.92,918.07,10073,2026-08-28,Y,2026-08-27,MOCKLOAD,2026-09-11 22:29:05
1007,507,100710018,2026-08-28,100710,115,2026-08-28,18,180.79,MK,14,90,16271.1,1898.84,10073,2026-08-28,Y,2026-08-28,MOCKLOAD,2026-09-11 22:29:05
1007,507,100710019,2026-08-29,100710,110,2026-08-29,19,449.58,MK,29,33,14836.14,1731.38,10074,2026-09-03,Y,2026-08-29,MOCKLOAD,2026-09-11 22:29:05
1007,507,100710020,2026-08-30,100710,111,2026-08-30,20,137.36,MK,18,6,824.16,96.18,10074,2026-09-03,Y,2026-08-30,MOCKLOAD,2026-09-11 22:29:05
1007,507,100710021,2026-08-31,100710,104,2026-08-31,21,454.34,MK,16,94,42707.96,4984.02,10074,2026-09-03,Y,2026-08-31,MOCKLOAD,2026-09-11 22:29:05
1007,507,100710022,2026-09-01,100710,112,2026-09-01,22,297.6,MK,16,97,28867.2,3368.8,10074,2026-09-03,Y,2026-09-01,MOCKLOAD,2026-09-11 22:29:05
1007,507,100710023,2026-09-02,100710,101,2026-09-02,23,194.26,MK,13,87,16900.62,1972.3,10074,2026-09-03,Y,2026-09-02,MOCKLOAD,2026-09-11 22:29:05
1007,507,100710024,2026-09-03,100710,103,2026-09-03,24,166.82,MK,29,100,16682,1946.79,10074,2026-09-03,Y,2026-09-03,MOCKLOAD,2026-09-11 22:29:05
1007,507,100710025,2026-09-04,100710,104,2026-09-04,25,213.65,MK,25,97,20724.05,2418.5,10075,2026-09-09,Y,2026-09-04,MOCKLOAD,2026-09-11 22:29:05
1007,507,100710026,2026-09-05,100710,112,2026-09-05,26,480.78,MK,14,39,18750.42,2188.17,10075,2026-09-09,Y,2026-09-05,MOCKLOAD,2026-09-11 22:29:05
1007,507,100710027,2026-09-06,100710,111,2026-09-06,27,250.66,MK,15,23,5765.18,672.8,10075,2026-09-09,Y,2026-09-06,MOCKLOAD,2026-09-11 22:29:05
1007,507,100710028,2026-09-07,100710,117,2026-09-07,28,92.36,MK,19,5,461.8,53.89,10075,2026-09-09,Y,2026-09-07,MOCKLOAD,2026-09-11 22:29:05
1007,507,100710029,2026-09-08,100710,120,2026-09-08,29,259.47,MK,16,65,16865.55,1968.21,10075,2026-09-09,Y,2026-09-08,MOCKLOAD,2026-09-11 22:29:05
1007,507,100710030,2026-09-09,100710,120,2026-09-09,30,296.92,MK,15,92,27316.64,3187.85,10075,2026-09-09,Y,2026-09-09,MOCKLOAD,2026-09-11 22:29:05
1008,508,100801001,2026-08-11,100801,108,2026-08-11,1,298.42,BD,19,93,27753.06,4643.09,10081,2026-08-16,Y,2026-08-11,MOCKLOAD,2026-09-11 22:29:05
1008,508,100801002,2026-08-12,100801,119,2026-08-12,2,52.44,BD,20,33,1730.52,289.52,10081,2026-08-16,Y,2026-08-12,MOCKLOAD,2026-09-11 22:29:05
1008,508,100801003,2026-08-13,100801,102,2026-08-13,3,168.81,BD,15,11,1856.91,310.66,10081,2026-08-16,Y,2026-08-13,MOCKLOAD,2026-09-11 22:29:05
1008,508,100801004,2026-08-14,100801,113,2026-08-14,4,484.31,BD,24,79,38260.49,6400.98,10081,2026-08-16,Y,2026-08-14,MOCKLOAD,2026-09-11 22:29:05
1008,508,100801005,2026-08-15,100801,112,2026-08-15,5,471.88,BD,16,49,23122.12,3868.33,10081,2026-08-16,Y,2026-08-15,MOCKLOAD,2026-09-11 22:29:05
1008,508,100801006,2026-08-16,100801,102,2026-08-16,6,258.22,BD,11,52,13427.44,2246.41,10081,2026-08-16,Y,2026-08-16,MOCKLOAD,2026-09-11 22:29:05
1008,508,100801007,2026-08-17,100801,111,2026-08-17,7,238.11,BD,15,3,714.33,119.51,10082,2026-08-22,Y,2026-08-17,MOCKLOAD,2026-09-11 22:29:05
1008,508,100801008,2026-08-18,100801,105,2026-08-18,8,263.1,BD,21,14,3683.4,616.23,10082,2026-08-22,Y,2026-08-18,MOCKLOAD,2026-09-11 22:29:05
1008,508,100801009,2026-08-19,100801,105,2026-08-19,9,84.75,BD,15,18,1525.5,255.22,10082,2026-08-22,Y,2026-08-19,MOCKLOAD,2026-09-11 22:29:05
1008,508,100801010,2026-08-20,100801,106,2026-08-20,10,133.63,BD,16,57,7616.91,1274.31,10082,2026-08-22,Y,2026-08-20,MOCKLOAD,2026-09-11 22:29:05
1008,508,100801011,2026-08-21,100801,103,2026-08-21,11,48.76,BD,20,20,975.2,163.15,10082,2026-08-22,Y,2026-08-21,MOCKLOAD,2026-09-11 22:29:05
1008,508,100801012,2026-08-22,100801,108,2026-08-22,12,400.37,BD,11,69,27625.53,4621.75,10082,2026-08-22,Y,2026-08-22,MOCKLOAD,2026-09-11 22:29:05
1008,508,100801013,2026-08-23,100801,116,2026-08-23,13,456.74,BD,29,83,37909.42,6342.25,10083,2026-08-28,Y,2026-08-23,MOCKLOAD,2026-09-11 22:29:05
1008,508,100801014,2026-08-24,100801,113,2026-08-24,14,258.97,BD,26,46,11912.62,1992.98,10083,2026-08-28,Y,2026-08-24,MOCKLOAD,2026-09-11 22:29:05
1008,508,100801015,2026-08-25,100801,115,2026-08-25,15,85.36,BD,20,57,4865.52,814,10083,2026-08-28,Y,2026-08-25,MOCKLOAD,2026-09-11 22:29:05
1008,508,100801016,2026-08-26,100801,109,2026-08-26,16,192.05,BD,17,100,19205,3213,10083,2026-08-28,Y,2026-08-26,MOCKLOAD,2026-09-11 22:29:05
1008,508,100801017,2026-08-27,100801,103,2026-08-27,17,254.29,BD,14,92,23394.68,3913.93,10083,2026-08-28,Y,2026-08-27,MOCKLOAD,2026-09-11 22:29:05
1008,508,100801018,2026-08-28,100801,106,2026-08-28,18,435.68,BD,16,39,16991.52,2842.68,10083,2026-08-28,Y,2026-08-28,MOCKLOAD,2026-09-11 22:29:05
1008,508,100801019,2026-08-29,100801,118,2026-08-29,19,218.23,BD,13,19,4146.37,693.69,10084,2026-09-03,Y,2026-08-29,MOCKLOAD,2026-09-11 22:29:05
1008,508,100801020,2026-08-30,100801,107,2026-08-30,20,149,BD,10,31,4619,772.76,10084,2026-09-03,Y,2026-08-30,MOCKLOAD,2026-09-11 22:29:05
1008,508,100801021,2026-08-31,100801,108,2026-08-31,21,236.62,BD,18,31,7335.22,1227.18,10084,2026-09-03,Y,2026-08-31,MOCKLOAD,2026-09-11 22:29:05
1008,508,100801022,2026-09-01,100801,109,2026-09-01,22,51.48,BD,20,94,4839.12,809.58,10084,2026-09-03,Y,2026-09-01,MOCKLOAD,2026-09-11 22:29:05
1008,508,100801023,2026-09-02,100801,103,2026-09-02,23,23.84,BD,29,30,715.2,119.65,10084,2026-09-03,Y,2026-09-02,MOCKLOAD,2026-09-11 22:29:05
1008,508,100801024,2026-09-03,100801,119,2026-09-03,24,315.94,BD,21,66,20852.04,3488.55,10084,2026-09-03,Y,2026-09-03,MOCKLOAD,2026-09-11 22:29:05
1008,508,100801025,2026-09-04,100801,108,2026-09-04,25,94.8,BD,13,11,1042.8,174.46,10085,2026-09-09,Y,2026-09-04,MOCKLOAD,2026-09-11 22:29:05
1008,508,100801026,2026-09-05,100801,109,2026-09-05,26,130.41,BD,14,81,10563.21,1767.23,10085,2026-09-09,Y,2026-09-05,MOCKLOAD,2026-09-11 22:29:05
1008,508,100801027,2026-09-06,100801,109,2026-09-06,27,220.76,BD,15,86,18985.36,3176.25,10085,2026-09-09,Y,2026-09-06,MOCKLOAD,2026-09-11 22:29:05
1008,508,100801028,2026-09-07,100801,109,2026-09-07,28,372.65,BD,21,77,28694.05,4800.51,10085,2026-09-09,Y,2026-09-07,MOCKLOAD,2026-09-11 22:29:05
1008,508,100801029,2026-09-08,100801,108,2026-09-08,29,421.29,BD,11,77,32439.33,5427.1,10085,2026-09-09,Y,2026-09-08,MOCKLOAD,2026-09-11 22:29:05
1008,508,100801030,2026-09-09,100801,120,2026-09-09,30,247.96,BD,25,87,21572.52,3609.08,10085,2026-09-09,Y,2026-09-09,MOCKLOAD,2026-09-11 22:29:05
1008,508,100802001,2026-08-11,100802,118,2026-08-11,1,258.44,BD,15,43,11112.92,1859.19,10081,2026-08-16,Y,2026-08-11,MOCKLOAD,2026-09-11 22:29:05
1008,508,100802002,2026-08-12,100802,115,2026-08-12,2,166.02,BD,19,36,5976.72,999.91,10081,2026-08-16,Y,2026-08-12,MOCKLOAD,2026-09-11 22:29:05
1008,508,100802003,2026-08-13,100802,104,2026-08-13,3,130.9,BD,23,80,10472,1751.97,10081,2026-08-16,Y,2026-08-13,MOCKLOAD,2026-09-11 22:29:05
1008,508,100802004,2026-08-14,100802,116,2026-08-14,4,5.74,BD,28,36,206.64,34.57,10081,2026-08-16,Y,2026-08-14,MOCKLOAD,2026-09-11 22:29:05
1008,508,100802005,2026-08-15,100802,110,2026-08-15,5,5.87,BD,16,10,58.7,9.82,10081,2026-08-16,Y,2026-08-15,MOCKLOAD,2026-09-11 22:29:05
1008,508,100802006,2026-08-16,100802,109,2026-08-16,6,54.56,BD,24,94,5128.64,858.02,10081,2026-08-16,Y,2026-08-16,MOCKLOAD,2026-09-11 22:29:05
1008,508,100802007,2026-08-17,100802,119,2026-08-17,7,353.41,BD,15,69,24385.29,4079.66,10082,2026-08-22,Y,2026-08-17,MOCKLOAD,2026-09-11 22:29:05
1008,508,100802008,2026-08-18,100802,112,2026-08-18,8,40.2,BD,14,53,2130.6,356.45,10082,2026-08-22,Y,2026-08-18,MOCKLOAD,2026-09-11 22:29:05
1008,508,100802009,2026-08-19,100802,107,2026-08-19,9,320.53,BD,27,60,19231.8,3217.48,10082,2026-08-22,Y,2026-08-19,MOCKLOAD,2026-09-11 22:29:05
1008,508,100802010,2026-08-20,100802,114,2026-08-20,10,473.93,BD,26,90,42653.7,7135.96,10082,2026-08-22,Y,2026-08-20,MOCKLOAD,2026-09-11 22:29:05
1008,508,100802011,2026-08-21,100802,105,2026-08-21,11,305.08,BD,21,7,2135.56,357.28,10082,2026-08-22,Y,2026-08-21,MOCKLOAD,2026-09-11 22:29:05
1008,508,100802012,2026-08-22,100802,103,2026-08-22,12,322.37,BD,24,83,26756.71,4476.4,10082,2026-08-22,Y,2026-08-22,MOCKLOAD,2026-09-11 22:29:05
1008,508,100802013,2026-08-23,100802,116,2026-08-23,13,217.42,BD,13,78,16958.76,2837.2,10083,2026-08-28,Y,2026-08-23,MOCKLOAD,2026-09-11 22:29:05
1008,508,100802014,2026-08-24,100802,103,2026-08-24,14,340.54,BD,11,59,20091.86,3361.37,10083,2026-08-28,Y,2026-08-24,MOCKLOAD,2026-09-11 22:29:05
1008,508,100802015,2026-08-25,100802,109,2026-08-25,15,109.19,BD,23,40,4367.6,730.7,10083,2026-08-28,Y,2026-08-25,MOCKLOAD,2026-09-11 22:29:05
1008,508,100802016,2026-08-26,100802,105,2026-08-26,16,94.38,BD,28,93,8777.34,1468.45,10083,2026-08-28,Y,2026-08-26,MOCKLOAD,2026-09-11 22:29:05
1008,508,100802017,2026-08-27,100802,103,2026-08-27,17,337.47,BD,24,90,30372.3,5081.29,10083,2026-08-28,Y,2026-08-27,MOCKLOAD,2026-09-11 22:29:05
1008,508,100802018,2026-08-28,100802,104,2026-08-28,18,419,BD,16,13,5447,911.28,10083,2026-08-28,Y,2026-08-28,MOCKLOAD,2026-09-11 22:29:05
1008,508,100802019,2026-08-29,100802,109,2026-08-29,19,43.22,BD,29,74,3198.28,535.07,10084,2026-09-03,Y,2026-08-29,MOCKLOAD,2026-09-11 22:29:05
1008,508,100802020,2026-08-30,100802,101,2026-08-30,20,172.58,BD,13,24,4141.92,692.94,10084,2026-09-03,Y,2026-08-30,MOCKLOAD,2026-09-11 22:29:05
1008,508,100802021,2026-08-31,100802,112,2026-08-31,21,277.14,BD,22,60,16628.4,2781.93,10084,2026-09-03,Y,2026-08-31,MOCKLOAD,2026-09-11 22:29:05
1008,508,100802022,2026-09-01,100802,119,2026-09-01,22,450.96,BD,11,10,4509.6,754.46,10084,2026-09-03,Y,2026-09-01,MOCKLOAD,2026-09-11 22:29:05
1008,508,100802023,2026-09-02,100802,112,2026-09-02,23,475.75,BD,25,43,20457.25,3422.5,10084,2026-09-03,Y,2026-09-02,MOCKLOAD,2026-09-11 22:29:05
1008,508,100802024,2026-09-03,100802,110,2026-09-03,24,159.31,BD,26,60,9558.6,1599.15,10084,2026-09-03,Y,2026-09-03,MOCKLOAD,2026-09-11 22:29:05
1008,508,100802025,2026-09-04,100802,114,2026-09-04,25,51.49,BD,16,86,4428.14,740.83,10085,2026-09-09,Y,2026-09-04,MOCKLOAD,2026-09-11 22:29:05
1008,508,100802026,2026-09-05,100802,102,2026-09-05,26,363.5,BD,21,1,363.5,60.81,10085,2026-09-09,Y,2026-09-05,MOCKLOAD,2026-09-11 22:29:05
1008,508,100802027,2026-09-06,100802,110,2026-09-06,27,175.31,BD,12,47,8239.57,1378.48,10085,2026-09-09,Y,2026-09-06,MOCKLOAD,2026-09-11 22:29:05
1008,508,100802028,2026-09-07,100802,103,2026-09-07,28,132.66,BD,20,97,12868.02,2152.82,10085,2026-09-09,Y,2026-09-07,MOCKLOAD,2026-09-11 22:29:05
1008,508,100802029,2026-09-08,100802,112,2026-09-08,29,63.12,BD,11,85,5365.2,897.6,10085,2026-09-09,Y,2026-09-08,MOCKLOAD,2026-09-11 22:29:05
1008,508,100802030,2026-09-09,100802,117,2026-09-09,30,286.51,BD,17,71,20342.21,3403.25,10085,2026-09-09,Y,2026-09-09,MOCKLOAD,2026-09-11 22:29:05
1008,508,100803001,2026-08-11,100803,108,2026-08-11,1,408.67,BD,29,2,817.34,136.74,10081,2026-08-16,Y,2026-08-11,MOCKLOAD,2026-09-11 22:29:05
1008,508,100803002,2026-08-12,100803,108,2026-08-12,2,165.31,BD,22,52,8596.12,1438.13,10081,2026-08-16,Y,2026-08-12,MOCKLOAD,2026-09-11 22:29:05
1008,508,100803003,2026-08-13,100803,117,2026-08-13,3,353.08,BD,17,48,16947.84,2835.37,10081,2026-08-16,Y,2026-08-13,MOCKLOAD,2026-09-11 22:29:05
1008,508,100803004,2026-08-14,100803,118,2026-08-14,4,459.28,BD,16,33,15156.24,2535.64,10081,2026-08-16,Y,2026-08-14,MOCKLOAD,2026-09-11 22:29:05
1008,508,100803005,2026-08-15,100803,115,2026-08-15,5,367.97,BD,16,29,10671.13,1785.28,10081,2026-08-16,Y,2026-08-15,MOCKLOAD,2026-09-11 22:29:05
1008,508,100803006,2026-08-16,100803,109,2026-08-16,6,26.35,BD,18,71,1870.85,312.99,10081,2026-08-16,Y,2026-08-16,MOCKLOAD,2026-09-11 22:29:05
1008,508,100803007,2026-08-17,100803,112,2026-08-17,7,134.3,BD,28,23,3088.9,516.77,10082,2026-08-22,Y,2026-08-17,MOCKLOAD,2026-09-11 22:29:05
1008,508,100803008,2026-08-18,100803,106,2026-08-18,8,68.84,BD,14,87,5989.08,1001.97,10082,2026-08-22,Y,2026-08-18,MOCKLOAD,2026-09-11 22:29:05
1008,508,100803009,2026-08-19,100803,112,2026-08-19,9,491.99,BD,23,19,9347.81,1563.89,10082,2026-08-22,Y,2026-08-19,MOCKLOAD,2026-09-11 22:29:05
1008,508,100803010,2026-08-20,100803,116,2026-08-20,10,138.12,BD,12,89,12292.68,2056.57,10082,2026-08-22,Y,2026-08-20,MOCKLOAD,2026-09-11 22:29:05
1008,508,100803011,2026-08-21,100803,105,2026-08-21,11,419.48,BD,29,11,4614.28,771.97,10082,2026-08-22,Y,2026-08-21,MOCKLOAD,2026-09-11 22:29:05
1008,508,100803012,2026-08-22,100803,109,2026-08-22,12,439.27,BD,20,98,43048.46,7202.01,10082,2026-08-22,Y,2026-08-22,MOCKLOAD,2026-09-11 22:29:05
1008,508,100803013,2026-08-23,100803,105,2026-08-23,13,180.35,BD,28,94,16952.9,2836.22,10083,2026-08-28,Y,2026-08-23,MOCKLOAD,2026-09-11 22:29:05
1008,508,100803014,2026-08-24,100803,106,2026-08-24,14,471.08,BD,13,90,42397.2,7093.05,10083,2026-08-28,Y,2026-08-24,MOCKLOAD,2026-09-11 22:29:05
1008,508,100803015,2026-08-25,100803,111,2026-08-25,15,296.16,BD,23,78,23100.48,3864.71,10083,2026-08-28,Y,2026-08-25,MOCKLOAD,2026-09-11 22:29:05
1008,508,100803016,2026-08-26,100803,103,2026-08-26,16,308.25,BD,24,38,11713.5,1959.67,10083,2026-08-28,Y,2026-08-26,MOCKLOAD,2026-09-11 22:29:05
1008,508,100803017,2026-08-27,100803,102,2026-08-27,17,50.92,BD,17,12,611.04,102.23,10083,2026-08-28,Y,2026-08-27,MOCKLOAD,2026-09-11 22:29:05
1008,508,100803018,2026-08-28,100803,102,2026-08-28,18,222.93,BD,27,68,15159.24,2536.14,10083,2026-08-28,Y,2026-08-28,MOCKLOAD,2026-09-11 22:29:05
1008,508,100803019,2026-08-29,100803,102,2026-08-29,19,451.23,BD,26,96,43318.08,7247.11,10084,2026-09-03,Y,2026-08-29,MOCKLOAD,2026-09-11 22:29:05
1008,508,100803020,2026-08-30,100803,115,2026-08-30,20,206.07,BD,16,73,15043.11,2516.71,10084,2026-09-03,Y,2026-08-30,MOCKLOAD,2026-09-11 22:29:05
1008,508,100803021,2026-08-31,100803,107,2026-08-31,21,145.15,BD,22,31,4499.65,752.79,10084,2026-09-03,Y,2026-08-31,MOCKLOAD,2026-09-11 22:29:05
1008,508,100803022,2026-09-01,100803,113,2026-09-01,22,149.99,BD,10,29,4349.71,727.71,10084,2026-09-03,Y,2026-09-01,MOCKLOAD,2026-09-11 22:29:05
1008,508,100803023,2026-09-02,100803,109,2026-09-02,23,479.46,BD,14,16,7671.36,1283.42,10084,2026-09-03,Y,2026-09-02,MOCKLOAD,2026-09-11 22:29:05
1008,508,100803024,2026-09-03,100803,120,2026-09-03,24,219.6,BD,21,97,21301.2,3563.69,10084,2026-09-03,Y,2026-09-03,MOCKLOAD,2026-09-11 22:29:05
1008,508,100803025,2026-09-04,100803,117,2026-09-04,25,112.84,BD,17,55,6206.2,1038.3,10085,2026-09-09,Y,2026-09-04,MOCKLOAD,2026-09-11 22:29:05
1008,508,100803026,2026-09-05,100803,108,2026-09-05,26,65.22,BD,14,92,6000.24,1003.84,10085,2026-09-09,Y,2026-09-05,MOCKLOAD,2026-09-11 22:29:05
1008,508,100803027,2026-09-06,100803,108,2026-09-06,27,340.46,BD,29,22,7490.12,1253.1,10085,2026-09-09,Y,2026-09-06,MOCKLOAD,2026-09-11 22:29:05
1008,508,100803028,2026-09-07,100803,109,2026-09-07,28,212.88,BD,26,44,9366.72,1567.05,10085,2026-09-09,Y,2026-09-07,MOCKLOAD,2026-09-11 22:29:05
1008,508,100803029,2026-09-08,100803,116,2026-09-08,29,432.51,BD,27,34,14705.34,2460.2,10085,2026-09-09,Y,2026-09-08,MOCKLOAD,2026-09-11 22:29:05
1008,508,100803030,2026-09-09,100803,104,2026-09-09,30,252.68,BD,29,58,14655.44,2451.86,10085,2026-09-09,Y,2026-09-09,MOCKLOAD,2026-09-11 22:29:05
1008,508,100804001,2026-08-11,100804,111,2026-08-11,1,281.14,BD,29,1,281.14,47.03,10081,2026-08-16,Y,2026-08-11,MOCKLOAD,2026-09-11 22:29:05
1008,508,100804002,2026-08-12,100804,110,2026-08-12,2,221.91,BD,29,29,6435.39,1076.64,10081,2026-08-16,Y,2026-08-12,MOCKLOAD,2026-09-11 22:29:05
1008,508,100804003,2026-08-13,100804,113,2026-08-13,3,313.39,BD,12,100,31339,5243.01,10081,2026-08-16,Y,2026-08-13,MOCKLOAD,2026-09-11 22:29:05
1008,508,100804004,2026-08-14,100804,101,2026-08-14,4,281.5,BD,22,71,19986.5,3343.74,10081,2026-08-16,Y,2026-08-14,MOCKLOAD,2026-09-11 22:29:05
1008,508,100804005,2026-08-15,100804,109,2026-08-15,5,7.45,BD,13,65,484.25,81.02,10081,2026-08-16,Y,2026-08-15,MOCKLOAD,2026-09-11 22:29:05
1008,508,100804006,2026-08-16,100804,107,2026-08-16,6,234.43,BD,13,27,6329.61,1058.94,10081,2026-08-16,Y,2026-08-16,MOCKLOAD,2026-09-11 22:29:05
1008,508,100804007,2026-08-17,100804,101,2026-08-17,7,388.72,BD,17,25,9718,1625.82,10082,2026-08-22,Y,2026-08-17,MOCKLOAD,2026-09-11 22:29:05
1008,508,100804008,2026-08-18,100804,104,2026-08-18,8,497.2,BD,16,3,1491.6,249.54,10082,2026-08-22,Y,2026-08-18,MOCKLOAD,2026-09-11 22:29:05
1008,508,100804009,2026-08-19,100804,113,2026-08-19,9,354.72,BD,13,76,26958.72,4510.19,10082,2026-08-22,Y,2026-08-19,MOCKLOAD,2026-09-11 22:29:05
1008,508,100804010,2026-08-20,100804,112,2026-08-20,10,38.87,BD,26,89,3459.43,578.76,10082,2026-08-22,Y,2026-08-20,MOCKLOAD,2026-09-11 22:29:05
1008,508,100804011,2026-08-21,100804,110,2026-08-21,11,226.02,BD,21,62,14013.24,2344.42,10082,2026-08-22,Y,2026-08-21,MOCKLOAD,2026-09-11 22:29:05
1008,508,100804012,2026-08-22,100804,110,2026-08-22,12,345.79,BD,19,15,5186.85,867.76,10082,2026-08-22,Y,2026-08-22,MOCKLOAD,2026-09-11 22:29:05
1008,508,100804013,2026-08-23,100804,109,2026-08-23,13,24.84,BD,24,74,1838.16,307.52,10083,2026-08-28,Y,2026-08-23,MOCKLOAD,2026-09-11 22:29:05
1008,508,100804014,2026-08-24,100804,117,2026-08-24,14,168.62,BD,25,75,12646.5,2115.76,10083,2026-08-28,Y,2026-08-24,MOCKLOAD,2026-09-11 22:29:05
1008,508,100804015,2026-08-25,100804,116,2026-08-25,15,181.25,BD,14,37,6706.25,1121.96,10083,2026-08-28,Y,2026-08-25,MOCKLOAD,2026-09-11 22:29:05
1008,508,100804016,2026-08-26,100804,111,2026-08-26,16,116.92,BD,27,32,3741.44,625.94,10083,2026-08-28,Y,2026-08-26,MOCKLOAD,2026-09-11 22:29:05
1008,508,100804017,2026-08-27,100804,102,2026-08-27,17,210.59,BD,17,10,2105.9,352.32,10083,2026-08-28,Y,2026-08-27,MOCKLOAD,2026-09-11 22:29:05
1008,508,100804018,2026-08-28,100804,103,2026-08-28,18,348.39,BD,28,99,34490.61,5770.28,10083,2026-08-28,Y,2026-08-28,MOCKLOAD,2026-09-11 22:29:05
1008,508,100804019,2026-08-29,100804,106,2026-08-29,19,338.11,BD,21,78,26372.58,4412.13,10084,2026-09-03,Y,2026-08-29,MOCKLOAD,2026-09-11 22:29:05
1008,508,100804020,2026-08-30,100804,108,2026-08-30,20,228.1,BD,18,18,4105.8,686.9,10084,2026-09-03,Y,2026-08-30,MOCKLOAD,2026-09-11 22:29:05
1008,508,100804021,2026-08-31,100804,117,2026-08-31,21,108.48,BD,25,41,4447.68,744.1,10084,2026-09-03,Y,2026-08-31,MOCKLOAD,2026-09-11 22:29:05
1008,508,100804022,2026-09-01,100804,110,2026-09-01,22,468.93,BD,26,56,26260.08,4393.31,10084,2026-09-03,Y,2026-09-01,MOCKLOAD,2026-09-11 22:29:05
1008,508,100804023,2026-09-02,100804,104,2026-09-02,23,330.34,BD,14,9,2973.06,497.39,10084,2026-09-03,Y,2026-09-02,MOCKLOAD,2026-09-11 22:29:05
1008,508,100804024,2026-09-03,100804,120,2026-09-03,24,154.85,BD,22,48,7432.8,1243.51,10084,2026-09-03,Y,2026-09-03,MOCKLOAD,2026-09-11 22:29:05
1008,508,100804025,2026-09-04,100804,106,2026-09-04,25,305.42,BD,13,68,20768.56,3474.58,10085,2026-09-09,Y,2026-09-04,MOCKLOAD,2026-09-11 22:29:05
1008,508,100804026,2026-09-05,100804,117,2026-09-05,26,439.26,BD,18,59,25916.34,4335.8,10085,2026-09-09,Y,2026-09-05,MOCKLOAD,2026-09-11 22:29:05
1008,508,100804027,2026-09-06,100804,101,2026-09-06,27,41.46,BD,21,19,787.74,131.79,10085,2026-09-09,Y,2026-09-06,MOCKLOAD,2026-09-11 22:29:05
1008,508,100804028,2026-09-07,100804,118,2026-09-07,28,263.25,BD,23,98,25798.5,4316.09,10085,2026-09-09,Y,2026-09-07,MOCKLOAD,2026-09-11 22:29:05
1008,508,100804029,2026-09-08,100804,105,2026-09-08,29,55.8,BD,29,14,781.2,130.69,10085,2026-09-09,Y,2026-09-08,MOCKLOAD,2026-09-11 22:29:05
1008,508,100804030,2026-09-09,100804,107,2026-09-09,30,116.51,BD,23,48,5592.48,935.62,10085,2026-09-09,Y,2026-09-09,MOCKLOAD,2026-09-11 22:29:05
1008,508,100805001,2026-08-11,100805,102,2026-08-11,1,329.18,BD,11,78,25676.04,4295.6,10081,2026-08-16,Y,2026-08-11,MOCKLOAD,2026-09-11 22:29:05
1008,508,100805002,2026-08-12,100805,116,2026-08-12,2,445.58,BD,11,48,21387.84,3578.19,10081,2026-08-16,Y,2026-08-12,MOCKLOAD,2026-09-11 22:29:05
1008,508,100805003,2026-08-13,100805,119,2026-08-13,3,210.83,BD,24,77,16233.91,2715.93,10081,2026-08-16,Y,2026-08-13,MOCKLOAD,2026-09-11 22:29:05
1008,508,100805004,2026-08-14,100805,111,2026-08-14,4,25.64,BD,12,69,1769.16,295.98,10081,2026-08-16,Y,2026-08-14,MOCKLOAD,2026-09-11 22:29:05
1008,508,100805005,2026-08-15,100805,110,2026-08-15,5,462.17,BD,14,2,924.34,154.64,10081,2026-08-16,Y,2026-08-15,MOCKLOAD,2026-09-11 22:29:05
1008,508,100805006,2026-08-16,100805,105,2026-08-16,6,85.23,BD,16,21,1789.83,299.44,10081,2026-08-16,Y,2026-08-16,MOCKLOAD,2026-09-11 22:29:05
1008,508,100805007,2026-08-17,100805,110,2026-08-17,7,36.62,BD,23,20,732.4,122.53,10082,2026-08-22,Y,2026-08-17,MOCKLOAD,2026-09-11 22:29:05
1008,508,100805008,2026-08-18,100805,118,2026-08-18,8,90.17,BD,14,37,3336.29,558.16,10082,2026-08-22,Y,2026-08-18,MOCKLOAD,2026-09-11 22:29:05
1008,508,100805009,2026-08-19,100805,118,2026-08-19,9,191.73,BD,24,67,12845.91,2149.12,10082,2026-08-22,Y,2026-08-19,MOCKLOAD,2026-09-11 22:29:05
1008,508,100805010,2026-08-20,100805,114,2026-08-20,10,334.19,BD,23,16,5347.04,894.56,10082,2026-08-22,Y,2026-08-20,MOCKLOAD,2026-09-11 22:29:05
1008,508,100805011,2026-08-21,100805,105,2026-08-21,11,131.7,BD,27,93,12248.1,2049.11,10082,2026-08-22,Y,2026-08-21,MOCKLOAD,2026-09-11 22:29:05
1008,508,100805012,2026-08-22,100805,120,2026-08-22,12,470.84,BD,22,56,26367.04,4411.21,10082,2026-08-22,Y,2026-08-22,MOCKLOAD,2026-09-11 22:29:05
1008,508,100805013,2026-08-23,100805,107,2026-08-23,13,186.51,BD,20,33,6154.83,1029.7,10083,2026-08-28,Y,2026-08-23,MOCKLOAD,2026-09-11 22:29:05
1008,508,100805014,2026-08-24,100805,118,2026-08-24,14,281.94,BD,20,48,13533.12,2264.09,10083,2026-08-28,Y,2026-08-24,MOCKLOAD,2026-09-11 22:29:05
1008,508,100805015,2026-08-25,100805,111,2026-08-25,15,481.46,BD,22,28,13480.88,2255.35,10083,2026-08-28,Y,2026-08-25,MOCKLOAD,2026-09-11 22:29:05
1008,508,100805016,2026-08-26,100805,107,2026-08-26,16,164.56,BD,26,16,2632.96,440.49,10083,2026-08-28,Y,2026-08-26,MOCKLOAD,2026-09-11 22:29:05
1008,508,100805017,2026-08-27,100805,115,2026-08-27,17,234.65,BD,23,64,15017.6,2512.44,10083,2026-08-28,Y,2026-08-27,MOCKLOAD,2026-09-11 22:29:05
1008,508,100805018,2026-08-28,100805,114,2026-08-28,18,488.39,BD,12,74,36140.86,6046.37,10083,2026-08-28,Y,2026-08-28,MOCKLOAD,2026-09-11 22:29:05
1008,508,100805019,2026-08-29,100805,111,2026-08-29,19,32.03,BD,12,65,2081.95,348.31,10084,2026-09-03,Y,2026-08-29,MOCKLOAD,2026-09-11 22:29:05
1008,508,100805020,2026-08-30,100805,105,2026-08-30,20,440.56,BD,12,30,13216.8,2211.17,10084,2026-09-03,Y,2026-08-30,MOCKLOAD,2026-09-11 22:29:05
1008,508,100805021,2026-08-31,100805,118,2026-08-31,21,358.19,BD,22,72,25789.68,4314.61,10084,2026-09-03,Y,2026-08-31,MOCKLOAD,2026-09-11 22:29:05
1008,508,100805022,2026-09-01,100805,120,2026-09-01,22,398.85,BD,17,51,20341.35,3403.11,10084,2026-09-03,Y,2026-09-01,MOCKLOAD,2026-09-11 22:29:05
1008,508,100805023,2026-09-02,100805,113,2026-09-02,23,178.25,BD,10,74,13190.5,2206.77,10084,2026-09-03,Y,2026-09-02,MOCKLOAD,2026-09-11 22:29:05
1008,508,100805024,2026-09-03,100805,103,2026-09-03,24,59.23,BD,23,87,5153.01,862.1,10084,2026-09-03,Y,2026-09-03,MOCKLOAD,2026-09-11 22:29:05
1008,508,100805025,2026-09-04,100805,120,2026-09-04,25,44.72,BD,20,68,3040.96,508.75,10085,2026-09-09,Y,2026-09-04,MOCKLOAD,2026-09-11 22:29:05
1008,508,100805026,2026-09-05,100805,113,2026-09-05,26,495.18,BD,19,63,31196.34,5219.15,10085,2026-09-09,Y,2026-09-05,MOCKLOAD,2026-09-11 22:29:05
1008,508,100805027,2026-09-06,100805,116,2026-09-06,27,116.89,BD,27,21,2454.69,410.67,10085,2026-09-09,Y,2026-09-06,MOCKLOAD,2026-09-11 22:29:05
1008,508,100805028,2026-09-07,100805,116,2026-09-07,28,445.36,BD,26,70,31175.2,5215.61,10085,2026-09-09,Y,2026-09-07,MOCKLOAD,2026-09-11 22:29:05
1008,508,100805029,2026-09-08,100805,116,2026-09-08,29,488.85,BD,28,28,13687.8,2289.97,10085,2026-09-09,Y,2026-09-08,MOCKLOAD,2026-09-11 22:29:05
1008,508,100805030,2026-09-09,100805,119,2026-09-09,30,305.03,BD,28,78,23792.34,3980.46,10085,2026-09-09,Y,2026-09-09,MOCKLOAD,2026-09-11 22:29:05
1008,508,100806001,2026-08-11,100806,103,2026-08-11,1,46.49,BD,26,17,790.33,132.22,10081,2026-08-16,Y,2026-08-11,MOCKLOAD,2026-09-11 22:29:05
1008,508,100806002,2026-08-12,100806,115,2026-08-12,2,216.23,BD,24,7,1513.61,253.23,10081,2026-08-16,Y,2026-08-12,MOCKLOAD,2026-09-11 22:29:05
1008,508,100806003,2026-08-13,100806,120,2026-08-13,3,89.57,BD,15,71,6359.47,1063.94,10081,2026-08-16,Y,2026-08-13,MOCKLOAD,2026-09-11 22:29:05
1008,508,100806004,2026-08-14,100806,108,2026-08-14,4,156.53,BD,14,100,15653,2618.75,10081,2026-08-16,Y,2026-08-14,MOCKLOAD,2026-09-11 22:29:05
1008,508,100806005,2026-08-15,100806,112,2026-08-15,5,70.28,BD,27,69,4849.32,811.29,10081,2026-08-16,Y,2026-08-15,MOCKLOAD,2026-09-11 22:29:05
1008,508,100806006,2026-08-16,100806,117,2026-08-16,6,411.37,BD,14,15,6170.55,1032.33,10081,2026-08-16,Y,2026-08-16,MOCKLOAD,2026-09-11 22:29:05
1008,508,100806007,2026-08-17,100806,113,2026-08-17,7,305.68,BD,22,65,19869.2,3324.12,10082,2026-08-22,Y,2026-08-17,MOCKLOAD,2026-09-11 22:29:05
1008,508,100806008,2026-08-18,100806,101,2026-08-18,8,100.69,BD,13,38,3826.22,640.13,10082,2026-08-22,Y,2026-08-18,MOCKLOAD,2026-09-11 22:29:05
1008,508,100806009,2026-08-19,100806,111,2026-08-19,9,73.92,BD,13,38,2808.96,469.94,10082,2026-08-22,Y,2026-08-19,MOCKLOAD,2026-09-11 22:29:05
1008,508,100806010,2026-08-20,100806,118,2026-08-20,10,216.52,BD,10,82,17754.64,2970.35,10082,2026-08-22,Y,2026-08-20,MOCKLOAD,2026-09-11 22:29:05
1008,508,100806011,2026-08-21,100806,103,2026-08-21,11,99.79,BD,18,79,7883.41,1318.89,10082,2026-08-22,Y,2026-08-21,MOCKLOAD,2026-09-11 22:29:05
1008,508,100806012,2026-08-22,100806,120,2026-08-22,12,160.29,BD,29,97,15548.13,2601.2,10082,2026-08-22,Y,2026-08-22,MOCKLOAD,2026-09-11 22:29:05
1008,508,100806013,2026-08-23,100806,105,2026-08-23,13,327.56,BD,24,54,17688.24,2959.24,10083,2026-08-28,Y,2026-08-23,MOCKLOAD,2026-09-11 22:29:05
1008,508,100806014,2026-08-24,100806,115,2026-08-24,14,235.72,BD,19,95,22393.4,3746.42,10083,2026-08-28,Y,2026-08-24,MOCKLOAD,2026-09-11 22:29:05
1008,508,100806015,2026-08-25,100806,116,2026-08-25,15,37.22,BD,23,36,1339.92,224.17,10083,2026-08-28,Y,2026-08-25,MOCKLOAD,2026-09-11 22:29:05
1008,508,100806016,2026-08-26,100806,111,2026-08-26,16,163.03,BD,23,43,7010.29,1172.82,10083,2026-08-28,Y,2026-08-26,MOCKLOAD,2026-09-11 22:29:05
1008,508,100806017,2026-08-27,100806,108,2026-08-27,17,52.43,BD,16,11,576.73,96.49,10083,2026-08-28,Y,2026-08-27,MOCKLOAD,2026-09-11 22:29:05
1008,508,100806018,2026-08-28,100806,115,2026-08-28,18,466.21,BD,24,59,27506.39,4601.82,10083,2026-08-28,Y,2026-08-28,MOCKLOAD,2026-09-11 22:29:05
1008,508,100806019,2026-08-29,100806,116,2026-08-29,19,177.03,BD,29,7,1239.21,207.32,10084,2026-09-03,Y,2026-08-29,MOCKLOAD,2026-09-11 22:29:05
1008,508,100806020,2026-08-30,100806,112,2026-08-30,20,324.86,BD,12,68,22090.48,3695.74,10084,2026-09-03,Y,2026-08-30,MOCKLOAD,2026-09-11 22:29:05
1008,508,100806021,2026-08-31,100806,101,2026-08-31,21,285.47,BD,19,53,15129.91,2531.23,10084,2026-09-03,Y,2026-08-31,MOCKLOAD,2026-09-11 22:29:05
1008,508,100806022,2026-09-01,100806,117,2026-09-01,22,190.5,BD,19,64,12192,2039.72,10084,2026-09-03,Y,2026-09-01,MOCKLOAD,2026-09-11 22:29:05
1008,508,100806023,2026-09-02,100806,115,2026-09-02,23,316.55,BD,19,19,6014.45,1006.22,10084,2026-09-03,Y,2026-09-02,MOCKLOAD,2026-09-11 22:29:05
1008,508,100806024,2026-09-03,100806,115,2026-09-03,24,218.09,BD,22,54,11776.86,1970.27,10084,2026-09-03,Y,2026-09-03,MOCKLOAD,2026-09-11 22:29:05
1008,508,100806025,2026-09-04,100806,119,2026-09-04,25,319.83,BD,27,60,19189.8,3210.45,10085,2026-09-09,Y,2026-09-04,MOCKLOAD,2026-09-11 22:29:05
1008,508,100806026,2026-09-05,100806,105,2026-09-05,26,451.89,BD,15,54,24402.06,4082.46,10085,2026-09-09,Y,2026-09-05,MOCKLOAD,2026-09-11 22:29:05
1008,508,100806027,2026-09-06,100806,111,2026-09-06,27,26.86,BD,26,1,26.86,4.49,10085,2026-09-09,Y,2026-09-06,MOCKLOAD,2026-09-11 22:29:05
1008,508,100806028,2026-09-07,100806,113,2026-09-07,28,318.36,BD,23,65,20693.4,3462.01,10085,2026-09-09,Y,2026-09-07,MOCKLOAD,2026-09-11 22:29:05
1008,508,100806029,2026-09-08,100806,111,2026-09-08,29,82.7,BD,14,67,5540.9,926.99,10085,2026-09-09,Y,2026-09-08,MOCKLOAD,2026-09-11 22:29:05
1008,508,100806030,2026-09-09,100806,117,2026-09-09,30,62.82,BD,24,51,3203.82,536,10085,2026-09-09,Y,2026-09-09,MOCKLOAD,2026-09-11 22:29:05
1008,508,100807001,2026-08-11,100807,104,2026-08-11,1,392.11,BD,11,21,8234.31,1377.6,10081,2026-08-16,Y,2026-08-11,MOCKLOAD,2026-09-11 22:29:05
1008,508,100807002,2026-08-12,100807,113,2026-08-12,2,397.6,BD,21,45,17892,2993.33,10081,2026-08-16,Y,2026-08-12,MOCKLOAD,2026-09-11 22:29:05
1008,508,100807003,2026-08-13,100807,111,2026-08-13,3,248.5,BD,24,22,5467,914.63,10081,2026-08-16,Y,2026-08-13,MOCKLOAD,2026-09-11 22:29:05
1008,508,100807004,2026-08-14,100807,104,2026-08-14,4,317.58,BD,19,40,12703.2,2125.25,10081,2026-08-16,Y,2026-08-14,MOCKLOAD,2026-09-11 22:29:05
1008,508,100807005,2026-08-15,100807,114,2026-08-15,5,322.23,BD,13,86,27711.78,4636.18,10081,2026-08-16,Y,2026-08-15,MOCKLOAD,2026-09-11 22:29:05
1008,508,100807006,2026-08-16,100807,110,2026-08-16,6,105,BD,19,51,5355,895.89,10081,2026-08-16,Y,2026-08-16,MOCKLOAD,2026-09-11 22:29:05
1008,508,100807007,2026-08-17,100807,117,2026-08-17,7,16.35,BD,17,44,719.4,120.36,10082,2026-08-22,Y,2026-08-17,MOCKLOAD,2026-09-11 22:29:05
1008,508,100807008,2026-08-18,100807,118,2026-08-18,8,248.25,BD,21,22,5461.5,913.71,10082,2026-08-22,Y,2026-08-18,MOCKLOAD,2026-09-11 22:29:05
1008,508,100807009,2026-08-19,100807,103,2026-08-19,9,294.81,BD,18,10,2948.1,493.22,10082,2026-08-22,Y,2026-08-19,MOCKLOAD,2026-09-11 22:29:05
1008,508,100807010,2026-08-20,100807,115,2026-08-20,10,119.03,BD,12,43,5118.29,856.29,10082,2026-08-22,Y,2026-08-20,MOCKLOAD,2026-09-11 22:29:05
1008,508,100807011,2026-08-21,100807,114,2026-08-21,11,175.75,BD,21,73,12829.75,2146.42,10082,2026-08-22,Y,2026-08-21,MOCKLOAD,2026-09-11 22:29:05
1008,508,100807012,2026-08-22,100807,103,2026-08-22,12,309.9,BD,28,1,309.9,51.85,10082,2026-08-22,Y,2026-08-22,MOCKLOAD,2026-09-11 22:29:05
1008,508,100807013,2026-08-23,100807,104,2026-08-23,13,47.6,BD,22,74,3522.4,589.3,10083,2026-08-28,Y,2026-08-23,MOCKLOAD,2026-09-11 22:29:05
1008,508,100807014,2026-08-24,100807,115,2026-08-24,14,75.85,BD,18,94,7129.9,1192.83,10083,2026-08-28,Y,2026-08-24,MOCKLOAD,2026-09-11 22:29:05
1008,508,100807015,2026-08-25,100807,102,2026-08-25,15,453.88,BD,21,28,12708.64,2126.16,10083,2026-08-28,Y,2026-08-25,MOCKLOAD,2026-09-11 22:29:05
1008,508,100807016,2026-08-26,100807,120,2026-08-26,16,10.82,BD,19,25,270.5,45.25,10083,2026-08-28,Y,2026-08-26,MOCKLOAD,2026-09-11 22:29:05
1008,508,100807017,2026-08-27,100807,112,2026-08-27,17,181.36,BD,16,48,8705.28,1456.39,10083,2026-08-28,Y,2026-08-27,MOCKLOAD,2026-09-11 22:29:05
1008,508,100807018,2026-08-28,100807,114,2026-08-28,18,50.97,BD,29,33,1682.01,281.4,10083,2026-08-28,Y,2026-08-28,MOCKLOAD,2026-09-11 22:29:05
1008,508,100807019,2026-08-29,100807,106,2026-08-29,19,93.74,BD,27,52,4874.48,815.5,10084,2026-09-03,Y,2026-08-29,MOCKLOAD,2026-09-11 22:29:05
1008,508,100807020,2026-08-30,100807,105,2026-08-30,20,413.84,BD,23,30,12415.2,2077.06,10084,2026-09-03,Y,2026-08-30,MOCKLOAD,2026-09-11 22:29:05
1008,508,100807021,2026-08-31,100807,112,2026-08-31,21,358.46,BD,19,26,9319.96,1559.23,10084,2026-09-03,Y,2026-08-31,MOCKLOAD,2026-09-11 22:29:05
1008,508,100807022,2026-09-01,100807,119,2026-09-01,22,222.8,BD,26,92,20497.6,3429.25,10084,2026-09-03,Y,2026-09-01,MOCKLOAD,2026-09-11 22:29:05
1008,508,100807023,2026-09-02,100807,116,2026-09-02,23,259.1,BD,17,71,18396.1,3077.67,10084,2026-09-03,Y,2026-09-02,MOCKLOAD,2026-09-11 22:29:05
1008,508,100807024,2026-09-03,100807,112,2026-09-03,24,145.56,BD,26,65,9461.4,1582.89,10084,2026-09-03,Y,2026-09-03,MOCKLOAD,2026-09-11 22:29:05
1008,508,100807025,2026-09-04,100807,114,2026-09-04,25,283.6,BD,13,44,12478.4,2087.64,10085,2026-09-09,Y,2026-09-04,MOCKLOAD,2026-09-11 22:29:05
1008,508,100807026,2026-09-05,100807,105,2026-09-05,26,442.78,BD,10,98,43392.44,7259.56,10085,2026-09-09,Y,2026-09-05,MOCKLOAD,2026-09-11 22:29:05
1008,508,100807027,2026-09-06,100807,114,2026-09-06,27,494.43,BD,17,80,39554.4,6617.45,10085,2026-09-09,Y,2026-09-06,MOCKLOAD,2026-09-11 22:29:05
1008,508,100807028,2026-09-07,100807,112,2026-09-07,28,74.89,BD,10,97,7264.33,1215.32,10085,2026-09-09,Y,2026-09-07,MOCKLOAD,2026-09-11 22:29:05
1008,508,100807029,2026-09-08,100807,102,2026-09-08,29,314.02,BD,18,76,23865.52,3992.7,10085,2026-09-09,Y,2026-09-08,MOCKLOAD,2026-09-11 22:29:05
1008,508,100807030,2026-09-09,100807,104,2026-09-09,30,160.46,BD,12,42,6739.32,1127.49,10085,2026-09-09,Y,2026-09-09,MOCKLOAD,2026-09-11 22:29:05
1008,508,100808001,2026-08-11,100808,111,2026-08-11,1,357.55,BD,12,29,10368.95,1734.73,10081,2026-08-16,Y,2026-08-11,MOCKLOAD,2026-09-11 22:29:05
1008,508,100808002,2026-08-12,100808,115,2026-08-12,2,490.17,BD,17,44,21567.48,3608.24,10081,2026-08-16,Y,2026-08-12,MOCKLOAD,2026-09-11 22:29:05
1008,508,100808003,2026-08-13,100808,108,2026-08-13,3,373.17,BD,29,57,21270.69,3558.59,10081,2026-08-16,Y,2026-08-13,MOCKLOAD,2026-09-11 22:29:05
1008,508,100808004,2026-08-14,100808,110,2026-08-14,4,418.57,BD,13,16,6697.12,1120.43,10081,2026-08-16,Y,2026-08-14,MOCKLOAD,2026-09-11 22:29:05
1008,508,100808005,2026-08-15,100808,111,2026-08-15,5,133.41,BD,22,83,11073.03,1852.52,10081,2026-08-16,Y,2026-08-15,MOCKLOAD,2026-09-11 22:29:05
1008,508,100808006,2026-08-16,100808,114,2026-08-16,6,431.41,BD,13,23,9922.43,1660.02,10081,2026-08-16,Y,2026-08-16,MOCKLOAD,2026-09-11 22:29:05
1008,508,100808007,2026-08-17,100808,114,2026-08-17,7,177.44,BD,10,61,10823.84,1810.83,10082,2026-08-22,Y,2026-08-17,MOCKLOAD,2026-09-11 22:29:05
1008,508,100808008,2026-08-18,100808,111,2026-08-18,8,310.16,BD,22,84,26053.44,4358.74,10082,2026-08-22,Y,2026-08-18,MOCKLOAD,2026-09-11 22:29:05
1008,508,100808009,2026-08-19,100808,112,2026-08-19,9,206.78,BD,26,76,15715.28,2629.17,10082,2026-08-22,Y,2026-08-19,MOCKLOAD,2026-09-11 22:29:05
1008,508,100808010,2026-08-20,100808,113,2026-08-20,10,445.58,BD,20,71,31636.18,5292.73,10082,2026-08-22,Y,2026-08-20,MOCKLOAD,2026-09-11 22:29:05
1008,508,100808011,2026-08-21,100808,111,2026-08-21,11,448.44,BD,20,1,448.44,75.02,10082,2026-08-22,Y,2026-08-21,MOCKLOAD,2026-09-11 22:29:05
1008,508,100808012,2026-08-22,100808,118,2026-08-22,12,368.88,BD,22,93,34305.84,5739.37,10082,2026-08-22,Y,2026-08-22,MOCKLOAD,2026-09-11 22:29:05
1008,508,100808013,2026-08-23,100808,120,2026-08-23,13,369.9,BD,27,22,8137.8,1361.45,10083,2026-08-28,Y,2026-08-23,MOCKLOAD,2026-09-11 22:29:05
1008,508,100808014,2026-08-24,100808,104,2026-08-24,14,331.05,BD,18,24,7945.2,1329.23,10083,2026-08-28,Y,2026-08-24,MOCKLOAD,2026-09-11 22:29:05
1008,508,100808015,2026-08-25,100808,120,2026-08-25,15,309.88,BD,28,79,24480.52,4095.59,10083,2026-08-28,Y,2026-08-25,MOCKLOAD,2026-09-11 22:29:05
1008,508,100808016,2026-08-26,100808,101,2026-08-26,16,312.62,BD,17,26,8128.12,1359.83,10083,2026-08-28,Y,2026-08-26,MOCKLOAD,2026-09-11 22:29:05
1008,508,100808017,2026-08-27,100808,116,2026-08-27,17,32.86,BD,13,41,1347.26,225.4,10083,2026-08-28,Y,2026-08-27,MOCKLOAD,2026-09-11 22:29:05
1008,508,100808018,2026-08-28,100808,114,2026-08-28,18,61.5,BD,23,13,799.5,133.76,10083,2026-08-28,Y,2026-08-28,MOCKLOAD,2026-09-11 22:29:05
1008,508,100808019,2026-08-29,100808,104,2026-08-29,19,321.25,BD,15,12,3855,644.94,10084,2026-09-03,Y,2026-08-29,MOCKLOAD,2026-09-11 22:29:05
1008,508,100808020,2026-08-30,100808,102,2026-08-30,20,485.2,BD,26,21,10189.2,1704.65,10084,2026-09-03,Y,2026-08-30,MOCKLOAD,2026-09-11 22:29:05
1008,508,100808021,2026-08-31,100808,101,2026-08-31,21,286.39,BD,12,66,18901.74,3162.26,10084,2026-09-03,Y,2026-08-31,MOCKLOAD,2026-09-11 22:29:05
1008,508,100808022,2026-09-01,100808,114,2026-09-01,22,137.63,BD,21,69,9496.47,1588.76,10084,2026-09-03,Y,2026-09-01,MOCKLOAD,2026-09-11 22:29:05
1008,508,100808023,2026-09-02,100808,106,2026-09-02,23,50.38,BD,17,5,251.9,42.14,10084,2026-09-03,Y,2026-09-02,MOCKLOAD,2026-09-11 22:29:05
1008,508,100808024,2026-09-03,100808,116,2026-09-03,24,267.64,BD,17,41,10973.24,1835.82,10084,2026-09-03,Y,2026-09-03,MOCKLOAD,2026-09-11 22:29:05
1008,508,100808025,2026-09-04,100808,103,2026-09-04,25,357.18,BD,16,88,31431.84,5258.55,10085,2026-09-09,Y,2026-09-04,MOCKLOAD,2026-09-11 22:29:05
1008,508,100808026,2026-09-05,100808,103,2026-09-05,26,461.56,BD,23,35,16154.6,2702.66,10085,2026-09-09,Y,2026-09-05,MOCKLOAD,2026-09-11 22:29:05
1008,508,100808027,2026-09-06,100808,105,2026-09-06,27,277.09,BD,20,68,18842.12,3152.29,10085,2026-09-09,Y,2026-09-06,MOCKLOAD,2026-09-11 22:29:05
1008,508,100808028,2026-09-07,100808,117,2026-09-07,28,136.99,BD,16,29,3972.71,664.63,10085,2026-09-09,Y,2026-09-07,MOCKLOAD,2026-09-11 22:29:05
1008,508,100808029,2026-09-08,100808,120,2026-09-08,29,164.1,BD,28,14,2297.4,384.36,10085,2026-09-09,Y,2026-09-08,MOCKLOAD,2026-09-11 22:29:05
1008,508,100808030,2026-09-09,100808,115,2026-09-09,30,273.18,BD,19,99,27044.82,4524.6,10085,2026-09-09,Y,2026-09-09,MOCKLOAD,2026-09-11 22:29:05
1008,508,100809001,2026-08-11,100809,113,2026-08-11,1,16.79,BD,26,66,1108.14,185.39,10081,2026-08-16,Y,2026-08-11,MOCKLOAD,2026-09-11 22:29:05
1008,508,100809002,2026-08-12,100809,104,2026-08-12,2,409.39,BD,27,30,12281.7,2054.73,10081,2026-08-16,Y,2026-08-12,MOCKLOAD,2026-09-11 22:29:05
1008,508,100809003,2026-08-13,100809,114,2026-08-13,3,329.36,BD,27,60,19761.6,3306.12,10081,2026-08-16,Y,2026-08-13,MOCKLOAD,2026-09-11 22:29:05
1008,508,100809004,2026-08-14,100809,109,2026-08-14,4,304.83,BD,11,57,17375.31,2906.89,10081,2026-08-16,Y,2026-08-14,MOCKLOAD,2026-09-11 22:29:05
1008,508,100809005,2026-08-15,100809,106,2026-08-15,5,7.4,BD,18,87,643.8,107.71,10081,2026-08-16,Y,2026-08-15,MOCKLOAD,2026-09-11 22:29:05
1008,508,100809006,2026-08-16,100809,114,2026-08-16,6,143.69,BD,22,67,9627.23,1610.64,10081,2026-08-16,Y,2026-08-16,MOCKLOAD,2026-09-11 22:29:05
1008,508,100809007,2026-08-17,100809,115,2026-08-17,7,386.87,BD,14,5,1934.35,323.62,10082,2026-08-22,Y,2026-08-17,MOCKLOAD,2026-09-11 22:29:05
1008,508,100809008,2026-08-18,100809,111,2026-08-18,8,95.36,BD,22,12,1144.32,191.44,10082,2026-08-22,Y,2026-08-18,MOCKLOAD,2026-09-11 22:29:05
1008,508,100809009,2026-08-19,100809,101,2026-08-19,9,339.22,BD,14,82,27816.04,4653.62,10082,2026-08-22,Y,2026-08-19,MOCKLOAD,2026-09-11 22:29:05
1008,508,100809010,2026-08-20,100809,118,2026-08-20,10,141.87,BD,28,57,8086.59,1352.89,10082,2026-08-22,Y,2026-08-20,MOCKLOAD,2026-09-11 22:29:05
1008,508,100809011,2026-08-21,100809,108,2026-08-21,11,398.95,BD,13,56,22341.2,3737.68,10082,2026-08-22,Y,2026-08-21,MOCKLOAD,2026-09-11 22:29:05
1008,508,100809012,2026-08-22,100809,118,2026-08-22,12,342.57,BD,20,68,23294.76,3897.21,10082,2026-08-22,Y,2026-08-22,MOCKLOAD,2026-09-11 22:29:05
1008,508,100809013,2026-08-23,100809,113,2026-08-23,13,411.91,BD,13,58,23890.78,3996.93,10083,2026-08-28,Y,2026-08-23,MOCKLOAD,2026-09-11 22:29:05
1008,508,100809014,2026-08-24,100809,114,2026-08-24,14,179.72,BD,22,38,6829.36,1142.55,10083,2026-08-28,Y,2026-08-24,MOCKLOAD,2026-09-11 22:29:05
1008,508,100809015,2026-08-25,100809,101,2026-08-25,15,106.41,BD,16,12,1276.92,213.63,10083,2026-08-28,Y,2026-08-25,MOCKLOAD,2026-09-11 22:29:05
1008,508,100809016,2026-08-26,100809,109,2026-08-26,16,476.57,BD,23,49,23351.93,3906.78,10083,2026-08-28,Y,2026-08-26,MOCKLOAD,2026-09-11 22:29:05
1008,508,100809017,2026-08-27,100809,108,2026-08-27,17,460.82,BD,20,87,40091.34,6707.28,10083,2026-08-28,Y,2026-08-27,MOCKLOAD,2026-09-11 22:29:05
1008,508,100809018,2026-08-28,100809,119,2026-08-28,18,343.63,BD,12,97,33332.11,5576.46,10083,2026-08-28,Y,2026-08-28,MOCKLOAD,2026-09-11 22:29:05
1008,508,100809019,2026-08-29,100809,118,2026-08-29,19,233.47,BD,22,20,4669.4,781.19,10084,2026-09-03,Y,2026-08-29,MOCKLOAD,2026-09-11 22:29:05
1008,508,100809020,2026-08-30,100809,102,2026-08-30,20,58.82,BD,20,35,2058.7,344.42,10084,2026-09-03,Y,2026-08-30,MOCKLOAD,2026-09-11 22:29:05
1008,508,100809021,2026-08-31,100809,102,2026-08-31,21,133.14,BD,16,77,10251.78,1715.12,10084,2026-09-03,Y,2026-08-31,MOCKLOAD,2026-09-11 22:29:05
1008,508,100809022,2026-09-01,100809,102,2026-09-01,22,25.28,BD,15,28,707.84,118.42,10084,2026-09-03,Y,2026-09-01,MOCKLOAD,2026-09-11 22:29:05
1008,508,100809023,2026-09-02,100809,111,2026-09-02,23,159.95,BD,18,77,12316.15,2060.49,10084,2026-09-03,Y,2026-09-02,MOCKLOAD,2026-09-11 22:29:05
1008,508,100809024,2026-09-03,100809,108,2026-09-03,24,260.56,BD,25,23,5992.88,1002.61,10084,2026-09-03,Y,2026-09-03,MOCKLOAD,2026-09-11 22:29:05
1008,508,100809025,2026-09-04,100809,118,2026-09-04,25,250.77,BD,12,8,2006.16,335.63,10085,2026-09-09,Y,2026-09-04,MOCKLOAD,2026-09-11 22:29:05
1008,508,100809026,2026-09-05,100809,105,2026-09-05,26,143.01,BD,11,67,9581.67,1603.01,10085,2026-09-09,Y,2026-09-05,MOCKLOAD,2026-09-11 22:29:05
1008,508,100809027,2026-09-06,100809,106,2026-09-06,27,475.67,BD,20,10,4756.7,795.8,10085,2026-09-09,Y,2026-09-06,MOCKLOAD,2026-09-11 22:29:05
1008,508,100809028,2026-09-07,100809,112,2026-09-07,28,275.54,BD,20,96,26451.84,4425.39,10085,2026-09-09,Y,2026-09-07,MOCKLOAD,2026-09-11 22:29:05
1008,508,100809029,2026-09-08,100809,112,2026-09-08,29,168,BD,21,14,2352,393.49,10085,2026-09-09,Y,2026-09-08,MOCKLOAD,2026-09-11 22:29:05
1008,508,100809030,2026-09-09,100809,117,2026-09-09,30,420.42,BD,29,1,420.42,70.34,10085,2026-09-09,Y,2026-09-09,MOCKLOAD,2026-09-11 22:29:05
1008,508,100810001,2026-08-11,100810,116,2026-08-11,1,434.65,BD,20,73,31729.45,5308.34,10081,2026-08-16,Y,2026-08-11,MOCKLOAD,2026-09-11 22:29:05
1008,508,100810002,2026-08-12,100810,115,2026-08-12,2,475.03,BD,28,34,16151.02,2702.07,10081,2026-08-16,Y,2026-08-12,MOCKLOAD,2026-09-11 22:29:05
1008,508,100810003,2026-08-13,100810,104,2026-08-13,3,470.64,BD,13,80,37651.2,6299.05,10081,2026-08-16,Y,2026-08-13,MOCKLOAD,2026-09-11 22:29:05
1008,508,100810004,2026-08-14,100810,110,2026-08-14,4,209.15,BD,29,20,4183,699.82,10081,2026-08-16,Y,2026-08-14,MOCKLOAD,2026-09-11 22:29:05
1008,508,100810005,2026-08-15,100810,105,2026-08-15,5,273.54,BD,19,52,14224.08,2379.69,10081,2026-08-16,Y,2026-08-15,MOCKLOAD,2026-09-11 22:29:05
1008,508,100810006,2026-08-16,100810,115,2026-08-16,6,368.3,BD,14,77,28359.1,4744.48,10081,2026-08-16,Y,2026-08-16,MOCKLOAD,2026-09-11 22:29:05
1008,508,100810007,2026-08-17,100810,103,2026-08-17,7,186.21,BD,22,67,12476.07,2087.25,10082,2026-08-22,Y,2026-08-17,MOCKLOAD,2026-09-11 22:29:05
1008,508,100810008,2026-08-18,100810,115,2026-08-18,8,196.42,BD,19,76,14927.92,2497.44,10082,2026-08-22,Y,2026-08-18,MOCKLOAD,2026-09-11 22:29:05
1008,508,100810009,2026-08-19,100810,108,2026-08-19,9,5.95,BD,18,60,357,59.73,10082,2026-08-22,Y,2026-08-19,MOCKLOAD,2026-09-11 22:29:05
1008,508,100810010,2026-08-20,100810,113,2026-08-20,10,442.89,BD,29,55,24358.95,4075.25,10082,2026-08-22,Y,2026-08-20,MOCKLOAD,2026-09-11 22:29:05
1008,508,100810011,2026-08-21,100810,114,2026-08-21,11,188.2,BD,26,46,8657.2,1448.35,10082,2026-08-22,Y,2026-08-21,MOCKLOAD,2026-09-11 22:29:05
1008,508,100810012,2026-08-22,100810,103,2026-08-22,12,396.12,BD,29,9,3565.08,596.44,10082,2026-08-22,Y,2026-08-22,MOCKLOAD,2026-09-11 22:29:05
1008,508,100810013,2026-08-23,100810,116,2026-08-23,13,205.82,BD,22,8,1646.56,275.47,10083,2026-08-28,Y,2026-08-23,MOCKLOAD,2026-09-11 22:29:05
1008,508,100810014,2026-08-24,100810,113,2026-08-24,14,354.65,BD,13,79,28017.35,4687.3,10083,2026-08-28,Y,2026-08-24,MOCKLOAD,2026-09-11 22:29:05
1008,508,100810015,2026-08-25,100810,117,2026-08-25,15,303.73,BD,16,35,10630.55,1778.49,10083,2026-08-28,Y,2026-08-25,MOCKLOAD,2026-09-11 22:29:05
1008,508,100810016,2026-08-26,100810,108,2026-08-26,16,342.02,BD,13,83,28387.66,4749.26,10083,2026-08-28,Y,2026-08-26,MOCKLOAD,2026-09-11 22:29:05
1008,508,100810017,2026-08-27,100810,115,2026-08-27,17,484.98,BD,27,75,36373.5,6085.29,10083,2026-08-28,Y,2026-08-27,MOCKLOAD,2026-09-11 22:29:05
1008,508,100810018,2026-08-28,100810,120,2026-08-28,18,258.6,BD,18,50,12930,2163.19,10083,2026-08-28,Y,2026-08-28,MOCKLOAD,2026-09-11 22:29:05
1008,508,100810019,2026-08-29,100810,117,2026-08-29,19,491.22,BD,21,6,2947.32,493.09,10084,2026-09-03,Y,2026-08-29,MOCKLOAD,2026-09-11 22:29:05
1008,508,100810020,2026-08-30,100810,102,2026-08-30,20,191.93,BD,25,71,13627.03,2279.8,10084,2026-09-03,Y,2026-08-30,MOCKLOAD,2026-09-11 22:29:05
1008,508,100810021,2026-08-31,100810,108,2026-08-31,21,325.2,BD,29,97,31544.4,5277.38,10084,2026-09-03,Y,2026-08-31,MOCKLOAD,2026-09-11 22:29:05
1008,508,100810022,2026-09-01,100810,108,2026-09-01,22,411.99,BD,17,35,14419.65,2412.41,10084,2026-09-03,Y,2026-09-01,MOCKLOAD,2026-09-11 22:29:05
1008,508,100810023,2026-09-02,100810,112,2026-09-02,23,72.06,BD,15,64,4611.84,771.56,10084,2026-09-03,Y,2026-09-02,MOCKLOAD,2026-09-11 22:29:05
1008,508,100810024,2026-09-03,100810,103,2026-09-03,24,325.4,BD,29,7,2277.8,381.08,10084,2026-09-03,Y,2026-09-03,MOCKLOAD,2026-09-11 22:29:05
1008,508,100810025,2026-09-04,100810,111,2026-09-04,25,148.28,BD,14,70,10379.6,1736.51,10085,2026-09-09,Y,2026-09-04,MOCKLOAD,2026-09-11 22:29:05
1008,508,100810026,2026-09-05,100810,115,2026-09-05,26,141.03,BD,20,50,7051.5,1179.72,10085,2026-09-09,Y,2026-09-05,MOCKLOAD,2026-09-11 22:29:05
1008,508,100810027,2026-09-06,100810,112,2026-09-06,27,131.91,BD,11,64,8442.24,1412.39,10085,2026-09-09,Y,2026-09-06,MOCKLOAD,2026-09-11 22:29:05
1008,508,100810028,2026-09-07,100810,120,2026-09-07,28,224.22,BD,16,95,21300.9,3563.64,10085,2026-09-09,Y,2026-09-07,MOCKLOAD,2026-09-11 22:29:05
1008,508,100810029,2026-09-08,100810,109,2026-09-08,29,73.78,BD,16,79,5828.62,975.13,10085,2026-09-09,Y,2026-09-08,MOCKLOAD,2026-09-11 22:29:05
1008,508,100810030,2026-09-09,100810,113,2026-09-09,30,163.98,BD,14,84,13774.32,2304.44,10085,2026-09-09,Y,2026-09-09,MOCKLOAD,2026-09-11 22:29:05
1009,509,100901001,2026-08-11,100901,115,2026-08-11,1,337.2,BD,23,89,30010.8,6794.45,10091,2026-08-16,Y,2026-08-11,MOCKLOAD,2026-09-11 22:29:05
1009,509,100901002,2026-08-12,100901,109,2026-08-12,2,34.15,BD,23,34,1161.1,262.87,10091,2026-08-16,Y,2026-08-12,MOCKLOAD,2026-09-11 22:29:05
1009,509,100901003,2026-08-13,100901,117,2026-08-13,3,286.45,BD,15,21,6015.45,1361.9,10091,2026-08-16,Y,2026-08-13,MOCKLOAD,2026-09-11 22:29:05
1009,509,100901004,2026-08-14,100901,120,2026-08-14,4,252.32,BD,21,47,11859.04,2684.89,10091,2026-08-16,Y,2026-08-14,MOCKLOAD,2026-09-11 22:29:05
1009,509,100901005,2026-08-15,100901,117,2026-08-15,5,316.24,BD,12,82,25931.68,5870.93,10091,2026-08-16,Y,2026-08-15,MOCKLOAD,2026-09-11 22:29:05
1009,509,100901006,2026-08-16,100901,113,2026-08-16,6,194.25,BD,21,100,19425,4397.82,10091,2026-08-16,Y,2026-08-16,MOCKLOAD,2026-09-11 22:29:05
1009,509,100901007,2026-08-17,100901,104,2026-08-17,7,64.96,BD,21,9,584.64,132.36,10092,2026-08-22,Y,2026-08-17,MOCKLOAD,2026-09-11 22:29:05
1009,509,100901008,2026-08-18,100901,117,2026-08-18,8,233.41,BD,10,49,11437.09,2589.36,10092,2026-08-22,Y,2026-08-18,MOCKLOAD,2026-09-11 22:29:05
1009,509,100901009,2026-08-19,100901,107,2026-08-19,9,426.03,BD,21,92,39194.76,8873.69,10092,2026-08-22,Y,2026-08-19,MOCKLOAD,2026-09-11 22:29:05
1009,509,100901010,2026-08-20,100901,104,2026-08-20,10,418.04,BD,25,66,27590.64,6246.52,10092,2026-08-22,Y,2026-08-20,MOCKLOAD,2026-09-11 22:29:05
1009,509,100901011,2026-08-21,100901,113,2026-08-21,11,320.81,BD,17,68,21815.08,4938.93,10092,2026-08-22,Y,2026-08-21,MOCKLOAD,2026-09-11 22:29:05
1009,509,100901012,2026-08-22,100901,114,2026-08-22,12,17.97,BD,11,24,431.28,97.64,10092,2026-08-22,Y,2026-08-22,MOCKLOAD,2026-09-11 22:29:05
1009,509,100901013,2026-08-23,100901,111,2026-08-23,13,115.86,BD,17,6,695.16,157.38,10093,2026-08-28,Y,2026-08-23,MOCKLOAD,2026-09-11 22:29:05
1009,509,100901014,2026-08-24,100901,120,2026-08-24,14,486.97,BD,29,80,38957.6,8820,10093,2026-08-28,Y,2026-08-24,MOCKLOAD,2026-09-11 22:29:05
1009,509,100901015,2026-08-25,100901,117,2026-08-25,15,374.78,BD,28,58,21737.24,4921.31,10093,2026-08-28,Y,2026-08-25,MOCKLOAD,2026-09-11 22:29:05
1009,509,100901016,2026-08-26,100901,117,2026-08-26,16,239.58,BD,18,32,7666.56,1735.71,10093,2026-08-28,Y,2026-08-26,MOCKLOAD,2026-09-11 22:29:05
1009,509,100901017,2026-08-27,100901,111,2026-08-27,17,147.08,BD,15,69,10148.52,2297.62,10093,2026-08-28,Y,2026-08-27,MOCKLOAD,2026-09-11 22:29:05
1009,509,100901018,2026-08-28,100901,117,2026-08-28,18,486.64,BD,26,34,16545.76,3745.96,10093,2026-08-28,Y,2026-08-28,MOCKLOAD,2026-09-11 22:29:05
1009,509,100901019,2026-08-29,100901,113,2026-08-29,19,468.02,BD,13,86,40249.72,9112.54,10094,2026-09-03,Y,2026-08-29,MOCKLOAD,2026-09-11 22:29:05
1009,509,100901020,2026-08-30,100901,120,2026-08-30,20,415.01,BD,17,72,29880.72,6765,10094,2026-09-03,Y,2026-08-30,MOCKLOAD,2026-09-11 22:29:05
1009,509,100901021,2026-08-31,100901,118,2026-08-31,21,297.35,BD,29,63,18733.05,4241.16,10094,2026-09-03,Y,2026-08-31,MOCKLOAD,2026-09-11 22:29:05
1009,509,100901022,2026-09-01,100901,108,2026-09-01,22,95.36,BD,27,35,3337.6,755.63,10094,2026-09-03,Y,2026-09-01,MOCKLOAD,2026-09-11 22:29:05
1009,509,100901023,2026-09-02,100901,118,2026-09-02,23,406.56,BD,19,97,39436.32,8928.38,10094,2026-09-03,Y,2026-09-02,MOCKLOAD,2026-09-11 22:29:05
1009,509,100901024,2026-09-03,100901,102,2026-09-03,24,463.87,BD,15,49,22729.63,5145.99,10094,2026-09-03,Y,2026-09-03,MOCKLOAD,2026-09-11 22:29:05
1009,509,100901025,2026-09-04,100901,105,2026-09-04,25,75.14,BD,18,46,3456.44,782.54,10095,2026-09-09,Y,2026-09-04,MOCKLOAD,2026-09-11 22:29:05
1009,509,100901026,2026-09-05,100901,104,2026-09-05,26,115.81,BD,13,5,579.05,131.1,10095,2026-09-09,Y,2026-09-05,MOCKLOAD,2026-09-11 22:29:05
1009,509,100901027,2026-09-06,100901,108,2026-09-06,27,478.19,BD,26,100,47819,10826.22,10095,2026-09-09,Y,2026-09-06,MOCKLOAD,2026-09-11 22:29:05
1009,509,100901028,2026-09-07,100901,107,2026-09-07,28,230.54,BD,16,18,4149.72,939.5,10095,2026-09-09,Y,2026-09-07,MOCKLOAD,2026-09-11 22:29:05
1009,509,100901029,2026-09-08,100901,106,2026-09-08,29,398.27,BD,10,90,35844.3,8115.15,10095,2026-09-09,Y,2026-09-08,MOCKLOAD,2026-09-11 22:29:05
1009,509,100901030,2026-09-09,100901,110,2026-09-09,30,291.07,BD,17,97,28233.79,6392.13,10095,2026-09-09,Y,2026-09-09,MOCKLOAD,2026-09-11 22:29:05
1009,509,100902001,2026-08-11,100902,115,2026-08-11,1,343.76,BD,17,87,29907.12,6770.97,10091,2026-08-16,Y,2026-08-11,MOCKLOAD,2026-09-11 22:29:05
1009,509,100902002,2026-08-12,100902,102,2026-08-12,2,129.02,BD,11,72,9289.44,2103.13,10091,2026-08-16,Y,2026-08-12,MOCKLOAD,2026-09-11 22:29:05
1009,509,100902003,2026-08-13,100902,104,2026-08-13,3,468.22,BD,26,31,14514.82,3286.16,10091,2026-08-16,Y,2026-08-13,MOCKLOAD,2026-09-11 22:29:05
1009,509,100902004,2026-08-14,100902,113,2026-08-14,4,390.22,BD,24,21,8194.62,1855.26,10091,2026-08-16,Y,2026-08-14,MOCKLOAD,2026-09-11 22:29:05
1009,509,100902005,2026-08-15,100902,116,2026-08-15,5,187.39,BD,24,57,10681.23,2418.23,10091,2026-08-16,Y,2026-08-15,MOCKLOAD,2026-09-11 22:29:05
1009,509,100902006,2026-08-16,100902,117,2026-08-16,6,37.05,BD,19,26,963.3,218.09,10091,2026-08-16,Y,2026-08-16,MOCKLOAD,2026-09-11 22:29:05
1009,509,100902007,2026-08-17,100902,112,2026-08-17,7,301.87,BD,17,92,27772.04,6287.59,10092,2026-08-22,Y,2026-08-17,MOCKLOAD,2026-09-11 22:29:05
1009,509,100902008,2026-08-18,100902,114,2026-08-18,8,380.2,BD,14,35,13307,3012.7,10092,2026-08-22,Y,2026-08-18,MOCKLOAD,2026-09-11 22:29:05
1009,509,100902009,2026-08-19,100902,109,2026-08-19,9,184.64,BD,10,69,12740.16,2884.37,10092,2026-08-22,Y,2026-08-19,MOCKLOAD,2026-09-11 22:29:05
1009,509,100902010,2026-08-20,100902,102,2026-08-20,10,400.51,BD,13,32,12816.32,2901.61,10092,2026-08-22,Y,2026-08-20,MOCKLOAD,2026-09-11 22:29:05
1009,509,100902011,2026-08-21,100902,105,2026-08-21,11,211.73,BD,26,43,9104.39,2061.23,10092,2026-08-22,Y,2026-08-21,MOCKLOAD,2026-09-11 22:29:05
1009,509,100902012,2026-08-22,100902,119,2026-08-22,12,261.38,BD,17,43,11239.34,2544.59,10092,2026-08-22,Y,2026-08-22,MOCKLOAD,2026-09-11 22:29:05
1009,509,100902013,2026-08-23,100902,107,2026-08-23,13,368.07,BD,15,23,8465.61,1916.61,10093,2026-08-28,Y,2026-08-23,MOCKLOAD,2026-09-11 22:29:05
1009,509,100902014,2026-08-24,100902,118,2026-08-24,14,71.33,BD,16,51,3637.83,823.6,10093,2026-08-28,Y,2026-08-24,MOCKLOAD,2026-09-11 22:29:05
1009,509,100902015,2026-08-25,100902,112,2026-08-25,15,89.74,BD,21,25,2243.5,507.93,10093,2026-08-28,Y,2026-08-25,MOCKLOAD,2026-09-11 22:29:05
1009,509,100902016,2026-08-26,100902,105,2026-08-26,16,162.82,BD,28,84,13676.88,3096.45,10093,2026-08-28,Y,2026-08-26,MOCKLOAD,2026-09-11 22:29:05
1009,509,100902017,2026-08-27,100902,103,2026-08-27,17,488.5,BD,18,9,4396.5,995.37,10093,2026-08-28,Y,2026-08-27,MOCKLOAD,2026-09-11 22:29:05
1009,509,100902018,2026-08-28,100902,110,2026-08-28,18,367.12,BD,10,62,22761.44,5153.19,10093,2026-08-28,Y,2026-08-28,MOCKLOAD,2026-09-11 22:29:05
1009,509,100902019,2026-08-29,100902,120,2026-08-29,19,214.4,BD,20,93,19939.2,4514.23,10094,2026-09-03,Y,2026-08-29,MOCKLOAD,2026-09-11 22:29:05
1009,509,100902020,2026-08-30,100902,105,2026-08-30,20,375.79,BD,12,36,13528.44,3062.84,10094,2026-09-03,Y,2026-08-30,MOCKLOAD,2026-09-11 22:29:05
1009,509,100902021,2026-08-31,100902,111,2026-08-31,21,401.69,BD,21,3,1205.07,272.83,10094,2026-09-03,Y,2026-08-31,MOCKLOAD,2026-09-11 22:29:05
1009,509,100902022,2026-09-01,100902,108,2026-09-01,22,395.43,BD,11,65,25702.95,5819.15,10094,2026-09-03,Y,2026-09-01,MOCKLOAD,2026-09-11 22:29:05
1009,509,100902023,2026-09-02,100902,115,2026-09-02,23,212.25,BD,26,18,3820.5,864.96,10094,2026-09-03,Y,2026-09-02,MOCKLOAD,2026-09-11 22:29:05
1009,509,100902024,2026-09-03,100902,108,2026-09-03,24,424.09,BD,19,83,35199.47,7969.16,10094,2026-09-03,Y,2026-09-03,MOCKLOAD,2026-09-11 22:29:05
1009,509,100902025,2026-09-04,100902,101,2026-09-04,25,38.58,BD,16,93,3587.94,812.31,10095,2026-09-09,Y,2026-09-04,MOCKLOAD,2026-09-11 22:29:05
1009,509,100902026,2026-09-05,100902,117,2026-09-05,26,27.29,BD,15,53,1446.37,327.46,10095,2026-09-09,Y,2026-09-05,MOCKLOAD,2026-09-11 22:29:05
1009,509,100902027,2026-09-06,100902,106,2026-09-06,27,348.85,BD,12,4,1395.4,315.92,10095,2026-09-09,Y,2026-09-06,MOCKLOAD,2026-09-11 22:29:05
1009,509,100902028,2026-09-07,100902,104,2026-09-07,28,274.75,BD,17,9,2472.75,559.83,10095,2026-09-09,Y,2026-09-07,MOCKLOAD,2026-09-11 22:29:05
1009,509,100902029,2026-09-08,100902,111,2026-09-08,29,94.11,BD,18,66,6211.26,1406.23,10095,2026-09-09,Y,2026-09-08,MOCKLOAD,2026-09-11 22:29:05
1009,509,100902030,2026-09-09,100902,105,2026-09-09,30,497.76,BD,22,81,40318.56,9128.12,10095,2026-09-09,Y,2026-09-09,MOCKLOAD,2026-09-11 22:29:05
1009,509,100903001,2026-08-11,100903,101,2026-08-11,1,299.79,BD,20,48,14389.92,3257.88,10091,2026-08-16,Y,2026-08-11,MOCKLOAD,2026-09-11 22:29:05
1009,509,100903002,2026-08-12,100903,111,2026-08-12,2,313.16,BD,17,65,20355.4,4608.46,10091,2026-08-16,Y,2026-08-12,MOCKLOAD,2026-09-11 22:29:05
1009,509,100903003,2026-08-13,100903,107,2026-08-13,3,240.09,BD,13,35,8403.15,1902.47,10091,2026-08-16,Y,2026-08-13,MOCKLOAD,2026-09-11 22:29:05
1009,509,100903004,2026-08-14,100903,109,2026-08-14,4,332.61,BD,21,52,17295.72,3915.75,10091,2026-08-16,Y,2026-08-14,MOCKLOAD,2026-09-11 22:29:05
1009,509,100903005,2026-08-15,100903,102,2026-08-15,5,344.64,BD,16,50,17232,3901.32,10091,2026-08-16,Y,2026-08-15,MOCKLOAD,2026-09-11 22:29:05
1009,509,100903006,2026-08-16,100903,103,2026-08-16,6,471.89,BD,15,43,20291.27,4593.94,10091,2026-08-16,Y,2026-08-16,MOCKLOAD,2026-09-11 22:29:05
1009,509,100903007,2026-08-17,100903,115,2026-08-17,7,227.27,BD,10,32,7272.64,1646.53,10092,2026-08-22,Y,2026-08-17,MOCKLOAD,2026-09-11 22:29:05
1009,509,100903008,2026-08-18,100903,109,2026-08-18,8,315.62,BD,16,43,13571.66,3072.62,10092,2026-08-22,Y,2026-08-18,MOCKLOAD,2026-09-11 22:29:05
1009,509,100903009,2026-08-19,100903,120,2026-08-19,9,131.58,BD,12,35,4605.3,1042.64,10092,2026-08-22,Y,2026-08-19,MOCKLOAD,2026-09-11 22:29:05
1009,509,100903010,2026-08-20,100903,119,2026-08-20,10,97.16,BD,23,3,291.48,65.99,10092,2026-08-22,Y,2026-08-20,MOCKLOAD,2026-09-11 22:29:05
1009,509,100903011,2026-08-21,100903,102,2026-08-21,11,180.85,BD,19,14,2531.9,573.22,10092,2026-08-22,Y,2026-08-21,MOCKLOAD,2026-09-11 22:29:05
1009,509,100903012,2026-08-22,100903,112,2026-08-22,12,365.87,BD,23,85,31098.95,7040.8,10092,2026-08-22,Y,2026-08-22,MOCKLOAD,2026-09-11 22:29:05
1009,509,100903013,2026-08-23,100903,109,2026-08-23,13,416.22,BD,19,9,3745.98,848.09,10093,2026-08-28,Y,2026-08-23,MOCKLOAD,2026-09-11 22:29:05
1009,509,100903014,2026-08-24,100903,119,2026-08-24,14,135.37,BD,26,75,10152.75,2298.58,10093,2026-08-28,Y,2026-08-24,MOCKLOAD,2026-09-11 22:29:05
1009,509,100903015,2026-08-25,100903,113,2026-08-25,15,428.63,BD,12,41,17573.83,3978.72,10093,2026-08-28,Y,2026-08-25,MOCKLOAD,2026-09-11 22:29:05
1009,509,100903016,2026-08-26,100903,120,2026-08-26,16,98.84,BD,15,3,296.52,67.13,10093,2026-08-28,Y,2026-08-26,MOCKLOAD,2026-09-11 22:29:05
1009,509,100903017,2026-08-27,100903,109,2026-08-27,17,137.65,BD,13,14,1927.1,436.3,10093,2026-08-28,Y,2026-08-27,MOCKLOAD,2026-09-11 22:29:05
1009,509,100903018,2026-08-28,100903,110,2026-08-28,18,296.34,BD,16,33,9779.22,2214.02,10093,2026-08-28,Y,2026-08-28,MOCKLOAD,2026-09-11 22:29:05
1009,509,100903019,2026-08-29,100903,118,2026-08-29,19,302.33,BD,14,89,26907.37,6091.83,10094,2026-09-03,Y,2026-08-29,MOCKLOAD,2026-09-11 22:29:05
1009,509,100903020,2026-08-30,100903,111,2026-08-30,20,133.21,BD,18,8,1065.68,241.27,10094,2026-09-03,Y,2026-08-30,MOCKLOAD,2026-09-11 22:29:05
1009,509,100903021,2026-08-31,100903,119,2026-08-31,21,299.54,BD,25,66,19769.64,4475.85,10094,2026-09-03,Y,2026-08-31,MOCKLOAD,2026-09-11 22:29:05
1009,509,100903022,2026-09-01,100903,120,2026-09-01,22,356.78,BD,25,65,23190.7,5250.37,10094,2026-09-03,Y,2026-09-01,MOCKLOAD,2026-09-11 22:29:05
1009,509,100903023,2026-09-02,100903,115,2026-09-02,23,291.45,BD,11,43,12532.35,2837.32,10094,2026-09-03,Y,2026-09-02,MOCKLOAD,2026-09-11 22:29:05
1009,509,100903024,2026-09-03,100903,112,2026-09-03,24,339.21,BD,23,45,15264.45,3455.87,10094,2026-09-03,Y,2026-09-03,MOCKLOAD,2026-09-11 22:29:05
1009,509,100903025,2026-09-04,100903,102,2026-09-04,25,417.69,BD,20,78,32579.82,7376.07,10095,2026-09-09,Y,2026-09-04,MOCKLOAD,2026-09-11 22:29:05
1009,509,100903026,2026-09-05,100903,102,2026-09-05,26,466.03,BD,27,92,42874.76,9706.85,10095,2026-09-09,Y,2026-09-05,MOCKLOAD,2026-09-11 22:29:05
1009,509,100903027,2026-09-06,100903,120,2026-09-06,27,166.54,BD,27,51,8493.54,1922.94,10095,2026-09-09,Y,2026-09-06,MOCKLOAD,2026-09-11 22:29:05
1009,509,100903028,2026-09-07,100903,101,2026-09-07,28,92.86,BD,12,74,6871.64,1555.74,10095,2026-09-09,Y,2026-09-07,MOCKLOAD,2026-09-11 22:29:05
1009,509,100903029,2026-09-08,100903,115,2026-09-08,29,41.17,BD,22,56,2305.52,521.97,10095,2026-09-09,Y,2026-09-08,MOCKLOAD,2026-09-11 22:29:05
1009,509,100903030,2026-09-09,100903,113,2026-09-09,30,323.07,BD,16,8,2584.56,585.14,10095,2026-09-09,Y,2026-09-09,MOCKLOAD,2026-09-11 22:29:05
1009,509,100904001,2026-08-11,100904,102,2026-08-11,1,193.32,BD,21,35,6766.2,1531.87,10091,2026-08-16,Y,2026-08-11,MOCKLOAD,2026-09-11 22:29:05
1009,509,100904002,2026-08-12,100904,117,2026-08-12,2,185.47,BD,14,33,6120.51,1385.68,10091,2026-08-16,Y,2026-08-12,MOCKLOAD,2026-09-11 22:29:05
1009,509,100904003,2026-08-13,100904,110,2026-08-13,3,52.68,BD,19,76,4003.68,906.43,10091,2026-08-16,Y,2026-08-13,MOCKLOAD,2026-09-11 22:29:05
1009,509,100904004,2026-08-14,100904,109,2026-08-14,4,248.67,BD,23,100,24867,5629.89,10091,2026-08-16,Y,2026-08-14,MOCKLOAD,2026-09-11 22:29:05
1009,509,100904005,2026-08-15,100904,106,2026-08-15,5,286.53,BD,14,14,4011.42,908.19,10091,2026-08-16,Y,2026-08-15,MOCKLOAD,2026-09-11 22:29:05
1009,509,100904006,2026-08-16,100904,105,2026-08-16,6,495.68,BD,27,84,41637.12,9426.64,10091,2026-08-16,Y,2026-08-16,MOCKLOAD,2026-09-11 22:29:05
1009,509,100904007,2026-08-17,100904,115,2026-08-17,7,144,BD,25,25,3600,815.04,10092,2026-08-22,Y,2026-08-17,MOCKLOAD,2026-09-11 22:29:05
1009,509,100904008,2026-08-18,100904,109,2026-08-18,8,402.72,BD,17,29,11678.88,2644.1,10092,2026-08-22,Y,2026-08-18,MOCKLOAD,2026-09-11 22:29:05
1009,509,100904009,2026-08-19,100904,118,2026-08-19,9,205.85,BD,23,15,3087.75,699.07,10092,2026-08-22,Y,2026-08-19,MOCKLOAD,2026-09-11 22:29:05
1009,509,100904010,2026-08-20,100904,106,2026-08-20,10,103.27,BD,11,82,8468.14,1917.19,10092,2026-08-22,Y,2026-08-20,MOCKLOAD,2026-09-11 22:29:05
1009,509,100904011,2026-08-21,100904,110,2026-08-21,11,458.1,BD,23,48,21988.8,4978.26,10092,2026-08-22,Y,2026-08-21,MOCKLOAD,2026-09-11 22:29:05
1009,509,100904012,2026-08-22,100904,120,2026-08-22,12,343.75,BD,16,54,18562.5,4202.55,10092,2026-08-22,Y,2026-08-22,MOCKLOAD,2026-09-11 22:29:05
1009,509,100904013,2026-08-23,100904,104,2026-08-23,13,32.82,BD,27,69,2264.58,512.7,10093,2026-08-28,Y,2026-08-23,MOCKLOAD,2026-09-11 22:29:05
1009,509,100904014,2026-08-24,100904,111,2026-08-24,14,346.76,BD,29,28,9709.28,2198.18,10093,2026-08-28,Y,2026-08-24,MOCKLOAD,2026-09-11 22:29:05
1009,509,100904015,2026-08-25,100904,109,2026-08-25,15,108.74,BD,12,38,4132.12,935.51,10093,2026-08-28,Y,2026-08-25,MOCKLOAD,2026-09-11 22:29:05
1009,509,100904016,2026-08-26,100904,117,2026-08-26,16,126.1,BD,12,4,504.4,114.2,10093,2026-08-28,Y,2026-08-26,MOCKLOAD,2026-09-11 22:29:05
1009,509,100904017,2026-08-27,100904,103,2026-08-27,17,99.28,BD,20,29,2879.12,651.83,10093,2026-08-28,Y,2026-08-27,MOCKLOAD,2026-09-11 22:29:05
1009,509,100904018,2026-08-28,100904,108,2026-08-28,18,275.12,BD,24,24,6602.88,1494.89,10093,2026-08-28,Y,2026-08-28,MOCKLOAD,2026-09-11 22:29:05
1009,509,100904019,2026-08-29,100904,108,2026-08-29,19,140.35,BD,10,28,3929.8,889.71,10094,2026-09-03,Y,2026-08-29,MOCKLOAD,2026-09-11 22:29:05
1009,509,100904020,2026-08-30,100904,109,2026-08-30,20,243.94,BD,14,39,9513.66,2153.89,10094,2026-09-03,Y,2026-08-30,MOCKLOAD,2026-09-11 22:29:05
1009,509,100904021,2026-08-31,100904,108,2026-08-31,21,418.79,BD,16,87,36434.73,8248.82,10094,2026-09-03,Y,2026-08-31,MOCKLOAD,2026-09-11 22:29:05
1009,509,100904022,2026-09-01,100904,113,2026-09-01,22,400.19,BD,21,77,30814.63,6976.43,10094,2026-09-03,Y,2026-09-01,MOCKLOAD,2026-09-11 22:29:05
1009,509,100904023,2026-09-02,100904,118,2026-09-02,23,132.02,BD,23,17,2244.34,508.12,10094,2026-09-03,Y,2026-09-02,MOCKLOAD,2026-09-11 22:29:05
1009,509,100904024,2026-09-03,100904,112,2026-09-03,24,234.58,BD,17,53,12432.74,2814.77,10094,2026-09-03,Y,2026-09-03,MOCKLOAD,2026-09-11 22:29:05
1009,509,100904025,2026-09-04,100904,113,2026-09-04,25,372.89,BD,18,81,30204.09,6838.21,10095,2026-09-09,Y,2026-09-04,MOCKLOAD,2026-09-11 22:29:05
1009,509,100904026,2026-09-05,100904,105,2026-09-05,26,440.06,BD,23,76,33444.56,7571.85,10095,2026-09-09,Y,2026-09-05,MOCKLOAD,2026-09-11 22:29:05
1009,509,100904027,2026-09-06,100904,115,2026-09-06,27,31.42,BD,15,6,188.52,42.68,10095,2026-09-09,Y,2026-09-06,MOCKLOAD,2026-09-11 22:29:05
1009,509,100904028,2026-09-07,100904,103,2026-09-07,28,314.42,BD,14,81,25468.02,5765.96,10095,2026-09-09,Y,2026-09-07,MOCKLOAD,2026-09-11 22:29:05
1009,509,100904029,2026-09-08,100904,111,2026-09-08,29,497.5,BD,24,55,27362.5,6194.87,10095,2026-09-09,Y,2026-09-08,MOCKLOAD,2026-09-11 22:29:05
1009,509,100904030,2026-09-09,100904,116,2026-09-09,30,15.09,BD,27,72,1086.48,245.98,10095,2026-09-09,Y,2026-09-09,MOCKLOAD,2026-09-11 22:29:05
1009,509,100905001,2026-08-11,100905,114,2026-08-11,1,226.51,BD,13,5,1132.55,256.41,10091,2026-08-16,Y,2026-08-11,MOCKLOAD,2026-09-11 22:29:05
1009,509,100905002,2026-08-12,100905,120,2026-08-12,2,494.54,BD,22,43,21265.22,4814.45,10091,2026-08-16,Y,2026-08-12,MOCKLOAD,2026-09-11 22:29:05
1009,509,100905003,2026-08-13,100905,105,2026-08-13,3,261.15,BD,15,18,4700.7,1064.24,10091,2026-08-16,Y,2026-08-13,MOCKLOAD,2026-09-11 22:29:05
1009,509,100905004,2026-08-14,100905,120,2026-08-14,4,158.7,BD,13,92,14600.4,3305.53,10091,2026-08-16,Y,2026-08-14,MOCKLOAD,2026-09-11 22:29:05
1009,509,100905005,2026-08-15,100905,106,2026-08-15,5,43.18,BD,25,50,2159,488.8,10091,2026-08-16,Y,2026-08-15,MOCKLOAD,2026-09-11 22:29:05
1009,509,100905006,2026-08-16,100905,103,2026-08-16,6,87.04,BD,24,18,1566.72,354.71,10091,2026-08-16,Y,2026-08-16,MOCKLOAD,2026-09-11 22:29:05
1009,509,100905007,2026-08-17,100905,120,2026-08-17,7,280.72,BD,13,17,4772.24,1080.44,10092,2026-08-22,Y,2026-08-17,MOCKLOAD,2026-09-11 22:29:05
1009,509,100905008,2026-08-18,100905,119,2026-08-18,8,481.75,BD,23,31,14934.25,3381.11,10092,2026-08-22,Y,2026-08-18,MOCKLOAD,2026-09-11 22:29:05
1009,509,100905009,2026-08-19,100905,117,2026-08-19,9,10.64,BD,10,63,670.32,151.76,10092,2026-08-22,Y,2026-08-19,MOCKLOAD,2026-09-11 22:29:05
1009,509,100905010,2026-08-20,100905,117,2026-08-20,10,137.78,BD,12,98,13502.44,3056.95,10092,2026-08-22,Y,2026-08-20,MOCKLOAD,2026-09-11 22:29:05
1009,509,100905011,2026-08-21,100905,106,2026-08-21,11,460.13,BD,21,24,11043.12,2500.16,10092,2026-08-22,Y,2026-08-21,MOCKLOAD,2026-09-11 22:29:05
1009,509,100905012,2026-08-22,100905,102,2026-08-22,12,396.89,BD,27,12,4762.68,1078.27,10092,2026-08-22,Y,2026-08-22,MOCKLOAD,2026-09-11 22:29:05
1009,509,100905013,2026-08-23,100905,115,2026-08-23,13,42.95,BD,25,29,1245.55,281.99,10093,2026-08-28,Y,2026-08-23,MOCKLOAD,2026-09-11 22:29:05
1009,509,100905014,2026-08-24,100905,108,2026-08-24,14,67.63,BD,13,55,3719.65,842.13,10093,2026-08-28,Y,2026-08-24,MOCKLOAD,2026-09-11 22:29:05
1009,509,100905015,2026-08-25,100905,109,2026-08-25,15,183,BD,11,84,15372,3480.22,10093,2026-08-28,Y,2026-08-25,MOCKLOAD,2026-09-11 22:29:05
1009,509,100905016,2026-08-26,100905,120,2026-08-26,16,231.02,BD,14,60,13861.2,3138.18,10093,2026-08-28,Y,2026-08-26,MOCKLOAD,2026-09-11 22:29:05
1009,509,100905017,2026-08-27,100905,116,2026-08-27,17,355.43,BD,25,45,15994.35,3621.12,10093,2026-08-28,Y,2026-08-27,MOCKLOAD,2026-09-11 22:29:05
1009,509,100905018,2026-08-28,100905,104,2026-08-28,18,174.65,BD,13,81,14146.65,3202.8,10093,2026-08-28,Y,2026-08-28,MOCKLOAD,2026-09-11 22:29:05
1009,509,100905019,2026-08-29,100905,120,2026-08-29,19,488.77,BD,21,15,7331.55,1659.86,10094,2026-09-03,Y,2026-08-29,MOCKLOAD,2026-09-11 22:29:05
1009,509,100905020,2026-08-30,100905,102,2026-08-30,20,473.96,BD,18,19,9005.24,2038.79,10094,2026-09-03,Y,2026-08-30,MOCKLOAD,2026-09-11 22:29:05
1009,509,100905021,2026-08-31,100905,110,2026-08-31,21,482.58,BD,17,82,39571.56,8959,10094,2026-09-03,Y,2026-08-31,MOCKLOAD,2026-09-11 22:29:05
1009,509,100905022,2026-09-01,100905,107,2026-09-01,22,118.42,BD,27,49,5802.58,1313.7,10094,2026-09-03,Y,2026-09-01,MOCKLOAD,2026-09-11 22:29:05
1009,509,100905023,2026-09-02,100905,107,2026-09-02,23,471.28,BD,27,90,42415.2,9602.8,10094,2026-09-03,Y,2026-09-02,MOCKLOAD,2026-09-11 22:29:05
1009,509,100905024,2026-09-03,100905,101,2026-09-03,24,316.37,BD,29,47,14869.39,3366.43,10094,2026-09-03,Y,2026-09-03,MOCKLOAD,2026-09-11 22:29:05
1009,509,100905025,2026-09-04,100905,104,2026-09-04,25,248.41,BD,18,86,21363.26,4836.64,10095,2026-09-09,Y,2026-09-04,MOCKLOAD,2026-09-11 22:29:05
1009,509,100905026,2026-09-05,100905,118,2026-09-05,26,207.62,BD,15,93,19308.66,4371.48,10095,2026-09-09,Y,2026-09-05,MOCKLOAD,2026-09-11 22:29:05
1009,509,100905027,2026-09-06,100905,106,2026-09-06,27,210.66,BD,15,61,12850.26,2909.3,10095,2026-09-09,Y,2026-09-06,MOCKLOAD,2026-09-11 22:29:05
1009,509,100905028,2026-09-07,100905,107,2026-09-07,28,370.88,BD,13,62,22994.56,5205.97,10095,2026-09-09,Y,2026-09-07,MOCKLOAD,2026-09-11 22:29:05
1009,509,100905029,2026-09-08,100905,114,2026-09-08,29,280.92,BD,11,1,280.92,63.6,10095,2026-09-09,Y,2026-09-08,MOCKLOAD,2026-09-11 22:29:05
1009,509,100905030,2026-09-09,100905,112,2026-09-09,30,124.8,BD,12,7,873.6,197.78,10095,2026-09-09,Y,2026-09-09,MOCKLOAD,2026-09-11 22:29:05
1009,509,100906001,2026-08-11,100906,120,2026-08-11,1,55.56,BD,21,62,3444.72,779.88,10091,2026-08-16,Y,2026-08-11,MOCKLOAD,2026-09-11 22:29:05
1009,509,100906002,2026-08-12,100906,117,2026-08-12,2,203,BD,17,13,2639,597.47,10091,2026-08-16,Y,2026-08-12,MOCKLOAD,2026-09-11 22:29:05
1009,509,100906003,2026-08-13,100906,115,2026-08-13,3,65.36,BD,14,89,5817.04,1316.98,10091,2026-08-16,Y,2026-08-13,MOCKLOAD,2026-09-11 22:29:05
1009,509,100906004,2026-08-14,100906,115,2026-08-14,4,307.55,BD,12,56,17222.8,3899.24,10091,2026-08-16,Y,2026-08-14,MOCKLOAD,2026-09-11 22:29:05
1009,509,100906005,2026-08-15,100906,118,2026-08-15,5,420.28,BD,24,65,27318.2,6184.84,10091,2026-08-16,Y,2026-08-15,MOCKLOAD,2026-09-11 22:29:05
1009,509,100906006,2026-08-16,100906,106,2026-08-16,6,72.7,BD,13,70,5089,1152.15,10091,2026-08-16,Y,2026-08-16,MOCKLOAD,2026-09-11 22:29:05
1009,509,100906007,2026-08-17,100906,117,2026-08-17,7,121.46,BD,21,16,1943.36,439.98,10092,2026-08-22,Y,2026-08-17,MOCKLOAD,2026-09-11 22:29:05
1009,509,100906008,2026-08-18,100906,106,2026-08-18,8,434.62,BD,26,37,16080.94,3640.72,10092,2026-08-22,Y,2026-08-18,MOCKLOAD,2026-09-11 22:29:05
1009,509,100906009,2026-08-19,100906,107,2026-08-19,9,430.7,BD,11,14,6029.8,1365.15,10092,2026-08-22,Y,2026-08-19,MOCKLOAD,2026-09-11 22:29:05
1009,509,100906010,2026-08-20,100906,105,2026-08-20,10,83.65,BD,27,1,83.65,18.94,10092,2026-08-22,Y,2026-08-20,MOCKLOAD,2026-09-11 22:29:05
1009,509,100906011,2026-08-21,100906,107,2026-08-21,11,25.18,BD,28,76,1913.68,433.26,10092,2026-08-22,Y,2026-08-21,MOCKLOAD,2026-09-11 22:29:05
1009,509,100906012,2026-08-22,100906,111,2026-08-22,12,335.47,BD,12,27,9057.69,2050.66,10092,2026-08-22,Y,2026-08-22,MOCKLOAD,2026-09-11 22:29:05
1009,509,100906013,2026-08-23,100906,107,2026-08-23,13,114.85,BD,23,25,2871.25,650.05,10093,2026-08-28,Y,2026-08-23,MOCKLOAD,2026-09-11 22:29:05
1009,509,100906014,2026-08-24,100906,101,2026-08-24,14,90.35,BD,29,62,5601.7,1268.22,10093,2026-08-28,Y,2026-08-24,MOCKLOAD,2026-09-11 22:29:05
1009,509,100906015,2026-08-25,100906,108,2026-08-25,15,171.39,BD,28,55,9426.45,2134.15,10093,2026-08-28,Y,2026-08-25,MOCKLOAD,2026-09-11 22:29:05
1009,509,100906016,2026-08-26,100906,111,2026-08-26,16,351.77,BD,10,9,3165.93,716.77,10093,2026-08-28,Y,2026-08-26,MOCKLOAD,2026-09-11 22:29:05
1009,509,100906017,2026-08-27,100906,120,2026-08-27,17,274.2,BD,15,89,24403.8,5525.02,10093,2026-08-28,Y,2026-08-27,MOCKLOAD,2026-09-11 22:29:05
1009,509,100906018,2026-08-28,100906,115,2026-08-28,18,21.16,BD,29,40,846.4,191.62,10093,2026-08-28,Y,2026-08-28,MOCKLOAD,2026-09-11 22:29:05
1009,509,100906019,2026-08-29,100906,117,2026-08-29,19,26.38,BD,17,44,1160.72,262.79,10094,2026-09-03,Y,2026-08-29,MOCKLOAD,2026-09-11 22:29:05
1009,509,100906020,2026-08-30,100906,110,2026-08-30,20,213.28,BD,18,22,4692.16,1062.31,10094,2026-09-03,Y,2026-08-30,MOCKLOAD,2026-09-11 22:29:05
1009,509,100906021,2026-08-31,100906,120,2026-08-31,21,469.65,BD,10,25,11741.25,2658.22,10094,2026-09-03,Y,2026-08-31,MOCKLOAD,2026-09-11 22:29:05
1009,509,100906022,2026-09-01,100906,119,2026-09-01,22,65.07,BD,16,87,5661.09,1281.67,10094,2026-09-03,Y,2026-09-01,MOCKLOAD,2026-09-11 22:29:05
1009,509,100906023,2026-09-02,100906,101,2026-09-02,23,423.01,BD,29,37,15651.37,3543.47,10094,2026-09-03,Y,2026-09-02,MOCKLOAD,2026-09-11 22:29:05
1009,509,100906024,2026-09-03,100906,109,2026-09-03,24,255.96,BD,18,36,9214.56,2086.18,10094,2026-09-03,Y,2026-09-03,MOCKLOAD,2026-09-11 22:29:05
1009,509,100906025,2026-09-04,100906,106,2026-09-04,25,203.07,BD,23,88,17870.16,4045.8,10095,2026-09-09,Y,2026-09-04,MOCKLOAD,2026-09-11 22:29:05
1009,509,100906026,2026-09-05,100906,119,2026-09-05,26,113.6,BD,28,68,7724.8,1748.89,10095,2026-09-09,Y,2026-09-05,MOCKLOAD,2026-09-11 22:29:05
1009,509,100906027,2026-09-06,100906,120,2026-09-06,27,260.18,BD,20,48,12488.64,2827.43,10095,2026-09-09,Y,2026-09-06,MOCKLOAD,2026-09-11 22:29:05
1009,509,100906028,2026-09-07,100906,110,2026-09-07,28,431.15,BD,29,31,13365.65,3025.98,10095,2026-09-09,Y,2026-09-07,MOCKLOAD,2026-09-11 22:29:05
1009,509,100906029,2026-09-08,100906,106,2026-09-08,29,453.27,BD,14,96,43513.92,9851.55,10095,2026-09-09,Y,2026-09-08,MOCKLOAD,2026-09-11 22:29:05
1009,509,100906030,2026-09-09,100906,113,2026-09-09,30,358.39,BD,10,24,8601.36,1947.35,10095,2026-09-09,Y,2026-09-09,MOCKLOAD,2026-09-11 22:29:05
1009,509,100907001,2026-08-11,100907,104,2026-08-11,1,77.07,BD,22,81,6242.67,1413.34,10091,2026-08-16,Y,2026-08-11,MOCKLOAD,2026-09-11 22:29:05
1009,509,100907002,2026-08-12,100907,102,2026-08-12,2,105.81,BD,25,81,8570.61,1940.39,10091,2026-08-16,Y,2026-08-12,MOCKLOAD,2026-09-11 22:29:05
1009,509,100907003,2026-08-13,100907,117,2026-08-13,3,67.58,BD,17,57,3852.06,872.11,10091,2026-08-16,Y,2026-08-13,MOCKLOAD,2026-09-11 22:29:05
1009,509,100907004,2026-08-14,100907,101,2026-08-14,4,220.51,BD,13,77,16979.27,3844.11,10091,2026-08-16,Y,2026-08-14,MOCKLOAD,2026-09-11 22:29:05
1009,509,100907005,2026-08-15,100907,118,2026-08-15,5,110.49,BD,28,16,1767.84,400.24,10091,2026-08-16,Y,2026-08-15,MOCKLOAD,2026-09-11 22:29:05
1009,509,100907006,2026-08-16,100907,102,2026-08-16,6,154.14,BD,11,29,4470.06,1012.02,10091,2026-08-16,Y,2026-08-16,MOCKLOAD,2026-09-11 22:29:05
1009,509,100907007,2026-08-17,100907,111,2026-08-17,7,39.08,BD,14,22,859.76,194.65,10092,2026-08-22,Y,2026-08-17,MOCKLOAD,2026-09-11 22:29:05
1009,509,100907008,2026-08-18,100907,117,2026-08-18,8,219.86,BD,18,67,14730.62,3335.01,10092,2026-08-22,Y,2026-08-18,MOCKLOAD,2026-09-11 22:29:05
1009,509,100907009,2026-08-19,100907,108,2026-08-19,9,142.75,BD,19,70,9992.5,2262.3,10092,2026-08-22,Y,2026-08-19,MOCKLOAD,2026-09-11 22:29:05
1009,509,100907010,2026-08-20,100907,101,2026-08-20,10,204.43,BD,11,96,19625.28,4443.16,10092,2026-08-22,Y,2026-08-20,MOCKLOAD,2026-09-11 22:29:05
1009,509,100907011,2026-08-21,100907,114,2026-08-21,11,424.84,BD,25,53,22516.52,5097.74,10092,2026-08-22,Y,2026-08-21,MOCKLOAD,2026-09-11 22:29:05
1009,509,100907012,2026-08-22,100907,120,2026-08-22,12,175.8,BD,10,66,11602.8,2626.87,10092,2026-08-22,Y,2026-08-22,MOCKLOAD,2026-09-11 22:29:05
1009,509,100907013,2026-08-23,100907,116,2026-08-23,13,164.12,BD,12,40,6564.8,1486.27,10093,2026-08-28,Y,2026-08-23,MOCKLOAD,2026-09-11 22:29:05
1009,509,100907014,2026-08-24,100907,104,2026-08-24,14,192.28,BD,12,50,9614,2176.61,10093,2026-08-28,Y,2026-08-24,MOCKLOAD,2026-09-11 22:29:05
1009,509,100907015,2026-08-25,100907,110,2026-08-25,15,88.89,BD,25,43,3822.27,865.36,10093,2026-08-28,Y,2026-08-25,MOCKLOAD,2026-09-11 22:29:05
1009,509,100907016,2026-08-26,100907,115,2026-08-26,16,125.74,BD,26,82,10310.68,2334.34,10093,2026-08-28,Y,2026-08-26,MOCKLOAD,2026-09-11 22:29:05
1009,509,100907017,2026-08-27,100907,107,2026-08-27,17,489.73,BD,13,81,39668.13,8980.86,10093,2026-08-28,Y,2026-08-27,MOCKLOAD,2026-09-11 22:29:05
1009,509,100907018,2026-08-28,100907,105,2026-08-28,18,396.72,BD,15,94,37291.68,8442.84,10093,2026-08-28,Y,2026-08-28,MOCKLOAD,2026-09-11 22:29:05
1009,509,100907019,2026-08-29,100907,107,2026-08-29,19,170.34,BD,23,63,10731.42,2429.59,10094,2026-09-03,Y,2026-08-29,MOCKLOAD,2026-09-11 22:29:05
1009,509,100907020,2026-08-30,100907,119,2026-08-30,20,269.39,BD,28,58,15624.62,3537.41,10094,2026-09-03,Y,2026-08-30,MOCKLOAD,2026-09-11 22:29:05
1009,509,100907021,2026-08-31,100907,115,2026-08-31,21,261.27,BD,28,80,20901.6,4732.12,10094,2026-09-03,Y,2026-08-31,MOCKLOAD,2026-09-11 22:29:05
1009,509,100907022,2026-09-01,100907,110,2026-09-01,22,486.29,BD,13,63,30636.27,6936.05,10094,2026-09-03,Y,2026-09-01,MOCKLOAD,2026-09-11 22:29:05
1009,509,100907023,2026-09-02,100907,103,2026-09-02,23,381.05,BD,14,58,22100.9,5003.64,10094,2026-09-03,Y,2026-09-02,MOCKLOAD,2026-09-11 22:29:05
1009,509,100907024,2026-09-03,100907,118,2026-09-03,24,206.97,BD,18,66,13660.02,3092.63,10094,2026-09-03,Y,2026-09-03,MOCKLOAD,2026-09-11 22:29:05
1009,509,100907025,2026-09-04,100907,114,2026-09-04,25,153.19,BD,18,53,8119.07,1838.16,10095,2026-09-09,Y,2026-09-04,MOCKLOAD,2026-09-11 22:29:05
1009,509,100907026,2026-09-05,100907,101,2026-09-05,26,363.28,BD,27,83,30152.24,6826.47,10095,2026-09-09,Y,2026-09-05,MOCKLOAD,2026-09-11 22:29:05
1009,509,100907027,2026-09-06,100907,117,2026-09-06,27,62.02,BD,12,95,5891.9,1333.93,10095,2026-09-09,Y,2026-09-06,MOCKLOAD,2026-09-11 22:29:05
1009,509,100907028,2026-09-07,100907,105,2026-09-07,28,386.52,BD,28,92,35559.84,8050.75,10095,2026-09-09,Y,2026-09-07,MOCKLOAD,2026-09-11 22:29:05
1009,509,100907029,2026-09-08,100907,104,2026-09-08,29,71.35,BD,25,17,1212.95,274.61,10095,2026-09-09,Y,2026-09-08,MOCKLOAD,2026-09-11 22:29:05
1009,509,100907030,2026-09-09,100907,109,2026-09-09,30,279.98,BD,29,49,13719.02,3105.99,10095,2026-09-09,Y,2026-09-09,MOCKLOAD,2026-09-11 22:29:05
1009,509,100908001,2026-08-11,100908,112,2026-08-11,1,446.73,BD,16,18,8041.14,1820.51,10091,2026-08-16,Y,2026-08-11,MOCKLOAD,2026-09-11 22:29:05
1009,509,100908002,2026-08-12,100908,117,2026-08-12,2,397.65,BD,13,85,33800.25,7652.38,10091,2026-08-16,Y,2026-08-12,MOCKLOAD,2026-09-11 22:29:05
1009,509,100908003,2026-08-13,100908,109,2026-08-13,3,311.26,BD,18,79,24589.54,5567.07,10091,2026-08-16,Y,2026-08-13,MOCKLOAD,2026-09-11 22:29:05
1009,509,100908004,2026-08-14,100908,104,2026-08-14,4,188.77,BD,27,17,3209.09,726.54,10091,2026-08-16,Y,2026-08-14,MOCKLOAD,2026-09-11 22:29:05
1009,509,100908005,2026-08-15,100908,116,2026-08-15,5,244.07,BD,17,4,976.28,221.03,10091,2026-08-16,Y,2026-08-15,MOCKLOAD,2026-09-11 22:29:05
1009,509,100908006,2026-08-16,100908,116,2026-08-16,6,129.49,BD,18,86,11136.14,2521.22,10091,2026-08-16,Y,2026-08-16,MOCKLOAD,2026-09-11 22:29:05
1009,509,100908007,2026-08-17,100908,108,2026-08-17,7,73.02,BD,12,52,3797.04,859.65,10092,2026-08-22,Y,2026-08-17,MOCKLOAD,2026-09-11 22:29:05
1009,509,100908008,2026-08-18,100908,113,2026-08-18,8,94.71,BD,17,56,5303.76,1200.77,10092,2026-08-22,Y,2026-08-18,MOCKLOAD,2026-09-11 22:29:05
1009,509,100908009,2026-08-19,100908,116,2026-08-19,9,112.13,BD,16,89,9979.57,2259.37,10092,2026-08-22,Y,2026-08-19,MOCKLOAD,2026-09-11 22:29:05
1009,509,100908010,2026-08-20,100908,114,2026-08-20,10,137.64,BD,16,25,3441,779.04,10092,2026-08-22,Y,2026-08-20,MOCKLOAD,2026-09-11 22:29:05
1009,509,100908011,2026-08-21,100908,113,2026-08-21,11,165.79,BD,23,7,1160.53,262.74,10092,2026-08-22,Y,2026-08-21,MOCKLOAD,2026-09-11 22:29:05
1009,509,100908012,2026-08-22,100908,111,2026-08-22,12,432.99,BD,21,89,38536.11,8724.58,10092,2026-08-22,Y,2026-08-22,MOCKLOAD,2026-09-11 22:29:05
1009,509,100908013,2026-08-23,100908,111,2026-08-23,13,496.43,BD,13,79,39217.97,8878.95,10093,2026-08-28,Y,2026-08-23,MOCKLOAD,2026-09-11 22:29:05
1009,509,100908014,2026-08-24,100908,118,2026-08-24,14,201.39,BD,28,78,15708.42,3556.39,10093,2026-08-28,Y,2026-08-24,MOCKLOAD,2026-09-11 22:29:05
1009,509,100908015,2026-08-25,100908,120,2026-08-25,15,434.67,BD,12,2,869.34,196.82,10093,2026-08-28,Y,2026-08-25,MOCKLOAD,2026-09-11 22:29:05
1009,509,100908016,2026-08-26,100908,114,2026-08-26,16,461.06,BD,16,78,35962.68,8141.95,10093,2026-08-28,Y,2026-08-26,MOCKLOAD,2026-09-11 22:29:05
1009,509,100908017,2026-08-27,100908,105,2026-08-27,17,480.12,BD,13,31,14883.72,3369.67,10093,2026-08-28,Y,2026-08-27,MOCKLOAD,2026-09-11 22:29:05
1009,509,100908018,2026-08-28,100908,116,2026-08-28,18,68.89,BD,29,21,1446.69,327.53,10093,2026-08-28,Y,2026-08-28,MOCKLOAD,2026-09-11 22:29:05
1009,509,100908019,2026-08-29,100908,112,2026-08-29,19,437.25,BD,27,100,43725,9899.34,10094,2026-09-03,Y,2026-08-29,MOCKLOAD,2026-09-11 22:29:05
1009,509,100908020,2026-08-30,100908,103,2026-08-30,20,416.19,BD,20,12,4994.28,1130.7,10094,2026-09-03,Y,2026-08-30,MOCKLOAD,2026-09-11 22:29:05
1009,509,100908021,2026-08-31,100908,101,2026-08-31,21,227.89,BD,19,49,11166.61,2528.12,10094,2026-09-03,Y,2026-08-31,MOCKLOAD,2026-09-11 22:29:05
1009,509,100908022,2026-09-01,100908,118,2026-09-01,22,38.8,BD,26,80,3104,702.75,10094,2026-09-03,Y,2026-09-01,MOCKLOAD,2026-09-11 22:29:05
1009,509,100908023,2026-09-02,100908,110,2026-09-02,23,374.47,BD,29,11,4119.17,932.58,10094,2026-09-03,Y,2026-09-02,MOCKLOAD,2026-09-11 22:29:05
1009,509,100908024,2026-09-03,100908,106,2026-09-03,24,294.62,BD,27,44,12963.28,2934.89,10094,2026-09-03,Y,2026-09-03,MOCKLOAD,2026-09-11 22:29:05
1009,509,100908025,2026-09-04,100908,109,2026-09-04,25,118.44,BD,12,84,9948.96,2252.44,10095,2026-09-09,Y,2026-09-04,MOCKLOAD,2026-09-11 22:29:05
1009,509,100908026,2026-09-05,100908,108,2026-09-05,26,323.25,BD,10,60,19395,4391.03,10095,2026-09-09,Y,2026-09-05,MOCKLOAD,2026-09-11 22:29:05
1009,509,100908027,2026-09-06,100908,105,2026-09-06,27,233.33,BD,22,41,9566.53,2165.86,10095,2026-09-09,Y,2026-09-06,MOCKLOAD,2026-09-11 22:29:05
1009,509,100908028,2026-09-07,100908,118,2026-09-07,28,201.71,BD,11,67,13514.57,3059.7,10095,2026-09-09,Y,2026-09-07,MOCKLOAD,2026-09-11 22:29:05
1009,509,100908029,2026-09-08,100908,120,2026-09-08,29,107.81,BD,16,20,2156.2,488.16,10095,2026-09-09,Y,2026-09-08,MOCKLOAD,2026-09-11 22:29:05
1009,509,100908030,2026-09-09,100908,104,2026-09-09,30,127.24,BD,13,99,12596.76,2851.91,10095,2026-09-09,Y,2026-09-09,MOCKLOAD,2026-09-11 22:29:05
1009,509,100909001,2026-08-11,100909,116,2026-08-11,1,324.75,BD,12,75,24356.25,5514.26,10091,2026-08-16,Y,2026-08-11,MOCKLOAD,2026-09-11 22:29:05
1009,509,100909002,2026-08-12,100909,106,2026-08-12,2,85.87,BD,26,81,6955.47,1574.72,10091,2026-08-16,Y,2026-08-12,MOCKLOAD,2026-09-11 22:29:05
1009,509,100909003,2026-08-13,100909,119,2026-08-13,3,262.08,BD,25,7,1834.56,415.34,10091,2026-08-16,Y,2026-08-13,MOCKLOAD,2026-09-11 22:29:05
1009,509,100909004,2026-08-14,100909,102,2026-08-14,4,231.31,BD,26,78,18042.18,4084.75,10091,2026-08-16,Y,2026-08-14,MOCKLOAD,2026-09-11 22:29:05
1009,509,100909005,2026-08-15,100909,111,2026-08-15,5,89.81,BD,14,94,8442.14,1911.3,10091,2026-08-16,Y,2026-08-15,MOCKLOAD,2026-09-11 22:29:05
1009,509,100909006,2026-08-16,100909,109,2026-08-16,6,176.83,BD,14,53,9371.99,2121.82,10091,2026-08-16,Y,2026-08-16,MOCKLOAD,2026-09-11 22:29:05
1009,509,100909007,2026-08-17,100909,108,2026-08-17,7,105.44,BD,25,97,10227.68,2315.55,10092,2026-08-22,Y,2026-08-17,MOCKLOAD,2026-09-11 22:29:05
1009,509,100909008,2026-08-18,100909,120,2026-08-18,8,64.32,BD,26,97,6239.04,1412.52,10092,2026-08-22,Y,2026-08-18,MOCKLOAD,2026-09-11 22:29:05
1009,509,100909009,2026-08-19,100909,119,2026-08-19,9,336.82,BD,24,6,2020.92,457.54,10092,2026-08-22,Y,2026-08-19,MOCKLOAD,2026-09-11 22:29:05
1009,509,100909010,2026-08-20,100909,105,2026-08-20,10,293.95,BD,29,44,12933.8,2928.21,10092,2026-08-22,Y,2026-08-20,MOCKLOAD,2026-09-11 22:29:05
1009,509,100909011,2026-08-21,100909,103,2026-08-21,11,241.5,BD,15,44,10626,2405.73,10092,2026-08-22,Y,2026-08-21,MOCKLOAD,2026-09-11 22:29:05
1009,509,100909012,2026-08-22,100909,109,2026-08-22,12,300.41,BD,10,26,7810.66,1768.33,10092,2026-08-22,Y,2026-08-22,MOCKLOAD,2026-09-11 22:29:05
1009,509,100909013,2026-08-23,100909,105,2026-08-23,13,316.74,BD,12,73,23122.02,5234.83,10093,2026-08-28,Y,2026-08-23,MOCKLOAD,2026-09-11 22:29:05
1009,509,100909014,2026-08-24,100909,115,2026-08-24,14,77.45,BD,22,26,2013.7,455.9,10093,2026-08-28,Y,2026-08-24,MOCKLOAD,2026-09-11 22:29:05
1009,509,100909015,2026-08-25,100909,109,2026-08-25,15,94.17,BD,23,37,3484.29,788.84,10093,2026-08-28,Y,2026-08-25,MOCKLOAD,2026-09-11 22:29:05
1009,509,100909016,2026-08-26,100909,113,2026-08-26,16,404.28,BD,17,69,27895.32,6315.5,10093,2026-08-28,Y,2026-08-26,MOCKLOAD,2026-09-11 22:29:05
1009,509,100909017,2026-08-27,100909,119,2026-08-27,17,49.33,BD,26,96,4735.68,1072.16,10093,2026-08-28,Y,2026-08-27,MOCKLOAD,2026-09-11 22:29:05
1009,509,100909018,2026-08-28,100909,118,2026-08-28,18,238.79,BD,19,1,238.79,54.06,10093,2026-08-28,Y,2026-08-28,MOCKLOAD,2026-09-11 22:29:05
1009,509,100909019,2026-08-29,100909,108,2026-08-29,19,345.58,BD,13,76,26264.08,5946.19,10094,2026-09-03,Y,2026-08-29,MOCKLOAD,2026-09-11 22:29:05
1009,509,100909020,2026-08-30,100909,118,2026-08-30,20,333.98,BD,19,12,4007.76,907.36,10094,2026-09-03,Y,2026-08-30,MOCKLOAD,2026-09-11 22:29:05
1009,509,100909021,2026-08-31,100909,107,2026-08-31,21,422.89,BD,10,59,24950.51,5648.8,10094,2026-09-03,Y,2026-08-31,MOCKLOAD,2026-09-11 22:29:05
1009,509,100909022,2026-09-01,100909,101,2026-09-01,22,499.42,BD,17,5,2497.1,565.34,10094,2026-09-03,Y,2026-09-01,MOCKLOAD,2026-09-11 22:29:05
1009,509,100909023,2026-09-02,100909,112,2026-09-02,23,466.77,BD,19,17,7935.09,1796.5,10094,2026-09-03,Y,2026-09-02,MOCKLOAD,2026-09-11 22:29:05
1009,509,100909024,2026-09-03,100909,115,2026-09-03,24,332.87,BD,24,75,24965.25,5652.13,10094,2026-09-03,Y,2026-09-03,MOCKLOAD,2026-09-11 22:29:05
1009,509,100909025,2026-09-04,100909,104,2026-09-04,25,419.97,BD,19,16,6719.52,1521.3,10095,2026-09-09,Y,2026-09-04,MOCKLOAD,2026-09-11 22:29:05
1009,509,100909026,2026-09-05,100909,107,2026-09-05,26,287.28,BD,29,59,16949.52,3837.37,10095,2026-09-09,Y,2026-09-05,MOCKLOAD,2026-09-11 22:29:05
1009,509,100909027,2026-09-06,100909,110,2026-09-06,27,432.09,BD,17,98,42344.82,9586.87,10095,2026-09-09,Y,2026-09-06,MOCKLOAD,2026-09-11 22:29:05
1009,509,100909028,2026-09-07,100909,114,2026-09-07,28,229.82,BD,25,35,8043.7,1821.09,10095,2026-09-09,Y,2026-09-07,MOCKLOAD,2026-09-11 22:29:05
1009,509,100909029,2026-09-08,100909,108,2026-09-08,29,250.17,BD,11,22,5503.74,1246.05,10095,2026-09-09,Y,2026-09-08,MOCKLOAD,2026-09-11 22:29:05
1009,509,100909030,2026-09-09,100909,119,2026-09-09,30,349.24,BD,16,29,10127.96,2292.97,10095,2026-09-09,Y,2026-09-09,MOCKLOAD,2026-09-11 22:29:05
1009,509,100910001,2026-08-11,100910,110,2026-08-11,1,196.58,BD,21,61,11991.38,2714.85,10091,2026-08-16,Y,2026-08-11,MOCKLOAD,2026-09-11 22:29:05
1009,509,100910002,2026-08-12,100910,110,2026-08-12,2,293.75,BD,13,73,21443.75,4854.87,10091,2026-08-16,Y,2026-08-12,MOCKLOAD,2026-09-11 22:29:05
1009,509,100910003,2026-08-13,100910,108,2026-08-13,3,148.95,BD,28,100,14895,3372.23,10091,2026-08-16,Y,2026-08-13,MOCKLOAD,2026-09-11 22:29:05
1009,509,100910004,2026-08-14,100910,118,2026-08-14,4,128.01,BD,14,32,4096.32,927.41,10091,2026-08-16,Y,2026-08-14,MOCKLOAD,2026-09-11 22:29:05
1009,509,100910005,2026-08-15,100910,103,2026-08-15,5,414.15,BD,26,29,12010.35,2719.14,10091,2026-08-16,Y,2026-08-15,MOCKLOAD,2026-09-11 22:29:05
1009,509,100910006,2026-08-16,100910,109,2026-08-16,6,411.16,BD,13,31,12745.96,2885.69,10091,2026-08-16,Y,2026-08-16,MOCKLOAD,2026-09-11 22:29:05
1009,509,100910007,2026-08-17,100910,120,2026-08-17,7,11.6,BD,11,51,591.6,133.94,10092,2026-08-22,Y,2026-08-17,MOCKLOAD,2026-09-11 22:29:05
1009,509,100910008,2026-08-18,100910,107,2026-08-18,8,212.55,BD,20,60,12753,2887.28,10092,2026-08-22,Y,2026-08-18,MOCKLOAD,2026-09-11 22:29:05
1009,509,100910009,2026-08-19,100910,104,2026-08-19,9,391.15,BD,18,5,1955.75,442.78,10092,2026-08-22,Y,2026-08-19,MOCKLOAD,2026-09-11 22:29:05
1009,509,100910010,2026-08-20,100910,109,2026-08-20,10,150.72,BD,19,34,5124.48,1160.18,10092,2026-08-22,Y,2026-08-20,MOCKLOAD,2026-09-11 22:29:05
1009,509,100910011,2026-08-21,100910,102,2026-08-21,11,359.33,BD,20,89,31980.37,7240.36,10092,2026-08-22,Y,2026-08-21,MOCKLOAD,2026-09-11 22:29:05
1009,509,100910012,2026-08-22,100910,106,2026-08-22,12,358.82,BD,21,24,8611.68,1949.68,10092,2026-08-22,Y,2026-08-22,MOCKLOAD,2026-09-11 22:29:05
1009,509,100910013,2026-08-23,100910,107,2026-08-23,13,344.73,BD,21,15,5170.95,1170.7,10093,2026-08-28,Y,2026-08-23,MOCKLOAD,2026-09-11 22:29:05
1009,509,100910014,2026-08-24,100910,118,2026-08-24,14,54.22,BD,10,89,4825.58,1092.51,10093,2026-08-28,Y,2026-08-24,MOCKLOAD,2026-09-11 22:29:05
1009,509,100910015,2026-08-25,100910,109,2026-08-25,15,53.74,BD,11,63,3385.62,766.5,10093,2026-08-28,Y,2026-08-25,MOCKLOAD,2026-09-11 22:29:05
1009,509,100910016,2026-08-26,100910,117,2026-08-26,16,215.82,BD,20,2,431.64,97.72,10093,2026-08-28,Y,2026-08-26,MOCKLOAD,2026-09-11 22:29:05
1009,509,100910017,2026-08-27,100910,111,2026-08-27,17,233.11,BD,13,53,12354.83,2797.13,10093,2026-08-28,Y,2026-08-27,MOCKLOAD,2026-09-11 22:29:05
1009,509,100910018,2026-08-28,100910,109,2026-08-28,18,413.59,BD,22,7,2895.13,655.46,10093,2026-08-28,Y,2026-08-28,MOCKLOAD,2026-09-11 22:29:05
1009,509,100910019,2026-08-29,100910,117,2026-08-29,19,199.1,BD,23,91,18118.1,4101.94,10094,2026-09-03,Y,2026-08-29,MOCKLOAD,2026-09-11 22:29:05
1009,509,100910020,2026-08-30,100910,106,2026-08-30,20,483.63,BD,14,80,38690.4,8759.51,10094,2026-09-03,Y,2026-08-30,MOCKLOAD,2026-09-11 22:29:05
1009,509,100910021,2026-08-31,100910,109,2026-08-31,21,304.77,BD,24,5,1523.85,345,10094,2026-09-03,Y,2026-08-31,MOCKLOAD,2026-09-11 22:29:05
1009,509,100910022,2026-09-01,100910,120,2026-09-01,22,92.35,BD,20,8,738.8,167.26,10094,2026-09-03,Y,2026-09-01,MOCKLOAD,2026-09-11 22:29:05
1009,509,100910023,2026-09-02,100910,117,2026-09-02,23,156.55,BD,19,37,5792.35,1311.39,10094,2026-09-03,Y,2026-09-02,MOCKLOAD,2026-09-11 22:29:05
1009,509,100910024,2026-09-03,100910,114,2026-09-03,24,390.42,BD,21,70,27329.4,6187.38,10094,2026-09-03,Y,2026-09-03,MOCKLOAD,2026-09-11 22:29:05
1009,509,100910025,2026-09-04,100910,104,2026-09-04,25,488.43,BD,15,3,1465.29,331.74,10095,2026-09-09,Y,2026-09-04,MOCKLOAD,2026-09-11 22:29:05
1009,509,100910026,2026-09-05,100910,115,2026-09-05,26,386.09,BD,29,42,16215.78,3671.25,10095,2026-09-09,Y,2026-09-05,MOCKLOAD,2026-09-11 22:29:05
1009,509,100910027,2026-09-06,100910,104,2026-09-06,27,471.67,BD,21,15,7075.05,1601.79,10095,2026-09-09,Y,2026-09-06,MOCKLOAD,2026-09-11 22:29:05
1009,509,100910028,2026-09-07,100910,110,2026-09-07,28,102.25,BD,14,97,9918.25,2245.49,10095,2026-09-09,Y,2026-09-07,MOCKLOAD,2026-09-11 22:29:05
1009,509,100910029,2026-09-08,100910,110,2026-09-08,29,489.31,BD,12,57,27890.67,6314.45,10095,2026-09-09,Y,2026-09-08,MOCKLOAD,2026-09-11 22:29:05
1009,509,100910030,2026-09-09,100910,116,2026-09-09,30,48.32,BD,19,13,628.16,142.22,10095,2026-09-09,Y,2026-09-09,MOCKLOAD,2026-09-11 22:29:05
1010,510,101001001,2026-08-11,101001,116,2026-08-11,1,14.75,MK,13,28,413,60.83,10101,2026-08-16,Y,2026-08-11,MOCKLOAD,2026-09-11 22:29:05
1010,510,101001002,2026-08-12,101001,103,2026-08-12,2,99.07,MK,20,54,5349.78,788.02,10101,2026-08-16,Y,2026-08-12,MOCKLOAD,2026-09-11 22:29:05
1010,510,101001003,2026-08-13,101001,104,2026-08-13,3,267.72,MK,13,94,25165.68,3706.9,10101,2026-08-16,Y,2026-08-13,MOCKLOAD,2026-09-11 22:29:05
1010,510,101001004,2026-08-14,101001,120,2026-08-14,4,418.31,MK,28,75,31373.25,4621.28,10101,2026-08-16,Y,2026-08-14,MOCKLOAD,2026-09-11 22:29:05
1010,510,101001005,2026-08-15,101001,106,2026-08-15,5,495.98,MK,18,17,8431.66,1241.98,10101,2026-08-16,Y,2026-08-15,MOCKLOAD,2026-09-11 22:29:05
1010,510,101001006,2026-08-16,101001,104,2026-08-16,6,279.44,MK,28,44,12295.36,1811.11,10101,2026-08-16,Y,2026-08-16,MOCKLOAD,2026-09-11 22:29:05
1010,510,101001007,2026-08-17,101001,106,2026-08-17,7,93.65,MK,16,25,2341.25,344.87,10102,2026-08-22,Y,2026-08-17,MOCKLOAD,2026-09-11 22:29:05
1010,510,101001008,2026-08-18,101001,120,2026-08-18,8,12.19,MK,22,54,658.26,96.96,10102,2026-08-22,Y,2026-08-18,MOCKLOAD,2026-09-11 22:29:05
1010,510,101001009,2026-08-19,101001,111,2026-08-19,9,282.02,MK,29,95,26791.9,3946.45,10102,2026-08-22,Y,2026-08-19,MOCKLOAD,2026-09-11 22:29:05
1010,510,101001010,2026-08-20,101001,114,2026-08-20,10,72.34,MK,17,47,3399.98,500.82,10102,2026-08-22,Y,2026-08-20,MOCKLOAD,2026-09-11 22:29:05
1010,510,101001011,2026-08-21,101001,101,2026-08-21,11,56.23,MK,17,15,843.45,124.24,10102,2026-08-22,Y,2026-08-21,MOCKLOAD,2026-09-11 22:29:05
1010,510,101001012,2026-08-22,101001,114,2026-08-22,12,12.51,MK,26,48,600.48,88.45,10102,2026-08-22,Y,2026-08-22,MOCKLOAD,2026-09-11 22:29:05
1010,510,101001013,2026-08-23,101001,109,2026-08-23,13,422.43,MK,15,37,15629.91,2302.29,10103,2026-08-28,Y,2026-08-23,MOCKLOAD,2026-09-11 22:29:05
1010,510,101001014,2026-08-24,101001,112,2026-08-24,14,172.2,MK,29,86,14809.2,2181.4,10103,2026-08-28,Y,2026-08-24,MOCKLOAD,2026-09-11 22:29:05
1010,510,101001015,2026-08-25,101001,110,2026-08-25,15,244.68,MK,15,29,7095.72,1045.2,10103,2026-08-28,Y,2026-08-25,MOCKLOAD,2026-09-11 22:29:05
1010,510,101001016,2026-08-26,101001,113,2026-08-26,16,216.89,MK,25,3,650.67,95.84,10103,2026-08-28,Y,2026-08-26,MOCKLOAD,2026-09-11 22:29:05
1010,510,101001017,2026-08-27,101001,104,2026-08-27,17,46.61,MK,21,68,3169.48,466.86,10103,2026-08-28,Y,2026-08-27,MOCKLOAD,2026-09-11 22:29:05
1010,510,101001018,2026-08-28,101001,117,2026-08-28,18,154.15,MK,25,1,154.15,22.71,10103,2026-08-28,Y,2026-08-28,MOCKLOAD,2026-09-11 22:29:05
1010,510,101001019,2026-08-29,101001,112,2026-08-29,19,223.65,MK,23,2,447.3,65.89,10104,2026-09-03,Y,2026-08-29,MOCKLOAD,2026-09-11 22:29:05
1010,510,101001020,2026-08-30,101001,101,2026-08-30,20,125.85,MK,12,23,2894.55,426.37,10104,2026-09-03,Y,2026-08-30,MOCKLOAD,2026-09-11 22:29:05
1010,510,101001021,2026-08-31,101001,104,2026-08-31,21,19.87,MK,13,26,516.62,76.1,10104,2026-09-03,Y,2026-08-31,MOCKLOAD,2026-09-11 22:29:05
1010,510,101001022,2026-09-01,101001,101,2026-09-01,22,459.53,MK,17,92,42276.76,6227.37,10104,2026-09-03,Y,2026-09-01,MOCKLOAD,2026-09-11 22:29:05
1010,510,101001023,2026-09-02,101001,103,2026-09-02,23,256.43,MK,23,78,20001.54,2946.23,10104,2026-09-03,Y,2026-09-02,MOCKLOAD,2026-09-11 22:29:05
1010,510,101001024,2026-09-03,101001,112,2026-09-03,24,197.08,MK,11,89,17540.12,2583.66,10104,2026-09-03,Y,2026-09-03,MOCKLOAD,2026-09-11 22:29:05
1010,510,101001025,2026-09-04,101001,119,2026-09-04,25,393.13,MK,20,30,11793.9,1737.24,10105,2026-09-09,Y,2026-09-04,MOCKLOAD,2026-09-11 22:29:05
1010,510,101001026,2026-09-05,101001,104,2026-09-05,26,126.26,MK,23,53,6691.78,985.7,10105,2026-09-09,Y,2026-09-05,MOCKLOAD,2026-09-11 22:29:05
1010,510,101001027,2026-09-06,101001,110,2026-09-06,27,227.46,MK,17,95,21608.7,3182.96,10105,2026-09-09,Y,2026-09-06,MOCKLOAD,2026-09-11 22:29:05
1010,510,101001028,2026-09-07,101001,110,2026-09-07,28,233.38,MK,21,1,233.38,34.38,10105,2026-09-09,Y,2026-09-07,MOCKLOAD,2026-09-11 22:29:05
1010,510,101001029,2026-09-08,101001,101,2026-09-08,29,285.35,MK,28,76,21686.6,3194.44,10105,2026-09-09,Y,2026-09-08,MOCKLOAD,2026-09-11 22:29:05
1010,510,101001030,2026-09-09,101001,120,2026-09-09,30,162.45,MK,28,86,13970.7,2057.88,10105,2026-09-09,Y,2026-09-09,MOCKLOAD,2026-09-11 22:29:05
1010,510,101002001,2026-08-11,101002,115,2026-08-11,1,161.66,MK,23,24,3879.84,571.5,10101,2026-08-16,Y,2026-08-11,MOCKLOAD,2026-09-11 22:29:05
1010,510,101002002,2026-08-12,101002,105,2026-08-12,2,79.68,MK,29,37,2948.16,434.26,10101,2026-08-16,Y,2026-08-12,MOCKLOAD,2026-09-11 22:29:05
1010,510,101002003,2026-08-13,101002,102,2026-08-13,3,316.57,MK,28,23,7281.11,1072.51,10101,2026-08-16,Y,2026-08-13,MOCKLOAD,2026-09-11 22:29:05
1010,510,101002004,2026-08-14,101002,101,2026-08-14,4,59.08,MK,29,44,2599.52,382.91,10101,2026-08-16,Y,2026-08-14,MOCKLOAD,2026-09-11 22:29:05
1010,510,101002005,2026-08-15,101002,117,2026-08-15,5,296.57,MK,23,47,13938.79,2053.18,10101,2026-08-16,Y,2026-08-15,MOCKLOAD,2026-09-11 22:29:05
1010,510,101002006,2026-08-16,101002,110,2026-08-16,6,467.34,MK,23,63,29442.42,4336.87,10101,2026-08-16,Y,2026-08-16,MOCKLOAD,2026-09-11 22:29:05
1010,510,101002007,2026-08-17,101002,112,2026-08-17,7,426.3,MK,26,27,11510.1,1695.44,10102,2026-08-22,Y,2026-08-17,MOCKLOAD,2026-09-11 22:29:05
1010,510,101002008,2026-08-18,101002,105,2026-08-18,8,195.32,MK,24,48,9375.36,1380.99,10102,2026-08-22,Y,2026-08-18,MOCKLOAD,2026-09-11 22:29:05
1010,510,101002009,2026-08-19,101002,111,2026-08-19,9,349.94,MK,20,22,7698.68,1134.02,10102,2026-08-22,Y,2026-08-19,MOCKLOAD,2026-09-11 22:29:05
1010,510,101002010,2026-08-20,101002,115,2026-08-20,10,85,MK,28,84,7140,1051.72,10102,2026-08-22,Y,2026-08-20,MOCKLOAD,2026-09-11 22:29:05
1010,510,101002011,2026-08-21,101002,113,2026-08-21,11,461.91,MK,20,92,42495.72,6259.62,10102,2026-08-22,Y,2026-08-21,MOCKLOAD,2026-09-11 22:29:05
1010,510,101002012,2026-08-22,101002,106,2026-08-22,12,203.46,MK,23,91,18514.86,2727.24,10102,2026-08-22,Y,2026-08-22,MOCKLOAD,2026-09-11 22:29:05
1010,510,101002013,2026-08-23,101002,106,2026-08-23,13,199.13,MK,23,36,7168.68,1055.95,10103,2026-08-28,Y,2026-08-23,MOCKLOAD,2026-09-11 22:29:05
1010,510,101002014,2026-08-24,101002,109,2026-08-24,14,344.5,MK,22,25,8612.5,1268.62,10103,2026-08-28,Y,2026-08-24,MOCKLOAD,2026-09-11 22:29:05
1010,510,101002015,2026-08-25,101002,101,2026-08-25,15,8.48,MK,29,79,669.92,98.68,10103,2026-08-28,Y,2026-08-25,MOCKLOAD,2026-09-11 22:29:05
1010,510,101002016,2026-08-26,101002,101,2026-08-26,16,349.57,MK,28,33,11535.81,1699.22,10103,2026-08-28,Y,2026-08-26,MOCKLOAD,2026-09-11 22:29:05
1010,510,101002017,2026-08-27,101002,101,2026-08-27,17,98.52,MK,16,54,5320.08,783.65,10103,2026-08-28,Y,2026-08-27,MOCKLOAD,2026-09-11 22:29:05
1010,510,101002018,2026-08-28,101002,101,2026-08-28,18,74.34,MK,17,56,4163.04,613.22,10103,2026-08-28,Y,2026-08-28,MOCKLOAD,2026-09-11 22:29:05
1010,510,101002019,2026-08-29,101002,114,2026-08-29,19,149.65,MK,28,59,8829.35,1300.56,10104,2026-09-03,Y,2026-08-29,MOCKLOAD,2026-09-11 22:29:05
1010,510,101002020,2026-08-30,101002,111,2026-08-30,20,29.52,MK,10,63,1859.76,273.94,10104,2026-09-03,Y,2026-08-30,MOCKLOAD,2026-09-11 22:29:05
1010,510,101002021,2026-08-31,101002,113,2026-08-31,21,397.59,MK,28,5,1987.95,292.83,10104,2026-09-03,Y,2026-08-31,MOCKLOAD,2026-09-11 22:29:05
1010,510,101002022,2026-09-01,101002,106,2026-09-01,22,216.57,MK,20,79,17109.03,2520.16,10104,2026-09-03,Y,2026-09-01,MOCKLOAD,2026-09-11 22:29:05
1010,510,101002023,2026-09-02,101002,108,2026-09-02,23,56.22,MK,23,13,730.86,107.66,10104,2026-09-03,Y,2026-09-02,MOCKLOAD,2026-09-11 22:29:05
1010,510,101002024,2026-09-03,101002,113,2026-09-03,24,272.7,MK,16,83,22634.1,3334,10104,2026-09-03,Y,2026-09-03,MOCKLOAD,2026-09-11 22:29:05
1010,510,101002025,2026-09-04,101002,109,2026-09-04,25,476.78,MK,26,76,36235.28,5337.46,10105,2026-09-09,Y,2026-09-04,MOCKLOAD,2026-09-11 22:29:05
1010,510,101002026,2026-09-05,101002,118,2026-09-05,26,74.98,MK,14,42,3149.16,463.87,10105,2026-09-09,Y,2026-09-05,MOCKLOAD,2026-09-11 22:29:05
1010,510,101002027,2026-09-06,101002,101,2026-09-06,27,498.03,MK,19,56,27889.68,4108.15,10105,2026-09-09,Y,2026-09-06,MOCKLOAD,2026-09-11 22:29:05
1010,510,101002028,2026-09-07,101002,108,2026-09-07,28,394.8,MK,10,71,28030.8,4128.94,10105,2026-09-09,Y,2026-09-07,MOCKLOAD,2026-09-11 22:29:05
1010,510,101002029,2026-09-08,101002,120,2026-09-08,29,318.38,MK,10,4,1273.52,187.59,10105,2026-09-09,Y,2026-09-08,MOCKLOAD,2026-09-11 22:29:05
1010,510,101002030,2026-09-09,101002,118,2026-09-09,30,121.68,MK,17,53,6449.04,949.94,10105,2026-09-09,Y,2026-09-09,MOCKLOAD,2026-09-11 22:29:05
1010,510,101003001,2026-08-11,101003,113,2026-08-11,1,91.69,MK,18,38,3484.22,513.23,10101,2026-08-16,Y,2026-08-11,MOCKLOAD,2026-09-11 22:29:05
1010,510,101003002,2026-08-12,101003,118,2026-08-12,2,214.72,MK,25,25,5368,790.71,10101,2026-08-16,Y,2026-08-12,MOCKLOAD,2026-09-11 22:29:05
1010,510,101003003,2026-08-13,101003,103,2026-08-13,3,396.55,MK,24,99,39258.45,5782.77,10101,2026-08-16,Y,2026-08-13,MOCKLOAD,2026-09-11 22:29:05
1010,510,101003004,2026-08-14,101003,107,2026-08-14,4,394.59,MK,13,74,29199.66,4301.11,10101,2026-08-16,Y,2026-08-14,MOCKLOAD,2026-09-11 22:29:05
1010,510,101003005,2026-08-15,101003,106,2026-08-15,5,169.8,MK,10,68,11546.4,1700.78,10101,2026-08-16,Y,2026-08-15,MOCKLOAD,2026-09-11 22:29:05
1010,510,101003006,2026-08-16,101003,104,2026-08-16,6,449.77,MK,26,53,23837.81,3511.31,10101,2026-08-16,Y,2026-08-16,MOCKLOAD,2026-09-11 22:29:05
1010,510,101003007,2026-08-17,101003,102,2026-08-17,7,150.55,MK,10,1,150.55,22.18,10102,2026-08-22,Y,2026-08-17,MOCKLOAD,2026-09-11 22:29:05
1010,510,101003008,2026-08-18,101003,104,2026-08-18,8,280.12,MK,26,81,22689.72,3342.2,10102,2026-08-22,Y,2026-08-18,MOCKLOAD,2026-09-11 22:29:05
1010,510,101003009,2026-08-19,101003,116,2026-08-19,9,143.04,MK,14,69,9869.76,1453.82,10102,2026-08-22,Y,2026-08-19,MOCKLOAD,2026-09-11 22:29:05
1010,510,101003010,2026-08-20,101003,114,2026-08-20,10,54.48,MK,27,73,3977.04,585.82,10102,2026-08-22,Y,2026-08-20,MOCKLOAD,2026-09-11 22:29:05
1010,510,101003011,2026-08-21,101003,111,2026-08-21,11,495.71,MK,19,90,44613.9,6571.63,10102,2026-08-22,Y,2026-08-21,MOCKLOAD,2026-09-11 22:29:05
1010,510,101003012,2026-08-22,101003,113,2026-08-22,12,111.86,MK,28,29,3243.94,477.83,10102,2026-08-22,Y,2026-08-22,MOCKLOAD,2026-09-11 22:29:05
1010,510,101003013,2026-08-23,101003,118,2026-08-23,13,202.81,MK,14,73,14805.13,2180.8,10103,2026-08-28,Y,2026-08-23,MOCKLOAD,2026-09-11 22:29:05
1010,510,101003014,2026-08-24,101003,102,2026-08-24,14,254.72,MK,13,100,25472,3752.03,10103,2026-08-28,Y,2026-08-24,MOCKLOAD,2026-09-11 22:29:05
1010,510,101003015,2026-08-25,101003,116,2026-08-25,15,247.01,MK,15,100,24701,3638.46,10103,2026-08-28,Y,2026-08-25,MOCKLOAD,2026-09-11 22:29:05
1010,510,101003016,2026-08-26,101003,118,2026-08-26,16,131.56,MK,13,20,2631.2,387.58,10103,2026-08-28,Y,2026-08-26,MOCKLOAD,2026-09-11 22:29:05
1010,510,101003017,2026-08-27,101003,106,2026-08-27,17,276.03,MK,19,100,27603,4065.92,10103,2026-08-28,Y,2026-08-27,MOCKLOAD,2026-09-11 22:29:05
1010,510,101003018,2026-08-28,101003,104,2026-08-28,18,30.97,MK,10,43,1331.71,196.16,10103,2026-08-28,Y,2026-08-28,MOCKLOAD,2026-09-11 22:29:05
1010,510,101003019,2026-08-29,101003,113,2026-08-29,19,416.02,MK,11,17,7072.34,1041.76,10104,2026-09-03,Y,2026-08-29,MOCKLOAD,2026-09-11 22:29:05
1010,510,101003020,2026-08-30,101003,107,2026-08-30,20,492.22,MK,19,99,48729.78,7177.9,10104,2026-09-03,Y,2026-08-30,MOCKLOAD,2026-09-11 22:29:05
1010,510,101003021,2026-08-31,101003,112,2026-08-31,21,335.65,MK,15,32,10740.8,1582.12,10104,2026-09-03,Y,2026-08-31,MOCKLOAD,2026-09-11 22:29:05
1010,510,101003022,2026-09-01,101003,108,2026-09-01,22,452.31,MK,24,14,6332.34,932.75,10104,2026-09-03,Y,2026-09-01,MOCKLOAD,2026-09-11 22:29:05
1010,510,101003023,2026-09-02,101003,118,2026-09-02,23,56.23,MK,22,3,168.69,24.85,10104,2026-09-03,Y,2026-09-02,MOCKLOAD,2026-09-11 22:29:05
1010,510,101003024,2026-09-03,101003,105,2026-09-03,24,410.58,MK,23,26,10675.08,1572.44,10104,2026-09-03,Y,2026-09-03,MOCKLOAD,2026-09-11 22:29:05
1010,510,101003025,2026-09-04,101003,105,2026-09-04,25,12.62,MK,10,58,731.96,107.82,10105,2026-09-09,Y,2026-09-04,MOCKLOAD,2026-09-11 22:29:05
1010,510,101003026,2026-09-05,101003,102,2026-09-05,26,407.84,MK,26,39,15905.76,2342.92,10105,2026-09-09,Y,2026-09-05,MOCKLOAD,2026-09-11 22:29:05
1010,510,101003027,2026-09-06,101003,110,2026-09-06,27,436.26,MK,15,84,36645.84,5397.93,10105,2026-09-09,Y,2026-09-06,MOCKLOAD,2026-09-11 22:29:05
1010,510,101003028,2026-09-07,101003,111,2026-09-07,28,138.19,MK,16,82,11331.58,1669.14,10105,2026-09-09,Y,2026-09-07,MOCKLOAD,2026-09-11 22:29:05
1010,510,101003029,2026-09-08,101003,107,2026-09-08,29,454.24,MK,19,69,31342.56,4616.76,10105,2026-09-09,Y,2026-09-08,MOCKLOAD,2026-09-11 22:29:05
1010,510,101003030,2026-09-09,101003,115,2026-09-09,30,268.91,MK,20,23,6184.93,911.04,10105,2026-09-09,Y,2026-09-09,MOCKLOAD,2026-09-11 22:29:05
1010,510,101004001,2026-08-11,101004,118,2026-08-11,1,273.68,MK,13,7,1915.76,282.19,10101,2026-08-16,Y,2026-08-11,MOCKLOAD,2026-09-11 22:29:05
1010,510,101004002,2026-08-12,101004,101,2026-08-12,2,315.82,MK,28,4,1263.28,186.08,10101,2026-08-16,Y,2026-08-12,MOCKLOAD,2026-09-11 22:29:05
1010,510,101004003,2026-08-13,101004,101,2026-08-13,3,476.6,MK,11,52,24783.2,3650.57,10101,2026-08-16,Y,2026-08-13,MOCKLOAD,2026-09-11 22:29:05
1010,510,101004004,2026-08-14,101004,119,2026-08-14,4,468.83,MK,11,91,42663.53,6284.34,10101,2026-08-16,Y,2026-08-14,MOCKLOAD,2026-09-11 22:29:05
1010,510,101004005,2026-08-15,101004,103,2026-08-15,5,459.07,MK,23,81,37184.67,5477.3,10101,2026-08-16,Y,2026-08-15,MOCKLOAD,2026-09-11 22:29:05
1010,510,101004006,2026-08-16,101004,111,2026-08-16,6,479.39,MK,21,38,18216.82,2683.34,10101,2026-08-16,Y,2026-08-16,MOCKLOAD,2026-09-11 22:29:05
1010,510,101004007,2026-08-17,101004,113,2026-08-17,7,472.41,MK,14,44,20786.04,3061.78,10102,2026-08-22,Y,2026-08-17,MOCKLOAD,2026-09-11 22:29:05
1010,510,101004008,2026-08-18,101004,110,2026-08-18,8,389.35,MK,23,83,32316.05,4760.15,10102,2026-08-22,Y,2026-08-18,MOCKLOAD,2026-09-11 22:29:05
1010,510,101004009,2026-08-19,101004,116,2026-08-19,9,401.14,MK,13,88,35300.32,5199.74,10102,2026-08-22,Y,2026-08-19,MOCKLOAD,2026-09-11 22:29:05
1010,510,101004010,2026-08-20,101004,118,2026-08-20,10,224.58,MK,29,97,21784.26,3208.82,10102,2026-08-22,Y,2026-08-20,MOCKLOAD,2026-09-11 22:29:05
1010,510,101004011,2026-08-21,101004,102,2026-08-21,11,234.66,MK,11,42,9855.72,1451.75,10102,2026-08-22,Y,2026-08-21,MOCKLOAD,2026-09-11 22:29:05
1010,510,101004012,2026-08-22,101004,102,2026-08-22,12,216.44,MK,11,23,4978.12,733.28,10102,2026-08-22,Y,2026-08-22,MOCKLOAD,2026-09-11 22:29:05
1010,510,101004013,2026-08-23,101004,116,2026-08-23,13,411.32,MK,22,24,9871.68,1454.1,10103,2026-08-28,Y,2026-08-23,MOCKLOAD,2026-09-11 22:29:05
1010,510,101004014,2026-08-24,101004,115,2026-08-24,14,489.83,MK,23,78,38206.74,5627.85,10103,2026-08-28,Y,2026-08-24,MOCKLOAD,2026-09-11 22:29:05
1010,510,101004015,2026-08-25,101004,102,2026-08-25,15,256.06,MK,26,87,22277.22,3281.43,10103,2026-08-28,Y,2026-08-25,MOCKLOAD,2026-09-11 22:29:05
1010,510,101004016,2026-08-26,101004,102,2026-08-26,16,295.8,MK,22,90,26622,3921.42,10103,2026-08-28,Y,2026-08-26,MOCKLOAD,2026-09-11 22:29:05
1010,510,101004017,2026-08-27,101004,119,2026-08-27,17,367.97,MK,19,4,1471.88,216.81,10103,2026-08-28,Y,2026-08-27,MOCKLOAD,2026-09-11 22:29:05
1010,510,101004018,2026-08-28,101004,102,2026-08-28,18,75.46,MK,26,70,5282.2,778.07,10103,2026-08-28,Y,2026-08-28,MOCKLOAD,2026-09-11 22:29:05
1010,510,101004019,2026-08-29,101004,101,2026-08-29,19,403.44,MK,23,14,5648.16,831.97,10104,2026-09-03,Y,2026-08-29,MOCKLOAD,2026-09-11 22:29:05
1010,510,101004020,2026-08-30,101004,110,2026-08-30,20,300.18,MK,21,12,3602.16,530.6,10104,2026-09-03,Y,2026-08-30,MOCKLOAD,2026-09-11 22:29:05
1010,510,101004021,2026-08-31,101004,107,2026-08-31,21,457.2,MK,14,61,27889.2,4108.08,10104,2026-09-03,Y,2026-08-31,MOCKLOAD,2026-09-11 22:29:05
1010,510,101004022,2026-09-01,101004,120,2026-09-01,22,172.51,MK,13,36,6210.36,914.79,10104,2026-09-03,Y,2026-09-01,MOCKLOAD,2026-09-11 22:29:05
1010,510,101004023,2026-09-02,101004,114,2026-09-02,23,100.26,MK,11,55,5514.3,812.26,10104,2026-09-03,Y,2026-09-02,MOCKLOAD,2026-09-11 22:29:05
1010,510,101004024,2026-09-03,101004,112,2026-09-03,24,41.38,MK,11,53,2193.14,323.05,10104,2026-09-03,Y,2026-09-03,MOCKLOAD,2026-09-11 22:29:05
1010,510,101004025,2026-09-04,101004,103,2026-09-04,25,307.76,MK,28,4,1231.04,181.33,10105,2026-09-09,Y,2026-09-04,MOCKLOAD,2026-09-11 22:29:05
1010,510,101004026,2026-09-05,101004,119,2026-09-05,26,285.2,MK,23,86,24527.2,3612.86,10105,2026-09-09,Y,2026-09-05,MOCKLOAD,2026-09-11 22:29:05
1010,510,101004027,2026-09-06,101004,105,2026-09-06,27,376.93,MK,27,95,35808.35,5274.57,10105,2026-09-09,Y,2026-09-06,MOCKLOAD,2026-09-11 22:29:05
1010,510,101004028,2026-09-07,101004,105,2026-09-07,28,422.27,MK,12,49,20691.23,3047.82,10105,2026-09-09,Y,2026-09-07,MOCKLOAD,2026-09-11 22:29:05
1010,510,101004029,2026-09-08,101004,120,2026-09-08,29,352.92,MK,19,9,3176.28,467.87,10105,2026-09-09,Y,2026-09-08,MOCKLOAD,2026-09-11 22:29:05
1010,510,101004030,2026-09-09,101004,108,2026-09-09,30,397.51,MK,12,68,27030.68,3981.62,10105,2026-09-09,Y,2026-09-09,MOCKLOAD,2026-09-11 22:29:05
1010,510,101005001,2026-08-11,101005,108,2026-08-11,1,151.2,MK,19,54,8164.8,1202.68,10101,2026-08-16,Y,2026-08-11,MOCKLOAD,2026-09-11 22:29:05
1010,510,101005002,2026-08-12,101005,107,2026-08-12,2,71.44,MK,25,70,5000.8,736.62,10101,2026-08-16,Y,2026-08-12,MOCKLOAD,2026-09-11 22:29:05
1010,510,101005003,2026-08-13,101005,107,2026-08-13,3,181.21,MK,13,27,4892.67,720.69,10101,2026-08-16,Y,2026-08-13,MOCKLOAD,2026-09-11 22:29:05
1010,510,101005004,2026-08-14,101005,112,2026-08-14,4,176.36,MK,15,47,8288.92,1220.96,10101,2026-08-16,Y,2026-08-14,MOCKLOAD,2026-09-11 22:29:05
1010,510,101005005,2026-08-15,101005,111,2026-08-15,5,90.89,MK,17,24,2181.36,321.31,10101,2026-08-16,Y,2026-08-15,MOCKLOAD,2026-09-11 22:29:05
1010,510,101005006,2026-08-16,101005,101,2026-08-16,6,282.75,MK,16,22,6220.5,916.28,10101,2026-08-16,Y,2026-08-16,MOCKLOAD,2026-09-11 22:29:05
1010,510,101005007,2026-08-17,101005,101,2026-08-17,7,399.15,MK,29,37,14768.55,2175.41,10102,2026-08-22,Y,2026-08-17,MOCKLOAD,2026-09-11 22:29:05
1010,510,101005008,2026-08-18,101005,104,2026-08-18,8,209.51,MK,21,9,1885.59,277.75,10102,2026-08-22,Y,2026-08-18,MOCKLOAD,2026-09-11 22:29:05
1010,510,101005009,2026-08-19,101005,102,2026-08-19,9,322.94,MK,23,88,28418.72,4186.08,10102,2026-08-22,Y,2026-08-19,MOCKLOAD,2026-09-11 22:29:05
1010,510,101005010,2026-08-20,101005,103,2026-08-20,10,55.58,MK,25,24,1333.92,196.49,10102,2026-08-22,Y,2026-08-20,MOCKLOAD,2026-09-11 22:29:05
1010,510,101005011,2026-08-21,101005,103,2026-08-21,11,420.29,MK,13,53,22275.37,3281.16,10102,2026-08-22,Y,2026-08-21,MOCKLOAD,2026-09-11 22:29:05
1010,510,101005012,2026-08-22,101005,116,2026-08-22,12,102.9,MK,16,12,1234.8,181.89,10102,2026-08-22,Y,2026-08-22,MOCKLOAD,2026-09-11 22:29:05
1010,510,101005013,2026-08-23,101005,104,2026-08-23,13,299.98,MK,20,75,22498.5,3314.03,10103,2026-08-28,Y,2026-08-23,MOCKLOAD,2026-09-11 22:29:05
1010,510,101005014,2026-08-24,101005,119,2026-08-24,14,324.67,MK,17,45,14610.15,2152.08,10103,2026-08-28,Y,2026-08-24,MOCKLOAD,2026-09-11 22:29:05
1010,510,101005015,2026-08-25,101005,118,2026-08-25,15,79.63,MK,14,37,2946.31,433.99,10103,2026-08-28,Y,2026-08-25,MOCKLOAD,2026-09-11 22:29:05
1010,510,101005016,2026-08-26,101005,117,2026-08-26,16,490.43,MK,22,56,27464.08,4045.46,10103,2026-08-28,Y,2026-08-26,MOCKLOAD,2026-09-11 22:29:05
1010,510,101005017,2026-08-27,101005,101,2026-08-27,17,74.3,MK,12,95,7058.5,1039.72,10103,2026-08-28,Y,2026-08-27,MOCKLOAD,2026-09-11 22:29:05
1010,510,101005018,2026-08-28,101005,119,2026-08-28,18,295.98,MK,11,1,295.98,43.6,10103,2026-08-28,Y,2026-08-28,MOCKLOAD,2026-09-11 22:29:05
1010,510,101005019,2026-08-29,101005,104,2026-08-29,19,65.38,MK,13,63,4118.94,606.72,10104,2026-09-03,Y,2026-08-29,MOCKLOAD,2026-09-11 22:29:05
1010,510,101005020,2026-08-30,101005,120,2026-08-30,20,278.14,MK,13,86,23920.04,3523.42,10104,2026-09-03,Y,2026-08-30,MOCKLOAD,2026-09-11 22:29:05
1010,510,101005021,2026-08-31,101005,105,2026-08-31,21,351.73,MK,23,18,6331.14,932.58,10104,2026-09-03,Y,2026-08-31,MOCKLOAD,2026-09-11 22:29:05
1010,510,101005022,2026-09-01,101005,109,2026-09-01,22,288.59,MK,23,55,15872.45,2338.01,10104,2026-09-03,Y,2026-09-01,MOCKLOAD,2026-09-11 22:29:05
1010,510,101005023,2026-09-02,101005,108,2026-09-02,23,212.42,MK,19,34,7222.28,1063.84,10104,2026-09-03,Y,2026-09-02,MOCKLOAD,2026-09-11 22:29:05
1010,510,101005024,2026-09-03,101005,113,2026-09-03,24,278.08,MK,23,38,10567.04,1556.52,10104,2026-09-03,Y,2026-09-03,MOCKLOAD,2026-09-11 22:29:05
1010,510,101005025,2026-09-04,101005,109,2026-09-04,25,162.21,MK,29,73,11841.33,1744.23,10105,2026-09-09,Y,2026-09-04,MOCKLOAD,2026-09-11 22:29:05
1010,510,101005026,2026-09-05,101005,112,2026-09-05,26,120.84,MK,20,11,1329.24,195.8,10105,2026-09-09,Y,2026-09-05,MOCKLOAD,2026-09-11 22:29:05
1010,510,101005027,2026-09-06,101005,113,2026-09-06,27,152.26,MK,29,3,456.78,67.28,10105,2026-09-09,Y,2026-09-06,MOCKLOAD,2026-09-11 22:29:05
1010,510,101005028,2026-09-07,101005,117,2026-09-07,28,330.69,MK,17,63,20833.47,3068.77,10105,2026-09-09,Y,2026-09-07,MOCKLOAD,2026-09-11 22:29:05
1010,510,101005029,2026-09-08,101005,104,2026-09-08,29,312.58,MK,18,89,27819.62,4097.83,10105,2026-09-09,Y,2026-09-08,MOCKLOAD,2026-09-11 22:29:05
1010,510,101005030,2026-09-09,101005,119,2026-09-09,30,149.62,MK,27,68,10174.16,1498.65,10105,2026-09-09,Y,2026-09-09,MOCKLOAD,2026-09-11 22:29:05
1010,510,101006001,2026-08-11,101006,105,2026-08-11,1,290.88,MK,22,15,4363.2,642.7,10101,2026-08-16,Y,2026-08-11,MOCKLOAD,2026-09-11 22:29:05
1010,510,101006002,2026-08-12,101006,110,2026-08-12,2,72.81,MK,20,54,3931.74,579.15,10101,2026-08-16,Y,2026-08-12,MOCKLOAD,2026-09-11 22:29:05
1010,510,101006003,2026-08-13,101006,110,2026-08-13,3,374.17,MK,24,44,16463.48,2425.07,10101,2026-08-16,Y,2026-08-13,MOCKLOAD,2026-09-11 22:29:05
1010,510,101006004,2026-08-14,101006,105,2026-08-14,4,324.47,MK,26,9,2920.23,430.15,10101,2026-08-16,Y,2026-08-14,MOCKLOAD,2026-09-11 22:29:05
1010,510,101006005,2026-08-15,101006,112,2026-08-15,5,69.44,MK,26,93,6457.92,951.25,10101,2026-08-16,Y,2026-08-15,MOCKLOAD,2026-09-11 22:29:05
1010,510,101006006,2026-08-16,101006,116,2026-08-16,6,251.16,MK,22,5,1255.8,184.98,10101,2026-08-16,Y,2026-08-16,MOCKLOAD,2026-09-11 22:29:05
1010,510,101006007,2026-08-17,101006,111,2026-08-17,7,40.13,MK,13,57,2287.41,336.94,10102,2026-08-22,Y,2026-08-17,MOCKLOAD,2026-09-11 22:29:05
1010,510,101006008,2026-08-18,101006,106,2026-08-18,8,92.11,MK,22,9,828.99,122.11,10102,2026-08-22,Y,2026-08-18,MOCKLOAD,2026-09-11 22:29:05
1010,510,101006009,2026-08-19,101006,111,2026-08-19,9,471.4,MK,24,87,41011.8,6041.04,10102,2026-08-22,Y,2026-08-19,MOCKLOAD,2026-09-11 22:29:05
1010,510,101006010,2026-08-20,101006,102,2026-08-20,10,496.22,MK,21,6,2977.32,438.56,10102,2026-08-22,Y,2026-08-20,MOCKLOAD,2026-09-11 22:29:05
1010,510,101006011,2026-08-21,101006,113,2026-08-21,11,191.37,MK,10,81,15500.97,2283.29,10102,2026-08-22,Y,2026-08-21,MOCKLOAD,2026-09-11 22:29:05
1010,510,101006012,2026-08-22,101006,113,2026-08-22,12,69.25,MK,19,86,5955.5,877.25,10102,2026-08-22,Y,2026-08-22,MOCKLOAD,2026-09-11 22:29:05
1010,510,101006013,2026-08-23,101006,113,2026-08-23,13,497.77,MK,28,49,24390.73,3592.75,10103,2026-08-28,Y,2026-08-23,MOCKLOAD,2026-09-11 22:29:05
1010,510,101006014,2026-08-24,101006,101,2026-08-24,14,118.57,MK,24,39,4624.23,681.15,10103,2026-08-28,Y,2026-08-24,MOCKLOAD,2026-09-11 22:29:05
1010,510,101006015,2026-08-25,101006,114,2026-08-25,15,124.68,MK,19,33,4114.44,606.06,10103,2026-08-28,Y,2026-08-25,MOCKLOAD,2026-09-11 22:29:05
1010,510,101006016,2026-08-26,101006,116,2026-08-26,16,172.86,MK,16,2,345.72,50.92,10103,2026-08-28,Y,2026-08-26,MOCKLOAD,2026-09-11 22:29:05
1010,510,101006017,2026-08-27,101006,113,2026-08-27,17,120.96,MK,14,78,9434.88,1389.76,10103,2026-08-28,Y,2026-08-27,MOCKLOAD,2026-09-11 22:29:05
1010,510,101006018,2026-08-28,101006,111,2026-08-28,18,427.63,MK,27,27,11546.01,1700.73,10103,2026-08-28,Y,2026-08-28,MOCKLOAD,2026-09-11 22:29:05
1010,510,101006019,2026-08-29,101006,102,2026-08-29,19,90.01,MK,27,96,8640.96,1272.81,10104,2026-09-03,Y,2026-08-29,MOCKLOAD,2026-09-11 22:29:05
1010,510,101006020,2026-08-30,101006,102,2026-08-30,20,110.02,MK,28,46,5060.92,745.47,10104,2026-09-03,Y,2026-08-30,MOCKLOAD,2026-09-11 22:29:05
1010,510,101006021,2026-08-31,101006,104,2026-08-31,21,395.85,MK,18,15,5937.75,874.63,10104,2026-09-03,Y,2026-08-31,MOCKLOAD,2026-09-11 22:29:05
1010,510,101006022,2026-09-01,101006,111,2026-09-01,22,79.78,MK,28,29,2313.62,340.8,10104,2026-09-03,Y,2026-09-01,MOCKLOAD,2026-09-11 22:29:05
1010,510,101006023,2026-09-02,101006,106,2026-09-02,23,88,MK,13,80,7040,1036.99,10104,2026-09-03,Y,2026-09-02,MOCKLOAD,2026-09-11 22:29:05
1010,510,101006024,2026-09-03,101006,105,2026-09-03,24,208.35,MK,10,57,11875.95,1749.33,10104,2026-09-03,Y,2026-09-03,MOCKLOAD,2026-09-11 22:29:05
1010,510,101006025,2026-09-04,101006,113,2026-09-04,25,458.36,MK,10,98,44919.28,6616.61,10105,2026-09-09,Y,2026-09-04,MOCKLOAD,2026-09-11 22:29:05
1010,510,101006026,2026-09-05,101006,104,2026-09-05,26,224.94,MK,27,37,8322.78,1225.95,10105,2026-09-09,Y,2026-09-05,MOCKLOAD,2026-09-11 22:29:05
1010,510,101006027,2026-09-06,101006,101,2026-09-06,27,40.79,MK,27,29,1182.91,174.24,10105,2026-09-09,Y,2026-09-06,MOCKLOAD,2026-09-11 22:29:05
1010,510,101006028,2026-09-07,101006,104,2026-09-07,28,268.03,MK,21,28,7504.84,1105.46,10105,2026-09-09,Y,2026-09-07,MOCKLOAD,2026-09-11 22:29:05
1010,510,101006029,2026-09-08,101006,101,2026-09-08,29,263.89,MK,18,53,13986.17,2060.16,10105,2026-09-09,Y,2026-09-08,MOCKLOAD,2026-09-11 22:29:05
1010,510,101006030,2026-09-09,101006,104,2026-09-09,30,30.11,MK,22,94,2830.34,416.91,10105,2026-09-09,Y,2026-09-09,MOCKLOAD,2026-09-11 22:29:05
1010,510,101007001,2026-08-11,101007,109,2026-08-11,1,111.44,MK,16,64,7132.16,1050.57,10101,2026-08-16,Y,2026-08-11,MOCKLOAD,2026-09-11 22:29:05
1010,510,101007002,2026-08-12,101007,111,2026-08-12,2,334.66,MK,24,53,17736.98,2612.66,10101,2026-08-16,Y,2026-08-12,MOCKLOAD,2026-09-11 22:29:05
1010,510,101007003,2026-08-13,101007,115,2026-08-13,3,496.55,MK,23,68,33765.4,4973.64,10101,2026-08-16,Y,2026-08-13,MOCKLOAD,2026-09-11 22:29:05
1010,510,101007004,2026-08-14,101007,109,2026-08-14,4,55.16,MK,12,46,2537.36,373.75,10101,2026-08-16,Y,2026-08-14,MOCKLOAD,2026-09-11 22:29:05
1010,510,101007005,2026-08-15,101007,110,2026-08-15,5,187.06,MK,26,63,11784.78,1735.9,10101,2026-08-16,Y,2026-08-15,MOCKLOAD,2026-09-11 22:29:05
1010,510,101007006,2026-08-16,101007,101,2026-08-16,6,346.84,MK,10,11,3815.24,561.98,10101,2026-08-16,Y,2026-08-16,MOCKLOAD,2026-09-11 22:29:05
1010,510,101007007,2026-08-17,101007,108,2026-08-17,7,411.32,MK,20,54,22211.28,3271.72,10102,2026-08-22,Y,2026-08-17,MOCKLOAD,2026-09-11 22:29:05
1010,510,101007008,2026-08-18,101007,113,2026-08-18,8,153.99,MK,19,82,12627.18,1859.98,10102,2026-08-22,Y,2026-08-18,MOCKLOAD,2026-09-11 22:29:05
1010,510,101007009,2026-08-19,101007,112,2026-08-19,9,467.38,MK,28,57,26640.66,3924.17,10102,2026-08-22,Y,2026-08-19,MOCKLOAD,2026-09-11 22:29:05
1010,510,101007010,2026-08-20,101007,104,2026-08-20,10,201.51,MK,29,62,12493.62,1840.31,10102,2026-08-22,Y,2026-08-20,MOCKLOAD,2026-09-11 22:29:05
1010,510,101007011,2026-08-21,101007,113,2026-08-21,11,250.48,MK,18,40,10019.2,1475.83,10102,2026-08-22,Y,2026-08-21,MOCKLOAD,2026-09-11 22:29:05
1010,510,101007012,2026-08-22,101007,111,2026-08-22,12,257.53,MK,11,84,21632.52,3186.47,10102,2026-08-22,Y,2026-08-22,MOCKLOAD,2026-09-11 22:29:05
1010,510,101007013,2026-08-23,101007,118,2026-08-23,13,440.3,MK,13,64,28179.2,4150.8,10103,2026-08-28,Y,2026-08-23,MOCKLOAD,2026-09-11 22:29:05
1010,510,101007014,2026-08-24,101007,103,2026-08-24,14,256.31,MK,17,64,16403.84,2416.29,10103,2026-08-28,Y,2026-08-24,MOCKLOAD,2026-09-11 22:29:05
1010,510,101007015,2026-08-25,101007,116,2026-08-25,15,91.37,MK,12,28,2558.36,376.85,10103,2026-08-28,Y,2026-08-25,MOCKLOAD,2026-09-11 22:29:05
1010,510,101007016,2026-08-26,101007,119,2026-08-26,16,104.95,MK,24,90,9445.5,1391.32,10103,2026-08-28,Y,2026-08-26,MOCKLOAD,2026-09-11 22:29:05
1010,510,101007017,2026-08-27,101007,111,2026-08-27,17,290.73,MK,16,27,7849.71,1156.26,10103,2026-08-28,Y,2026-08-27,MOCKLOAD,2026-09-11 22:29:05
1010,510,101007018,2026-08-28,101007,101,2026-08-28,18,324.88,MK,26,14,4548.32,669.97,10103,2026-08-28,Y,2026-08-28,MOCKLOAD,2026-09-11 22:29:05
1010,510,101007019,2026-08-29,101007,120,2026-08-29,19,366.01,MK,27,65,23790.65,3504.36,10104,2026-09-03,Y,2026-08-29,MOCKLOAD,2026-09-11 22:29:05
1010,510,101007020,2026-08-30,101007,102,2026-08-30,20,207.17,MK,23,5,1035.85,152.58,10104,2026-09-03,Y,2026-08-30,MOCKLOAD,2026-09-11 22:29:05
1010,510,101007021,2026-08-31,101007,114,2026-08-31,21,458.83,MK,29,83,38082.89,5609.61,10104,2026-09-03,Y,2026-08-31,MOCKLOAD,2026-09-11 22:29:05
1010,510,101007022,2026-09-01,101007,119,2026-09-01,22,445.43,MK,19,11,4899.73,721.73,10104,2026-09-03,Y,2026-09-01,MOCKLOAD,2026-09-11 22:29:05
1010,510,101007023,2026-09-02,101007,104,2026-09-02,23,198.67,MK,23,29,5761.43,848.66,10104,2026-09-03,Y,2026-09-02,MOCKLOAD,2026-09-11 22:29:05
1010,510,101007024,2026-09-03,101007,114,2026-09-03,24,280.97,MK,10,95,26692.15,3931.75,10104,2026-09-03,Y,2026-09-03,MOCKLOAD,2026-09-11 22:29:05
1010,510,101007025,2026-09-04,101007,110,2026-09-04,25,248.64,MK,20,46,11437.44,1684.73,10105,2026-09-09,Y,2026-09-04,MOCKLOAD,2026-09-11 22:29:05
1010,510,101007026,2026-09-05,101007,120,2026-09-05,26,397.81,MK,29,98,38985.38,5742.55,10105,2026-09-09,Y,2026-09-05,MOCKLOAD,2026-09-11 22:29:05
1010,510,101007027,2026-09-06,101007,106,2026-09-06,27,13.36,MK,26,43,574.48,84.62,10105,2026-09-09,Y,2026-09-06,MOCKLOAD,2026-09-11 22:29:05
1010,510,101007028,2026-09-07,101007,118,2026-09-07,28,12.64,MK,18,4,50.56,7.45,10105,2026-09-09,Y,2026-09-07,MOCKLOAD,2026-09-11 22:29:05
1010,510,101007029,2026-09-08,101007,110,2026-09-08,29,180.74,MK,15,53,9579.22,1411.02,10105,2026-09-09,Y,2026-09-08,MOCKLOAD,2026-09-11 22:29:05
1010,510,101007030,2026-09-09,101007,111,2026-09-09,30,443.8,MK,25,28,12426.4,1830.41,10105,2026-09-09,Y,2026-09-09,MOCKLOAD,2026-09-11 22:29:05
1010,510,101008001,2026-08-11,101008,113,2026-08-11,1,327.87,MK,19,36,11803.32,1738.63,10101,2026-08-16,Y,2026-08-11,MOCKLOAD,2026-09-11 22:29:05
1010,510,101008002,2026-08-12,101008,117,2026-08-12,2,180.76,MK,27,53,9580.28,1411.18,10101,2026-08-16,Y,2026-08-12,MOCKLOAD,2026-09-11 22:29:05
1010,510,101008003,2026-08-13,101008,119,2026-08-13,3,392.99,MK,18,21,8252.79,1215.64,10101,2026-08-16,Y,2026-08-13,MOCKLOAD,2026-09-11 22:29:05
1010,510,101008004,2026-08-14,101008,103,2026-08-14,4,92.91,MK,28,63,5853.33,862.2,10101,2026-08-16,Y,2026-08-14,MOCKLOAD,2026-09-11 22:29:05
1010,510,101008005,2026-08-15,101008,113,2026-08-15,5,445.74,MK,20,65,28973.1,4267.74,10101,2026-08-16,Y,2026-08-15,MOCKLOAD,2026-09-11 22:29:05
1010,510,101008006,2026-08-16,101008,108,2026-08-16,6,296.74,MK,18,20,5934.8,874.2,10101,2026-08-16,Y,2026-08-16,MOCKLOAD,2026-09-11 22:29:05
1010,510,101008007,2026-08-17,101008,117,2026-08-17,7,480.25,MK,15,53,25453.25,3749.26,10102,2026-08-22,Y,2026-08-17,MOCKLOAD,2026-09-11 22:29:05
1010,510,101008008,2026-08-18,101008,112,2026-08-18,8,350.43,MK,21,94,32940.42,4852.12,10102,2026-08-22,Y,2026-08-18,MOCKLOAD,2026-09-11 22:29:05
1010,510,101008009,2026-08-19,101008,113,2026-08-19,9,132.19,MK,25,95,12558.05,1849.8,10102,2026-08-22,Y,2026-08-19,MOCKLOAD,2026-09-11 22:29:05
1010,510,101008010,2026-08-20,101008,117,2026-08-20,10,262.75,MK,10,72,18918,2786.62,10102,2026-08-22,Y,2026-08-20,MOCKLOAD,2026-09-11 22:29:05
1010,510,101008011,2026-08-21,101008,120,2026-08-21,11,441.58,MK,14,10,4415.8,650.45,10102,2026-08-22,Y,2026-08-21,MOCKLOAD,2026-09-11 22:29:05
1010,510,101008012,2026-08-22,101008,101,2026-08-22,12,51.74,MK,29,14,724.36,106.7,10102,2026-08-22,Y,2026-08-22,MOCKLOAD,2026-09-11 22:29:05
1010,510,101008013,2026-08-23,101008,117,2026-08-23,13,203.31,MK,17,42,8539.02,1257.8,10103,2026-08-28,Y,2026-08-23,MOCKLOAD,2026-09-11 22:29:05
1010,510,101008014,2026-08-24,101008,104,2026-08-24,14,73.64,MK,23,3,220.92,32.54,10103,2026-08-28,Y,2026-08-24,MOCKLOAD,2026-09-11 22:29:05
1010,510,101008015,2026-08-25,101008,120,2026-08-25,15,206.89,MK,14,37,7654.93,1127.57,10103,2026-08-28,Y,2026-08-25,MOCKLOAD,2026-09-11 22:29:05
1010,510,101008016,2026-08-26,101008,109,2026-08-26,16,267.11,MK,18,62,16560.82,2439.41,10103,2026-08-28,Y,2026-08-26,MOCKLOAD,2026-09-11 22:29:05
1010,510,101008017,2026-08-27,101008,109,2026-08-27,17,378.19,MK,21,36,13614.84,2005.47,10103,2026-08-28,Y,2026-08-27,MOCKLOAD,2026-09-11 22:29:05
1010,510,101008018,2026-08-28,101008,119,2026-08-28,18,128.87,MK,12,62,7989.94,1176.92,10103,2026-08-28,Y,2026-08-28,MOCKLOAD,2026-09-11 22:29:05
1010,510,101008019,2026-08-29,101008,111,2026-08-29,19,483.02,MK,29,68,32845.36,4838.12,10104,2026-09-03,Y,2026-08-29,MOCKLOAD,2026-09-11 22:29:05
1010,510,101008020,2026-08-30,101008,118,2026-08-30,20,352.41,MK,15,89,31364.49,4619.99,10104,2026-09-03,Y,2026-08-30,MOCKLOAD,2026-09-11 22:29:05
1010,510,101008021,2026-08-31,101008,112,2026-08-31,21,372.36,MK,29,64,23831.04,3510.31,10104,2026-09-03,Y,2026-08-31,MOCKLOAD,2026-09-11 22:29:05
1010,510,101008022,2026-09-01,101008,117,2026-09-01,22,487.2,MK,19,65,31668,4664.7,10104,2026-09-03,Y,2026-09-01,MOCKLOAD,2026-09-11 22:29:05
1010,510,101008023,2026-09-02,101008,108,2026-09-02,23,214.13,MK,23,29,6209.77,914.7,10104,2026-09-03,Y,2026-09-02,MOCKLOAD,2026-09-11 22:29:05
1010,510,101008024,2026-09-03,101008,117,2026-09-03,24,490.79,MK,24,41,20122.39,2964.03,10104,2026-09-03,Y,2026-09-03,MOCKLOAD,2026-09-11 22:29:05
1010,510,101008025,2026-09-04,101008,114,2026-09-04,25,467.93,MK,18,97,45389.21,6685.83,10105,2026-09-09,Y,2026-09-04,MOCKLOAD,2026-09-11 22:29:05
1010,510,101008026,2026-09-05,101008,120,2026-09-05,26,91.76,MK,12,12,1101.12,162.19,10105,2026-09-09,Y,2026-09-05,MOCKLOAD,2026-09-11 22:29:05
1010,510,101008027,2026-09-06,101008,103,2026-09-06,27,39.77,MK,22,67,2664.59,392.49,10105,2026-09-09,Y,2026-09-06,MOCKLOAD,2026-09-11 22:29:05
1010,510,101008028,2026-09-07,101008,116,2026-09-07,28,44.14,MK,11,51,2251.14,331.59,10105,2026-09-09,Y,2026-09-07,MOCKLOAD,2026-09-11 22:29:05
1010,510,101008029,2026-09-08,101008,113,2026-09-08,29,266.68,MK,10,73,19467.64,2867.58,10105,2026-09-09,Y,2026-09-08,MOCKLOAD,2026-09-11 22:29:05
1010,510,101008030,2026-09-09,101008,107,2026-09-09,30,94.72,MK,27,18,1704.96,251.14,10105,2026-09-09,Y,2026-09-09,MOCKLOAD,2026-09-11 22:29:05
1010,510,101009001,2026-08-11,101009,119,2026-08-11,1,25.26,MK,15,21,530.46,78.14,10101,2026-08-16,Y,2026-08-11,MOCKLOAD,2026-09-11 22:29:05
1010,510,101009002,2026-08-12,101009,101,2026-08-12,2,496.26,MK,29,89,44167.14,6505.82,10101,2026-08-16,Y,2026-08-12,MOCKLOAD,2026-09-11 22:29:05
1010,510,101009003,2026-08-13,101009,112,2026-08-13,3,343.01,MK,23,2,686.02,101.05,10101,2026-08-16,Y,2026-08-13,MOCKLOAD,2026-09-11 22:29:05
1010,510,101009004,2026-08-14,101009,105,2026-08-14,4,43.19,MK,11,86,3714.34,547.12,10101,2026-08-16,Y,2026-08-14,MOCKLOAD,2026-09-11 22:29:05
1010,510,101009005,2026-08-15,101009,116,2026-08-15,5,234.45,MK,16,67,15708.15,2313.81,10101,2026-08-16,Y,2026-08-15,MOCKLOAD,2026-09-11 22:29:05
1010,510,101009006,2026-08-16,101009,104,2026-08-16,6,105.91,MK,20,26,2753.66,405.61,10101,2026-08-16,Y,2026-08-16,MOCKLOAD,2026-09-11 22:29:05
1010,510,101009007,2026-08-17,101009,117,2026-08-17,7,396.36,MK,15,7,2774.52,408.69,10102,2026-08-22,Y,2026-08-17,MOCKLOAD,2026-09-11 22:29:05
1010,510,101009008,2026-08-18,101009,101,2026-08-18,8,429.61,MK,19,94,40383.34,5948.47,10102,2026-08-22,Y,2026-08-18,MOCKLOAD,2026-09-11 22:29:05
1010,510,101009009,2026-08-19,101009,119,2026-08-19,9,240.39,MK,15,22,5288.58,779.01,10102,2026-08-22,Y,2026-08-19,MOCKLOAD,2026-09-11 22:29:05
1010,510,101009010,2026-08-20,101009,116,2026-08-20,10,120.67,MK,14,90,10860.3,1599.72,10102,2026-08-22,Y,2026-08-20,MOCKLOAD,2026-09-11 22:29:05
1010,510,101009011,2026-08-21,101009,111,2026-08-21,11,380.09,MK,28,20,7601.8,1119.75,10102,2026-08-22,Y,2026-08-21,MOCKLOAD,2026-09-11 22:29:05
1010,510,101009012,2026-08-22,101009,105,2026-08-22,12,204.2,MK,23,42,8576.4,1263.3,10102,2026-08-22,Y,2026-08-22,MOCKLOAD,2026-09-11 22:29:05
1010,510,101009013,2026-08-23,101009,112,2026-08-23,13,472.76,MK,27,24,11346.24,1671.3,10103,2026-08-28,Y,2026-08-23,MOCKLOAD,2026-09-11 22:29:05
1010,510,101009014,2026-08-24,101009,114,2026-08-24,14,345.05,MK,24,14,4830.7,711.56,10103,2026-08-28,Y,2026-08-24,MOCKLOAD,2026-09-11 22:29:05
1010,510,101009015,2026-08-25,101009,108,2026-08-25,15,110.57,MK,25,4,442.28,65.15,10103,2026-08-28,Y,2026-08-25,MOCKLOAD,2026-09-11 22:29:05
1010,510,101009016,2026-08-26,101009,106,2026-08-26,16,99.91,MK,24,16,1598.56,235.47,10103,2026-08-28,Y,2026-08-26,MOCKLOAD,2026-09-11 22:29:05
1010,510,101009017,2026-08-27,101009,118,2026-08-27,17,407.01,MK,13,41,16687.41,2458.06,10103,2026-08-28,Y,2026-08-27,MOCKLOAD,2026-09-11 22:29:05
1010,510,101009018,2026-08-28,101009,120,2026-08-28,18,108.88,MK,17,83,9037.04,1331.16,10103,2026-08-28,Y,2026-08-28,MOCKLOAD,2026-09-11 22:29:05
1010,510,101009019,2026-08-29,101009,114,2026-08-29,19,11.66,MK,11,23,268.18,39.5,10104,2026-09-03,Y,2026-08-29,MOCKLOAD,2026-09-11 22:29:05
1010,510,101009020,2026-08-30,101009,104,2026-08-30,20,402.89,MK,24,70,28202.3,4154.2,10104,2026-09-03,Y,2026-08-30,MOCKLOAD,2026-09-11 22:29:05
1010,510,101009021,2026-08-31,101009,116,2026-08-31,21,258.35,MK,29,4,1033.4,152.22,10104,2026-09-03,Y,2026-08-31,MOCKLOAD,2026-09-11 22:29:05
1010,510,101009022,2026-09-01,101009,102,2026-09-01,22,470.52,MK,15,16,7528.32,1108.92,10104,2026-09-03,Y,2026-09-01,MOCKLOAD,2026-09-11 22:29:05
1010,510,101009023,2026-09-02,101009,114,2026-09-02,23,133.45,MK,14,43,5738.35,845.26,10104,2026-09-03,Y,2026-09-02,MOCKLOAD,2026-09-11 22:29:05
1010,510,101009024,2026-09-03,101009,102,2026-09-03,24,338.86,MK,13,47,15926.42,2345.96,10104,2026-09-03,Y,2026-09-03,MOCKLOAD,2026-09-11 22:29:05
1010,510,101009025,2026-09-04,101009,101,2026-09-04,25,94.53,MK,21,32,3024.96,445.58,10105,2026-09-09,Y,2026-09-04,MOCKLOAD,2026-09-11 22:29:05
1010,510,101009026,2026-09-05,101009,102,2026-09-05,26,252.92,MK,21,67,16945.64,2496.09,10105,2026-09-09,Y,2026-09-05,MOCKLOAD,2026-09-11 22:29:05
1010,510,101009027,2026-09-06,101009,114,2026-09-06,27,430.99,MK,16,26,11205.74,1650.61,10105,2026-09-09,Y,2026-09-06,MOCKLOAD,2026-09-11 22:29:05
1010,510,101009028,2026-09-07,101009,113,2026-09-07,28,498.63,MK,26,23,11468.49,1689.31,10105,2026-09-09,Y,2026-09-07,MOCKLOAD,2026-09-11 22:29:05
1010,510,101009029,2026-09-08,101009,107,2026-09-08,29,23.9,MK,18,43,1027.7,151.38,10105,2026-09-09,Y,2026-09-08,MOCKLOAD,2026-09-11 22:29:05
1010,510,101009030,2026-09-09,101009,105,2026-09-09,30,443.57,MK,18,92,40808.44,6011.08,10105,2026-09-09,Y,2026-09-09,MOCKLOAD,2026-09-11 22:29:05
1010,510,101010001,2026-08-11,101010,110,2026-08-11,1,259.21,MK,29,50,12960.5,1909.08,10101,2026-08-16,Y,2026-08-11,MOCKLOAD,2026-09-11 22:29:05
1010,510,101010002,2026-08-12,101010,111,2026-08-12,2,287.68,MK,25,78,22439.04,3305.27,10101,2026-08-16,Y,2026-08-12,MOCKLOAD,2026-09-11 22:29:05
1010,510,101010003,2026-08-13,101010,117,2026-08-13,3,58.79,MK,10,60,3527.4,519.59,10101,2026-08-16,Y,2026-08-13,MOCKLOAD,2026-09-11 22:29:05
1010,510,101010004,2026-08-14,101010,118,2026-08-14,4,138.3,MK,20,71,9819.3,1446.38,10101,2026-08-16,Y,2026-08-14,MOCKLOAD,2026-09-11 22:29:05
1010,510,101010005,2026-08-15,101010,112,2026-08-15,5,217.31,MK,16,38,8257.78,1216.37,10101,2026-08-16,Y,2026-08-15,MOCKLOAD,2026-09-11 22:29:05
1010,510,101010006,2026-08-16,101010,105,2026-08-16,6,156.53,MK,14,51,7983.03,1175.9,10101,2026-08-16,Y,2026-08-16,MOCKLOAD,2026-09-11 22:29:05
1010,510,101010007,2026-08-17,101010,106,2026-08-17,7,491.93,MK,18,16,7870.88,1159.38,10102,2026-08-22,Y,2026-08-17,MOCKLOAD,2026-09-11 22:29:05
1010,510,101010008,2026-08-18,101010,119,2026-08-18,8,216.08,MK,16,71,15341.68,2259.83,10102,2026-08-22,Y,2026-08-18,MOCKLOAD,2026-09-11 22:29:05
1010,510,101010009,2026-08-19,101010,111,2026-08-19,9,65.37,MK,25,73,4772.01,702.92,10102,2026-08-22,Y,2026-08-19,MOCKLOAD,2026-09-11 22:29:05
1010,510,101010010,2026-08-20,101010,119,2026-08-20,10,291.55,MK,26,78,22740.9,3349.73,10102,2026-08-22,Y,2026-08-20,MOCKLOAD,2026-09-11 22:29:05
1010,510,101010011,2026-08-21,101010,103,2026-08-21,11,406.38,MK,20,27,10972.26,1616.21,10102,2026-08-22,Y,2026-08-21,MOCKLOAD,2026-09-11 22:29:05
1010,510,101010012,2026-08-22,101010,105,2026-08-22,12,230.32,MK,27,13,2994.16,441.04,10102,2026-08-22,Y,2026-08-22,MOCKLOAD,2026-09-11 22:29:05
1010,510,101010013,2026-08-23,101010,110,2026-08-23,13,179.81,MK,17,37,6652.97,979.98,10103,2026-08-28,Y,2026-08-23,MOCKLOAD,2026-09-11 22:29:05
1010,510,101010014,2026-08-24,101010,106,2026-08-24,14,495.95,MK,28,78,38684.1,5698.17,10103,2026-08-28,Y,2026-08-24,MOCKLOAD,2026-09-11 22:29:05
1010,510,101010015,2026-08-25,101010,116,2026-08-25,15,75.76,MK,10,72,5454.72,803.48,10103,2026-08-28,Y,2026-08-25,MOCKLOAD,2026-09-11 22:29:05
1010,510,101010016,2026-08-26,101010,120,2026-08-26,16,369.61,MK,15,63,23285.43,3429.94,10103,2026-08-28,Y,2026-08-26,MOCKLOAD,2026-09-11 22:29:05
1010,510,101010017,2026-08-27,101010,119,2026-08-27,17,338.71,MK,20,95,32177.45,4739.74,10103,2026-08-28,Y,2026-08-27,MOCKLOAD,2026-09-11 22:29:05
1010,510,101010018,2026-08-28,101010,118,2026-08-28,18,426.74,MK,18,30,12802.2,1885.76,10103,2026-08-28,Y,2026-08-28,MOCKLOAD,2026-09-11 22:29:05
1010,510,101010019,2026-08-29,101010,107,2026-08-29,19,39.85,MK,19,7,278.95,41.09,10104,2026-09-03,Y,2026-08-29,MOCKLOAD,2026-09-11 22:29:05
1010,510,101010020,2026-08-30,101010,105,2026-08-30,20,187.95,MK,24,78,14660.1,2159.43,10104,2026-09-03,Y,2026-08-30,MOCKLOAD,2026-09-11 22:29:05
1010,510,101010021,2026-08-31,101010,117,2026-08-31,21,167.64,MK,28,71,11902.44,1753.23,10104,2026-09-03,Y,2026-08-31,MOCKLOAD,2026-09-11 22:29:05
1010,510,101010022,2026-09-01,101010,119,2026-09-01,22,317.93,MK,14,66,20983.38,3090.85,10104,2026-09-03,Y,2026-09-01,MOCKLOAD,2026-09-11 22:29:05
1010,510,101010023,2026-09-02,101010,104,2026-09-02,23,87.12,MK,10,100,8712,1283.28,10104,2026-09-03,Y,2026-09-02,MOCKLOAD,2026-09-11 22:29:05
1010,510,101010024,2026-09-03,101010,115,2026-09-03,24,7.26,MK,21,41,297.66,43.85,10104,2026-09-03,Y,2026-09-03,MOCKLOAD,2026-09-11 22:29:05
1010,510,101010025,2026-09-04,101010,111,2026-09-04,25,489.64,MK,21,61,29868.04,4399.56,10105,2026-09-09,Y,2026-09-04,MOCKLOAD,2026-09-11 22:29:05
1010,510,101010026,2026-09-05,101010,114,2026-09-05,26,88.78,MK,14,18,1598.04,235.39,10105,2026-09-09,Y,2026-09-05,MOCKLOAD,2026-09-11 22:29:05
1010,510,101010027,2026-09-06,101010,112,2026-09-06,27,438.78,MK,17,50,21939,3231.61,10105,2026-09-09,Y,2026-09-06,MOCKLOAD,2026-09-11 22:29:05
1010,510,101010028,2026-09-07,101010,111,2026-09-07,28,329.47,MK,13,15,4942.05,727.96,10105,2026-09-09,Y,2026-09-07,MOCKLOAD,2026-09-11 22:29:05
1010,510,101010029,2026-09-08,101010,102,2026-09-08,29,151.58,MK,13,89,13490.62,1987.17,10105,2026-09-09,Y,2026-09-08,MOCKLOAD,2026-09-11 22:29:05
1010,510,101010030,2026-09-09,101010,110,2026-09-09,30,205.61,MK,24,93,19121.73,2816.63,10105,2026-09-09,Y,2026-09-09,MOCKLOAD,2026-09-11 22:29:05
