Agreement_id,Jorunal_date,dept_nbr,Journal_store,transacion_id,Vendor_id,Journal_amount,Journal_credit_account,Journal_debit_account,posting_response_code,posting_timestamp,last_changed_iser_id
1001,2026-08-11,27,111,2782d419184741b4959d,501,727.12,,,0,2026-09-11 22:29:06,MOCKLOAD
1001,2026-08-12,16,120,9df1999a5d6343a2b0bb,501,826.69,,,0,2026-09-11 22:29:06,MOCKLOAD
1001,2026-08-13,14,113,af7642954f9c47afb013,501,2856.89,,,0,2026-09-11 22:29:06,MOCKLOAD
1001,2026-08-14,25,102,aa564adf82c24edcb591,501,4286.82,,,0,2026-09-11 22:29:06,MOCKLOAD
1001,2026-08-15,20,101,404e7375fed84830b2a2,501,5305.38,,,0,2026-09-11 22:29:06,MOCKLOAD
1001,2026-08-16,28,115,efa33afc199240ebb6cf,501,14.38,,,0,2026-09-11 22:29:06,MOCKLOAD
1001,2026-08-17,26,101,cb20a851b2e748ec9d8f,501,1505.11,,,0,2026-09-11 22:29:06,MOCKLOAD
1001,2026-08-18,23,110,74c10e7c76b240c684e8,501,6969.15,,,0,2026-09-11 22:29:06,MOCKLOAD
1001,2026-08-19,28,117,8c233f6f5d4e4b3683af,501,4522.24,,,0,2026-09-11 22:29:06,MOCKLOAD
1001,2026-08-20,24,116,d1ce4305eb244a459f02,501,7603.42,,,0,2026-09-11 22:29:06,MOCKLOAD
1001,2026-08-21,21,120,148a877bf486406987b0,501,1029.35,,,0,2026-09-11 22:29:06,MOCKLOAD
1001,2026-08-22,20,117,d3d49ad27d894775ac54,501,893.97,,,0,2026-09-11 22:29:06,MOCKLOAD
1001,2026-08-23,26,116,ef48ec52cbe442289e48,501,2340.08,,,0,2026-09-11 22:29:06,MOCKLOAD
1001,2026-08-24,27,118,afa3db134f1a404c8bd3,501,3728.45,,,0,2026-09-11 22:29:06,MOCKLOAD
1001,2026-08-25,26,102,fbf293c6e3ca426398d7,501,5532.38,,,0,2026-09-11 22:29:06,MOCKLOAD
1001,2026-08-26,12,120,de3d3c756b994ecd8610,501,4394.34,,,0,2026-09-11 22:29:06,MOCKLOAD
1001,2026-08-27,20,103,147aff09c30842608d54,501,2570.98,,,0,2026-09-11 22:29:06,MOCKLOAD
1001,2026-08-28,16,118,b181ec175d344e41b1b8,501,4508.39,,,0,2026-09-11 22:29:06,MOCKLOAD
1001,2026-08-29,28,112,6c5122079d5348cd8f00,501,1128.75,,,0,2026-09-11 22:29:06,MOCKLOAD
1001,2026-08-30,10,114,c1ef1ae3459f41a9b834,501,3452.82,,,0,2026-09-11 22:29:06,MOCKLOAD
1001,2026-08-31,29,118,f0f9a20ef0fd4ca99c89,501,3006.88,,,0,2026-09-11 22:29:06,MOCKLOAD
1001,2026-09-01,18,116,7d36465a01f849fb8a7a,501,3073.11,,,0,2026-09-11 22:29:06,MOCKLOAD
1001,2026-09-02,23,117,cbca78cf34444b5fb79b,501,900.17,,,0,2026-09-11 22:29:06,MOCKLOAD
1001,2026-09-03,25,109,6cfa344487da44a18ecf,501,18.28,,,0,2026-09-11 22:29:06,MOCKLOAD
1001,2026-09-04,27,110,37892ef83fec4d7ca418,501,15.65,,,0,2026-09-11 22:29:06,MOCKLOAD
1001,2026-09-05,22,112,3a4eeb685b5f4d7a87e0,501,857.55,,,0,2026-09-11 22:29:06,MOCKLOAD
1001,2026-09-06,16,118,14db5a79b1744aecbf57,501,1368.76,,,0,2026-09-11 22:29:06,MOCKLOAD
1001,2026-09-07,18,119,08e32ca8c2ab48b9bbb5,501,714.17,,,0,2026-09-11 22:29:06,MOCKLOAD
1001,2026-09-08,29,107,09d44984ab6f4919a4b2,501,22.55,,,0,2026-09-11 22:29:06,MOCKLOAD
1001,2026-09-09,12,104,6d387ed4ba6d429f8190,501,893.16,,,0,2026-09-11 22:29:06,MOCKLOAD
1001,2026-08-11,26,103,9d506704b176474cb028,501,12.71,,,0,2026-09-11 22:29:06,MOCKLOAD
1001,2026-08-12,12,101,dbd6ca7663d54f059655,501,5753.3,,,0,2026-09-11 22:29:06,MOCKLOAD
1001,2026-08-13,27,105,bdd1817b024a4044b391,501,811.21,,,0,2026-09-11 22:29:06,MOCKLOAD
1001,2026-08-14,18,103,f53f4c564d61464bae61,501,5950.14,,,0,2026-09-11 22:29:06,MOCKLOAD
1001,2026-08-15,13,118,680960cd896c43ffb89a,501,580.79,,,0,2026-09-11 22:29:06,MOCKLOAD
1001,2026-08-16,10,105,f1e72ab514044b36b3ff,501,4587.37,,,0,2026-09-11 22:29:06,MOCKLOAD
1001,2026-08-17,11,107,5df6c0fb18f14f0d88b4,501,258.41,,,0,2026-09-11 22:29:06,MOCKLOAD
1001,2026-08-18,17,101,cf9224224ba2496dadd0,501,1276.85,,,0,2026-09-11 22:29:06,MOCKLOAD
1001,2026-08-19,24,110,1fe551fc895a4278a90b,501,784.06,,,0,2026-09-11 22:29:06,MOCKLOAD
1001,2026-08-20,18,105,5569ae01e9a3476298ce,501,1218.25,,,0,2026-09-11 22:29:06,MOCKLOAD
1001,2026-08-21,12,114,a6e2ba2c2042497faa1e,501,977.06,,,0,2026-09-11 22:29:06,MOCKLOAD
1001,2026-08-22,16,101,0c07d78ba4054bb2a604,501,330.12,,,0,2026-09-11 22:29:06,MOCKLOAD
1001,2026-08-23,17,104,ff997461f15d4c189fa3,501,3930.48,,,0,2026-09-11 22:29:06,MOCKLOAD
1001,2026-08-24,20,120,852a234caff34c5294d2,501,4207.64,,,0,2026-09-11 22:29:06,MOCKLOAD
1001,2026-08-25,27,117,c851c08e852b425cb6c3,501,3530.78,,,0,2026-09-11 22:29:06,MOCKLOAD
1001,2026-08-26,11,111,c4d0a1f3e78d45119943,501,3629.1,,,0,2026-09-11 22:29:06,MOCKLOAD
1001,2026-08-27,28,108,46bd5d50a53a4b8a851e,501,623.62,,,0,2026-09-11 22:29:06,MOCKLOAD
1001,2026-08-28,10,114,24990f0e4774423dbfd2,501,2435.23,,,0,2026-09-11 22:29:06,MOCKLOAD
1001,2026-08-29,19,107,18e0d8fd951941678112,501,183.83,,,0,2026-09-11 22:29:06,MOCKLOAD
1001,2026-08-30,19,108,1da6a0b0512447a2b8a4,501,2820.93,,,0,2026-09-11 22:29:06,MOCKLOAD
1001,2026-08-31,28,120,f9c1e4e7c031440d98e3,501,381.5,,,0,2026-09-11 22:29:06,MOCKLOAD
1001,2026-09-01,25,105,72fe3bb3a4024e7cb0e1,501,1409.33,,,0,2026-09-11 22:29:06,MOCKLOAD
1001,2026-09-02,17,104,b448e654159b4f8994c2,501,1903.61,,,0,2026-09-11 22:29:06,MOCKLOAD
1001,2026-09-03,26,118,ccd971efdb2142329712,501,1349.32,,,0,2026-09-11 22:29:06,MOCKLOAD
1001,2026-09-04,15,103,1fd15c38a5114fc5b154,501,242.18,,,0,2026-09-11 22:29:06,MOCKLOAD
1001,2026-09-05,19,117,1b0037a3e06441baacb5,501,4904.31,,,0,2026-09-11 22:29:06,MOCKLOAD
1001,2026-09-06,26,102,08357b42a894405381d2,501,2441.1,,,0,2026-09-11 22:29:06,MOCKLOAD
1001,2026-09-07,15,101,7950fdddbae04d85a524,501,4626.73,,,0,2026-09-11 22:29:06,MOCKLOAD
1001,2026-09-08,25,102,aef6b36b5aba495c877e,501,961.52,,,0,2026-09-11 22:29:06,MOCKLOAD
1001,2026-09-09,10,106,7ac9b686b820421098e6,501,367.27,,,0,2026-09-11 22:29:06,MOCKLOAD
1001,2026-08-11,10,109,8fb94daedd0e4f14b002,501,1683.85,,,0,2026-09-11 22:29:06,MOCKLOAD
1001,2026-08-12,21,118,540843685b5a444d90e7,501,3032.34,,,0,2026-09-11 22:29:06,MOCKLOAD
1001,2026-08-13,17,111,2e01f388c8e94c1cbc8b,501,5836.46,,,0,2026-09-11 22:29:06,MOCKLOAD
1001,2026-08-14,14,114,209807c72a074c31a563,501,321.66,,,0,2026-09-11 22:29:06,MOCKLOAD
1001,2026-08-15,14,117,166517fcbf3d4d72bb95,501,1107.96,,,0,2026-09-11 22:29:06,MOCKLOAD
1001,2026-08-16,29,114,0404bfd694c040679ad6,501,1451.44,,,0,2026-09-11 22:29:06,MOCKLOAD
1001,2026-08-17,10,107,30adf51561254fb39eba,501,6832.32,,,0,2026-09-11 22:29:06,MOCKLOAD
1001,2026-08-18,19,112,dde6c1f9bd984b23a05b,501,330.13,,,0,2026-09-11 22:29:06,MOCKLOAD
1001,2026-08-19,10,111,4c63a2f551334330b564,501,4157.83,,,0,2026-09-11 22:29:06,MOCKLOAD
1001,2026-08-20,24,108,1d35b140a5394c129988,501,961.05,,,0,2026-09-11 22:29:06,MOCKLOAD
1001,2026-08-21,29,116,27802632fc4e490db283,501,630.03,,,0,2026-09-11 22:29:06,MOCKLOAD
1001,2026-08-22,18,117,aa3d98a4489e40139c50,501,865.11,,,0,2026-09-11 22:29:06,MOCKLOAD
1001,2026-08-23,28,113,bb1c6b5d34634acbbceb,501,1104.06,,,0,2026-09-11 22:29:06,MOCKLOAD
1001,2026-08-24,13,102,69643b77af9c48f887eb,501,151.91,,,0,2026-09-11 22:29:06,MOCKLOAD
1001,2026-08-25,22,109,84f1101246a44c9b958f,501,1349.68,,,0,2026-09-11 22:29:06,MOCKLOAD
1001,2026-08-26,26,103,642941bef43b42c4832b,501,2829.94,,,0,2026-09-11 22:29:06,MOCKLOAD
1001,2026-08-27,17,120,041085854021433c8d1a,501,1891.83,,,0,2026-09-11 22:29:06,MOCKLOAD
1001,2026-08-28,16,114,e52ad6c248424be287bd,501,2918.35,,,0,2026-09-11 22:29:06,MOCKLOAD
1001,2026-08-29,10,106,d50b5a08c2df4b509f0f,501,1194.54,,,0,2026-09-11 22:29:06,MOCKLOAD
1001,2026-08-30,23,117,82acf99c7cf44d22b86e,501,1305.84,,,0,2026-09-11 22:29:06,MOCKLOAD
1001,2026-08-31,11,112,86956ffc337542878ed7,501,132.1,,,0,2026-09-11 22:29:06,MOCKLOAD
1001,2026-09-01,19,108,b2e88f3e781043b899e7,501,192.43,,,0,2026-09-11 22:29:06,MOCKLOAD
1001,2026-09-02,14,102,7cb2731fd8ab490c9b5a,501,3578.44,,,0,2026-09-11 22:29:06,MOCKLOAD
1001,2026-09-03,17,101,e2a4c36b1ef1480ba00f,501,255.56,,,0,2026-09-11 22:29:06,MOCKLOAD
1001,2026-09-04,18,119,c9fb4952d95e4de49878,501,1087.49,,,0,2026-09-11 22:29:06,MOCKLOAD
1001,2026-09-05,17,120,a3afad26febc4ca68eeb,501,1066.97,,,0,2026-09-11 22:29:06,MOCKLOAD
1001,2026-09-06,16,103,da508fccac0448889fc5,501,4605.74,,,0,2026-09-11 22:29:06,MOCKLOAD
1001,2026-09-07,22,104,02052d6be2e14bd09fc7,501,292.48,,,0,2026-09-11 22:29:06,MOCKLOAD
1001,2026-09-08,27,119,90dcc345a9dc4bcc99d5,501,2475.74,,,0,2026-09-11 22:29:06,MOCKLOAD
1001,2026-09-09,18,111,bd829a246e4a4cb489fb,501,2796.58,,,0,2026-09-11 22:29:06,MOCKLOAD
1001,2026-08-11,15,115,6477bccf50314dedb57b,501,1849.07,,,0,2026-09-11 22:29:06,MOCKLOAD
1001,2026-08-12,24,108,cf6dd207336a4aa1a019,501,915.43,,,0,2026-09-11 22:29:06,MOCKLOAD
1001,2026-08-13,16,118,c174a1e50a7441979c78,501,2359.91,,,0,2026-09-11 22:29:06,MOCKLOAD
1001,2026-08-14,25,110,9883e22439d64b3c8cb2,501,939.71,,,0,2026-09-11 22:29:06,MOCKLOAD
1001,2026-08-15,27,102,ab038102c5344cbdb979,501,7129.27,,,0,2026-09-11 22:29:06,MOCKLOAD
1001,2026-08-16,12,112,89421abdf2a9434b88a2,501,470.18,,,0,2026-09-11 22:29:06,MOCKLOAD
1001,2026-08-17,20,119,5ee6ceda06d148aebefe,501,717.53,,,0,2026-09-11 22:29:06,MOCKLOAD
1001,2026-08-18,21,101,11c7819c532d411fbf85,501,5639.28,,,0,2026-09-11 22:29:06,MOCKLOAD
1001,2026-08-19,29,113,e335bffa053244e9b280,501,2700.24,,,0,2026-09-11 22:29:06,MOCKLOAD
1001,2026-08-20,25,118,f8de41e708f145ee8099,501,1974.28,,,0,2026-09-11 22:29:06,MOCKLOAD
1001,2026-08-21,18,119,71d0c8bfba6340829816,501,442.71,,,0,2026-09-11 22:29:06,MOCKLOAD
1001,2026-08-22,16,108,5191454c1fee49f29cc7,501,104.25,,,0,2026-09-11 22:29:06,MOCKLOAD
1001,2026-08-23,13,102,8a8819c03d86492ca556,501,38.89,,,0,2026-09-11 22:29:06,MOCKLOAD
1001,2026-08-24,15,108,43904aa4dc8643ca880e,501,302.77,,,0,2026-09-11 22:29:06,MOCKLOAD
1001,2026-08-25,12,115,7abbcb89ccb94df1a4a3,501,3169.13,,,0,2026-09-11 22:29:06,MOCKLOAD
1001,2026-08-26,28,115,6e882e2997034fbc8345,501,949.31,,,0,2026-09-11 22:29:06,MOCKLOAD
1001,2026-08-27,17,105,9ae8f28d17414d11a123,501,3689.77,,,0,2026-09-11 22:29:06,MOCKLOAD
1001,2026-08-28,28,108,fda75cf56b6a40d8b28d,501,3218.25,,,0,2026-09-11 22:29:06,MOCKLOAD
1001,2026-08-29,25,119,517c3af928944723ab83,501,5424.77,,,0,2026-09-11 22:29:06,MOCKLOAD
1001,2026-08-30,27,111,6a10980e541e4273b910,501,229,,,0,2026-09-11 22:29:06,MOCKLOAD
1001,2026-08-31,11,109,b7fe810b2a7d45d68c2b,501,2940.91,,,0,2026-09-11 22:29:06,MOCKLOAD
1001,2026-09-01,15,109,be2941b2b08a403f9644,501,630.62,,,0,2026-09-11 22:29:06,MOCKLOAD
1001,2026-09-02,17,113,a7dcd632b4eb468aa1ca,501,3144.92,,,0,2026-09-11 22:29:06,MOCKLOAD
1001,2026-09-03,27,107,24a2b6218899484f828a,501,2335.18,,,0,2026-09-11 22:29:06,MOCKLOAD
1001,2026-09-04,10,110,354c5572097c4bbb8899,501,136.81,,,0,2026-09-11 22:29:06,MOCKLOAD
1001,2026-09-05,19,103,3c1ecf3e73da450dbd63,501,522.05,,,0,2026-09-11 22:29:06,MOCKLOAD
1001,2026-09-06,18,109,41cbd583164e4b84a400,501,2544.48,,,0,2026-09-11 22:29:06,MOCKLOAD
1001,2026-09-07,14,112,df0ac96c512e4d05a7c5,501,1397.01,,,0,2026-09-11 22:29:06,MOCKLOAD
1001,2026-09-08,15,120,af603adb05654867b7b2,501,1658.31,,,0,2026-09-11 22:29:06,MOCKLOAD
1001,2026-09-09,26,105,519eb84107cf4535aa6d,501,6307.77,,,0,2026-09-11 22:29:06,MOCKLOAD
1001,2026-08-11,13,101,6fb1a3a84c484e97b405,501,4639.37,,,0,2026-09-11 22:29:06,MOCKLOAD
1001,2026-08-12,16,117,30a4ef57fa6a4a478790,501,3493.39,,,0,2026-09-11 22:29:06,MOCKLOAD
1001,2026-08-13,24,117,20785ddc3e40418c939f,501,4550.99,,,0,2026-09-11 22:29:06,MOCKLOAD
1001,2026-08-14,10,105,d2a181ca6ac34168804e,501,5312.89,,,0,2026-09-11 22:29:06,MOCKLOAD
1001,2026-08-15,13,104,524ff40913db48c3a55a,501,123.01,,,0,2026-09-11 22:29:06,MOCKLOAD
1001,2026-08-16,25,114,dfb2b37e4e244c0bb1c3,501,4565.76,,,0,2026-09-11 22:29:06,MOCKLOAD
1001,2026-08-17,27,108,aa6489e1a54b4f979fda,501,1703.07,,,0,2026-09-11 22:29:06,MOCKLOAD
1001,2026-08-18,29,115,954fa30832bc4468bcc6,501,2231.13,,,0,2026-09-11 22:29:06,MOCKLOAD
1001,2026-08-19,10,106,e728cf5e98a541cfa97c,501,1334.39,,,0,2026-09-11 22:29:06,MOCKLOAD
1001,2026-08-20,15,114,eeae6ea755e64f0a9b95,501,3922.09,,,0,2026-09-11 22:29:06,MOCKLOAD
1001,2026-08-21,18,107,90543b96022e4726a2c2,501,542.37,,,0,2026-09-11 22:29:06,MOCKLOAD
1001,2026-08-22,11,117,d02909e204c14007b711,501,462.7,,,0,2026-09-11 22:29:06,MOCKLOAD
1001,2026-08-23,25,112,5b4bd4c6ee9042b08dfc,501,2405.85,,,0,2026-09-11 22:29:06,MOCKLOAD
1001,2026-08-24,20,103,cd7d82e81204426cbb32,501,1998.61,,,0,2026-09-11 22:29:06,MOCKLOAD
1001,2026-08-25,17,101,7f7a33c6b0ac4ceea30c,501,1325,,,0,2026-09-11 22:29:06,MOCKLOAD
1001,2026-08-26,20,110,a522e27d303e4e59ac66,501,5388.53,,,0,2026-09-11 22:29:06,MOCKLOAD
1001,2026-08-27,22,101,91ce3252fcc3493d976d,501,2529.92,,,0,2026-09-11 22:29:06,MOCKLOAD
1001,2026-08-28,19,103,d8d67f492e3e40e2a83f,501,140.58,,,0,2026-09-11 22:29:06,MOCKLOAD
1001,2026-08-29,24,108,5b586642ce6a4536a538,501,795.67,,,0,2026-09-11 22:29:06,MOCKLOAD
1001,2026-08-30,23,101,0703050458aa4a69ac70,501,2189.45,,,0,2026-09-11 22:29:06,MOCKLOAD
1001,2026-08-31,19,110,fee13c7694fa4a3489f7,501,702.38,,,0,2026-09-11 22:29:06,MOCKLOAD
1001,2026-09-01,19,109,d807938c9d374753b6d8,501,4324.34,,,0,2026-09-11 22:29:06,MOCKLOAD
1001,2026-09-02,26,118,22f518354c764509bdb9,501,382.13,,,0,2026-09-11 22:29:06,MOCKLOAD
1001,2026-09-03,20,120,7fa465b9a6d14b91bddc,501,2061.44,,,0,2026-09-11 22:29:06,MOCKLOAD
1001,2026-09-04,25,115,27e9fa1d8a4c485a9181,501,2549.02,,,0,2026-09-11 22:29:06,MOCKLOAD
1001,2026-09-05,18,117,2e4bfc6ec4a54aa5a5a2,501,5310.34,,,0,2026-09-11 22:29:06,MOCKLOAD
1001,2026-09-06,22,114,7f360b6bd2634f00a493,501,1340.94,,,0,2026-09-11 22:29:06,MOCKLOAD
1001,2026-09-07,16,107,73606706519649aa8428,501,917.42,,,0,2026-09-11 22:29:06,MOCKLOAD
1001,2026-09-08,12,115,483d87427b564432b0df,501,235.35,,,0,2026-09-11 22:29:06,MOCKLOAD
1001,2026-09-09,10,107,fc44dfac6e534b30b620,501,6226.81,,,0,2026-09-11 22:29:06,MOCKLOAD
1001,2026-08-11,24,118,397d4862ef2d47638be1,501,940.82,,,0,2026-09-11 22:29:06,MOCKLOAD
1001,2026-08-12,16,117,ac804016695044429d31,501,274.7,,,0,2026-09-11 22:29:06,MOCKLOAD
1001,2026-08-13,27,118,91fc4cfb88e54e3895b9,501,2338.98,,,0,2026-09-11 22:29:06,MOCKLOAD
1001,2026-08-14,12,101,65bfacd67e5247b4b6a3,501,4692.22,,,0,2026-09-11 22:29:06,MOCKLOAD
1001,2026-08-15,24,119,c3e730504f984e44ba11,501,1475.96,,,0,2026-09-11 22:29:06,MOCKLOAD
1001,2026-08-16,19,111,27bbc7514a814e7c9f91,501,1531.6,,,0,2026-09-11 22:29:06,MOCKLOAD
1001,2026-08-17,11,114,9f19ebcabf0149f9aa20,501,252.19,,,0,2026-09-11 22:29:06,MOCKLOAD
1001,2026-08-18,27,115,b9a472757f7f4ae9a128,501,888.24,,,0,2026-09-11 22:29:06,MOCKLOAD
1001,2026-08-19,14,117,766ea257b9da44529b40,501,2830.83,,,0,2026-09-11 22:29:06,MOCKLOAD
1001,2026-08-20,24,111,39f4e1d0d01943b39d58,501,57.06,,,0,2026-09-11 22:29:06,MOCKLOAD
1001,2026-08-21,27,119,292a1938d8b74f9c9693,501,2612.21,,,0,2026-09-11 22:29:06,MOCKLOAD
1001,2026-08-22,29,106,d37d1da8cdb54fe39e23,501,2206.75,,,0,2026-09-11 22:29:06,MOCKLOAD
1001,2026-08-23,27,109,b943e402b9be43d1b5e2,501,928.13,,,0,2026-09-11 22:29:06,MOCKLOAD
1001,2026-08-24,11,110,3ad8adf2cf80439eb73d,501,3201.51,,,0,2026-09-11 22:29:06,MOCKLOAD
1001,2026-08-25,28,105,34b5f5e8c40040c6a515,501,4746.75,,,0,2026-09-11 22:29:06,MOCKLOAD
1001,2026-08-26,17,115,66c58ec68bb141f9aa76,501,1941.31,,,0,2026-09-11 22:29:06,MOCKLOAD
1001,2026-08-27,13,101,4094ccb4e7394c89af6e,501,601.91,,,0,2026-09-11 22:29:06,MOCKLOAD
1001,2026-08-28,24,119,af4ef91b735b434f936c,501,104.36,,,0,2026-09-11 22:29:06,MOCKLOAD
1001,2026-08-29,10,108,fdc7667f3c004b1cbf57,501,1153.64,,,0,2026-09-11 22:29:06,MOCKLOAD
1001,2026-08-30,14,110,3fd6eb28ef14450a9982,501,6994.69,,,0,2026-09-11 22:29:06,MOCKLOAD
1001,2026-08-31,16,117,7794ef1989c44fcca1ce,501,4030.93,,,0,2026-09-11 22:29:06,MOCKLOAD
1001,2026-09-01,15,109,59261de7efc5491d9c81,501,4045.3,,,0,2026-09-11 22:29:06,MOCKLOAD
1001,2026-09-02,18,106,2e5aee98b1034d9db72d,501,510.74,,,0,2026-09-11 22:29:06,MOCKLOAD
1001,2026-09-03,15,119,67f92c926eab4524b743,501,1197.09,,,0,2026-09-11 22:29:06,MOCKLOAD
1001,2026-09-04,27,115,ca9c617194cc4d559cd6,501,662.19,,,0,2026-09-11 22:29:06,MOCKLOAD
1001,2026-09-05,15,112,061a8b7fc8a340248c18,501,6176.09,,,0,2026-09-11 22:29:06,MOCKLOAD
1001,2026-09-06,25,113,3b35aae0c0424ce8b8bd,501,592.59,,,0,2026-09-11 22:29:06,MOCKLOAD
1001,2026-09-07,23,115,522bea40d0bb4175a104,501,3652.56,,,0,2026-09-11 22:29:06,MOCKLOAD
1001,2026-09-08,25,101,415f0c1855e64ba2a633,501,1948.17,,,0,2026-09-11 22:29:06,MOCKLOAD
1001,2026-09-09,20,109,6d96f7269f934047b9b7,501,4014.2,,,0,2026-09-11 22:29:06,MOCKLOAD
1001,2026-08-11,14,101,7cc62cb3d8fe47a09400,501,2128.21,,,0,2026-09-11 22:29:06,MOCKLOAD
1001,2026-08-12,18,116,bda4d6a7acf449d692c4,501,6602.01,,,0,2026-09-11 22:29:06,MOCKLOAD
1001,2026-08-13,16,111,a9d1eaa6bb204286814c,501,7373.6,,,0,2026-09-11 22:29:06,MOCKLOAD
1001,2026-08-14,21,114,77b4a3d9c6f244318870,501,1864.14,,,0,2026-09-11 22:29:06,MOCKLOAD
1001,2026-08-15,17,110,ce6b971ec59f4eaab96c,501,764.11,,,0,2026-09-11 22:29:06,MOCKLOAD
1001,2026-08-16,28,107,9d54d5a8bce847bdb1af,501,16.76,,,0,2026-09-11 22:29:06,MOCKLOAD
1001,2026-08-17,27,105,1de64ac1f085402482fe,501,4199.12,,,0,2026-09-11 22:29:06,MOCKLOAD
1001,2026-08-18,25,117,cd40bb5460d044c1ac5b,501,578.37,,,0,2026-09-11 22:29:06,MOCKLOAD
1001,2026-08-19,13,116,f0d4b1302c6b4f69a925,501,3427.56,,,0,2026-09-11 22:29:06,MOCKLOAD
1001,2026-08-20,23,101,8213af85a5854b6a8e3d,501,568.76,,,0,2026-09-11 22:29:06,MOCKLOAD
1001,2026-08-21,18,101,2dc3ec11d779470c82a7,501,54.12,,,0,2026-09-11 22:29:06,MOCKLOAD
1001,2026-08-22,11,103,90d25e8429de4eefbd92,501,2414.02,,,0,2026-09-11 22:29:06,MOCKLOAD
1001,2026-08-23,28,120,fe8ec07d968a4519aadf,501,821.09,,,0,2026-09-11 22:29:06,MOCKLOAD
1001,2026-08-24,29,105,2f8b9178fe9a4046ac04,501,66.28,,,0,2026-09-11 22:29:06,MOCKLOAD
1001,2026-08-25,22,105,1341996d87484deebfd2,501,3256.58,,,0,2026-09-11 22:29:06,MOCKLOAD
1001,2026-08-26,21,117,106cf4d13dc345b1bb9e,501,1727.68,,,0,2026-09-11 22:29:06,MOCKLOAD
1001,2026-08-27,15,102,c4df89ccf8e74fb1891e,501,1111.58,,,0,2026-09-11 22:29:06,MOCKLOAD
1001,2026-08-28,26,112,7f1f6a15375d4bfebbad,501,1357.66,,,0,2026-09-11 22:29:06,MOCKLOAD
1001,2026-08-29,16,112,c66e260542374b418fd2,501,777.99,,,0,2026-09-11 22:29:06,MOCKLOAD
1001,2026-08-30,18,101,01fc32cb0f4747279d0c,501,5820.86,,,0,2026-09-11 22:29:06,MOCKLOAD
1001,2026-08-31,20,104,e873036633ed49a7bfca,501,91.89,,,0,2026-09-11 22:29:06,MOCKLOAD
1001,2026-09-01,28,117,56f942c5fe354458a6ff,501,3194.3,,,0,2026-09-11 22:29:06,MOCKLOAD
1001,2026-09-02,10,108,873010e74943420c9945,501,176.6,,,0,2026-09-11 22:29:06,MOCKLOAD
1001,2026-09-03,15,116,3c75c0c4c68b4df9a482,501,387.84,,,0,2026-09-11 22:29:06,MOCKLOAD
1001,2026-09-04,23,106,b606787d51ed4c13a6b3,501,1036.59,,,0,2026-09-11 22:29:06,MOCKLOAD
1001,2026-09-05,28,116,fc3e3031e5b8441b97e1,501,4613.14,,,0,2026-09-11 22:29:06,MOCKLOAD
1001,2026-09-06,22,115,64bc5076a8da46c48b3f,501,3139.19,,,0,2026-09-11 22:29:06,MOCKLOAD
1001,2026-09-07,22,108,74c7a99bc65f4792ab2c,501,7976.22,,,0,2026-09-11 22:29:06,MOCKLOAD
1001,2026-09-08,12,106,ddd4f5e8fb03494dbe36,501,3348.09,,,0,2026-09-11 22:29:06,MOCKLOAD
1001,2026-09-09,24,102,3784b319c0a04b68af97,501,148.47,,,0,2026-09-11 22:29:06,MOCKLOAD
1001,2026-08-11,16,106,bc75928e2f4a4ed68fe9,501,5881.24,,,0,2026-09-11 22:29:06,MOCKLOAD
1001,2026-08-12,14,101,7e27b08c5db643d18928,501,5728.36,,,0,2026-09-11 22:29:06,MOCKLOAD
1001,2026-08-13,28,102,a2072b47fe53427a9e45,501,6832.31,,,0,2026-09-11 22:29:06,MOCKLOAD
1001,2026-08-14,18,117,d7506be2a53c4510beaa,501,1190.71,,,0,2026-09-11 22:29:06,MOCKLOAD
1001,2026-08-15,21,104,ba59df3b1bad41ab9dff,501,388.13,,,0,2026-09-11 22:29:06,MOCKLOAD
1001,2026-08-16,29,119,6151296c51814720a0ca,501,496.45,,,0,2026-09-11 22:29:06,MOCKLOAD
1001,2026-08-17,19,116,1c9d81afdcbb49dc8f03,501,1148.27,,,0,2026-09-11 22:29:06,MOCKLOAD
1001,2026-08-18,26,108,99ae81af463f41e89948,501,574.52,,,0,2026-09-11 22:29:06,MOCKLOAD
1001,2026-08-19,28,118,8c50800530014a1b9d9c,501,339.15,,,0,2026-09-11 22:29:06,MOCKLOAD
1001,2026-08-20,24,103,2e9af78c6922490a8aa8,501,994.95,,,0,2026-09-11 22:29:06,MOCKLOAD
1001,2026-08-21,27,103,039d2dc6b2e848f7b23c,501,4119.15,,,0,2026-09-11 22:29:06,MOCKLOAD
1001,2026-08-22,25,101,1470c03c785d4f73913e,501,2814.63,,,0,2026-09-11 22:29:06,MOCKLOAD
1001,2026-08-23,16,120,958786d5c6bb4a4ebadb,501,2428.15,,,0,2026-09-11 22:29:06,MOCKLOAD
1001,2026-08-24,27,111,a9d1be44515b4f2ea146,501,1751.27,,,0,2026-09-11 22:29:06,MOCKLOAD
1001,2026-08-25,17,119,9c7b79ee5b5b45f288ba,501,853.62,,,0,2026-09-11 22:29:06,MOCKLOAD
1001,2026-08-26,20,111,97db4bd36d6947f1bbbd,501,6743.14,,,0,2026-09-11 22:29:06,MOCKLOAD
1001,2026-08-27,26,120,f7470763b494468c8337,501,2540.91,,,0,2026-09-11 22:29:06,MOCKLOAD
1001,2026-08-28,28,108,4645238b2db2477cb7c0,501,2288.14,,,0,2026-09-11 22:29:06,MOCKLOAD
1001,2026-08-29,25,115,704437e256624e0fa268,501,651.85,,,0,2026-09-11 22:29:06,MOCKLOAD
1001,2026-08-30,28,114,0ac583a1306c42e483fd,501,3473.21,,,0,2026-09-11 22:29:06,MOCKLOAD
1001,2026-08-31,16,109,bb7f9658cc284bf3a732,501,1224.55,,,0,2026-09-11 22:29:06,MOCKLOAD
1001,2026-09-01,20,117,fe383a0bc9a045358321,501,1548.88,,,0,2026-09-11 22:29:06,MOCKLOAD
1001,2026-09-02,25,116,fa34fff3f5ef4650a6e1,501,1907.94,,,0,2026-09-11 22:29:06,MOCKLOAD
1001,2026-09-03,29,104,b3427daf27fd4f8da65e,501,585.49,,,0,2026-09-11 22:29:06,MOCKLOAD
1001,2026-09-04,10,118,b1c0811827094674b3fd,501,51.8,,,0,2026-09-11 22:29:06,MOCKLOAD
1001,2026-09-05,28,110,afda8737f8b84659b056,501,2696.29,,,0,2026-09-11 22:29:06,MOCKLOAD
1001,2026-09-06,23,111,88786b6c36384e74a82c,501,4301.47,,,0,2026-09-11 22:29:06,MOCKLOAD
1001,2026-09-07,18,104,6c811fb90c79468fb66c,501,144.39,,,0,2026-09-11 22:29:06,MOCKLOAD
1001,2026-09-08,15,109,aa9479c11d044871a98d,501,3479.14,,,0,2026-09-11 22:29:06,MOCKLOAD
1001,2026-09-09,10,104,31fd719d3c134cd4ad7e,501,3215.94,,,0,2026-09-11 22:29:06,MOCKLOAD
1001,2026-08-11,28,116,6affd8a6cbca491887ae,501,568.79,,,0,2026-09-11 22:29:06,MOCKLOAD
1001,2026-08-12,10,119,b27d15b8775a4425974d,501,624.55,,,0,2026-09-11 22:29:06,MOCKLOAD
1001,2026-08-13,19,113,cb995fee8c3841339fdb,501,2585.46,,,0,2026-09-11 22:29:06,MOCKLOAD
1001,2026-08-14,22,103,17f676e97ba040fca970,501,5446.76,,,0,2026-09-11 22:29:06,MOCKLOAD
1001,2026-08-15,24,118,bce16e6436d4408c8707,501,2469.95,,,0,2026-09-11 22:29:06,MOCKLOAD
1001,2026-08-16,17,108,0d8b047415fd48418f22,501,1403.25,,,0,2026-09-11 22:29:06,MOCKLOAD
1001,2026-08-17,14,113,67dbf16066984b41a494,501,5290.36,,,0,2026-09-11 22:29:06,MOCKLOAD
1001,2026-08-18,20,109,4ce1bc65af384cd583c8,501,1699.77,,,0,2026-09-11 22:29:06,MOCKLOAD
1001,2026-08-19,24,114,0a21612fc1744d86ab8c,501,16.14,,,0,2026-09-11 22:29:06,MOCKLOAD
1001,2026-08-20,26,119,dbd023d110ce442f8401,501,3027.77,,,0,2026-09-11 22:29:06,MOCKLOAD
1001,2026-08-21,23,118,79de5d9785124dbcba4a,501,2345.77,,,0,2026-09-11 22:29:06,MOCKLOAD
1001,2026-08-22,28,119,e6b904c3c99f45508743,501,95.68,,,0,2026-09-11 22:29:06,MOCKLOAD
1001,2026-08-23,26,114,96e073583295438da1d0,501,941.87,,,0,2026-09-11 22:29:06,MOCKLOAD
1001,2026-08-24,21,118,4accd5243e194854a325,501,37.41,,,0,2026-09-11 22:29:06,MOCKLOAD
1001,2026-08-25,14,106,2ef24f5afa894335a649,501,514.86,,,0,2026-09-11 22:29:06,MOCKLOAD
1001,2026-08-26,10,104,b309b13dbfc44c0095ea,501,69.75,,,0,2026-09-11 22:29:06,MOCKLOAD
1001,2026-08-27,12,101,fa7852873f0b4d84ba95,501,5324.74,,,0,2026-09-11 22:29:06,MOCKLOAD
1001,2026-08-28,27,111,7afca403097d4c0484cd,501,688.39,,,0,2026-09-11 22:29:06,MOCKLOAD
1001,2026-08-29,27,116,09a828118c6248a28d7c,501,3716.5,,,0,2026-09-11 22:29:06,MOCKLOAD
1001,2026-08-30,14,113,f61bfab52297474b8cfb,501,2981.73,,,0,2026-09-11 22:29:06,MOCKLOAD
1001,2026-08-31,21,119,15246b2e489242fb80b1,501,1764.78,,,0,2026-09-11 22:29:06,MOCKLOAD
1001,2026-09-01,25,110,f227109cd09146458c85,501,5101.86,,,0,2026-09-11 22:29:06,MOCKLOAD
1001,2026-09-02,16,117,ff26a77d984244b199c4,501,3114.85,,,0,2026-09-11 22:29:06,MOCKLOAD
1001,2026-09-03,27,116,69448eefb9e14d89adee,501,4482.37,,,0,2026-09-11 22:29:06,MOCKLOAD
1001,2026-09-04,22,117,bdcd4b6d939740309f55,501,2174.6,,,0,2026-09-11 22:29:06,MOCKLOAD
1001,2026-09-05,10,120,b8ed9d6e4851419e921c,501,2283.28,,,0,2026-09-11 22:29:06,MOCKLOAD
1001,2026-09-06,17,110,ab92eced88c74cb0aa36,501,2860.69,,,0,2026-09-11 22:29:06,MOCKLOAD
1001,2026-09-07,21,111,f10e48acd61145da8db5,501,1723.5,,,0,2026-09-11 22:29:06,MOCKLOAD
1001,2026-09-08,22,104,d0e0251b8fac402fb96f,501,1019.37,,,0,2026-09-11 22:29:06,MOCKLOAD
1001,2026-09-09,28,101,1b257e2c3a3c4e478cac,501,7227.67,,,0,2026-09-11 22:29:06,MOCKLOAD
1001,2026-08-11,12,101,8016d8e04ffe4d10b5ba,501,2522.51,,,0,2026-09-11 22:29:06,MOCKLOAD
1001,2026-08-12,18,110,12513ee305e147869b33,501,757.32,,,0,2026-09-11 22:29:06,MOCKLOAD
1001,2026-08-13,11,116,6853dc816b8e4cd9b54f,501,8093.76,,,0,2026-09-11 22:29:06,MOCKLOAD
1001,2026-08-14,19,106,5b1d9523a0b74d37bd87,501,1647.71,,,0,2026-09-11 22:29:06,MOCKLOAD
1001,2026-08-15,20,114,63fe3c2a69b446c89f73,501,719.28,,,0,2026-09-11 22:29:06,MOCKLOAD
1001,2026-08-16,11,109,32019cd5224d4650aaa0,501,140.07,,,0,2026-09-11 22:29:06,MOCKLOAD
1001,2026-08-17,12,112,51794dddc06d41ce80cc,501,719.99,,,0,2026-09-11 22:29:06,MOCKLOAD
1001,2026-08-18,11,107,c8cf267ff316468db496,501,2579.86,,,0,2026-09-11 22:29:06,MOCKLOAD
1001,2026-08-19,17,114,1577d69f313c423087c2,501,4231.66,,,0,2026-09-11 22:29:06,MOCKLOAD
1001,2026-08-20,16,120,49a7e5d5f5a24ab39526,501,6653.77,,,0,2026-09-11 22:29:06,MOCKLOAD
1001,2026-08-21,23,113,05153a2a0cab4c40992b,501,886.83,,,0,2026-09-11 22:29:06,MOCKLOAD
1001,2026-08-22,17,104,914a594f0cbd4a208911,501,3493.23,,,0,2026-09-11 22:29:06,MOCKLOAD
1001,2026-08-23,25,108,0ff214a2565149a791b8,501,6014.84,,,0,2026-09-11 22:29:06,MOCKLOAD
1001,2026-08-24,21,118,7074e4af57ca493daf4b,501,456.19,,,0,2026-09-11 22:29:06,MOCKLOAD
1001,2026-08-25,11,120,045c5553725a4bd1a015,501,393.26,,,0,2026-09-11 22:29:06,MOCKLOAD
1001,2026-08-26,13,112,099dbcf3630c493db7d6,501,2605.84,,,0,2026-09-11 22:29:06,MOCKLOAD
1001,2026-08-27,16,108,d3dab09116d449b8bb2d,501,106.81,,,0,2026-09-11 22:29:06,MOCKLOAD
1001,2026-08-28,11,118,d824ba3d083140e396a9,501,2904,,,0,2026-09-11 22:29:06,MOCKLOAD
1001,2026-08-29,22,107,e9055fa513cf42ab96d4,501,4300.86,,,0,2026-09-11 22:29:06,MOCKLOAD
1001,2026-08-30,26,117,b0b045b6a7a545e3972f,501,6780.66,,,0,2026-09-11 22:29:06,MOCKLOAD
1001,2026-08-31,27,118,55a4d6dbda3447a78251,501,503.11,,,0,2026-09-11 22:29:06,MOCKLOAD
1001,2026-09-01,21,108,b03dc8012f774618be15,501,562.72,,,0,2026-09-11 22:29:06,MOCKLOAD
1001,2026-09-02,29,106,0c62fbf0c87c476bbea3,501,1661.63,,,0,2026-09-11 22:29:06,MOCKLOAD
1001,2026-09-03,15,106,1a7f29861a8f42f5916d,501,2899.07,,,0,2026-09-11 22:29:06,MOCKLOAD
1001,2026-09-04,11,112,3f8d5480084e4c38aae6,501,3115.13,,,0,2026-09-11 22:29:06,MOCKLOAD
1001,2026-09-05,22,114,d34c18322317439d94ca,501,584.98,,,0,2026-09-11 22:29:06,MOCKLOAD
1001,2026-09-06,19,108,be31e372f7de434aa96c,501,5064,,,0,2026-09-11 22:29:06,MOCKLOAD
1001,2026-09-07,23,114,2582adc39c8a4d59947b,501,489.16,,,0,2026-09-11 22:29:06,MOCKLOAD
1001,2026-09-08,11,118,1924fd9b6a2741cdaf43,501,672.27,,,0,2026-09-11 22:29:06,MOCKLOAD
1001,2026-09-09,10,116,25be17deaba84b1193d0,501,1900.39,,,0,2026-09-11 22:29:06,MOCKLOAD
1002,2026-08-11,14,112,f7b490f23fcd4eeeadc9,502,936.31,,,0,2026-09-11 22:29:06,MOCKLOAD
1002,2026-08-12,13,110,d26ce764052b4a04a1fe,502,1077.18,,,0,2026-09-11 22:29:06,MOCKLOAD
1002,2026-08-13,16,118,be5860c5a160428aa0fd,502,304.62,,,0,2026-09-11 22:29:06,MOCKLOAD
1002,2026-08-14,29,103,57010817c0da4314abc7,502,185,,,0,2026-09-11 22:29:06,MOCKLOAD
1002,2026-08-15,24,109,c6ffc72d79f644a68876,502,973.45,,,0,2026-09-11 22:29:06,MOCKLOAD
1002,2026-08-16,11,117,8698adbfc7844be4b211,502,1642.08,,,0,2026-09-11 22:29:06,MOCKLOAD
1002,2026-08-17,15,106,bffab09a8d8145f690e5,502,27.76,,,0,2026-09-11 22:29:06,MOCKLOAD
1002,2026-08-18,22,103,a4ca92003bf24f0abc58,502,1273.03,,,0,2026-09-11 22:29:06,MOCKLOAD
1002,2026-08-19,22,117,a1fb10faa29a4f51883f,502,16.89,,,0,2026-09-11 22:29:06,MOCKLOAD
1002,2026-08-20,29,113,ff731ee4cec64ff3a7f4,502,799.09,,,0,2026-09-11 22:29:06,MOCKLOAD
1002,2026-08-21,29,118,ce1de491e59440c3a3e4,502,2335.29,,,0,2026-09-11 22:29:06,MOCKLOAD
1002,2026-08-22,17,116,287cb88890954927bd85,502,425.58,,,0,2026-09-11 22:29:06,MOCKLOAD
1002,2026-08-23,21,118,9b4d20c9f7c340609bb5,502,430.36,,,0,2026-09-11 22:29:06,MOCKLOAD
1002,2026-08-24,20,103,f17a7f02f9454306887e,502,931.66,,,0,2026-09-11 22:29:06,MOCKLOAD
1002,2026-08-25,19,112,23a4f54f7e8c49a5a14e,502,147.83,,,0,2026-09-11 22:29:06,MOCKLOAD
1002,2026-08-26,18,107,095d7669b19e4931a815,502,559.31,,,0,2026-09-11 22:29:06,MOCKLOAD
1002,2026-08-27,22,104,46288eca917e4ebfa277,502,2369.44,,,0,2026-09-11 22:29:06,MOCKLOAD
1002,2026-08-28,16,103,0bb5c9edae0947cbb1db,502,467.05,,,0,2026-09-11 22:29:06,MOCKLOAD
1002,2026-08-29,25,120,4ce38de9389746cd9b4a,502,101.1,,,0,2026-09-11 22:29:06,MOCKLOAD
1002,2026-08-30,17,110,a5f495ecd04244fa8749,502,929.54,,,0,2026-09-11 22:29:06,MOCKLOAD
1002,2026-08-31,23,103,3ca51527469240fc960d,502,243.32,,,0,2026-09-11 22:29:06,MOCKLOAD
1002,2026-09-01,22,108,6cacf1fd14df4db8b3d3,502,246.66,,,0,2026-09-11 22:29:06,MOCKLOAD
1002,2026-09-02,28,106,16403569bb254350a29e,502,33.76,,,0,2026-09-11 22:29:06,MOCKLOAD
1002,2026-09-03,21,101,a901e25425274e01b15b,502,1207.86,,,0,2026-09-11 22:29:06,MOCKLOAD
1002,2026-09-04,10,106,648357bf247b45d08cac,502,264.62,,,0,2026-09-11 22:29:06,MOCKLOAD
1002,2026-09-05,21,103,f5821c580fbb40a693c0,502,27.73,,,0,2026-09-11 22:29:06,MOCKLOAD
1002,2026-09-06,26,119,9a51cad5331a407caa22,502,513.83,,,0,2026-09-11 22:29:06,MOCKLOAD
1002,2026-09-07,21,113,9aabb9fa5b9e459ea837,502,142.18,,,0,2026-09-11 22:29:06,MOCKLOAD
1002,2026-09-08,16,106,fca1a95164284cf99951,502,354.68,,,0,2026-09-11 22:29:06,MOCKLOAD
1002,2026-09-09,11,101,26c536f01cea42ea890b,502,1628.6,,,0,2026-09-11 22:29:06,MOCKLOAD
1002,2026-08-11,16,102,83060459c2c04cd7a175,502,138.49,,,0,2026-09-11 22:29:06,MOCKLOAD
1002,2026-08-12,20,107,b2b3eb9bf3e7492999b7,502,1251.78,,,0,2026-09-11 22:29:06,MOCKLOAD
1002,2026-08-13,20,113,ab83b2bbda68402fa0b6,502,401.88,,,0,2026-09-11 22:29:06,MOCKLOAD
1002,2026-08-14,17,117,5d78b0bf32134f359fc9,502,281,,,0,2026-09-11 22:29:06,MOCKLOAD
1002,2026-08-15,14,107,8d55116571f74ed18fef,502,168.39,,,0,2026-09-11 22:29:06,MOCKLOAD
1002,2026-08-16,12,115,1b6bd7fb44a84d5c9c48,502,1835.47,,,0,2026-09-11 22:29:06,MOCKLOAD
1002,2026-08-17,25,112,e4d22844ec4b4ca88677,502,612.39,,,0,2026-09-11 22:29:06,MOCKLOAD
1002,2026-08-18,15,112,c642db344fdb44b4803a,502,2777.56,,,0,2026-09-11 22:29:06,MOCKLOAD
1002,2026-08-19,21,102,7b29dc30de494b728580,502,287.34,,,0,2026-09-11 22:29:06,MOCKLOAD
1002,2026-08-20,20,111,0fe61f9778474488a33e,502,679.82,,,0,2026-09-11 22:29:06,MOCKLOAD
1002,2026-08-21,18,119,8f66c2d8807b49ffb257,502,268.3,,,0,2026-09-11 22:29:06,MOCKLOAD
1002,2026-08-22,26,107,bff10985d5b14899982d,502,148.56,,,0,2026-09-11 22:29:06,MOCKLOAD
1002,2026-08-23,24,119,e6a72acb367a4b7b8b38,502,1805.55,,,0,2026-09-11 22:29:06,MOCKLOAD
1002,2026-08-24,27,107,b5b9aa7fa5154cec9e28,502,72.63,,,0,2026-09-11 22:29:06,MOCKLOAD
1002,2026-08-25,25,118,1a6f3525d3fd45ab9c9b,502,74.18,,,0,2026-09-11 22:29:06,MOCKLOAD
1002,2026-08-26,23,114,4477a3308d154408bc29,502,873.14,,,0,2026-09-11 22:29:06,MOCKLOAD
1002,2026-08-27,15,114,0259b4c33ab14eda94d2,502,1276.81,,,0,2026-09-11 22:29:06,MOCKLOAD
1002,2026-08-28,11,112,5f0d230845fd4d27af6a,502,111.05,,,0,2026-09-11 22:29:06,MOCKLOAD
1002,2026-08-29,16,101,cf3bbea29ccf4646a7f9,502,260.1,,,0,2026-09-11 22:29:06,MOCKLOAD
1002,2026-08-30,28,114,a5564d6f363b4a838fed,502,6.13,,,0,2026-09-11 22:29:06,MOCKLOAD
1002,2026-08-31,29,113,2e9db4dba936420ca83a,502,333.74,,,0,2026-09-11 22:29:06,MOCKLOAD
1002,2026-09-01,23,118,e4454cb7d113404580c9,502,2536.67,,,0,2026-09-11 22:29:06,MOCKLOAD
1002,2026-09-02,24,107,002dde5748c94a95ba10,502,2134.78,,,0,2026-09-11 22:29:06,MOCKLOAD
1002,2026-09-03,10,112,40adaf140bd84abd9845,502,778.4,,,0,2026-09-11 22:29:06,MOCKLOAD
1002,2026-09-04,19,114,6b1f87aceecd4112bd75,502,1319.79,,,0,2026-09-11 22:29:06,MOCKLOAD
1002,2026-09-05,19,115,589bba041fa04e7a83b8,502,607.53,,,0,2026-09-11 22:29:06,MOCKLOAD
1002,2026-09-06,19,117,be0d0b612cf14479aeb7,502,1332.74,,,0,2026-09-11 22:29:06,MOCKLOAD
1002,2026-09-07,25,102,fda942f59d6d4adeafb7,502,1132.31,,,0,2026-09-11 22:29:06,MOCKLOAD
1002,2026-09-08,16,120,91ec815f1a834e6fa347,502,273.47,,,0,2026-09-11 22:29:06,MOCKLOAD
1002,2026-09-09,23,115,dff6eee6e7c84bec86d3,502,282.68,,,0,2026-09-11 22:29:06,MOCKLOAD
1002,2026-08-11,27,119,893cba4004e2430ea78c,502,582.78,,,0,2026-09-11 22:29:06,MOCKLOAD
1002,2026-08-12,21,116,42d411f37ff2477f9564,502,351.67,,,0,2026-09-11 22:29:06,MOCKLOAD
1002,2026-08-13,19,111,0126ea49aaf340f3b9a9,502,1264.77,,,0,2026-09-11 22:29:06,MOCKLOAD
1002,2026-08-14,20,114,8651a07d577e4e64a481,502,355.42,,,0,2026-09-11 22:29:06,MOCKLOAD
1002,2026-08-15,21,117,d05097a6eb2548f4a9ad,502,2362.73,,,0,2026-09-11 22:29:06,MOCKLOAD
1002,2026-08-16,16,116,bf7a2d9cb0ce4515a7c8,502,376.21,,,0,2026-09-11 22:29:06,MOCKLOAD
1002,2026-08-17,11,108,21f5aaad10f14e83a91c,502,138.31,,,0,2026-09-11 22:29:06,MOCKLOAD
1002,2026-08-18,22,113,d9b3dced827b4a15aa9b,502,978.49,,,0,2026-09-11 22:29:06,MOCKLOAD
1002,2026-08-19,13,120,a3f4d8c3314f4463ae4b,502,1349.18,,,0,2026-09-11 22:29:06,MOCKLOAD
1002,2026-08-20,19,110,a1ff13efc6cd4b70ad88,502,685.09,,,0,2026-09-11 22:29:06,MOCKLOAD
1002,2026-08-21,25,114,bdd4d6e2aed24c71b187,502,557.69,,,0,2026-09-11 22:29:06,MOCKLOAD
1002,2026-08-22,18,114,82453fc944b3494ca398,502,2134.49,,,0,2026-09-11 22:29:06,MOCKLOAD
1002,2026-08-23,28,107,ed54c0944b2f4d6eb0e3,502,1008.19,,,0,2026-09-11 22:29:06,MOCKLOAD
1002,2026-08-24,15,118,4b4350d2a2274dd58531,502,93.77,,,0,2026-09-11 22:29:06,MOCKLOAD
1002,2026-08-25,11,107,f0d04873369645218425,502,54.08,,,0,2026-09-11 22:29:06,MOCKLOAD
1002,2026-08-26,16,106,708535ac46eb437ca413,502,61.06,,,0,2026-09-11 22:29:06,MOCKLOAD
1002,2026-08-27,28,118,d8065ef978ce4df48add,502,104.19,,,0,2026-09-11 22:29:06,MOCKLOAD
1002,2026-08-28,25,109,6a06031603004c6cbf6d,502,1709.57,,,0,2026-09-11 22:29:06,MOCKLOAD
1002,2026-08-29,23,113,46ab6b5d758f406aa30f,502,1147.13,,,0,2026-09-11 22:29:06,MOCKLOAD
1002,2026-08-30,12,109,da53b580f60f4996b9d7,502,1163.82,,,0,2026-09-11 22:29:06,MOCKLOAD
1002,2026-08-31,26,115,88583709ec264a15a537,502,147.45,,,0,2026-09-11 22:29:06,MOCKLOAD
1002,2026-09-01,10,110,632d7369ae274f5b9a1f,502,1321.88,,,0,2026-09-11 22:29:06,MOCKLOAD
1002,2026-09-02,17,109,dec064d7331140908ded,502,188.35,,,0,2026-09-11 22:29:06,MOCKLOAD
1002,2026-09-03,13,106,0fd623c0d74540a0a551,502,2709.22,,,0,2026-09-11 22:29:06,MOCKLOAD
1002,2026-09-04,15,111,06898d7520c9439ca405,502,1569.92,,,0,2026-09-11 22:29:06,MOCKLOAD
1002,2026-09-05,17,118,a32992ce80d04e8f83df,502,1377.19,,,0,2026-09-11 22:29:06,MOCKLOAD
1002,2026-09-06,18,103,f4ce4aaceb0942cebb98,502,651.73,,,0,2026-09-11 22:29:06,MOCKLOAD
1002,2026-09-07,15,120,657dc7b23efb40d9a9ed,502,313.18,,,0,2026-09-11 22:29:06,MOCKLOAD
1002,2026-09-08,27,113,0000c11b7c624bcd9ce7,502,489.72,,,0,2026-09-11 22:29:06,MOCKLOAD
1002,2026-09-09,23,105,3b446464e651431ca6a7,502,538.01,,,0,2026-09-11 22:29:06,MOCKLOAD
1002,2026-08-11,24,119,684ef0d647f644dcbcaf,502,226.8,,,0,2026-09-11 22:29:06,MOCKLOAD
1002,2026-08-12,29,120,575d37dbac4b42e682eb,502,1954.65,,,0,2026-09-11 22:29:06,MOCKLOAD
1002,2026-08-13,12,120,f354d8962a8344958c29,502,157.44,,,0,2026-09-11 22:29:06,MOCKLOAD
1002,2026-08-14,20,104,a3e3e08b1ee84e059db1,502,668.44,,,0,2026-09-11 22:29:06,MOCKLOAD
1002,2026-08-15,15,112,c053168e24ba416f901e,502,198.94,,,0,2026-09-11 22:29:06,MOCKLOAD
1002,2026-08-16,21,105,cdecf518c07a401a8599,502,87.23,,,0,2026-09-11 22:29:06,MOCKLOAD
1002,2026-08-17,24,115,a314d4a4c3ce43e58209,502,1329.36,,,0,2026-09-11 22:29:06,MOCKLOAD
1002,2026-08-18,21,113,ca3141541a6a4b5a8fb2,502,685.82,,,0,2026-09-11 22:29:06,MOCKLOAD
1002,2026-08-19,12,116,c4879231b82b4c568ce4,502,366.54,,,0,2026-09-11 22:29:06,MOCKLOAD
1002,2026-08-20,11,115,d1e25f84116946199f48,502,344.69,,,0,2026-09-11 22:29:06,MOCKLOAD
1002,2026-08-21,26,119,a0020521f58c4feb8f67,502,1295.03,,,0,2026-09-11 22:29:06,MOCKLOAD
1002,2026-08-22,29,120,c60b4417932347dfa399,502,1990.07,,,0,2026-09-11 22:29:06,MOCKLOAD
1002,2026-08-23,18,115,005f00eb8ae546db97c5,502,1327,,,0,2026-09-11 22:29:06,MOCKLOAD
1002,2026-08-24,12,112,bb66b02c35c540fe869b,502,493.88,,,0,2026-09-11 22:29:06,MOCKLOAD
1002,2026-08-25,16,114,2e433cecb6e544f199d2,502,1704.5,,,0,2026-09-11 22:29:06,MOCKLOAD
1002,2026-08-26,29,101,f6a828e24d9a453ca16f,502,1238.38,,,0,2026-09-11 22:29:06,MOCKLOAD
1002,2026-08-27,16,102,2f160dfe9e404cc28e48,502,2132.72,,,0,2026-09-11 22:29:06,MOCKLOAD
1002,2026-08-28,21,106,82ad42365b8c4a6bb96f,502,1206.63,,,0,2026-09-11 22:29:06,MOCKLOAD
1002,2026-08-29,11,110,843fb51770b845f9b62d,502,2153.11,,,0,2026-09-11 22:29:06,MOCKLOAD
1002,2026-08-30,24,103,61c459dd0fda46bb8527,502,238.03,,,0,2026-09-11 22:29:06,MOCKLOAD
1002,2026-08-31,28,104,5e3f8e3d35d64d8880c7,502,1020.7,,,0,2026-09-11 22:29:06,MOCKLOAD
1002,2026-09-01,27,101,5b4ca6f53d3f48ddb953,502,721.4,,,0,2026-09-11 22:29:06,MOCKLOAD
1002,2026-09-02,11,117,eaf2e5eec3d641008dc1,502,557.05,,,0,2026-09-11 22:29:06,MOCKLOAD
1002,2026-09-03,15,110,933fad9e8c77454db5fc,502,560.2,,,0,2026-09-11 22:29:06,MOCKLOAD
1002,2026-09-04,14,102,87e1c98f35574b7d92d2,502,764.12,,,0,2026-09-11 22:29:06,MOCKLOAD
1002,2026-09-05,14,116,0e4b000acc6b49958646,502,608.01,,,0,2026-09-11 22:29:06,MOCKLOAD
1002,2026-09-06,17,119,a7bd2632a64d446d91d8,502,2403.66,,,0,2026-09-11 22:29:06,MOCKLOAD
1002,2026-09-07,26,114,0d58e014a2344a3c8082,502,208.47,,,0,2026-09-11 22:29:06,MOCKLOAD
1002,2026-09-08,17,110,c82a0ce2f0254ffab33a,502,930.57,,,0,2026-09-11 22:29:06,MOCKLOAD
1002,2026-09-09,12,113,41b5a7bd435948e0be8f,502,466.76,,,0,2026-09-11 22:29:06,MOCKLOAD
1002,2026-08-11,22,102,26a0a14595984d0a88f0,502,267.7,,,0,2026-09-11 22:29:06,MOCKLOAD
1002,2026-08-12,11,109,00e3e62e3a6a492dae88,502,1022.11,,,0,2026-09-11 22:29:06,MOCKLOAD
1002,2026-08-13,21,115,febd39121cf64ee99675,502,637.59,,,0,2026-09-11 22:29:06,MOCKLOAD
1002,2026-08-14,12,104,fbd216193c0d479ebda5,502,514.77,,,0,2026-09-11 22:29:06,MOCKLOAD
1002,2026-08-15,19,108,a740561c3db84adfb505,502,2752.94,,,0,2026-09-11 22:29:06,MOCKLOAD
1002,2026-08-16,15,117,b90af6dd6bd34e27b9ab,502,993.95,,,0,2026-09-11 22:29:06,MOCKLOAD
1002,2026-08-17,28,103,5c4b7cd4942f4561b6cb,502,1470.37,,,0,2026-09-11 22:29:06,MOCKLOAD
1002,2026-08-18,20,101,9979ea57144b4d9bb016,502,2231.36,,,0,2026-09-11 22:29:06,MOCKLOAD
1002,2026-08-19,24,106,4532fc1f1b2e45caa8df,502,1780.01,,,0,2026-09-11 22:29:06,MOCKLOAD
1002,2026-08-20,21,101,6264bd93a4714b24aa80,502,581.7,,,0,2026-09-11 22:29:06,MOCKLOAD
1002,2026-08-21,18,110,303ef8f4b0294c4f9177,502,254.67,,,0,2026-09-11 22:29:06,MOCKLOAD
1002,2026-08-22,11,110,ba9658c4c80f4ebe8951,502,1173.9,,,0,2026-09-11 22:29:06,MOCKLOAD
1002,2026-08-23,28,102,bcebe53e5627428d8b07,502,897.77,,,0,2026-09-11 22:29:06,MOCKLOAD
1002,2026-08-24,21,106,41cc78a2ed214f13b4cd,502,1877.37,,,0,2026-09-11 22:29:06,MOCKLOAD
1002,2026-08-25,21,109,31bc0b413b2d44a5b2a4,502,47.91,,,0,2026-09-11 22:29:06,MOCKLOAD
1002,2026-08-26,15,112,4115a964b9ac4923a0e0,502,2338.11,,,0,2026-09-11 22:29:06,MOCKLOAD
1002,2026-08-27,20,115,950e90a0b4d24965b640,502,960.94,,,0,2026-09-11 22:29:06,MOCKLOAD
1002,2026-08-28,11,114,550b6647a7b246ef9d0f,502,1951.77,,,0,2026-09-11 22:29:06,MOCKLOAD
1002,2026-08-29,20,105,6e3ac6ca98ab41ce8980,502,616.66,,,0,2026-09-11 22:29:06,MOCKLOAD
1002,2026-08-30,15,107,609b6cb6a0434d439b1d,502,1360.14,,,0,2026-09-11 22:29:06,MOCKLOAD
1002,2026-08-31,20,118,a9f86a95c3ec4e42ae54,502,8.85,,,0,2026-09-11 22:29:06,MOCKLOAD
1002,2026-09-01,15,111,3130270345b44ea6b318,502,2312,,,0,2026-09-11 22:29:06,MOCKLOAD
1002,2026-09-02,11,113,e2c8e425f1a547c59adf,502,7.26,,,0,2026-09-11 22:29:06,MOCKLOAD
1002,2026-09-03,23,117,8b0346caef1b4a1ba91f,502,504.88,,,0,2026-09-11 22:29:06,MOCKLOAD
1002,2026-09-04,12,107,e957351fd5d341a2b67b,502,1154.74,,,0,2026-09-11 22:29:06,MOCKLOAD
1002,2026-09-05,10,102,aa35eaea68d34a559c4d,502,191.57,,,0,2026-09-11 22:29:06,MOCKLOAD
1002,2026-09-06,24,112,50a3f5be34c54a8da541,502,410.19,,,0,2026-09-11 22:29:06,MOCKLOAD
1002,2026-09-07,22,116,2e6928704a5548b68c72,502,739.08,,,0,2026-09-11 22:29:06,MOCKLOAD
1002,2026-09-08,15,116,b489327a189342639c48,502,1574.28,,,0,2026-09-11 22:29:06,MOCKLOAD
1002,2026-09-09,13,108,ccee9fef7a1647f98790,502,808.26,,,0,2026-09-11 22:29:06,MOCKLOAD
1002,2026-08-11,15,107,51199053e3de48d69b55,502,1113.52,,,0,2026-09-11 22:29:06,MOCKLOAD
1002,2026-08-12,26,101,5e92b56e1ed04a95a00b,502,238.18,,,0,2026-09-11 22:29:06,MOCKLOAD
1002,2026-08-13,26,111,9aab061610f34a17b7de,502,932.45,,,0,2026-09-11 22:29:06,MOCKLOAD
1002,2026-08-14,23,119,10eae4746a1d44c0b24f,502,2532.86,,,0,2026-09-11 22:29:06,MOCKLOAD
1002,2026-08-15,15,101,eba51f97e88e43c48022,502,1327.35,,,0,2026-09-11 22:29:06,MOCKLOAD
1002,2026-08-16,13,112,03fdf87647574ba4a4f3,502,983.63,,,0,2026-09-11 22:29:06,MOCKLOAD
1002,2026-08-17,24,120,079b0dfcbc6e4fb8b7cc,502,2866.24,,,0,2026-09-11 22:29:06,MOCKLOAD
1002,2026-08-18,28,107,a490b5004dc64ed5b9f6,502,780.94,,,0,2026-09-11 22:29:06,MOCKLOAD
1002,2026-08-19,18,102,d9ad8904e1884e5fb1bb,502,2316.39,,,0,2026-09-11 22:29:06,MOCKLOAD
1002,2026-08-20,10,105,710a596bcca74ce28930,502,2319.58,,,0,2026-09-11 22:29:06,MOCKLOAD
1002,2026-08-21,14,114,20c775f28dc64494b9d9,502,251.48,,,0,2026-09-11 22:29:06,MOCKLOAD
1002,2026-08-22,14,114,b68ad58523fd4ebda3c1,502,606.7,,,0,2026-09-11 22:29:06,MOCKLOAD
1002,2026-08-23,16,114,6fd1aa2f7e0d4fb394c0,502,1335.74,,,0,2026-09-11 22:29:06,MOCKLOAD
1002,2026-08-24,29,104,0a5d5613656e49e688aa,502,754.77,,,0,2026-09-11 22:29:06,MOCKLOAD
1002,2026-08-25,13,104,d062adc5c199413ca444,502,1565.27,,,0,2026-09-11 22:29:06,MOCKLOAD
1002,2026-08-26,13,113,bd7121fd00154d7aa6a7,502,1077.68,,,0,2026-09-11 22:29:06,MOCKLOAD
1002,2026-08-27,16,102,c6f4a27758fa45edbd8b,502,58.37,,,0,2026-09-11 22:29:06,MOCKLOAD
1002,2026-08-28,17,102,2582e208019c4635939a,502,899.92,,,0,2026-09-11 22:29:06,MOCKLOAD
1002,2026-08-29,22,107,7b29dd326d2940a6a12d,502,73.1,,,0,2026-09-11 22:29:06,MOCKLOAD
1002,2026-08-30,21,113,6dee762a7c8a4d0a96d6,502,1215.03,,,0,2026-09-11 22:29:06,MOCKLOAD
1002,2026-08-31,29,118,e70c2112a08048b0888f,502,72.88,,,0,2026-09-11 22:29:06,MOCKLOAD
1002,2026-09-01,11,106,cc6ffcde85c64c2db597,502,2706.92,,,0,2026-09-11 22:29:06,MOCKLOAD
1002,2026-09-02,14,102,5de3624ce43a4c3b9361,502,150.09,,,0,2026-09-11 22:29:06,MOCKLOAD
1002,2026-09-03,18,112,ef648d51376547e993e4,502,162.57,,,0,2026-09-11 22:29:06,MOCKLOAD
1002,2026-09-04,26,114,c01450e34faa45d88352,502,296.57,,,0,2026-09-11 22:29:06,MOCKLOAD
1002,2026-09-05,27,118,257b0ae04c6242cc9819,502,110,,,0,2026-09-11 22:29:06,MOCKLOAD
1002,2026-09-06,17,112,6830e30fe8f84a4796be,502,2430.69,,,0,2026-09-11 22:29:06,MOCKLOAD
1002,2026-09-07,19,119,5593e5c360074bb1b24f,502,569.72,,,0,2026-09-11 22:29:06,MOCKLOAD
1002,2026-09-08,13,107,073f4c7d6b8c4844a50d,502,370.39,,,0,2026-09-11 22:29:06,MOCKLOAD
1002,2026-09-09,22,116,601880dd74ac4efcaf92,502,409.3,,,0,2026-09-11 22:29:06,MOCKLOAD
1002,2026-08-11,12,104,d6d68129cd984bae9bf3,502,1773.38,,,0,2026-09-11 22:29:06,MOCKLOAD
1002,2026-08-12,27,105,fb7e682120be4348bf72,502,642.75,,,0,2026-09-11 22:29:06,MOCKLOAD
1002,2026-08-13,15,108,17a20c6bbe864a5b936d,502,72.74,,,0,2026-09-11 22:29:06,MOCKLOAD
1002,2026-08-14,18,116,d5f0d728170b4178bb55,502,446.78,,,0,2026-09-11 22:29:06,MOCKLOAD
1002,2026-08-15,25,113,3d34e57c5935462caec2,502,274.92,,,0,2026-09-11 22:29:06,MOCKLOAD
1002,2026-08-16,24,120,7c306f8813e04555af6e,502,383.83,,,0,2026-09-11 22:29:06,MOCKLOAD
1002,2026-08-17,13,101,75cb1f0b0a3644aaa9a5,502,19.8,,,0,2026-09-11 22:29:06,MOCKLOAD
1002,2026-08-18,22,109,5d6c7ce9ecf24c4a8020,502,1907.79,,,0,2026-09-11 22:29:06,MOCKLOAD
1002,2026-08-19,17,116,8a564ab037bb49c29381,502,2006.97,,,0,2026-09-11 22:29:06,MOCKLOAD
1002,2026-08-20,22,110,9ee7fa92f8894005a4d2,502,895.83,,,0,2026-09-11 22:29:06,MOCKLOAD
1002,2026-08-21,17,113,ba0441cf85bb4682bd18,502,1464.31,,,0,2026-09-11 22:29:06,MOCKLOAD
1002,2026-08-22,11,111,1994baa7cdf74dfdbe01,502,187.21,,,0,2026-09-11 22:29:06,MOCKLOAD
1002,2026-08-23,21,117,951a6b88aafd4e249aa1,502,1366.83,,,0,2026-09-11 22:29:06,MOCKLOAD
1002,2026-08-24,13,114,c40fc6dd289c477c8358,502,237.74,,,0,2026-09-11 22:29:06,MOCKLOAD
1002,2026-08-25,12,106,5d3e5419ea8f4108b93b,502,380.28,,,0,2026-09-11 22:29:06,MOCKLOAD
1002,2026-08-26,18,105,246ddfbe2d624e61b644,502,561.64,,,0,2026-09-11 22:29:06,MOCKLOAD
1002,2026-08-27,27,102,3cd217d779cc4573981e,502,276.32,,,0,2026-09-11 22:29:06,MOCKLOAD
1002,2026-08-28,28,116,ace0211fb150458bab63,502,1834.85,,,0,2026-09-11 22:29:06,MOCKLOAD
1002,2026-08-29,27,118,14ac45e34db74a2280d5,502,10.63,,,0,2026-09-11 22:29:06,MOCKLOAD
1002,2026-08-30,23,107,c838710008794016a28d,502,502.75,,,0,2026-09-11 22:29:06,MOCKLOAD
1002,2026-08-31,20,112,ac7a3efa613b4365b768,502,722.8,,,0,2026-09-11 22:29:06,MOCKLOAD
1002,2026-09-01,13,111,6fe3ad3323c847569964,502,5.49,,,0,2026-09-11 22:29:06,MOCKLOAD
1002,2026-09-02,14,116,484896f1e0974c1e8ee3,502,66.77,,,0,2026-09-11 22:29:06,MOCKLOAD
1002,2026-09-03,18,118,f3503c6a9b1d41e395f1,502,741.8,,,0,2026-09-11 22:29:06,MOCKLOAD
1002,2026-09-04,10,117,989e25f0c7a040aeaff3,502,537.99,,,0,2026-09-11 22:29:06,MOCKLOAD
1002,2026-09-05,20,113,0b1773364e9844248fbb,502,388.26,,,0,2026-09-11 22:29:06,MOCKLOAD
1002,2026-09-06,26,111,bacf1008a77247409241,502,1000.98,,,0,2026-09-11 22:29:06,MOCKLOAD
1002,2026-09-07,18,104,0ae920cdf91946f0b6b6,502,208.87,,,0,2026-09-11 22:29:06,MOCKLOAD
1002,2026-09-08,24,115,df629bff3c894be2a6b6,502,106.75,,,0,2026-09-11 22:29:06,MOCKLOAD
1002,2026-09-09,27,106,96d306a74bdb4e1485d4,502,579.98,,,0,2026-09-11 22:29:06,MOCKLOAD
1002,2026-08-11,20,111,f319386106f840ceb5e6,502,5.93,,,0,2026-09-11 22:29:06,MOCKLOAD
1002,2026-08-12,26,115,321909c60d1b4bf1bd63,502,218.28,,,0,2026-09-11 22:29:06,MOCKLOAD
1002,2026-08-13,25,110,ff5bde6c6e8a43029b8e,502,1210.1,,,0,2026-09-11 22:29:06,MOCKLOAD
1002,2026-08-14,16,120,c8d390a2edb4464eb021,502,893.43,,,0,2026-09-11 22:29:06,MOCKLOAD
1002,2026-08-15,10,103,078b91e49526413c98d5,502,499.58,,,0,2026-09-11 22:29:06,MOCKLOAD
1002,2026-08-16,12,107,00f49980fa0545a6ad28,502,595.02,,,0,2026-09-11 22:29:06,MOCKLOAD
1002,2026-08-17,11,108,c0c9a0dd5d244b08b946,502,1183.12,,,0,2026-09-11 22:29:06,MOCKLOAD
1002,2026-08-18,26,116,80888706533f433fba7b,502,96.66,,,0,2026-09-11 22:29:06,MOCKLOAD
1002,2026-08-19,22,105,f630e7adf97549e5931e,502,478.78,,,0,2026-09-11 22:29:06,MOCKLOAD
1002,2026-08-20,28,111,4122a7edf9774c97bd76,502,284.58,,,0,2026-09-11 22:29:06,MOCKLOAD
1002,2026-08-21,21,114,a8d53d0be26a4cbabeca,502,551.02,,,0,2026-09-11 22:29:06,MOCKLOAD
1002,2026-08-22,14,106,983cfec5503440cea54f,502,81.21,,,0,2026-09-11 22:29:06,MOCKLOAD
1002,2026-08-23,13,106,23855fdc48f746749df6,502,1491.94,,,0,2026-09-11 22:29:06,MOCKLOAD
1002,2026-08-24,23,104,f77a0b7a887f413db9df,502,102.62,,,0,2026-09-11 22:29:06,MOCKLOAD
1002,2026-08-25,26,116,8e6a1523c8424aa7a9c4,502,298.6,,,0,2026-09-11 22:29:06,MOCKLOAD
1002,2026-08-26,27,120,94331fb1c42f4b8b8087,502,108.86,,,0,2026-09-11 22:29:06,MOCKLOAD
1002,2026-08-27,22,106,4adfd09242bf4b1fb271,502,364.47,,,0,2026-09-11 22:29:06,MOCKLOAD
1002,2026-08-28,13,117,ed14cb35a6a94a5b8ff9,502,2078.49,,,0,2026-09-11 22:29:06,MOCKLOAD
1002,2026-08-29,15,116,a97c3255b6c845a29282,502,1123.37,,,0,2026-09-11 22:29:06,MOCKLOAD
1002,2026-08-30,13,118,dc89ed53b9eb4fa1b0ad,502,2063.36,,,0,2026-09-11 22:29:06,MOCKLOAD
1002,2026-08-31,22,111,5e336d08a30542cb8b88,502,1668.51,,,0,2026-09-11 22:29:06,MOCKLOAD
1002,2026-09-01,26,114,d9688936e0484266b987,502,864.46,,,0,2026-09-11 22:29:06,MOCKLOAD
1002,2026-09-02,13,104,3756619a200d4ccf81cb,502,263.56,,,0,2026-09-11 22:29:06,MOCKLOAD
1002,2026-09-03,16,112,10e44d5b08fa4e6f8df8,502,2856.3,,,0,2026-09-11 22:29:06,MOCKLOAD
1002,2026-09-04,27,102,6ee884cef36843c882b5,502,53.48,,,0,2026-09-11 22:29:06,MOCKLOAD
1002,2026-09-05,27,103,fe485f9f0693471a8cd1,502,2171.71,,,0,2026-09-11 22:29:06,MOCKLOAD
1002,2026-09-06,13,103,aea4404a04f34b6c8940,502,394.74,,,0,2026-09-11 22:29:06,MOCKLOAD
1002,2026-09-07,27,118,9e7658460a1f42abad97,502,710.15,,,0,2026-09-11 22:29:06,MOCKLOAD
1002,2026-09-08,16,104,78279d0dde0049088e21,502,1616.3,,,0,2026-09-11 22:29:06,MOCKLOAD
1002,2026-09-09,24,114,4866a12a7ec443d08e13,502,1545.42,,,0,2026-09-11 22:29:06,MOCKLOAD
1002,2026-08-11,14,116,f6524f46977640b2924c,502,471.18,,,0,2026-09-11 22:29:06,MOCKLOAD
1002,2026-08-12,22,110,96a09fa7a1174556a1de,502,458.42,,,0,2026-09-11 22:29:06,MOCKLOAD
1002,2026-08-13,26,111,1039a0b7ba304fe5b1cc,502,1684.64,,,0,2026-09-11 22:29:06,MOCKLOAD
1002,2026-08-14,16,107,a0afcb078b2c4c85aee4,502,178.45,,,0,2026-09-11 22:29:06,MOCKLOAD
1002,2026-08-15,22,117,af10b8fa15f641be8953,502,555.8,,,0,2026-09-11 22:29:06,MOCKLOAD
1002,2026-08-16,19,105,0b5010eed6374821b9c4,502,1097.13,,,0,2026-09-11 22:29:06,MOCKLOAD
1002,2026-08-17,18,101,ec056f2f063849689222,502,993.35,,,0,2026-09-11 22:29:06,MOCKLOAD
1002,2026-08-18,14,112,459e49ffed2b44aaa99c,502,58.99,,,0,2026-09-11 22:29:06,MOCKLOAD
1002,2026-08-19,27,117,889abb815aaa41d396ae,502,200.77,,,0,2026-09-11 22:29:06,MOCKLOAD
1002,2026-08-20,12,118,8cedd5cb186246c3985c,502,1244.5,,,0,2026-09-11 22:29:06,MOCKLOAD
1002,2026-08-21,26,106,d8964db8a3fa4806a758,502,1184.24,,,0,2026-09-11 22:29:06,MOCKLOAD
1002,2026-08-22,23,120,3fc03004fc6848d08932,502,685.24,,,0,2026-09-11 22:29:06,MOCKLOAD
1002,2026-08-23,17,114,965eb86c010945bc9f4e,502,319.13,,,0,2026-09-11 22:29:06,MOCKLOAD
1002,2026-08-24,21,120,2f3e8a3d461645b7bec9,502,1377.74,,,0,2026-09-11 22:29:06,MOCKLOAD
1002,2026-08-25,10,112,eef4e7c42c554bea8cb8,502,662.7,,,0,2026-09-11 22:29:06,MOCKLOAD
1002,2026-08-26,29,106,8e7ef10e4c0a48a9a373,502,100.11,,,0,2026-09-11 22:29:06,MOCKLOAD
1002,2026-08-27,10,114,48b4dfa579044143a0cf,502,1350.67,,,0,2026-09-11 22:29:06,MOCKLOAD
1002,2026-08-28,11,101,7c540e1e26d747238ce8,502,184.75,,,0,2026-09-11 22:29:06,MOCKLOAD
1002,2026-08-29,16,104,22929b75f7db4dbfa3fb,502,249.45,,,0,2026-09-11 22:29:06,MOCKLOAD
1002,2026-08-30,12,109,c7c82341c0834b8cb653,502,1741.27,,,0,2026-09-11 22:29:06,MOCKLOAD
1002,2026-08-31,26,108,db8a727445a44e7a94ce,502,760.55,,,0,2026-09-11 22:29:06,MOCKLOAD
1002,2026-09-01,20,120,cd2864525bca44fab945,502,308.45,,,0,2026-09-11 22:29:06,MOCKLOAD
1002,2026-09-02,20,106,b420201f45cf42e8be2a,502,1379.99,,,0,2026-09-11 22:29:06,MOCKLOAD
1002,2026-09-03,28,117,14c59e76fe6a46369a79,502,1027.4,,,0,2026-09-11 22:29:06,MOCKLOAD
1002,2026-09-04,20,119,109427c054814b5d9f53,502,847.84,,,0,2026-09-11 22:29:06,MOCKLOAD
1002,2026-09-05,28,103,43e2385bd74e4e048c2d,502,748.48,,,0,2026-09-11 22:29:06,MOCKLOAD
1002,2026-09-06,20,112,e56f01fe9a144e2cb8e3,502,222.58,,,0,2026-09-11 22:29:06,MOCKLOAD
1002,2026-09-07,27,107,b20fa90aa87843939aa1,502,25.83,,,0,2026-09-11 22:29:06,MOCKLOAD
1002,2026-09-08,22,116,8593e68bd8574d1d8fb2,502,434.99,,,0,2026-09-11 22:29:06,MOCKLOAD
1002,2026-09-09,12,113,c8f3611d705a4b4bb35e,502,986.55,,,0,2026-09-11 22:29:06,MOCKLOAD
1002,2026-08-11,20,111,dae883188e2a4a1dbd72,502,76.33,,,0,2026-09-11 22:29:06,MOCKLOAD
1002,2026-08-12,18,104,1f27afe049ee4a799e1e,502,1080.72,,,0,2026-09-11 22:29:06,MOCKLOAD
1002,2026-08-13,16,113,1f96ac7e34fa4b1ba927,502,657.97,,,0,2026-09-11 22:29:06,MOCKLOAD
1002,2026-08-14,22,105,db40c97ee07e4cd79f3e,502,751.02,,,0,2026-09-11 22:29:06,MOCKLOAD
1002,2026-08-15,20,107,2f3068d78b89421bbe6e,502,2848.97,,,0,2026-09-11 22:29:06,MOCKLOAD
1002,2026-08-16,12,111,a8c6d3358c884951a658,502,852.89,,,0,2026-09-11 22:29:06,MOCKLOAD
1002,2026-08-17,18,107,14c5f37c7e1a419e8266,502,158.73,,,0,2026-09-11 22:29:06,MOCKLOAD
1002,2026-08-18,14,110,941cf00b82f3412c94bc,502,82.15,,,0,2026-09-11 22:29:06,MOCKLOAD
1002,2026-08-19,18,119,a00b12ec493a48cd8827,502,49.07,,,0,2026-09-11 22:29:06,MOCKLOAD
1002,2026-08-20,15,101,01421e756f88480bb9f2,502,1771.05,,,0,2026-09-11 22:29:06,MOCKLOAD
1002,2026-08-21,16,105,9775c7463cb842e089b4,502,1553.16,,,0,2026-09-11 22:29:06,MOCKLOAD
1002,2026-08-22,18,105,b5206624cece488e8c47,502,75.64,,,0,2026-09-11 22:29:06,MOCKLOAD
1002,2026-08-23,25,105,7815ba0f3ffd4affb037,502,2058.18,,,0,2026-09-11 22:29:06,MOCKLOAD
1002,2026-08-24,12,111,ad147da54e9a4a4a8a8e,502,248.05,,,0,2026-09-11 22:29:06,MOCKLOAD
1002,2026-08-25,10,116,1f67f5b5c5254a18b61f,502,1749.01,,,0,2026-09-11 22:29:06,MOCKLOAD
1002,2026-08-26,27,111,bb1f56f34e53472783f1,502,660.61,,,0,2026-09-11 22:29:06,MOCKLOAD
1002,2026-08-27,12,105,b52fbc389b8e4c32a97d,502,609.65,,,0,2026-09-11 22:29:06,MOCKLOAD
1002,2026-08-28,15,104,9b17077d2989434e8a28,502,494.93,,,0,2026-09-11 22:29:06,MOCKLOAD
1002,2026-08-29,17,102,771c554965ea4b518355,502,856.38,,,0,2026-09-11 22:29:06,MOCKLOAD
1002,2026-08-30,28,106,1caad7e89d6c49ba978e,502,1616.68,,,0,2026-09-11 22:29:06,MOCKLOAD
1002,2026-08-31,25,105,96403c46dbf5411d9d1f,502,1030.01,,,0,2026-09-11 22:29:06,MOCKLOAD
1002,2026-09-01,19,112,5541793569c3418da12b,502,104.14,,,0,2026-09-11 22:29:06,MOCKLOAD
1002,2026-09-02,21,107,9c80c64554c84583ae54,502,68.41,,,0,2026-09-11 22:29:06,MOCKLOAD
1002,2026-09-03,29,113,1a6ba1dc9f4a4c1aa1c8,502,2828.5,,,0,2026-09-11 22:29:06,MOCKLOAD
1002,2026-09-04,26,117,e3e5ee95b2c24c25914f,502,1371.51,,,0,2026-09-11 22:29:06,MOCKLOAD
1002,2026-09-05,15,104,b6e1942cf62d4ac28ffd,502,1345.97,,,0,2026-09-11 22:29:06,MOCKLOAD
1002,2026-09-06,16,108,862162dc31c349eb9a7e,502,484.71,,,0,2026-09-11 22:29:06,MOCKLOAD
1002,2026-09-07,21,116,3f814e9aaaa64ec4bc2e,502,131.71,,,0,2026-09-11 22:29:06,MOCKLOAD
1002,2026-09-08,17,115,0f5f5187d9b1425086db,502,32.98,,,0,2026-09-11 22:29:06,MOCKLOAD
1002,2026-09-09,23,101,ae8ffc7628994b5f87a5,502,140.27,,,0,2026-09-11 22:29:06,MOCKLOAD
1003,2026-08-11,13,104,7267c95ccf884879bd3b,503,2910.09,,,0,2026-09-11 22:29:06,MOCKLOAD
1003,2026-08-12,13,108,6713673e236744429632,503,439.38,,,0,2026-09-11 22:29:06,MOCKLOAD
1003,2026-08-13,22,108,1d1d670dec984486887b,503,1903.72,,,0,2026-09-11 22:29:06,MOCKLOAD
1003,2026-08-14,12,102,931bbb033a1b456a893b,503,4073.28,,,0,2026-09-11 22:29:06,MOCKLOAD
1003,2026-08-15,22,110,132a279eef6844b6a96d,503,1477.44,,,0,2026-09-11 22:29:06,MOCKLOAD
1003,2026-08-16,27,120,14ffa6f4590c4922b1ba,503,2345.92,,,0,2026-09-11 22:29:06,MOCKLOAD
1003,2026-08-17,13,111,2254e49e65704374933a,503,345.89,,,0,2026-09-11 22:29:06,MOCKLOAD
1003,2026-08-18,16,110,2d869228a485439180b4,503,1213.39,,,0,2026-09-11 22:29:06,MOCKLOAD
1003,2026-08-19,13,106,486fc6eac5834b36b14e,503,691.07,,,0,2026-09-11 22:29:06,MOCKLOAD
1003,2026-08-20,12,115,e1cfb3b26aed4fd68cd9,503,96.25,,,0,2026-09-11 22:29:06,MOCKLOAD
1003,2026-08-21,29,113,4f5f5a3f2d0e4123a74c,503,681.93,,,0,2026-09-11 22:29:06,MOCKLOAD
1003,2026-08-22,19,101,438920c2ede748caaf3c,503,72.02,,,0,2026-09-11 22:29:06,MOCKLOAD
1003,2026-08-23,22,112,ddcf4273909d4e8cb5a0,503,1278.8,,,0,2026-09-11 22:29:06,MOCKLOAD
1003,2026-08-24,17,109,9cb8b6e84a6a4c06b5e9,503,1057.56,,,0,2026-09-11 22:29:06,MOCKLOAD
1003,2026-08-25,10,106,24faedf7c6814fc095b7,503,1380.02,,,0,2026-09-11 22:29:06,MOCKLOAD
1003,2026-08-26,23,102,1f4d57b080da448b96f5,503,422.28,,,0,2026-09-11 22:29:06,MOCKLOAD
1003,2026-08-27,15,120,8815ec2438d74ac3b484,503,1382.16,,,0,2026-09-11 22:29:06,MOCKLOAD
1003,2026-08-28,11,110,583a6b9e37ec47179efb,503,63.75,,,0,2026-09-11 22:29:06,MOCKLOAD
1003,2026-08-29,24,117,06d8ee110be84889b3dd,503,355.49,,,0,2026-09-11 22:29:06,MOCKLOAD
1003,2026-08-30,11,108,51bd6027ebd6414aba5c,503,217.22,,,0,2026-09-11 22:29:06,MOCKLOAD
1003,2026-08-31,13,107,5e2d78f9955e4516ab67,503,425.11,,,0,2026-09-11 22:29:06,MOCKLOAD
1003,2026-09-01,15,111,4a789e4c141c4196ad1b,503,1379.65,,,0,2026-09-11 22:29:06,MOCKLOAD
1003,2026-09-02,19,111,abb0130cf48f452f8389,503,3091.45,,,0,2026-09-11 22:29:06,MOCKLOAD
1003,2026-09-03,24,110,e1860e4105e94ecb89bf,503,1845.52,,,0,2026-09-11 22:29:06,MOCKLOAD
1003,2026-09-04,24,110,780c6e3d18784b27a0e4,503,45.88,,,0,2026-09-11 22:29:06,MOCKLOAD
1003,2026-09-05,19,106,7d0ed53ed2ae4326bf5f,503,871.21,,,0,2026-09-11 22:29:06,MOCKLOAD
1003,2026-09-06,20,119,d3c64a3b06b74e1c9090,503,110.35,,,0,2026-09-11 22:29:06,MOCKLOAD
1003,2026-09-07,29,113,cd5307fb08bf4c1b9f83,503,1682.35,,,0,2026-09-11 22:29:06,MOCKLOAD
1003,2026-09-08,10,120,b3e9c702672a4a4c9243,503,183.73,,,0,2026-09-11 22:29:06,MOCKLOAD
1003,2026-09-09,20,112,2acbc20516e7418a8400,503,1090.66,,,0,2026-09-11 22:29:06,MOCKLOAD
1003,2026-08-11,26,114,6de94f30b5bc4c11ba81,503,48.81,,,0,2026-09-11 22:29:06,MOCKLOAD
1003,2026-08-12,18,115,433f9724198f44b7ae04,503,530.9,,,0,2026-09-11 22:29:06,MOCKLOAD
1003,2026-08-13,23,101,334f45d3a9a24adea6c0,503,2324.82,,,0,2026-09-11 22:29:06,MOCKLOAD
1003,2026-08-14,12,102,2acddf10c9244af4bc4e,503,313,,,0,2026-09-11 22:29:06,MOCKLOAD
1003,2026-08-15,12,119,347a1fb6582645049533,503,3938,,,0,2026-09-11 22:29:06,MOCKLOAD
1003,2026-08-16,23,107,c6bb7f10f8ad47bda6fd,503,858.9,,,0,2026-09-11 22:29:06,MOCKLOAD
1003,2026-08-17,12,105,a7c200592f2144858ee0,503,325.86,,,0,2026-09-11 22:29:06,MOCKLOAD
1003,2026-08-18,11,101,8c8398e5415548bcbdcc,503,1257.88,,,0,2026-09-11 22:29:06,MOCKLOAD
1003,2026-08-19,19,101,5af34e761b1c4dcdac47,503,118.03,,,0,2026-09-11 22:29:06,MOCKLOAD
1003,2026-08-20,14,118,196b8cd0346f4ec39d11,503,36.63,,,0,2026-09-11 22:29:06,MOCKLOAD
1003,2026-08-21,15,103,3866c848ca4e47aa9b87,503,373.28,,,0,2026-09-11 22:29:06,MOCKLOAD
1003,2026-08-22,12,106,fd0423e3f1394d3c9316,503,52.47,,,0,2026-09-11 22:29:06,MOCKLOAD
1003,2026-08-23,25,118,04c1f05015a24e0a89aa,503,3590.13,,,0,2026-09-11 22:29:06,MOCKLOAD
1003,2026-08-24,14,117,5a5be70ff7a74aa5a414,503,1529.31,,,0,2026-09-11 22:29:06,MOCKLOAD
1003,2026-08-25,17,112,51bfc4699d974ba2b12a,503,581.23,,,0,2026-09-11 22:29:06,MOCKLOAD
1003,2026-08-26,21,114,692f4e92382247e49b9f,503,1310.11,,,0,2026-09-11 22:29:06,MOCKLOAD
1003,2026-08-27,10,107,3e24fa4b364e4d188cce,503,725.48,,,0,2026-09-11 22:29:06,MOCKLOAD
1003,2026-08-28,24,101,4d8ef5e7aa104792bc2a,503,808.4,,,0,2026-09-11 22:29:06,MOCKLOAD
1003,2026-08-29,12,101,aaa68a5a9f7c4c739a76,503,54.12,,,0,2026-09-11 22:29:06,MOCKLOAD
1003,2026-08-30,22,120,8289f0d624fa43749385,503,101.98,,,0,2026-09-11 22:29:06,MOCKLOAD
1003,2026-08-31,15,119,59cb64b2730042c6a017,503,843.62,,,0,2026-09-11 22:29:06,MOCKLOAD
1003,2026-09-01,15,103,a8b8a19ab9e940c689e4,503,1841.68,,,0,2026-09-11 22:29:06,MOCKLOAD
1003,2026-09-02,13,120,eb03767115bd4bddbda9,503,920.32,,,0,2026-09-11 22:29:06,MOCKLOAD
1003,2026-09-03,19,111,d8b4176e0ced4a5db99a,503,243.68,,,0,2026-09-11 22:29:06,MOCKLOAD
1003,2026-09-04,11,111,da80bee6d6274d729e9b,503,59.97,,,0,2026-09-11 22:29:06,MOCKLOAD
1003,2026-09-05,17,103,73d0fec922fe414e88ba,503,1863.42,,,0,2026-09-11 22:29:06,MOCKLOAD
1003,2026-09-06,28,115,54b3bdb3b54d4fe0806f,503,689.5,,,0,2026-09-11 22:29:06,MOCKLOAD
1003,2026-09-07,15,105,a479682fe6274c58a68e,503,275.51,,,0,2026-09-11 22:29:06,MOCKLOAD
1003,2026-09-08,20,110,8fd55c67fd0e4b63b86d,503,1784.66,,,0,2026-09-11 22:29:06,MOCKLOAD
1003,2026-09-09,25,118,17bf25db503344efa682,503,953.17,,,0,2026-09-11 22:29:06,MOCKLOAD
1003,2026-08-11,13,116,c30dea5a0ffc4a198b3c,503,3172.08,,,0,2026-09-11 22:29:06,MOCKLOAD
1003,2026-08-12,10,116,b47388253dca4e9dbf2d,503,41.41,,,0,2026-09-11 22:29:06,MOCKLOAD
1003,2026-08-13,23,104,1283b8f5cfcc4e24ad47,503,2866.01,,,0,2026-09-11 22:29:06,MOCKLOAD
1003,2026-08-14,14,112,965539311b3447709a54,503,524.23,,,0,2026-09-11 22:29:06,MOCKLOAD
1003,2026-08-15,24,119,0c276e0600cf4ac08600,503,3519.29,,,0,2026-09-11 22:29:06,MOCKLOAD
1003,2026-08-16,10,115,2702be1331c149f9ac57,503,1633.14,,,0,2026-09-11 22:29:06,MOCKLOAD
1003,2026-08-17,12,116,23876c05befc45abbd8f,503,876.31,,,0,2026-09-11 22:29:06,MOCKLOAD
1003,2026-08-18,28,116,1902b946147c4d0ca4c0,503,507.79,,,0,2026-09-11 22:29:06,MOCKLOAD
1003,2026-08-19,17,118,d5d602e2dced434ebbec,503,52.01,,,0,2026-09-11 22:29:06,MOCKLOAD
1003,2026-08-20,17,107,a2fc310c840c4c65a53c,503,53.84,,,0,2026-09-11 22:29:06,MOCKLOAD
1003,2026-08-21,15,116,a6c8509ffa11481ea9b9,503,1590.18,,,0,2026-09-11 22:29:06,MOCKLOAD
1003,2026-08-22,19,110,42d936694a5847aeb355,503,94.9,,,0,2026-09-11 22:29:06,MOCKLOAD
1003,2026-08-23,13,109,dfebc4ffb0984ed6a3bf,503,502.31,,,0,2026-09-11 22:29:06,MOCKLOAD
1003,2026-08-24,24,116,e852aae5aff94b2ba5ce,503,917.8,,,0,2026-09-11 22:29:06,MOCKLOAD
1003,2026-08-25,26,104,2e1de1bd4d25441fb74f,503,72.37,,,0,2026-09-11 22:29:06,MOCKLOAD
1003,2026-08-26,17,117,3066bdae6b624919859f,503,725.69,,,0,2026-09-11 22:29:06,MOCKLOAD
1003,2026-08-27,24,112,c11260d7ad3940d8b6da,503,61.49,,,0,2026-09-11 22:29:06,MOCKLOAD
1003,2026-08-28,22,108,4d40f30c349947769678,503,479.92,,,0,2026-09-11 22:29:06,MOCKLOAD
1003,2026-08-29,20,109,7ef51439a27e4bcdb267,503,1017.58,,,0,2026-09-11 22:29:06,MOCKLOAD
1003,2026-08-30,23,119,e32d0c0d97764178915b,503,689.92,,,0,2026-09-11 22:29:06,MOCKLOAD
1003,2026-08-31,10,109,417adaa3c003436ca881,503,587.91,,,0,2026-09-11 22:29:06,MOCKLOAD
1003,2026-09-01,14,111,69ce19eb663a4c9197f3,503,2037.75,,,0,2026-09-11 22:29:06,MOCKLOAD
1003,2026-09-02,17,102,109f97149fe24c95a5b7,503,190.74,,,0,2026-09-11 22:29:06,MOCKLOAD
1003,2026-09-03,27,101,3f482e17bb5448bea88c,503,2707.7,,,0,2026-09-11 22:29:06,MOCKLOAD
1003,2026-09-04,25,120,ef55a1efa0a4488a9683,503,99.25,,,0,2026-09-11 22:29:06,MOCKLOAD
1003,2026-09-05,26,110,266c7e9f4c7746339536,503,256.68,,,0,2026-09-11 22:29:06,MOCKLOAD
1003,2026-09-06,20,102,a5991e26e0644e80948a,503,140.7,,,0,2026-09-11 22:29:06,MOCKLOAD
1003,2026-09-07,24,118,09279b2c92624ba0bc24,503,3056.71,,,0,2026-09-11 22:29:06,MOCKLOAD
1003,2026-09-08,10,111,2b7df249f1d14ad18bc8,503,547.38,,,0,2026-09-11 22:29:06,MOCKLOAD
1003,2026-09-09,22,120,103723c5166c45e1afb8,503,1742.18,,,0,2026-09-11 22:29:06,MOCKLOAD
1003,2026-08-11,28,102,9474ff7d95444a578d40,503,615.19,,,0,2026-09-11 22:29:06,MOCKLOAD
1003,2026-08-12,19,110,fb5752752e874855b1ad,503,754.01,,,0,2026-09-11 22:29:06,MOCKLOAD
1003,2026-08-13,25,108,83b91ee0aa3c44e48d49,503,234.11,,,0,2026-09-11 22:29:06,MOCKLOAD
1003,2026-08-14,15,119,c4b28b56c2ac4c70a590,503,3152.59,,,0,2026-09-11 22:29:06,MOCKLOAD
1003,2026-08-15,21,109,3f2933bf661049b78164,503,3145.77,,,0,2026-09-11 22:29:06,MOCKLOAD
1003,2026-08-16,20,118,a8d46efbecd74eb996a8,503,254.6,,,0,2026-09-11 22:29:06,MOCKLOAD
1003,2026-08-17,25,115,35c1cddde33149c68a17,503,1775.18,,,0,2026-09-11 22:29:06,MOCKLOAD
1003,2026-08-18,12,116,a0e6175853394cb4bc39,503,826.49,,,0,2026-09-11 22:29:06,MOCKLOAD
1003,2026-08-19,25,117,4d18ba27f9f640f4bc04,503,1053.95,,,0,2026-09-11 22:29:06,MOCKLOAD
1003,2026-08-20,25,104,fb6de04107994e7faf4d,503,75.15,,,0,2026-09-11 22:29:06,MOCKLOAD
1003,2026-08-21,10,112,12c910570ac544438270,503,2183.77,,,0,2026-09-11 22:29:06,MOCKLOAD
1003,2026-08-22,17,111,2314edb25d7343bbb2c0,503,1415.15,,,0,2026-09-11 22:29:06,MOCKLOAD
1003,2026-08-23,23,104,5a3c8a412a184afaa64f,503,1767.15,,,0,2026-09-11 22:29:06,MOCKLOAD
1003,2026-08-24,29,116,2de6c5e5e51b4fceb414,503,1274.1,,,0,2026-09-11 22:29:06,MOCKLOAD
1003,2026-08-25,24,112,1a0a1e6963f14e918200,503,1313.45,,,0,2026-09-11 22:29:06,MOCKLOAD
1003,2026-08-26,24,115,f2faf040777e4f04b20b,503,1589.02,,,0,2026-09-11 22:29:06,MOCKLOAD
1003,2026-08-27,14,110,79eafce0593a4b3985df,503,1014.91,,,0,2026-09-11 22:29:06,MOCKLOAD
1003,2026-08-28,23,119,937a300b08ed4704b118,503,891.35,,,0,2026-09-11 22:29:06,MOCKLOAD
1003,2026-08-29,29,102,7f4af138db044eb9b80d,503,185.01,,,0,2026-09-11 22:29:06,MOCKLOAD
1003,2026-08-30,26,106,4202c4d4d48b42abb45d,503,314.14,,,0,2026-09-11 22:29:06,MOCKLOAD
1003,2026-08-31,22,108,6351502372fd4cf4985d,503,2492.36,,,0,2026-09-11 22:29:06,MOCKLOAD
1003,2026-09-01,18,107,d6ce6dec75a44a8a8213,503,753.51,,,0,2026-09-11 22:29:06,MOCKLOAD
1003,2026-09-02,17,102,9e87039d47b5400e8e18,503,3.4,,,0,2026-09-11 22:29:06,MOCKLOAD
1003,2026-09-03,16,106,0080ca3d63a94b42bfba,503,610.77,,,0,2026-09-11 22:29:06,MOCKLOAD
1003,2026-09-04,22,113,def0c2e3e71746858ad8,503,364.42,,,0,2026-09-11 22:29:06,MOCKLOAD
1003,2026-09-05,21,106,f2332d361e474f8fb9f4,503,1297.46,,,0,2026-09-11 22:29:06,MOCKLOAD
1003,2026-09-06,16,103,d9c4b54e476a4497a7eb,503,73.37,,,0,2026-09-11 22:29:06,MOCKLOAD
1003,2026-09-07,10,106,085d227d01074b759ce9,503,2127,,,0,2026-09-11 22:29:06,MOCKLOAD
1003,2026-09-08,27,116,0f977d054dd741dc8df6,503,1097.41,,,0,2026-09-11 22:29:06,MOCKLOAD
1003,2026-09-09,12,101,b39737ab60144efabe21,503,2443.45,,,0,2026-09-11 22:29:06,MOCKLOAD
1003,2026-08-11,29,119,e660b894e1924f129b79,503,1699.14,,,0,2026-09-11 22:29:06,MOCKLOAD
1003,2026-08-12,24,113,f765697c0b5948e19a45,503,801.71,,,0,2026-09-11 22:29:06,MOCKLOAD
1003,2026-08-13,15,101,bfcef8f9dd48446dadb4,503,3037.97,,,0,2026-09-11 22:29:06,MOCKLOAD
1003,2026-08-14,25,106,538894bcddad410fb1b9,503,565.31,,,0,2026-09-11 22:29:06,MOCKLOAD
1003,2026-08-15,15,117,2f3166fb3a1e44d4b386,503,50.74,,,0,2026-09-11 22:29:06,MOCKLOAD
1003,2026-08-16,20,111,7653ff838e154cc6853c,503,94.45,,,0,2026-09-11 22:29:06,MOCKLOAD
1003,2026-08-17,16,119,708e324633ab4212a18f,503,2294.87,,,0,2026-09-11 22:29:06,MOCKLOAD
1003,2026-08-18,20,105,cdd630d841c74854aedb,503,2318.73,,,0,2026-09-11 22:29:06,MOCKLOAD
1003,2026-08-19,24,105,344bc65b55d24a4bb452,503,511.25,,,0,2026-09-11 22:29:06,MOCKLOAD
1003,2026-08-20,15,103,68acbc1d24c1450795d1,503,146.12,,,0,2026-09-11 22:29:06,MOCKLOAD
1003,2026-08-21,29,113,0ac2334aea164f59a4ae,503,696.48,,,0,2026-09-11 22:29:06,MOCKLOAD
1003,2026-08-22,27,113,94d89e7211e34ba69fb1,503,271.39,,,0,2026-09-11 22:29:06,MOCKLOAD
1003,2026-08-23,19,102,3e9d5440f18e4f4ab799,503,563.37,,,0,2026-09-11 22:29:06,MOCKLOAD
1003,2026-08-24,21,101,42da8c5358e64d689272,503,348.21,,,0,2026-09-11 22:29:06,MOCKLOAD
1003,2026-08-25,26,102,6152be61f180450d8445,503,2936.88,,,0,2026-09-11 22:29:06,MOCKLOAD
1003,2026-08-26,11,104,f2d08500febd42af9668,503,54.76,,,0,2026-09-11 22:29:06,MOCKLOAD
1003,2026-08-27,23,114,53719aa3f8d64f5bb396,503,26.48,,,0,2026-09-11 22:29:06,MOCKLOAD
1003,2026-08-28,13,111,63366b7522f44759b853,503,536.86,,,0,2026-09-11 22:29:06,MOCKLOAD
1003,2026-08-29,12,102,ccf198ad65504b2c91e9,503,110.66,,,0,2026-09-11 22:29:06,MOCKLOAD
1003,2026-08-30,28,101,5bac011fa7f547a596f6,503,1616.3,,,0,2026-09-11 22:29:06,MOCKLOAD
1003,2026-08-31,14,102,c3aa00fba5094bf29f53,503,687.79,,,0,2026-09-11 22:29:06,MOCKLOAD
1003,2026-09-01,19,104,5bfe5227a89d4b90ab9d,503,829.29,,,0,2026-09-11 22:29:06,MOCKLOAD
1003,2026-09-02,23,115,be8b17f36c2942ba82ca,503,2424.89,,,0,2026-09-11 22:29:06,MOCKLOAD
1003,2026-09-03,18,105,2bfc0ddc1a11458c8cee,503,613.89,,,0,2026-09-11 22:29:06,MOCKLOAD
1003,2026-09-04,20,120,acdde9d277f045f4ad4f,503,121.78,,,0,2026-09-11 22:29:06,MOCKLOAD
1003,2026-09-05,25,115,2d8c4b2fa04e4e56a6b4,503,245.68,,,0,2026-09-11 22:29:06,MOCKLOAD
1003,2026-09-06,25,120,0166feb23d59469c9cfa,503,984.17,,,0,2026-09-11 22:29:06,MOCKLOAD
1003,2026-09-07,29,112,7d11f82ed92e4ee6a1d3,503,69.19,,,0,2026-09-11 22:29:06,MOCKLOAD
1003,2026-09-08,23,116,15868e0216b0490ab22b,503,265.79,,,0,2026-09-11 22:29:06,MOCKLOAD
1003,2026-09-09,26,106,2e940b2807a749ab8cdf,503,171.63,,,0,2026-09-11 22:29:06,MOCKLOAD
1003,2026-08-11,28,113,7815e67b03df44938efd,503,1339.22,,,0,2026-09-11 22:29:06,MOCKLOAD
1003,2026-08-12,19,111,8fb29d63e3bb45a49da7,503,1676.85,,,0,2026-09-11 22:29:06,MOCKLOAD
1003,2026-08-13,26,117,cf9ab53cb0534f90a9ab,503,1828.42,,,0,2026-09-11 22:29:06,MOCKLOAD
1003,2026-08-14,28,102,31a6546cee05421fae9d,503,866.72,,,0,2026-09-11 22:29:06,MOCKLOAD
1003,2026-08-15,14,105,d9600a85358d48ed9fed,503,1480.1,,,0,2026-09-11 22:29:06,MOCKLOAD
1003,2026-08-16,21,110,193970fc3f5546c6a272,503,1738.72,,,0,2026-09-11 22:29:06,MOCKLOAD
1003,2026-08-17,14,116,f80a3533ccdb413b8312,503,101.95,,,0,2026-09-11 22:29:06,MOCKLOAD
1003,2026-08-18,28,108,3e8bc883dcc84362a637,503,2307.53,,,0,2026-09-11 22:29:06,MOCKLOAD
1003,2026-08-19,11,116,749de22e8f5b48b88375,503,35.32,,,0,2026-09-11 22:29:06,MOCKLOAD
1003,2026-08-20,26,114,c192a8723a2847599c8a,503,404.62,,,0,2026-09-11 22:29:06,MOCKLOAD
1003,2026-08-21,19,109,6b599a033dc245efa2ac,503,475.35,,,0,2026-09-11 22:29:06,MOCKLOAD
1003,2026-08-22,15,112,740fca5c75c2487cb2ef,503,2049.66,,,0,2026-09-11 22:29:06,MOCKLOAD
1003,2026-08-23,22,112,8b711657c30249c794b7,503,1293.38,,,0,2026-09-11 22:29:06,MOCKLOAD
1003,2026-08-24,11,115,5fa454cdfa5c4a36943c,503,1933.84,,,0,2026-09-11 22:29:06,MOCKLOAD
1003,2026-08-25,24,111,5dca5d7fe0104d468f01,503,183.82,,,0,2026-09-11 22:29:06,MOCKLOAD
1003,2026-08-26,29,109,c18881bb8ffa41f7a370,503,2358.83,,,0,2026-09-11 22:29:06,MOCKLOAD
1003,2026-08-27,15,103,56cf2afdf9d34c5889e5,503,510.8,,,0,2026-09-11 22:29:06,MOCKLOAD
1003,2026-08-28,24,112,bacd81cc4dc3467ca456,503,1073.11,,,0,2026-09-11 22:29:06,MOCKLOAD
1003,2026-08-29,21,115,617031706bd44f999121,503,958.05,,,0,2026-09-11 22:29:06,MOCKLOAD
1003,2026-08-30,10,102,436cb4550b164800ada8,503,1522.08,,,0,2026-09-11 22:29:06,MOCKLOAD
1003,2026-08-31,29,104,1ecd45c6e4654719b463,503,82.19,,,0,2026-09-11 22:29:06,MOCKLOAD
1003,2026-09-01,21,110,4b9f2b88d2f54c0f9c18,503,1060.78,,,0,2026-09-11 22:29:06,MOCKLOAD
1003,2026-09-02,26,117,77b5d9f5b58f4fdb83cc,503,107.76,,,0,2026-09-11 22:29:06,MOCKLOAD
1003,2026-09-03,11,113,bf1e38470af04424ad61,503,793.24,,,0,2026-09-11 22:29:06,MOCKLOAD
1003,2026-09-04,11,107,410a8a7aeeb24185ba3f,503,3013.69,,,0,2026-09-11 22:29:06,MOCKLOAD
1003,2026-09-05,18,104,ab221a425f1840a6ba37,503,3461.29,,,0,2026-09-11 22:29:06,MOCKLOAD
1003,2026-09-06,17,107,c06ddcb262e94b61b475,503,1706.65,,,0,2026-09-11 22:29:06,MOCKLOAD
1003,2026-09-07,23,109,47ebce9d672b4cc794d8,503,395.43,,,0,2026-09-11 22:29:06,MOCKLOAD
1003,2026-09-08,11,120,1712fe64470c4963b7ae,503,809.15,,,0,2026-09-11 22:29:06,MOCKLOAD
1003,2026-09-09,26,113,6e197537999248f0a78d,503,99.63,,,0,2026-09-11 22:29:06,MOCKLOAD
1003,2026-08-11,13,107,690587eece7c49b5aa86,503,61.52,,,0,2026-09-11 22:29:06,MOCKLOAD
1003,2026-08-12,20,104,7aca8619f36e4eacbbfa,503,115.57,,,0,2026-09-11 22:29:06,MOCKLOAD
1003,2026-08-13,27,115,83ffa7a0d3a74a0ca061,503,452.61,,,0,2026-09-11 22:29:06,MOCKLOAD
1003,2026-08-14,14,114,23c97ab76dcf4a0d999e,503,1726.68,,,0,2026-09-11 22:29:06,MOCKLOAD
1003,2026-08-15,18,111,d01f81ec434f480d92d5,503,920.21,,,0,2026-09-11 22:29:06,MOCKLOAD
1003,2026-08-16,13,107,ac8ae67f0754491e82f9,503,498.72,,,0,2026-09-11 22:29:06,MOCKLOAD
1003,2026-08-17,29,104,b8bf9b80c6be41cd971b,503,2066.99,,,0,2026-09-11 22:29:06,MOCKLOAD
1003,2026-08-18,22,110,204ab8fde8bf43cfaf35,503,195.65,,,0,2026-09-11 22:29:06,MOCKLOAD
1003,2026-08-19,16,109,9bfde5c712e641b3ae97,503,367.7,,,0,2026-09-11 22:29:06,MOCKLOAD
1003,2026-08-20,20,108,9443a7cdcd56480d819e,503,136.39,,,0,2026-09-11 22:29:06,MOCKLOAD
1003,2026-08-21,18,112,34b9e0b0db6f402b927a,503,3306.05,,,0,2026-09-11 22:29:06,MOCKLOAD
1003,2026-08-22,23,114,40361489f374489c8398,503,2366.73,,,0,2026-09-11 22:29:06,MOCKLOAD
1003,2026-08-23,19,105,fa3ad723ef7e4c9ab415,503,1595.56,,,0,2026-09-11 22:29:06,MOCKLOAD
1003,2026-08-24,19,119,ed43c1b2440345ae80df,503,89.79,,,0,2026-09-11 22:29:06,MOCKLOAD
1003,2026-08-25,12,106,75b5c2b217e143b896b9,503,2145.29,,,0,2026-09-11 22:29:06,MOCKLOAD
1003,2026-08-26,16,114,7e81578a8dd348edaa69,503,21.43,,,0,2026-09-11 22:29:06,MOCKLOAD
1003,2026-08-27,20,116,3c2f101c8f4344eb9279,503,36.96,,,0,2026-09-11 22:29:06,MOCKLOAD
1003,2026-08-28,15,104,1f03b8fd37924427be6b,503,175.94,,,0,2026-09-11 22:29:06,MOCKLOAD
1003,2026-08-29,11,117,60022476a6764e9db970,503,940.46,,,0,2026-09-11 22:29:06,MOCKLOAD
1003,2026-08-30,10,101,d4408926dfee48199cdd,503,2753.83,,,0,2026-09-11 22:29:06,MOCKLOAD
1003,2026-08-31,23,105,3a64c34664434cd38219,503,163.43,,,0,2026-09-11 22:29:06,MOCKLOAD
1003,2026-09-01,19,118,a023df938387440abbb0,503,2051.74,,,0,2026-09-11 22:29:06,MOCKLOAD
1003,2026-09-02,20,111,a1bc7aaf6e7446388152,503,2203.02,,,0,2026-09-11 22:29:06,MOCKLOAD
1003,2026-09-03,25,101,32a9bd9e4e4b43c1a55e,503,96.73,,,0,2026-09-11 22:29:06,MOCKLOAD
1003,2026-09-04,27,120,ffc5380f7bf140d99d92,503,580.74,,,0,2026-09-11 22:29:06,MOCKLOAD
1003,2026-09-05,23,107,93417555e6614590b36a,503,639.61,,,0,2026-09-11 22:29:06,MOCKLOAD
1003,2026-09-06,12,116,0d31714f360c406bb014,503,547.16,,,0,2026-09-11 22:29:06,MOCKLOAD
1003,2026-09-07,21,114,808bf212a5ca40cea365,503,135.51,,,0,2026-09-11 22:29:06,MOCKLOAD
1003,2026-09-08,27,119,fcdda6ea29614fa78e9d,503,3046.5,,,0,2026-09-11 22:29:06,MOCKLOAD
1003,2026-09-09,16,108,c388665b3a494826b9b3,503,790.41,,,0,2026-09-11 22:29:06,MOCKLOAD
1003,2026-08-11,28,113,84f50e76821041eb836c,503,1078.5,,,0,2026-09-11 22:29:06,MOCKLOAD
1003,2026-08-12,16,116,7ee394a0dc044cdfbef4,503,361.31,,,0,2026-09-11 22:29:06,MOCKLOAD
1003,2026-08-13,10,119,3980d6f12a9e4eb1af0a,503,7.21,,,0,2026-09-11 22:29:06,MOCKLOAD
1003,2026-08-14,12,102,ef8572314fdf41d4852e,503,1649.82,,,0,2026-09-11 22:29:06,MOCKLOAD
1003,2026-08-15,21,105,17469dc5583f41298f80,503,2801.41,,,0,2026-09-11 22:29:06,MOCKLOAD
1003,2026-08-16,10,114,e59327f7564a4661a675,503,678.47,,,0,2026-09-11 22:29:06,MOCKLOAD
1003,2026-08-17,18,117,36696bbbfaed430aa0b2,503,7.97,,,0,2026-09-11 22:29:06,MOCKLOAD
1003,2026-08-18,23,103,98b45e5225b445738a1a,503,1905.3,,,0,2026-09-11 22:29:06,MOCKLOAD
1003,2026-08-19,29,101,024cca4909e043c9bbe7,503,1412.97,,,0,2026-09-11 22:29:06,MOCKLOAD
1003,2026-08-20,17,117,fbeb80d1998e4a00b61f,503,208.13,,,0,2026-09-11 22:29:06,MOCKLOAD
1003,2026-08-21,12,119,ee6008774d994bf19bb6,503,981.59,,,0,2026-09-11 22:29:06,MOCKLOAD
1003,2026-08-22,10,110,772bf6f3978b4822bffc,503,295.82,,,0,2026-09-11 22:29:06,MOCKLOAD
1003,2026-08-23,14,118,c206eaeb1bbb4a1d96ad,503,2214.97,,,0,2026-09-11 22:29:06,MOCKLOAD
1003,2026-08-24,10,119,7d0cdf0ae49a4dbcb935,503,262.19,,,0,2026-09-11 22:29:06,MOCKLOAD
1003,2026-08-25,19,102,30334bb6aebb42bfa1d7,503,347.45,,,0,2026-09-11 22:29:06,MOCKLOAD
1003,2026-08-26,19,120,12b3739b68d042049c72,503,36.82,,,0,2026-09-11 22:29:06,MOCKLOAD
1003,2026-08-27,16,105,ae6ccef1fcaf4a37b917,503,756.66,,,0,2026-09-11 22:29:06,MOCKLOAD
1003,2026-08-28,20,109,a8e4a6148e7742d9a05b,503,589.38,,,0,2026-09-11 22:29:06,MOCKLOAD
1003,2026-08-29,17,120,ae42f7f2b1594d74b841,503,65.16,,,0,2026-09-11 22:29:06,MOCKLOAD
1003,2026-08-30,24,101,aaa75fa34d3d45b19864,503,2338.78,,,0,2026-09-11 22:29:06,MOCKLOAD
1003,2026-08-31,17,119,683469073dfd4308940b,503,2412.95,,,0,2026-09-11 22:29:06,MOCKLOAD
1003,2026-09-01,10,115,6bbf7edb559c46c29670,503,98.77,,,0,2026-09-11 22:29:06,MOCKLOAD
1003,2026-09-02,24,113,4ce48f2a9c864c52b160,503,2861.07,,,0,2026-09-11 22:29:06,MOCKLOAD
1003,2026-09-03,14,108,3875d181fe9849d39ac1,503,193.61,,,0,2026-09-11 22:29:06,MOCKLOAD
1003,2026-09-04,11,112,a5a2f54a7cc540c0a044,503,112.39,,,0,2026-09-11 22:29:06,MOCKLOAD
1003,2026-09-05,15,101,890b07f5b63d4eefaaa4,503,1761.85,,,0,2026-09-11 22:29:06,MOCKLOAD
1003,2026-09-06,28,119,83b07d2fbfb845e08ebd,503,32.62,,,0,2026-09-11 22:29:06,MOCKLOAD
1003,2026-09-07,15,118,4e8a3bc204b54e268883,503,556.27,,,0,2026-09-11 22:29:06,MOCKLOAD
1003,2026-09-08,15,111,9c28e3df4bcd475ebd9b,503,69.11,,,0,2026-09-11 22:29:06,MOCKLOAD
1003,2026-09-09,21,115,693f5e68cdf2494ba134,503,849.7,,,0,2026-09-11 22:29:06,MOCKLOAD
1003,2026-08-11,29,112,fd0fb8eda7c4485fa204,503,760.72,,,0,2026-09-11 22:29:06,MOCKLOAD
1003,2026-08-12,27,111,5849cfe70c0a430f9943,503,2105.4,,,0,2026-09-11 22:29:06,MOCKLOAD
1003,2026-08-13,21,102,8df34f53f40b4fbd800f,503,351.19,,,0,2026-09-11 22:29:06,MOCKLOAD
1003,2026-08-14,27,110,091a5de36f804f4bb260,503,919.48,,,0,2026-09-11 22:29:06,MOCKLOAD
1003,2026-08-15,13,106,d4574022c8894686a12f,503,1001.07,,,0,2026-09-11 22:29:06,MOCKLOAD
1003,2026-08-16,17,104,81d9f135291245f5b979,503,319.32,,,0,2026-09-11 22:29:06,MOCKLOAD
1003,2026-08-17,29,113,d663eb20c0a54c508fdc,503,164.05,,,0,2026-09-11 22:29:06,MOCKLOAD
1003,2026-08-18,28,114,f0d7d24a6ef84f548b46,503,1306.16,,,0,2026-09-11 22:29:06,MOCKLOAD
1003,2026-08-19,10,115,8aa440edf8a54283a25b,503,1713.09,,,0,2026-09-11 22:29:06,MOCKLOAD
1003,2026-08-20,10,118,0d8635fd8a4f4bc2999d,503,84.58,,,0,2026-09-11 22:29:06,MOCKLOAD
1003,2026-08-21,15,113,5f12d96553ea48c68ac1,503,3765.82,,,0,2026-09-11 22:29:06,MOCKLOAD
1003,2026-08-22,19,114,a940e0d6916d4b2da7f8,503,2504.63,,,0,2026-09-11 22:29:06,MOCKLOAD
1003,2026-08-23,14,109,c7eb290f0a3a4af78d8a,503,778.79,,,0,2026-09-11 22:29:06,MOCKLOAD
1003,2026-08-24,24,111,899b12196c034f748dda,503,359.13,,,0,2026-09-11 22:29:06,MOCKLOAD
1003,2026-08-25,20,120,4234cf2a0f63409e9582,503,2035.03,,,0,2026-09-11 22:29:06,MOCKLOAD
1003,2026-08-26,13,112,48d9fa31bed746eaa2c1,503,2139.6,,,0,2026-09-11 22:29:06,MOCKLOAD
1003,2026-08-27,26,103,39e695ad26aa4b4c9e76,503,2317.75,,,0,2026-09-11 22:29:06,MOCKLOAD
1003,2026-08-28,13,114,3cd91ab5d89e4eacba07,503,2503.45,,,0,2026-09-11 22:29:06,MOCKLOAD
1003,2026-08-29,16,104,1311bdd76dde42068b72,503,39.86,,,0,2026-09-11 22:29:06,MOCKLOAD
1003,2026-08-30,16,109,b95979f47eee4054ac9c,503,1852.88,,,0,2026-09-11 22:29:06,MOCKLOAD
1003,2026-08-31,25,111,8ff3f656c492467aa04c,503,2024.78,,,0,2026-09-11 22:29:06,MOCKLOAD
1003,2026-09-01,15,113,0a4094bbe1b749228c5f,503,2061.28,,,0,2026-09-11 22:29:06,MOCKLOAD
1003,2026-09-02,22,115,9d15fa44310f4e6087a1,503,2816.84,,,0,2026-09-11 22:29:06,MOCKLOAD
1003,2026-09-03,12,115,7cda39d9e479449b971a,503,359.47,,,0,2026-09-11 22:29:06,MOCKLOAD
1003,2026-09-04,22,117,ebf05a224ccd40c29803,503,1858.22,,,0,2026-09-11 22:29:06,MOCKLOAD
1003,2026-09-05,18,105,bf7bf410fb56404c968e,503,1483.3,,,0,2026-09-11 22:29:06,MOCKLOAD
1003,2026-09-06,27,104,0235b056079e41c59873,503,847.84,,,0,2026-09-11 22:29:06,MOCKLOAD
1003,2026-09-07,18,116,ee62f7b6797745cda164,503,49.45,,,0,2026-09-11 22:29:06,MOCKLOAD
1003,2026-09-08,23,109,f8f31d9b9cad49a29bb0,503,461.34,,,0,2026-09-11 22:29:06,MOCKLOAD
1003,2026-09-09,23,106,126665caccb148efa246,503,1964.59,,,0,2026-09-11 22:29:06,MOCKLOAD
1003,2026-08-11,20,106,8009166085084cf481d3,503,3317.53,,,0,2026-09-11 22:29:06,MOCKLOAD
1003,2026-08-12,27,101,e75086ab5f144a60a51b,503,988.3,,,0,2026-09-11 22:29:06,MOCKLOAD
1003,2026-08-13,27,113,80fe6d471fbe4a1dae0c,503,716.26,,,0,2026-09-11 22:29:06,MOCKLOAD
1003,2026-08-14,17,113,5e3a082bf1a7414691a3,503,2336.3,,,0,2026-09-11 22:29:06,MOCKLOAD
1003,2026-08-15,11,117,fe83ed5cc8a74f7d80c0,503,1982.44,,,0,2026-09-11 22:29:06,MOCKLOAD
1003,2026-08-16,25,112,8b4e073255aa4cc0bfb0,503,214.71,,,0,2026-09-11 22:29:06,MOCKLOAD
1003,2026-08-17,24,109,4425a4341b634cccab55,503,298.01,,,0,2026-09-11 22:29:06,MOCKLOAD
1003,2026-08-18,28,111,353552273cca4882aa80,503,20.03,,,0,2026-09-11 22:29:06,MOCKLOAD
1003,2026-08-19,23,113,cde83116f8034cfdb8d4,503,743.83,,,0,2026-09-11 22:29:06,MOCKLOAD
1003,2026-08-20,10,109,5f36d252f0e4486ea317,503,480.18,,,0,2026-09-11 22:29:06,MOCKLOAD
1003,2026-08-21,21,105,e93e169995d044af8328,503,2662.63,,,0,2026-09-11 22:29:06,MOCKLOAD
1003,2026-08-22,26,101,91de5a26d1ca44e387c9,503,509.04,,,0,2026-09-11 22:29:06,MOCKLOAD
1003,2026-08-23,13,103,8a1f500293994bd8b9d1,503,2568.89,,,0,2026-09-11 22:29:06,MOCKLOAD
1003,2026-08-24,29,101,3200dd52bdc74a01969c,503,495.72,,,0,2026-09-11 22:29:06,MOCKLOAD
1003,2026-08-25,15,106,b2a32acf1f324e6883ac,503,230.19,,,0,2026-09-11 22:29:06,MOCKLOAD
1003,2026-08-26,18,102,c84281bbe8c64e20b4bf,503,2723.06,,,0,2026-09-11 22:29:06,MOCKLOAD
1003,2026-08-27,28,110,f35f476a3a74485d898f,503,3098.38,,,0,2026-09-11 22:29:06,MOCKLOAD
1003,2026-08-28,17,101,ee38a45012ae46a68857,503,785.05,,,0,2026-09-11 22:29:06,MOCKLOAD
1003,2026-08-29,10,101,ffa29ed263714d2fa254,503,197.59,,,0,2026-09-11 22:29:06,MOCKLOAD
1003,2026-08-30,23,101,d9556a233f694a76bb3b,503,1961.49,,,0,2026-09-11 22:29:06,MOCKLOAD
1003,2026-08-31,15,118,98d088289240499ba3b5,503,247.92,,,0,2026-09-11 22:29:06,MOCKLOAD
1003,2026-09-01,22,113,84ceff501275456ab932,503,2957.36,,,0,2026-09-11 22:29:06,MOCKLOAD
1003,2026-09-02,20,109,54e3e00124634a529755,503,3179.47,,,0,2026-09-11 22:29:06,MOCKLOAD
1003,2026-09-03,28,108,9d615753016d478d9aa6,503,349.89,,,0,2026-09-11 22:29:06,MOCKLOAD
1003,2026-09-04,21,119,dd8d08bcef80452dbe07,503,2944.31,,,0,2026-09-11 22:29:06,MOCKLOAD
1003,2026-09-05,22,119,1937e0c1a36f4f23915c,503,1259.5,,,0,2026-09-11 22:29:06,MOCKLOAD
1003,2026-09-06,23,116,fb5d5173dbba427e9a61,503,2158.93,,,0,2026-09-11 22:29:06,MOCKLOAD
1003,2026-09-07,15,101,4482c82d8a0e45babafb,503,409.54,,,0,2026-09-11 22:29:06,MOCKLOAD
1003,2026-09-08,11,108,0c57d13b064d47a1b89b,503,527.61,,,0,2026-09-11 22:29:06,MOCKLOAD
1003,2026-09-09,21,118,d606ce4caad8491e80b1,503,1422.05,,,0,2026-09-11 22:29:06,MOCKLOAD
1004,2026-08-11,20,102,a3338cfe7c044dfd8673,504,3335.68,,,0,2026-09-11 22:29:06,MOCKLOAD
1004,2026-08-12,28,102,7c60161611fb4b078b6d,504,262.57,,,0,2026-09-11 22:29:06,MOCKLOAD
1004,2026-08-13,27,107,921694b3ab98459abd2e,504,1922.58,,,0,2026-09-11 22:29:06,MOCKLOAD
1004,2026-08-14,22,105,085a905eba894ee98e65,504,2270.63,,,0,2026-09-11 22:29:06,MOCKLOAD
1004,2026-08-15,19,111,6c39e766816544c8bacc,504,137.8,,,0,2026-09-11 22:29:06,MOCKLOAD
1004,2026-08-16,25,111,746dfd83a3b9409ea045,504,1497,,,0,2026-09-11 22:29:06,MOCKLOAD
1004,2026-08-17,20,105,2ca48063479b428982d8,504,2521.73,,,0,2026-09-11 22:29:06,MOCKLOAD
1004,2026-08-18,17,117,06c71709a0b341bcb0ef,504,2796.07,,,0,2026-09-11 22:29:06,MOCKLOAD
1004,2026-08-19,12,120,1b546f323fd04f25be2b,504,216.19,,,0,2026-09-11 22:29:06,MOCKLOAD
1004,2026-08-20,26,105,72763dcc2d5e4eec94f4,504,4511.77,,,0,2026-09-11 22:29:06,MOCKLOAD
1004,2026-08-21,26,118,3db0844d86874e3ead6e,504,553,,,0,2026-09-11 22:29:06,MOCKLOAD
1004,2026-08-22,28,106,bb3c481629ad46d59d8d,504,62.07,,,0,2026-09-11 22:29:06,MOCKLOAD
1004,2026-08-23,26,102,90ef9eea1ee34bd68959,504,1658.72,,,0,2026-09-11 22:29:06,MOCKLOAD
1004,2026-08-24,21,115,7a9952756646441e8d0b,504,2754.37,,,0,2026-09-11 22:29:06,MOCKLOAD
1004,2026-08-25,12,108,724ae76262734c0e81ea,504,1324.93,,,0,2026-09-11 22:29:06,MOCKLOAD
1004,2026-08-26,21,120,a7d1f0186e064728a814,504,1856.21,,,0,2026-09-11 22:29:06,MOCKLOAD
1004,2026-08-27,24,104,0dcd91c2fec748cebd35,504,1103.45,,,0,2026-09-11 22:29:06,MOCKLOAD
1004,2026-08-28,25,109,4078e290e3534faa82c0,504,1467.42,,,0,2026-09-11 22:29:06,MOCKLOAD
1004,2026-08-29,10,101,2b60bb9f439c44d7a960,504,150.37,,,0,2026-09-11 22:29:06,MOCKLOAD
1004,2026-08-30,13,117,01efcf7860f44218be81,504,206.18,,,0,2026-09-11 22:29:06,MOCKLOAD
1004,2026-08-31,14,116,2bff3419a85748d5b842,504,354.3,,,0,2026-09-11 22:29:06,MOCKLOAD
1004,2026-09-01,22,116,c2f88bfb9bdc4f458353,504,532.42,,,0,2026-09-11 22:29:06,MOCKLOAD
1004,2026-09-02,13,111,0ca72aa366404bcab934,504,1360.2,,,0,2026-09-11 22:29:06,MOCKLOAD
1004,2026-09-03,25,103,a33f336fdbd34bd5949f,504,1022.82,,,0,2026-09-11 22:29:06,MOCKLOAD
1004,2026-09-04,19,108,3250b184e691423d84dd,504,1038.66,,,0,2026-09-11 22:29:06,MOCKLOAD
1004,2026-09-05,11,102,57dbb57ac63c43d1aba5,504,682.27,,,0,2026-09-11 22:29:06,MOCKLOAD
1004,2026-09-06,21,119,50e74471dee64fda9f44,504,183.6,,,0,2026-09-11 22:29:06,MOCKLOAD
1004,2026-09-07,12,114,9ee2ec908b534772af3b,504,1790.53,,,0,2026-09-11 22:29:06,MOCKLOAD
1004,2026-09-08,20,106,1e75501226ab461d83d9,504,3286.2,,,0,2026-09-11 22:29:06,MOCKLOAD
1004,2026-09-09,20,110,20eae88aeb664a6b9ce0,504,1609.26,,,0,2026-09-11 22:29:06,MOCKLOAD
1004,2026-08-11,18,113,9b88dae479634f40acf0,504,1577.62,,,0,2026-09-11 22:29:06,MOCKLOAD
1004,2026-08-12,11,114,44ee97888d85420f8986,504,3151.4,,,0,2026-09-11 22:29:06,MOCKLOAD
1004,2026-08-13,11,119,0c2c59eacea54a919b1b,504,27.48,,,0,2026-09-11 22:29:06,MOCKLOAD
1004,2026-08-14,17,116,9156bb74cf4e4c7ab321,504,4801.69,,,0,2026-09-11 22:29:06,MOCKLOAD
1004,2026-08-15,15,106,658fc46629904ee78250,504,287.06,,,0,2026-09-11 22:29:06,MOCKLOAD
1004,2026-08-16,27,107,2cc192ac01f8400fb3ba,504,1768.47,,,0,2026-09-11 22:29:06,MOCKLOAD
1004,2026-08-17,21,113,1ca76632df4246b2ad8e,504,2496.77,,,0,2026-09-11 22:29:06,MOCKLOAD
1004,2026-08-18,18,108,ec7c0aeabe984aee8481,504,2321.42,,,0,2026-09-11 22:29:06,MOCKLOAD
1004,2026-08-19,24,103,24b2e1abc52a48fc930b,504,43.92,,,0,2026-09-11 22:29:06,MOCKLOAD
1004,2026-08-20,16,102,b10af97cf2ff489b9bfe,504,879.64,,,0,2026-09-11 22:29:06,MOCKLOAD
1004,2026-08-21,29,105,70f3fb72b013441e8805,504,87.09,,,0,2026-09-11 22:29:06,MOCKLOAD
1004,2026-08-22,25,107,631dd3211be74a9494e3,504,16.14,,,0,2026-09-11 22:29:06,MOCKLOAD
1004,2026-08-23,14,113,dc32007272744f678e93,504,1396.08,,,0,2026-09-11 22:29:06,MOCKLOAD
1004,2026-08-24,23,116,c18869b22a204d78b8b8,504,3260.26,,,0,2026-09-11 22:29:06,MOCKLOAD
1004,2026-08-25,29,105,fba1af0c092c485786ae,504,5265.03,,,0,2026-09-11 22:29:06,MOCKLOAD
1004,2026-08-26,13,108,abac63540e38439d87d7,504,664.58,,,0,2026-09-11 22:29:06,MOCKLOAD
1004,2026-08-27,25,120,6a313311dcd34e97b17d,504,657.17,,,0,2026-09-11 22:29:06,MOCKLOAD
1004,2026-08-28,14,104,b6435cd6da0346a880eb,504,236.45,,,0,2026-09-11 22:29:06,MOCKLOAD
1004,2026-08-29,29,116,86f4887f064a4a56beba,504,1934.68,,,0,2026-09-11 22:29:06,MOCKLOAD
1004,2026-08-30,16,113,32821655c4c0421b9565,504,1263.55,,,0,2026-09-11 22:29:06,MOCKLOAD
1004,2026-08-31,26,105,bf0cc864d3df4e58b37c,504,710.6,,,0,2026-09-11 22:29:06,MOCKLOAD
1004,2026-09-01,12,112,fffaf43850f64042a88b,504,947.46,,,0,2026-09-11 22:29:06,MOCKLOAD
1004,2026-09-02,10,116,4bf89f691afa4fef9507,504,4458.35,,,0,2026-09-11 22:29:06,MOCKLOAD
1004,2026-09-03,19,117,c8ce48e2ffa14968b88f,504,5239.84,,,0,2026-09-11 22:29:06,MOCKLOAD
1004,2026-09-04,28,104,49f4abb42e56473da3ec,504,1232.73,,,0,2026-09-11 22:29:06,MOCKLOAD
1004,2026-09-05,27,110,f99d80dbbe5044298b14,504,2837.37,,,0,2026-09-11 22:29:06,MOCKLOAD
1004,2026-09-06,22,109,5a17e6a5f773417495e9,504,2221.2,,,0,2026-09-11 22:29:06,MOCKLOAD
1004,2026-09-07,13,103,fc168958f48c4d80ba52,504,159.67,,,0,2026-09-11 22:29:06,MOCKLOAD
1004,2026-09-08,27,113,5c36529b135b45bf914b,504,3375.43,,,0,2026-09-11 22:29:06,MOCKLOAD
1004,2026-09-09,23,112,753888da952745ccae31,504,2570.5,,,0,2026-09-11 22:29:06,MOCKLOAD
1004,2026-08-11,16,113,679f4cf69952471bb3e8,504,1569.43,,,0,2026-09-11 22:29:06,MOCKLOAD
1004,2026-08-12,11,115,f4fed7af1d4949bcb113,504,4190.83,,,0,2026-09-11 22:29:06,MOCKLOAD
1004,2026-08-13,19,119,45806c41619c4bc0b48a,504,198.15,,,0,2026-09-11 22:29:06,MOCKLOAD
1004,2026-08-14,28,107,e340bff16c97488087ed,504,1169.05,,,0,2026-09-11 22:29:06,MOCKLOAD
1004,2026-08-15,27,109,a49dcae9af7e463fb008,504,1828.27,,,0,2026-09-11 22:29:06,MOCKLOAD
1004,2026-08-16,26,118,15092fabdc1844b8a2ea,504,1260.11,,,0,2026-09-11 22:29:06,MOCKLOAD
1004,2026-08-17,22,115,e0cdb22b17734ed8bb8c,504,1979.43,,,0,2026-09-11 22:29:06,MOCKLOAD
1004,2026-08-18,25,119,7384c7a9af844f93a0a3,504,989.24,,,0,2026-09-11 22:29:06,MOCKLOAD
1004,2026-08-19,15,101,f8a142decf354f2e9cd3,504,445.96,,,0,2026-09-11 22:29:06,MOCKLOAD
1004,2026-08-20,29,115,953030807bb840c89b1d,504,703.38,,,0,2026-09-11 22:29:06,MOCKLOAD
1004,2026-08-21,10,120,c53377d6a90b4f9fa071,504,1765.28,,,0,2026-09-11 22:29:06,MOCKLOAD
1004,2026-08-22,11,120,26b8adc6f60b41d2af2c,504,1370.36,,,0,2026-09-11 22:29:06,MOCKLOAD
1004,2026-08-23,28,102,fb2c31b2eb3b4f0a8ff7,504,1370.34,,,0,2026-09-11 22:29:06,MOCKLOAD
1004,2026-08-24,22,112,8d56d2790d7a4205be1d,504,4254.72,,,0,2026-09-11 22:29:06,MOCKLOAD
1004,2026-08-25,20,107,d35a68ea0f70461e9433,504,125.15,,,0,2026-09-11 22:29:06,MOCKLOAD
1004,2026-08-26,28,120,00b88dcbc05a40ed8d25,504,2389.62,,,0,2026-09-11 22:29:06,MOCKLOAD
1004,2026-08-27,12,109,693d70a6a91b4bf39040,504,2010.08,,,0,2026-09-11 22:29:06,MOCKLOAD
1004,2026-08-28,11,109,7fa24da217fb445cadfb,504,2076.7,,,0,2026-09-11 22:29:06,MOCKLOAD
1004,2026-08-29,20,118,b04eed3d43814ba7a016,504,2055.73,,,0,2026-09-11 22:29:06,MOCKLOAD
1004,2026-08-30,15,107,d8ad97236dde4927ac1c,504,44.74,,,0,2026-09-11 22:29:06,MOCKLOAD
1004,2026-08-31,18,110,95fb5b6484cd4a73bb45,504,1459.71,,,0,2026-09-11 22:29:06,MOCKLOAD
1004,2026-09-01,16,118,f98b74731c4a4b218ab6,504,1684.83,,,0,2026-09-11 22:29:06,MOCKLOAD
1004,2026-09-02,16,117,10ca933e7f1e45799570,504,1336.58,,,0,2026-09-11 22:29:06,MOCKLOAD
1004,2026-09-03,13,120,5714c2588124496bb4d8,504,1124.79,,,0,2026-09-11 22:29:06,MOCKLOAD
1004,2026-09-04,26,102,7eaec275bcc54ba9a535,504,251.63,,,0,2026-09-11 22:29:06,MOCKLOAD
1004,2026-09-05,22,115,2d7c7ba4c72e4cc3a51f,504,858.54,,,0,2026-09-11 22:29:06,MOCKLOAD
1004,2026-09-06,16,104,91943a137484454ba0c0,504,279.04,,,0,2026-09-11 22:29:06,MOCKLOAD
1004,2026-09-07,15,120,e943dd7a5abd4fbca350,504,1366.56,,,0,2026-09-11 22:29:06,MOCKLOAD
1004,2026-09-08,11,119,a22f0c29cd32438aabc9,504,937.44,,,0,2026-09-11 22:29:06,MOCKLOAD
1004,2026-09-09,29,117,dd2d0053a70a4e658e8f,504,1435.71,,,0,2026-09-11 22:29:06,MOCKLOAD
1004,2026-08-11,17,112,5df1cf8f9f334c388b67,504,3497.48,,,0,2026-09-11 22:29:06,MOCKLOAD
1004,2026-08-12,21,117,ae076f59ebef46d49d51,504,4679.67,,,0,2026-09-11 22:29:06,MOCKLOAD
1004,2026-08-13,25,120,de411bb55f18457ebbb7,504,565.48,,,0,2026-09-11 22:29:06,MOCKLOAD
1004,2026-08-14,19,118,49000b26b72343e5b631,504,234.92,,,0,2026-09-11 22:29:06,MOCKLOAD
1004,2026-08-15,29,118,0debede7fa96402faaf2,504,1613.51,,,0,2026-09-11 22:29:06,MOCKLOAD
1004,2026-08-16,16,104,111702a2c0e747db88ed,504,1805.48,,,0,2026-09-11 22:29:06,MOCKLOAD
1004,2026-08-17,10,107,e9f0456f5fda41629d57,504,941.8,,,0,2026-09-11 22:29:06,MOCKLOAD
1004,2026-08-18,26,113,96000711e6114dd7921d,504,2175.36,,,0,2026-09-11 22:29:06,MOCKLOAD
1004,2026-08-19,25,120,16d663ee2f9e49a68ef3,504,1562.77,,,0,2026-09-11 22:29:06,MOCKLOAD
1004,2026-08-20,15,117,37e6e3a189844658be5e,504,4544.24,,,0,2026-09-11 22:29:06,MOCKLOAD
1004,2026-08-21,29,111,24f84028904c403b8637,504,256.43,,,0,2026-09-11 22:29:06,MOCKLOAD
1004,2026-08-22,28,109,9e2d10ed93df4d6f91e6,504,142.49,,,0,2026-09-11 22:29:06,MOCKLOAD
1004,2026-08-23,14,119,a876d0ac741f4e06b5f8,504,1744.7,,,0,2026-09-11 22:29:06,MOCKLOAD
1004,2026-08-24,29,111,f9691c1790444c248fdb,504,1602.81,,,0,2026-09-11 22:29:06,MOCKLOAD
1004,2026-08-25,13,111,fa3cfd8152214cc2bcc8,504,553.8,,,0,2026-09-11 22:29:06,MOCKLOAD
1004,2026-08-26,18,114,ea261aa8eb6b42f7b94e,504,1648.2,,,0,2026-09-11 22:29:06,MOCKLOAD
1004,2026-08-27,15,103,e52cc8cb02bf42e38764,504,236.14,,,0,2026-09-11 22:29:06,MOCKLOAD
1004,2026-08-28,17,114,dc098311cb3e478eb3c6,504,69.17,,,0,2026-09-11 22:29:06,MOCKLOAD
1004,2026-08-29,26,111,312c7a08e484448f887e,504,1383.77,,,0,2026-09-11 22:29:06,MOCKLOAD
1004,2026-08-30,26,119,4ba6212ccc664f56bc30,504,2142.15,,,0,2026-09-11 22:29:06,MOCKLOAD
1004,2026-08-31,18,119,c6e3588b4e414f8f8f53,504,661.22,,,0,2026-09-11 22:29:06,MOCKLOAD
1004,2026-09-01,28,101,99c457f463e34e36b7cb,504,1205.96,,,0,2026-09-11 22:29:06,MOCKLOAD
1004,2026-09-02,22,107,aaed847654664d7682c2,504,1996.79,,,0,2026-09-11 22:29:06,MOCKLOAD
1004,2026-09-03,25,111,ebaef68495da466e861d,504,411.67,,,0,2026-09-11 22:29:06,MOCKLOAD
1004,2026-09-04,19,110,4936c646d7d244ebad45,504,1354.09,,,0,2026-09-11 22:29:06,MOCKLOAD
1004,2026-09-05,15,108,078de35752b84b4f8621,504,1719.38,,,0,2026-09-11 22:29:06,MOCKLOAD
1004,2026-09-06,19,109,adc556644cd7448db1f5,504,844.17,,,0,2026-09-11 22:29:06,MOCKLOAD
1004,2026-09-07,16,108,64fe4d9c004f46dc808e,504,3523.67,,,0,2026-09-11 22:29:06,MOCKLOAD
1004,2026-09-08,20,119,f56fe0386c4243a6801d,504,1525.78,,,0,2026-09-11 22:29:06,MOCKLOAD
1004,2026-09-09,24,115,cbb3ea7ca60b4beba19d,504,127.26,,,0,2026-09-11 22:29:06,MOCKLOAD
1004,2026-08-11,12,118,73650e55ed5d4b4a821b,504,162.09,,,0,2026-09-11 22:29:06,MOCKLOAD
1004,2026-08-12,17,116,b9306e19c7fe4f3bb614,504,1679.75,,,0,2026-09-11 22:29:06,MOCKLOAD
1004,2026-08-13,22,107,316c5be0ddc040aa9eaf,504,522.88,,,0,2026-09-11 22:29:06,MOCKLOAD
1004,2026-08-14,28,108,855bcf16b2224b1586ef,504,2389.33,,,0,2026-09-11 22:29:06,MOCKLOAD
1004,2026-08-15,23,111,43ed06ae02dc4a06be54,504,716.26,,,0,2026-09-11 22:29:06,MOCKLOAD
1004,2026-08-16,25,103,edab044ab60945f58ce9,504,2467.36,,,0,2026-09-11 22:29:06,MOCKLOAD
1004,2026-08-17,16,119,77c91e208c844909a80c,504,289.77,,,0,2026-09-11 22:29:06,MOCKLOAD
1004,2026-08-18,10,118,5b7f64a2a32d4a29b6bb,504,605.19,,,0,2026-09-11 22:29:06,MOCKLOAD
1004,2026-08-19,26,110,23d7dcf92bdb4040b78b,504,852.03,,,0,2026-09-11 22:29:06,MOCKLOAD
1004,2026-08-20,28,104,8d31baef82cd41e39630,504,1710.1,,,0,2026-09-11 22:29:06,MOCKLOAD
1004,2026-08-21,26,115,154da0bc2792412ca5aa,504,543.69,,,0,2026-09-11 22:29:06,MOCKLOAD
1004,2026-08-22,10,102,2bdff2c2622e4e3182bd,504,580.54,,,0,2026-09-11 22:29:06,MOCKLOAD
1004,2026-08-23,14,108,e079aed811544b6ab5da,504,1349.39,,,0,2026-09-11 22:29:06,MOCKLOAD
1004,2026-08-24,25,106,21a517c953344cf5b107,504,770.83,,,0,2026-09-11 22:29:06,MOCKLOAD
1004,2026-08-25,22,108,dddc9650b34244a1a606,504,3168,,,0,2026-09-11 22:29:06,MOCKLOAD
1004,2026-08-26,12,115,b2355ace6bb6428f8ff9,504,617.84,,,0,2026-09-11 22:29:06,MOCKLOAD
1004,2026-08-27,19,104,c0eb4abd443f42abb426,504,141.7,,,0,2026-09-11 22:29:06,MOCKLOAD
1004,2026-08-28,22,110,1f38d602b4534fb1b507,504,2414.34,,,0,2026-09-11 22:29:06,MOCKLOAD
1004,2026-08-29,12,103,048b0182722642d5aa1a,504,2471.74,,,0,2026-09-11 22:29:06,MOCKLOAD
1004,2026-08-30,29,107,729d6ad1df5c4f6d9658,504,1700.75,,,0,2026-09-11 22:29:06,MOCKLOAD
1004,2026-08-31,20,103,20ffa94c24bd462e835c,504,1614.84,,,0,2026-09-11 22:29:06,MOCKLOAD
1004,2026-09-01,16,119,93529330461d45c099fb,504,963.58,,,0,2026-09-11 22:29:06,MOCKLOAD
1004,2026-09-02,25,110,66174e61b7074b87a5aa,504,2602.58,,,0,2026-09-11 22:29:06,MOCKLOAD
1004,2026-09-03,26,111,e57ea92a023144338856,504,3356.99,,,0,2026-09-11 22:29:06,MOCKLOAD
1004,2026-09-04,10,101,eeee59551dfb46049cdf,504,218.79,,,0,2026-09-11 22:29:06,MOCKLOAD
1004,2026-09-05,26,111,02e2957fd12b42c7b3d5,504,225.32,,,0,2026-09-11 22:29:06,MOCKLOAD
1004,2026-09-06,28,105,28743aa5c5f94312b3be,504,965.71,,,0,2026-09-11 22:29:06,MOCKLOAD
1004,2026-09-07,29,115,74c7303824d3486c8406,504,1219.36,,,0,2026-09-11 22:29:06,MOCKLOAD
1004,2026-09-08,14,113,9adbd6a1d87243de8ca8,504,993.14,,,0,2026-09-11 22:29:06,MOCKLOAD
1004,2026-09-09,12,116,04b9f71a43794ad58325,504,114.89,,,0,2026-09-11 22:29:06,MOCKLOAD
1004,2026-08-11,16,108,77535ea6a98b4e4683e9,504,343.69,,,0,2026-09-11 22:29:06,MOCKLOAD
1004,2026-08-12,24,113,8f999c7fda324caab0c4,504,173.31,,,0,2026-09-11 22:29:06,MOCKLOAD
1004,2026-08-13,18,101,a687c7192fe24e37a771,504,870.65,,,0,2026-09-11 22:29:06,MOCKLOAD
1004,2026-08-14,13,109,b632ec8602714188a1b3,504,2970.73,,,0,2026-09-11 22:29:06,MOCKLOAD
1004,2026-08-15,21,113,9aeded98277342758314,504,252.81,,,0,2026-09-11 22:29:06,MOCKLOAD
1004,2026-08-16,14,114,3018152a787e47b2b05c,504,230.26,,,0,2026-09-11 22:29:06,MOCKLOAD
1004,2026-08-17,10,101,0bb6993dfc84463fa1a8,504,901.41,,,0,2026-09-11 22:29:06,MOCKLOAD
1004,2026-08-18,18,102,7b34835a3acf4f50a343,504,162.63,,,0,2026-09-11 22:29:06,MOCKLOAD
1004,2026-08-19,10,112,8ff61d4d6caa4214a0ac,504,500.47,,,0,2026-09-11 22:29:06,MOCKLOAD
1004,2026-08-20,24,115,e52c4642527142e6a4cb,504,4324.32,,,0,2026-09-11 22:29:06,MOCKLOAD
1004,2026-08-21,24,114,f74f369d3fce4a8ca4bc,504,778.62,,,0,2026-09-11 22:29:06,MOCKLOAD
1004,2026-08-22,28,109,4f461aa5c0024a59a8f0,504,259.45,,,0,2026-09-11 22:29:06,MOCKLOAD
1004,2026-08-23,11,118,5ba4a0f26d464c73bb0b,504,2765.43,,,0,2026-09-11 22:29:06,MOCKLOAD
1004,2026-08-24,10,110,26032093ed8347539a76,504,3006.87,,,0,2026-09-11 22:29:06,MOCKLOAD
1004,2026-08-25,13,112,87ab91a466a54fa8a460,504,2442.2,,,0,2026-09-11 22:29:06,MOCKLOAD
1004,2026-08-26,13,111,c0891416d344456bbd84,504,455.06,,,0,2026-09-11 22:29:06,MOCKLOAD
1004,2026-08-27,16,112,72b8eba918e44d23ba13,504,3730.99,,,0,2026-09-11 22:29:06,MOCKLOAD
1004,2026-08-28,20,101,5ebb4e8ebc634f73b1a0,504,2086.51,,,0,2026-09-11 22:29:06,MOCKLOAD
1004,2026-08-29,22,103,2664a9a74fea484abb7d,504,651.39,,,0,2026-09-11 22:29:06,MOCKLOAD
1004,2026-08-30,11,107,4a744f6e249e4c95a27b,504,2732.59,,,0,2026-09-11 22:29:06,MOCKLOAD
1004,2026-08-31,26,118,ca17820d1eb54d4c900f,504,825.71,,,0,2026-09-11 22:29:06,MOCKLOAD
1004,2026-09-01,15,112,4f565ce84a324f22b155,504,260.49,,,0,2026-09-11 22:29:06,MOCKLOAD
1004,2026-09-02,13,108,ca580d86cffd471b8092,504,621.56,,,0,2026-09-11 22:29:06,MOCKLOAD
1004,2026-09-03,28,110,4c01fac478814509b51e,504,811.53,,,0,2026-09-11 22:29:06,MOCKLOAD
1004,2026-09-04,27,117,bd8ec4cf3b1d44bb9da5,504,144.12,,,0,2026-09-11 22:29:06,MOCKLOAD
1004,2026-09-05,10,101,272b89f8e51f46639db0,504,5812.36,,,0,2026-09-11 22:29:06,MOCKLOAD
1004,2026-09-06,25,110,6110a6fd6d7c495283e3,504,723.26,,,0,2026-09-11 22:29:06,MOCKLOAD
1004,2026-09-07,21,120,bd7291c8e66e4b948810,504,982.99,,,0,2026-09-11 22:29:06,MOCKLOAD
1004,2026-09-08,23,106,47421cc7821d4cf4abfe,504,2023.78,,,0,2026-09-11 22:29:06,MOCKLOAD
1004,2026-09-09,12,117,eb9a04a4e40047ddb235,504,1917.12,,,0,2026-09-11 22:29:06,MOCKLOAD
1004,2026-08-11,17,103,61eb80826e2d40508b5a,504,388.26,,,0,2026-09-11 22:29:06,MOCKLOAD
1004,2026-08-12,23,102,6c4b0ed844704845b3da,504,90.68,,,0,2026-09-11 22:29:06,MOCKLOAD
1004,2026-08-13,15,111,79a0ab6afa6f4233a255,504,1887.89,,,0,2026-09-11 22:29:06,MOCKLOAD
1004,2026-08-14,10,112,c1db352e724f47c3a425,504,2162.46,,,0,2026-09-11 22:29:06,MOCKLOAD
1004,2026-08-15,10,120,55d1977425fe40c28b32,504,1667,,,0,2026-09-11 22:29:06,MOCKLOAD
1004,2026-08-16,11,115,ae5deef86e9b497f8412,504,598.24,,,0,2026-09-11 22:29:06,MOCKLOAD
1004,2026-08-17,10,119,b1291dfc3bec41a0a864,504,2569.43,,,0,2026-09-11 22:29:06,MOCKLOAD
1004,2026-08-18,21,120,358757324de6445ca376,504,3468.5,,,0,2026-09-11 22:29:06,MOCKLOAD
1004,2026-08-19,17,111,7f0be6e2b9094a669bcc,504,5823.04,,,0,2026-09-11 22:29:06,MOCKLOAD
1004,2026-08-20,10,109,55e9c02aa01546bd94e5,504,2804.68,,,0,2026-09-11 22:29:06,MOCKLOAD
1004,2026-08-21,29,120,23d78eb574254e3798a3,504,4378.96,,,0,2026-09-11 22:29:06,MOCKLOAD
1004,2026-08-22,24,107,6909eefea4ca45af998e,504,2799.55,,,0,2026-09-11 22:29:06,MOCKLOAD
1004,2026-08-23,27,105,6fab6686739347579039,504,3453.76,,,0,2026-09-11 22:29:06,MOCKLOAD
1004,2026-08-24,22,109,4f6a66a6837244d88fdb,504,4368.84,,,0,2026-09-11 22:29:06,MOCKLOAD
1004,2026-08-25,14,113,c47d640ee772401196e8,504,709.62,,,0,2026-09-11 22:29:06,MOCKLOAD
1004,2026-08-26,23,114,552bef5f102e4758b963,504,3397.55,,,0,2026-09-11 22:29:06,MOCKLOAD
1004,2026-08-27,10,104,f7f3d56c5ed54368ad6b,504,768.8,,,0,2026-09-11 22:29:06,MOCKLOAD
1004,2026-08-28,10,118,8f52172cd9b94eb4a49a,504,134.51,,,0,2026-09-11 22:29:06,MOCKLOAD
1004,2026-08-29,25,106,970f06b92b1e40f79b5b,504,152.45,,,0,2026-09-11 22:29:06,MOCKLOAD
1004,2026-08-30,20,103,1b519e802621468e86ef,504,4844.04,,,0,2026-09-11 22:29:06,MOCKLOAD
1004,2026-08-31,11,115,979d816cfa4a4d63b9ab,504,323.94,,,0,2026-09-11 22:29:06,MOCKLOAD
1004,2026-09-01,27,101,93c7c269cc074e0a97b0,504,184.47,,,0,2026-09-11 22:29:06,MOCKLOAD
1004,2026-09-02,25,113,e8784e2b24f643758522,504,1310.95,,,0,2026-09-11 22:29:06,MOCKLOAD
1004,2026-09-03,21,111,913ea343465c44bcbfe6,504,512.08,,,0,2026-09-11 22:29:06,MOCKLOAD
1004,2026-09-04,13,116,e23dbf5d038e4ed6b459,504,1510.87,,,0,2026-09-11 22:29:06,MOCKLOAD
1004,2026-09-05,27,117,edc669b80a50467fb394,504,584.63,,,0,2026-09-11 22:29:06,MOCKLOAD
1004,2026-09-06,27,119,c083a0ecb995474880dc,504,5841.15,,,0,2026-09-11 22:29:06,MOCKLOAD
1004,2026-09-07,24,118,a6aabae2a5d24d599d47,504,609.12,,,0,2026-09-11 22:29:06,MOCKLOAD
1004,2026-09-08,16,107,5d5d5e6505fa46bbb9ba,504,5267.33,,,0,2026-09-11 22:29:06,MOCKLOAD
1004,2026-09-09,23,101,b84e34a055d74f1baeea,504,3628.24,,,0,2026-09-11 22:29:06,MOCKLOAD
1004,2026-08-11,18,119,3dc7f1fc6bbb4272bb23,504,568.9,,,0,2026-09-11 22:29:06,MOCKLOAD
1004,2026-08-12,19,112,5163d4b4bed341e5997c,504,1085.36,,,0,2026-09-11 22:29:06,MOCKLOAD
1004,2026-08-13,20,110,5afda196764848ed8d91,504,265.07,,,0,2026-09-11 22:29:06,MOCKLOAD
1004,2026-08-14,12,117,9d2a7e9d2b0248be9d60,504,1518.46,,,0,2026-09-11 22:29:06,MOCKLOAD
1004,2026-08-15,20,110,c33132a84fd64633b8c4,504,5769.66,,,0,2026-09-11 22:29:06,MOCKLOAD
1004,2026-08-16,18,107,a9bc02040a3b4e73b053,504,2954,,,0,2026-09-11 22:29:06,MOCKLOAD
1004,2026-08-17,11,120,842af2e00fc24ef6a7a0,504,1962.74,,,0,2026-09-11 22:29:06,MOCKLOAD
1004,2026-08-18,15,119,9936840a7d3c48dbb9a9,504,977.59,,,0,2026-09-11 22:29:06,MOCKLOAD
1004,2026-08-19,27,112,09006117f39e468abac2,504,603.15,,,0,2026-09-11 22:29:06,MOCKLOAD
1004,2026-08-20,16,118,4943d3cd5e5843e1a859,504,407.08,,,0,2026-09-11 22:29:06,MOCKLOAD
1004,2026-08-21,27,114,2dfcb566f00d4eaa8b3a,504,1152.03,,,0,2026-09-11 22:29:06,MOCKLOAD
1004,2026-08-22,18,103,d6ba406c04a8402787f3,504,2094.88,,,0,2026-09-11 22:29:06,MOCKLOAD
1004,2026-08-23,12,106,43cfef13433f43d1a498,504,2506.64,,,0,2026-09-11 22:29:06,MOCKLOAD
1004,2026-08-24,15,119,81634b74862b4ef3882f,504,5.35,,,0,2026-09-11 22:29:06,MOCKLOAD
1004,2026-08-25,15,110,e511de5cbb614b11a245,504,541.57,,,0,2026-09-11 22:29:06,MOCKLOAD
1004,2026-08-26,20,119,902dcafb9da448dc99f7,504,427.46,,,0,2026-09-11 22:29:06,MOCKLOAD
1004,2026-08-27,11,114,c1cd4ca0a1e8455bae75,504,354.15,,,0,2026-09-11 22:29:06,MOCKLOAD
1004,2026-08-28,16,112,8375a40f31834454a806,504,247.46,,,0,2026-09-11 22:29:06,MOCKLOAD
1004,2026-08-29,20,102,075ce402643440d3bf01,504,321.84,,,0,2026-09-11 22:29:06,MOCKLOAD
1004,2026-08-30,15,120,3596bd9afdad46f8a4ae,504,930.42,,,0,2026-09-11 22:29:06,MOCKLOAD
1004,2026-08-31,27,105,535bbc06eff54a92b57c,504,1912.79,,,0,2026-09-11 22:29:06,MOCKLOAD
1004,2026-09-01,27,114,f66a1880f50547568dd8,504,1569.99,,,0,2026-09-11 22:29:06,MOCKLOAD
1004,2026-09-02,20,103,3c6d60a74da640edaf55,504,92.88,,,0,2026-09-11 22:29:06,MOCKLOAD
1004,2026-09-03,19,108,790ef6cbe20e44adb993,504,22.43,,,0,2026-09-11 22:29:06,MOCKLOAD
1004,2026-09-04,18,107,c1d579b07d504cc68bd3,504,3355.61,,,0,2026-09-11 22:29:06,MOCKLOAD
1004,2026-09-05,14,114,2622f2f0dedb43c49f11,504,1126.34,,,0,2026-09-11 22:29:06,MOCKLOAD
1004,2026-09-06,28,108,59dca0cb7a5e4b8b851b,504,676.05,,,0,2026-09-11 22:29:06,MOCKLOAD
1004,2026-09-07,13,111,a00d0424dc334c51858d,504,2209.95,,,0,2026-09-11 22:29:06,MOCKLOAD
1004,2026-09-08,23,103,2754218c136c47ae874b,504,306.04,,,0,2026-09-11 22:29:06,MOCKLOAD
1004,2026-09-09,25,103,248cb4850d3b4b7dadb4,504,1426.34,,,0,2026-09-11 22:29:06,MOCKLOAD
1004,2026-08-11,15,101,456fd82953af4895844b,504,1673.78,,,0,2026-09-11 22:29:06,MOCKLOAD
1004,2026-08-12,18,114,43dd57469e854361a69c,504,880.19,,,0,2026-09-11 22:29:06,MOCKLOAD
1004,2026-08-13,25,116,919fe6eeaf4b4769a4aa,504,192.32,,,0,2026-09-11 22:29:06,MOCKLOAD
1004,2026-08-14,28,120,be1685d5e42f4e2d97c8,504,3082.16,,,0,2026-09-11 22:29:06,MOCKLOAD
1004,2026-08-15,18,104,360ac767378047f6a7a2,504,2540.46,,,0,2026-09-11 22:29:06,MOCKLOAD
1004,2026-08-16,27,118,1c3bc2309d6847e794aa,504,3076.61,,,0,2026-09-11 22:29:06,MOCKLOAD
1004,2026-08-17,27,119,8069ae9834104854bbee,504,4272.18,,,0,2026-09-11 22:29:06,MOCKLOAD
1004,2026-08-18,28,112,25552cc584f04b4eb99d,504,552.96,,,0,2026-09-11 22:29:06,MOCKLOAD
1004,2026-08-19,23,105,2cb8ea49846347588409,504,352.41,,,0,2026-09-11 22:29:06,MOCKLOAD
1004,2026-08-20,16,105,3b02faafd1514611bcda,504,5383.82,,,0,2026-09-11 22:29:06,MOCKLOAD
1004,2026-08-21,28,111,76ee81b0922f40a99cc5,504,6188.24,,,0,2026-09-11 22:29:06,MOCKLOAD
1004,2026-08-22,14,113,7831b9dbbd464d1085cf,504,21.89,,,0,2026-09-11 22:29:06,MOCKLOAD
1004,2026-08-23,19,103,8a42f81c83a149498bde,504,594.03,,,0,2026-09-11 22:29:06,MOCKLOAD
1004,2026-08-24,13,106,0f034038bd7e40c28561,504,2252.18,,,0,2026-09-11 22:29:06,MOCKLOAD
1004,2026-08-25,10,104,2c846ce80e94400c82cd,504,365.58,,,0,2026-09-11 22:29:06,MOCKLOAD
1004,2026-08-26,14,111,061911b01b4c48cd90e6,504,5310.14,,,0,2026-09-11 22:29:06,MOCKLOAD
1004,2026-08-27,20,101,ad17282dae7c42558a6c,504,3768.29,,,0,2026-09-11 22:29:06,MOCKLOAD
1004,2026-08-28,17,118,f2599f3bee9f4fdc8263,504,3441.89,,,0,2026-09-11 22:29:06,MOCKLOAD
1004,2026-08-29,22,119,f04cb78a091a4a3680f3,504,2118.79,,,0,2026-09-11 22:29:06,MOCKLOAD
1004,2026-08-30,11,120,925336681cd9489390b6,504,885.86,,,0,2026-09-11 22:29:06,MOCKLOAD
1004,2026-08-31,21,118,d7c4b334d2e345df9447,504,2115.05,,,0,2026-09-11 22:29:06,MOCKLOAD
1004,2026-09-01,15,112,ceaaf83adc9a469d9f7d,504,694.39,,,0,2026-09-11 22:29:06,MOCKLOAD
1004,2026-09-02,23,107,e9ba80a0727d4402ad77,504,2654.73,,,0,2026-09-11 22:29:06,MOCKLOAD
1004,2026-09-03,13,115,999f9a3d5bae4da5904c,504,6629.52,,,0,2026-09-11 22:29:06,MOCKLOAD
1004,2026-09-04,14,115,07061080321040eb9f6d,504,235.1,,,0,2026-09-11 22:29:06,MOCKLOAD
1004,2026-09-05,15,106,97672d0db0d74de2b826,504,2381.41,,,0,2026-09-11 22:29:06,MOCKLOAD
1004,2026-09-06,20,118,9a7a6cac2e084692aa81,504,339.13,,,0,2026-09-11 22:29:06,MOCKLOAD
1004,2026-09-07,19,110,2a467d20537c43cc8d17,504,2109.11,,,0,2026-09-11 22:29:06,MOCKLOAD
1004,2026-09-08,16,109,92054e8bd95a42d592e0,504,2554.9,,,0,2026-09-11 22:29:06,MOCKLOAD
1004,2026-09-09,12,116,913040681fd34f12b24f,504,2226.03,,,0,2026-09-11 22:29:06,MOCKLOAD
1004,2026-08-11,25,117,b9406772c97141a9a301,504,4552.37,,,0,2026-09-11 22:29:06,MOCKLOAD
1004,2026-08-12,25,112,c97f7e3ce0e44b60bb34,504,463.11,,,0,2026-09-11 22:29:06,MOCKLOAD
1004,2026-08-13,15,106,6672cb97befe49f08e18,504,2480.2,,,0,2026-09-11 22:29:06,MOCKLOAD
1004,2026-08-14,22,114,48f4b7ba40664523943e,504,746.54,,,0,2026-09-11 22:29:06,MOCKLOAD
1004,2026-08-15,16,111,9151e73e77b7489ca0ac,504,137.14,,,0,2026-09-11 22:29:06,MOCKLOAD
1004,2026-08-16,15,116,8234da7cc0cd4579a328,504,297.98,,,0,2026-09-11 22:29:06,MOCKLOAD
1004,2026-08-17,27,108,d61192e02b044fe894ae,504,2562.99,,,0,2026-09-11 22:29:06,MOCKLOAD
1004,2026-08-18,17,107,b5f05c039b574a6a972e,504,3450.7,,,0,2026-09-11 22:29:06,MOCKLOAD
1004,2026-08-19,22,104,9af89804726f49b0ae0e,504,3528.17,,,0,2026-09-11 22:29:06,MOCKLOAD
1004,2026-08-20,25,117,bc675caa38a74ddd8045,504,3717.6,,,0,2026-09-11 22:29:06,MOCKLOAD
1004,2026-08-21,22,119,d6c8db288d0148ad847f,504,3264.89,,,0,2026-09-11 22:29:06,MOCKLOAD
1004,2026-08-22,26,102,3305cf19d5914a71b513,504,3602.28,,,0,2026-09-11 22:29:06,MOCKLOAD
1004,2026-08-23,24,114,8726733cdb5e4ff1bcb5,504,5762.56,,,0,2026-09-11 22:29:06,MOCKLOAD
1004,2026-08-24,25,105,be8d6dd1dfd24d85bf03,504,1442.68,,,0,2026-09-11 22:29:06,MOCKLOAD
1004,2026-08-25,16,118,c429ba1d98104f2298aa,504,906.77,,,0,2026-09-11 22:29:06,MOCKLOAD
1004,2026-08-26,16,107,0b82bc4618d744c8bdf6,504,31.57,,,0,2026-09-11 22:29:06,MOCKLOAD
1004,2026-08-27,26,112,aa3d04cbe8c34ea8ad3d,504,539.83,,,0,2026-09-11 22:29:06,MOCKLOAD
1004,2026-08-28,25,101,9bab26df064c4ca8a89f,504,70.18,,,0,2026-09-11 22:29:06,MOCKLOAD
1004,2026-08-29,19,114,f7907d2b728446babbe3,504,2019.9,,,0,2026-09-11 22:29:06,MOCKLOAD
1004,2026-08-30,14,108,3b14eb0415844437a428,504,1390.63,,,0,2026-09-11 22:29:06,MOCKLOAD
1004,2026-08-31,12,118,a084e4746270469d87d4,504,4146.54,,,0,2026-09-11 22:29:06,MOCKLOAD
1004,2026-09-01,20,112,8ef53c5755b24014ba0f,504,2339.09,,,0,2026-09-11 22:29:06,MOCKLOAD
1004,2026-09-02,19,109,0883a1ae42f14d6da42d,504,2846.33,,,0,2026-09-11 22:29:06,MOCKLOAD
1004,2026-09-03,22,118,945fc30ae3b245ab941e,504,1270.99,,,0,2026-09-11 22:29:06,MOCKLOAD
1004,2026-09-04,15,105,d2f5e38da3c94bf49fe6,504,2766.22,,,0,2026-09-11 22:29:06,MOCKLOAD
1004,2026-09-05,20,105,dfcf970e8bd24b2a9e7c,504,2172.31,,,0,2026-09-11 22:29:06,MOCKLOAD
1004,2026-09-06,23,107,7eae66e1df444bd8912e,504,4029.6,,,0,2026-09-11 22:29:06,MOCKLOAD
1004,2026-09-07,15,111,e9999032ff544f28955e,504,4049.24,,,0,2026-09-11 22:29:06,MOCKLOAD
1004,2026-09-08,22,105,776ae898a69342aaa92b,504,4979.98,,,0,2026-09-11 22:29:06,MOCKLOAD
1004,2026-09-09,23,105,65b00f0abe604bdb8367,504,119.03,,,0,2026-09-11 22:29:06,MOCKLOAD
1005,2026-08-11,16,111,5cd65e98437e47b3b042,505,902.91,,,0,2026-09-11 22:29:06,MOCKLOAD
1005,2026-08-12,15,106,41cabb25846b4665a226,505,1760.47,,,0,2026-09-11 22:29:06,MOCKLOAD
1005,2026-08-13,26,116,25309b8c4f5443229d09,505,347.17,,,0,2026-09-11 22:29:06,MOCKLOAD
1005,2026-08-14,13,114,b3aa138d46124513b40e,505,3866.97,,,0,2026-09-11 22:29:06,MOCKLOAD
1005,2026-08-15,11,106,7376be84717f429f9552,505,900.17,,,0,2026-09-11 22:29:06,MOCKLOAD
1005,2026-08-16,18,111,278c237aca0e4105b2cc,505,301.51,,,0,2026-09-11 22:29:06,MOCKLOAD
1005,2026-08-17,18,110,4ce5c2e5844749039f51,505,998.26,,,0,2026-09-11 22:29:06,MOCKLOAD
1005,2026-08-18,19,103,b6023592329f4fa9a97a,505,1760.64,,,0,2026-09-11 22:29:06,MOCKLOAD
1005,2026-08-19,27,103,de3ee7824af748b4b8d6,505,3327.5,,,0,2026-09-11 22:29:06,MOCKLOAD
1005,2026-08-20,14,118,4bdaf085cc014d96b3d6,505,257.28,,,0,2026-09-11 22:29:06,MOCKLOAD
1005,2026-08-21,29,119,aa14d5590ad74f84ae79,505,639.48,,,0,2026-09-11 22:29:06,MOCKLOAD
1005,2026-08-22,13,104,11cd6249c4584bb9a1a1,505,1458.25,,,0,2026-09-11 22:29:06,MOCKLOAD
1005,2026-08-23,15,115,9bc5a3a728b143b2b73b,505,4150.28,,,0,2026-09-11 22:29:06,MOCKLOAD
1005,2026-08-24,29,104,ce1e4dc6b95c4d86ab47,505,358.24,,,0,2026-09-11 22:29:06,MOCKLOAD
1005,2026-08-25,13,109,a0e5fb19547749ae8fdd,505,1051.22,,,0,2026-09-11 22:29:06,MOCKLOAD
1005,2026-08-26,23,103,8d980c652db745f4a271,505,2665.47,,,0,2026-09-11 22:29:06,MOCKLOAD
1005,2026-08-27,14,118,48e0ca13667f4ebf8590,505,502.23,,,0,2026-09-11 22:29:06,MOCKLOAD
1005,2026-08-28,18,117,8933e91e449c42729b9d,505,1128.54,,,0,2026-09-11 22:29:06,MOCKLOAD
1005,2026-08-29,13,120,2d63a23a5db540ca9a28,505,41.66,,,0,2026-09-11 22:29:06,MOCKLOAD
1005,2026-08-30,22,104,1b8e354014cd4045acc7,505,1972.48,,,0,2026-09-11 22:29:06,MOCKLOAD
1005,2026-08-31,12,113,e1138cf6e4764e3db60e,505,800.51,,,0,2026-09-11 22:29:06,MOCKLOAD
1005,2026-09-01,14,101,9270d700a96c4901b323,505,2203.82,,,0,2026-09-11 22:29:06,MOCKLOAD
1005,2026-09-02,12,112,8746801390c34942b8d6,505,3571.84,,,0,2026-09-11 22:29:06,MOCKLOAD
1005,2026-09-03,10,108,a94d42cde8c6454690c7,505,320.89,,,0,2026-09-11 22:29:06,MOCKLOAD
1005,2026-09-04,15,107,3f514825a6674329b527,505,1438.65,,,0,2026-09-11 22:29:06,MOCKLOAD
1005,2026-09-05,19,109,967c2ee270d24b1c8850,505,8.22,,,0,2026-09-11 22:29:06,MOCKLOAD
1005,2026-09-06,20,111,b56fb22beddf46e6a0cb,505,40.71,,,0,2026-09-11 22:29:06,MOCKLOAD
1005,2026-09-07,10,105,8afa68460da24f53976c,505,45.16,,,0,2026-09-11 22:29:06,MOCKLOAD
1005,2026-09-08,17,115,2f47ceea15324c4e8554,505,538.3,,,0,2026-09-11 22:29:06,MOCKLOAD
1005,2026-09-09,14,109,9f8a0591ffbe46fc9c14,505,375.55,,,0,2026-09-11 22:29:06,MOCKLOAD
1005,2026-08-11,23,113,b11d7e1ab9104b0a9877,505,880.08,,,0,2026-09-11 22:29:06,MOCKLOAD
1005,2026-08-12,29,107,eb33f45c2a104ef58a34,505,342.11,,,0,2026-09-11 22:29:06,MOCKLOAD
1005,2026-08-13,25,104,907843dfb5c34b408635,505,96.73,,,0,2026-09-11 22:29:06,MOCKLOAD
1005,2026-08-14,10,115,5bc702baff154400a4c0,505,557.7,,,0,2026-09-11 22:29:06,MOCKLOAD
1005,2026-08-15,18,105,4b683291b8ec4c9182a0,505,1444.55,,,0,2026-09-11 22:29:06,MOCKLOAD
1005,2026-08-16,13,104,5a603e4560dc4beea93e,505,962.45,,,0,2026-09-11 22:29:06,MOCKLOAD
1005,2026-08-17,13,118,3a71cfe725f64e23b91f,505,218.51,,,0,2026-09-11 22:29:06,MOCKLOAD
1005,2026-08-18,19,103,3e381786b7f24a7490c9,505,710.06,,,0,2026-09-11 22:29:06,MOCKLOAD
1005,2026-08-19,28,111,ba8b00a633af4d64b55b,505,565.32,,,0,2026-09-11 22:29:06,MOCKLOAD
1005,2026-08-20,18,104,63bc0cc3f99f448ea36e,505,1195.76,,,0,2026-09-11 22:29:06,MOCKLOAD
1005,2026-08-21,22,113,05a2e355d8d749b18190,505,291.47,,,0,2026-09-11 22:29:06,MOCKLOAD
1005,2026-08-22,26,101,1095152b0b5c4bb48f8f,505,1780.14,,,0,2026-09-11 22:29:06,MOCKLOAD
1005,2026-08-23,11,101,9dd7094162914969a818,505,3440.99,,,0,2026-09-11 22:29:06,MOCKLOAD
1005,2026-08-24,23,104,6efe16495c5345b39b1f,505,1213.09,,,0,2026-09-11 22:29:06,MOCKLOAD
1005,2026-08-25,28,119,b1fc02ff0dd54939ad13,505,1387.59,,,0,2026-09-11 22:29:06,MOCKLOAD
1005,2026-08-26,11,102,df0b68edb29549c5ac6c,505,415.02,,,0,2026-09-11 22:29:06,MOCKLOAD
1005,2026-08-27,24,119,6d40237693684fc7b917,505,2013.16,,,0,2026-09-11 22:29:06,MOCKLOAD
1005,2026-08-28,22,120,7cfd16353d384a5da035,505,3087.42,,,0,2026-09-11 22:29:06,MOCKLOAD
1005,2026-08-29,17,110,9e4828a3adea4cd59067,505,651.37,,,0,2026-09-11 22:29:06,MOCKLOAD
1005,2026-08-30,17,108,1c2909d0f5904e639d5e,505,351.03,,,0,2026-09-11 22:29:06,MOCKLOAD
1005,2026-08-31,15,119,59a73d96680941d5b5df,505,678.84,,,0,2026-09-11 22:29:06,MOCKLOAD
1005,2026-09-01,14,108,884545953652454fab43,505,23.35,,,0,2026-09-11 22:29:06,MOCKLOAD
1005,2026-09-02,11,111,32402b81c6df4b74a85f,505,1669.39,,,0,2026-09-11 22:29:06,MOCKLOAD
1005,2026-09-03,12,120,3a1b4fdb49b7494598f7,505,1363.38,,,0,2026-09-11 22:29:06,MOCKLOAD
1005,2026-09-04,13,106,53a9f839a0aa4c2fb2b4,505,453.4,,,0,2026-09-11 22:29:06,MOCKLOAD
1005,2026-09-05,28,114,5a3d6f004ce142f5bd19,505,3240.3,,,0,2026-09-11 22:29:06,MOCKLOAD
1005,2026-09-06,26,108,1846660b9bdc4f1292ae,505,635.49,,,0,2026-09-11 22:29:06,MOCKLOAD
1005,2026-09-07,15,109,d7d0d81fe05e4fa78e22,505,195.87,,,0,2026-09-11 22:29:06,MOCKLOAD
1005,2026-09-08,24,107,b21b30bfdfd9481291c2,505,608.1,,,0,2026-09-11 22:29:06,MOCKLOAD
1005,2026-09-09,13,117,6842c611157341e9bca2,505,2857.69,,,0,2026-09-11 22:29:06,MOCKLOAD
1005,2026-08-11,16,120,a65425d4639e416bb977,505,1608.85,,,0,2026-09-11 22:29:06,MOCKLOAD
1005,2026-08-12,27,116,81391456be214497be28,505,2667.18,,,0,2026-09-11 22:29:06,MOCKLOAD
1005,2026-08-13,16,113,3d5c1eab7ff84a449a62,505,87.94,,,0,2026-09-11 22:29:06,MOCKLOAD
1005,2026-08-14,10,103,edc3897f94694319ac10,505,777.52,,,0,2026-09-11 22:29:06,MOCKLOAD
1005,2026-08-15,27,117,16492ddbb7f54b8ea3c6,505,2409.87,,,0,2026-09-11 22:29:06,MOCKLOAD
1005,2026-08-16,10,108,573d6ff0d1b246298eb4,505,891.81,,,0,2026-09-11 22:29:06,MOCKLOAD
1005,2026-08-17,29,103,a8a802c1b1ea4fd59477,505,2325.16,,,0,2026-09-11 22:29:06,MOCKLOAD
1005,2026-08-18,29,120,905954040f8c4354a25c,505,811.81,,,0,2026-09-11 22:29:06,MOCKLOAD
1005,2026-08-19,11,108,8e31320f0b5e4d3a8cba,505,2548.18,,,0,2026-09-11 22:29:06,MOCKLOAD
1005,2026-08-20,25,109,85aaf260cdff4862b9ba,505,1037.5,,,0,2026-09-11 22:29:06,MOCKLOAD
1005,2026-08-21,14,120,1281eaac4f4343b2ae12,505,1604.65,,,0,2026-09-11 22:29:06,MOCKLOAD
1005,2026-08-22,14,105,7f5d72db7216498aa371,505,911.96,,,0,2026-09-11 22:29:06,MOCKLOAD
1005,2026-08-23,23,104,e2a318fb140246cd835a,505,1519.3,,,0,2026-09-11 22:29:06,MOCKLOAD
1005,2026-08-24,23,108,76977fbc61db4cc69d66,505,1301.4,,,0,2026-09-11 22:29:06,MOCKLOAD
1005,2026-08-25,24,108,9b0ceb1ad0864c768b5d,505,782.19,,,0,2026-09-11 22:29:06,MOCKLOAD
1005,2026-08-26,29,119,9f5fe778a02645d4bdf3,505,2735.74,,,0,2026-09-11 22:29:06,MOCKLOAD
1005,2026-08-27,22,101,447a76fc27464a3985c7,505,1009.83,,,0,2026-09-11 22:29:06,MOCKLOAD
1005,2026-08-28,15,108,352697d37caa4a31af17,505,1664.45,,,0,2026-09-11 22:29:06,MOCKLOAD
1005,2026-08-29,14,116,8de58959f03640e38468,505,241.17,,,0,2026-09-11 22:29:06,MOCKLOAD
1005,2026-08-30,24,113,d46aeb1f558241fd973a,505,564.38,,,0,2026-09-11 22:29:06,MOCKLOAD
1005,2026-08-31,24,106,6b3c8d49deaf49fda4a0,505,204.56,,,0,2026-09-11 22:29:06,MOCKLOAD
1005,2026-09-01,24,115,8a8f2496cebb4a7eb6b4,505,1812.04,,,0,2026-09-11 22:29:06,MOCKLOAD
1005,2026-09-02,18,101,2be72416b48e48f29237,505,47.69,,,0,2026-09-11 22:29:06,MOCKLOAD
1005,2026-09-03,25,101,84c3a439606a44f49c25,505,932.68,,,0,2026-09-11 22:29:06,MOCKLOAD
1005,2026-09-04,24,103,0fb1b9cec0044c85ae04,505,525.04,,,0,2026-09-11 22:29:06,MOCKLOAD
1005,2026-09-05,23,111,8e1a94bc562147049103,505,102.16,,,0,2026-09-11 22:29:06,MOCKLOAD
1005,2026-09-06,14,114,32e97ad5cb8c45c6b39d,505,3456.14,,,0,2026-09-11 22:29:06,MOCKLOAD
1005,2026-09-07,20,105,e3f91f7d3bc149dc9ad1,505,260.3,,,0,2026-09-11 22:29:06,MOCKLOAD
1005,2026-09-08,15,112,6c4983bee5c349e9874b,505,1578.34,,,0,2026-09-11 22:29:06,MOCKLOAD
1005,2026-09-09,12,114,2203392166b24a3a8289,505,192.88,,,0,2026-09-11 22:29:06,MOCKLOAD
1005,2026-08-11,29,118,00c818c7782245dd89ef,505,234.66,,,0,2026-09-11 22:29:06,MOCKLOAD
1005,2026-08-12,16,119,1f75a5e3df5343cb8357,505,323.08,,,0,2026-09-11 22:29:06,MOCKLOAD
1005,2026-08-13,26,113,71355490586046899299,505,421.75,,,0,2026-09-11 22:29:06,MOCKLOAD
1005,2026-08-14,27,106,d91f6b1793724dcaafaa,505,2578.39,,,0,2026-09-11 22:29:06,MOCKLOAD
1005,2026-08-15,13,116,0fa7fb3a8dc04fa9a187,505,1237.31,,,0,2026-09-11 22:29:06,MOCKLOAD
1005,2026-08-16,28,109,68a14f9641aa4ba0b4ae,505,856.28,,,0,2026-09-11 22:29:06,MOCKLOAD
1005,2026-08-17,21,104,24b50b9117dc49c08f48,505,590,,,0,2026-09-11 22:29:06,MOCKLOAD
1005,2026-08-18,22,116,5aafdb957c2840ee98fc,505,2543.47,,,0,2026-09-11 22:29:06,MOCKLOAD
1005,2026-08-19,28,115,bf60f64dda65475da6aa,505,3028.49,,,0,2026-09-11 22:29:06,MOCKLOAD
1005,2026-08-20,20,111,8dd24fe1886f42faa588,505,1754.89,,,0,2026-09-11 22:29:06,MOCKLOAD
1005,2026-08-21,13,101,a426c9bcd08643a39975,505,206.89,,,0,2026-09-11 22:29:06,MOCKLOAD
1005,2026-08-22,23,108,022b1cb0cc92448ca015,505,3517.41,,,0,2026-09-11 22:29:06,MOCKLOAD
1005,2026-08-23,27,113,0cda8a5d3cc04c0a97a4,505,64.02,,,0,2026-09-11 22:29:06,MOCKLOAD
1005,2026-08-24,21,104,1956cbd78e6f47428bd1,505,2509.81,,,0,2026-09-11 22:29:06,MOCKLOAD
1005,2026-08-25,20,116,c640a47cee024a3fa506,505,2286.52,,,0,2026-09-11 22:29:06,MOCKLOAD
1005,2026-08-26,14,113,bc838c627604484fb4e8,505,495.48,,,0,2026-09-11 22:29:06,MOCKLOAD
1005,2026-08-27,13,115,880508fe409743ee8825,505,4132.68,,,0,2026-09-11 22:29:06,MOCKLOAD
1005,2026-08-28,17,114,88808de65e4644a68f3e,505,150.61,,,0,2026-09-11 22:29:06,MOCKLOAD
1005,2026-08-29,21,101,7d779f7afd044c96bd71,505,143.55,,,0,2026-09-11 22:29:06,MOCKLOAD
1005,2026-08-30,10,109,08de138913b34ee58585,505,152.81,,,0,2026-09-11 22:29:06,MOCKLOAD
1005,2026-08-31,27,112,a38b1a3375974b3793b6,505,1983.41,,,0,2026-09-11 22:29:06,MOCKLOAD
1005,2026-09-01,15,106,d0b002d938e343849981,505,2121.87,,,0,2026-09-11 22:29:06,MOCKLOAD
1005,2026-09-02,16,111,39fb0214141e41e590fd,505,360.5,,,0,2026-09-11 22:29:06,MOCKLOAD
1005,2026-09-03,20,107,9b8d677ffdb84a6890da,505,804.69,,,0,2026-09-11 22:29:06,MOCKLOAD
1005,2026-09-04,22,102,41876987464246c3a521,505,497.73,,,0,2026-09-11 22:29:06,MOCKLOAD
1005,2026-09-05,19,120,25167b9800f84d14a30d,505,1993.2,,,0,2026-09-11 22:29:06,MOCKLOAD
1005,2026-09-06,13,106,aefb05e107de4ab6a16d,505,2343.17,,,0,2026-09-11 22:29:06,MOCKLOAD
1005,2026-09-07,20,118,a80fa06198b940a3abe7,505,1831.97,,,0,2026-09-11 22:29:06,MOCKLOAD
1005,2026-09-08,10,110,4bb9c6d5834c4926a4f3,505,989.54,,,0,2026-09-11 22:29:06,MOCKLOAD
1005,2026-09-09,17,108,c6396b07f16d4868b8dd,505,2431.4,,,0,2026-09-11 22:29:06,MOCKLOAD
1005,2026-08-11,28,109,831db8c1151d4f2a9f8e,505,127.54,,,0,2026-09-11 22:29:06,MOCKLOAD
1005,2026-08-12,19,112,aaedf577243242838da9,505,1700.53,,,0,2026-09-11 22:29:06,MOCKLOAD
1005,2026-08-13,14,117,70896aac3cdf44a5b805,505,49.01,,,0,2026-09-11 22:29:06,MOCKLOAD
1005,2026-08-14,19,117,00107d56678c40e59466,505,484.13,,,0,2026-09-11 22:29:06,MOCKLOAD
1005,2026-08-15,29,102,7478f8b4c80e47ab87fb,505,1439.84,,,0,2026-09-11 22:29:06,MOCKLOAD
1005,2026-08-16,10,116,65cb715943e44a5f82d2,505,157.29,,,0,2026-09-11 22:29:06,MOCKLOAD
1005,2026-08-17,11,120,821c2e702ad54decb496,505,254.41,,,0,2026-09-11 22:29:06,MOCKLOAD
1005,2026-08-18,27,102,53fe02c951f846248c75,505,1555.36,,,0,2026-09-11 22:29:06,MOCKLOAD
1005,2026-08-19,26,105,5638ab813c494284a53d,505,2114.3,,,0,2026-09-11 22:29:06,MOCKLOAD
1005,2026-08-20,23,105,71bedef601224f13847e,505,412.98,,,0,2026-09-11 22:29:06,MOCKLOAD
1005,2026-08-21,20,120,3f65a54b30bb486d85cf,505,676.53,,,0,2026-09-11 22:29:06,MOCKLOAD
1005,2026-08-22,29,114,a6a9643e74544649a163,505,262.62,,,0,2026-09-11 22:29:06,MOCKLOAD
1005,2026-08-23,17,112,b9a27787ca6d464c8f0e,505,388.83,,,0,2026-09-11 22:29:06,MOCKLOAD
1005,2026-08-24,17,115,fdfe458bd8514b45b8b7,505,1347.72,,,0,2026-09-11 22:29:06,MOCKLOAD
1005,2026-08-25,14,101,6a410ca669df41328b97,505,197.81,,,0,2026-09-11 22:29:06,MOCKLOAD
1005,2026-08-26,28,105,81b0b500c49245c1a59d,505,110.29,,,0,2026-09-11 22:29:06,MOCKLOAD
1005,2026-08-27,12,103,df93fe0514e946db9abb,505,919.24,,,0,2026-09-11 22:29:06,MOCKLOAD
1005,2026-08-28,18,117,fddbc836fa5342daaef0,505,171.35,,,0,2026-09-11 22:29:06,MOCKLOAD
1005,2026-08-29,15,114,f75760cd1ba94e2dac64,505,900.01,,,0,2026-09-11 22:29:06,MOCKLOAD
1005,2026-08-30,18,119,122740145a0d4ae9b790,505,1632.91,,,0,2026-09-11 22:29:06,MOCKLOAD
1005,2026-08-31,29,108,d17034699f524721ac8c,505,15.04,,,0,2026-09-11 22:29:06,MOCKLOAD
1005,2026-09-01,25,111,dfe284880517441a957f,505,62.84,,,0,2026-09-11 22:29:06,MOCKLOAD
1005,2026-09-02,24,115,8a16e85ffc0940f69314,505,1938.05,,,0,2026-09-11 22:29:06,MOCKLOAD
1005,2026-09-03,18,107,c6e61a28bfb64840a008,505,112.61,,,0,2026-09-11 22:29:06,MOCKLOAD
1005,2026-09-04,25,111,03dc2b6b5aeb448398ac,505,457.87,,,0,2026-09-11 22:29:06,MOCKLOAD
1005,2026-09-05,21,103,2f13656d079743ccb736,505,809.89,,,0,2026-09-11 22:29:06,MOCKLOAD
1005,2026-09-06,29,115,ff1e063780d347418dae,505,422.55,,,0,2026-09-11 22:29:06,MOCKLOAD
1005,2026-09-07,21,105,5183e2c2b1b543afa050,505,661.75,,,0,2026-09-11 22:29:06,MOCKLOAD
1005,2026-09-08,29,114,f1c1ddfa3ba544aa97fc,505,761.01,,,0,2026-09-11 22:29:06,MOCKLOAD
1005,2026-09-09,26,109,99d41582de384453b6a9,505,26.15,,,0,2026-09-11 22:29:06,MOCKLOAD
1005,2026-08-11,29,106,ad7ccf80717340cfab4e,505,1825.19,,,0,2026-09-11 22:29:06,MOCKLOAD
1005,2026-08-12,13,101,005866bf282646f3b54a,505,1054.01,,,0,2026-09-11 22:29:06,MOCKLOAD
1005,2026-08-13,22,109,aa4d9bebf7814adfb9b8,505,81.39,,,0,2026-09-11 22:29:06,MOCKLOAD
1005,2026-08-14,14,103,5d541ad6da3f408090ef,505,1388.54,,,0,2026-09-11 22:29:06,MOCKLOAD
1005,2026-08-15,17,106,a092047c74964e0e8737,505,2419.17,,,0,2026-09-11 22:29:06,MOCKLOAD
1005,2026-08-16,15,119,b2503c9907f245009abf,505,495.77,,,0,2026-09-11 22:29:06,MOCKLOAD
1005,2026-08-17,27,116,2191ca99b78b4f08afc2,505,2854.53,,,0,2026-09-11 22:29:06,MOCKLOAD
1005,2026-08-18,21,119,afebbe721a1b4d9da27c,505,1872.14,,,0,2026-09-11 22:29:06,MOCKLOAD
1005,2026-08-19,18,114,6ec0598f273c4c77b731,505,731.83,,,0,2026-09-11 22:29:06,MOCKLOAD
1005,2026-08-20,20,101,f814e59da8e24b1e9527,505,4295.92,,,0,2026-09-11 22:29:06,MOCKLOAD
1005,2026-08-21,25,111,6aee50000c1942959714,505,1749.89,,,0,2026-09-11 22:29:06,MOCKLOAD
1005,2026-08-22,24,108,da7c7af9afe9400ea846,505,1120.81,,,0,2026-09-11 22:29:06,MOCKLOAD
1005,2026-08-23,27,105,b56ef85d1eca4cd89816,505,1862.17,,,0,2026-09-11 22:29:06,MOCKLOAD
1005,2026-08-24,26,105,8ffb2544f60d4feb8878,505,2707.32,,,0,2026-09-11 22:29:06,MOCKLOAD
1005,2026-08-25,28,118,9a03e1cd26d04a54b866,505,3207.78,,,0,2026-09-11 22:29:06,MOCKLOAD
1005,2026-08-26,25,110,031aaea46d9a46f5b88d,505,477.33,,,0,2026-09-11 22:29:06,MOCKLOAD
1005,2026-08-27,22,120,ce8805a0e6564b57ab37,505,322.5,,,0,2026-09-11 22:29:06,MOCKLOAD
1005,2026-08-28,28,112,1e0b073102254fbb9ee5,505,13.09,,,0,2026-09-11 22:29:06,MOCKLOAD
1005,2026-08-29,12,114,3928930c15624c8594bc,505,1201.49,,,0,2026-09-11 22:29:06,MOCKLOAD
1005,2026-08-30,14,107,fe65e2eb083f4eb2b25e,505,2732.58,,,0,2026-09-11 22:29:06,MOCKLOAD
1005,2026-08-31,18,120,ceebd3a32ed04214acb9,505,247.51,,,0,2026-09-11 22:29:06,MOCKLOAD
1005,2026-09-01,16,116,e2d8714fc2bc4ee6bfab,505,2853.26,,,0,2026-09-11 22:29:06,MOCKLOAD
1005,2026-09-02,10,116,23c2182788d34f42b3a8,505,767.13,,,0,2026-09-11 22:29:06,MOCKLOAD
1005,2026-09-03,13,103,18fdbf610b5a472db6dd,505,963.33,,,0,2026-09-11 22:29:06,MOCKLOAD
1005,2026-09-04,21,110,093c4573ca434b28a176,505,2432.52,,,0,2026-09-11 22:29:06,MOCKLOAD
1005,2026-09-05,29,112,97decee7acff4323b8bd,505,561.62,,,0,2026-09-11 22:29:06,MOCKLOAD
1005,2026-09-06,23,114,153446aa84654ed799ad,505,1210.62,,,0,2026-09-11 22:29:06,MOCKLOAD
1005,2026-09-07,28,108,3f82238afefa416db0cb,505,2003.86,,,0,2026-09-11 22:29:06,MOCKLOAD
1005,2026-09-08,14,106,6cf2b2eefc3d4be5aa90,505,1431.78,,,0,2026-09-11 22:29:06,MOCKLOAD
1005,2026-09-09,19,114,b19c8c8b4c474f618e73,505,964.67,,,0,2026-09-11 22:29:06,MOCKLOAD
1005,2026-08-11,27,105,bec850bafce645cf88ad,505,1135.02,,,0,2026-09-11 22:29:06,MOCKLOAD
1005,2026-08-12,15,109,6935a5d7474e4591a84d,505,427.96,,,0,2026-09-11 22:29:06,MOCKLOAD
1005,2026-08-13,29,117,0925d7eb45db467b9acd,505,1840.14,,,0,2026-09-11 22:29:06,MOCKLOAD
1005,2026-08-14,25,120,bb5d96dfa5c3493dbf62,505,1332.9,,,0,2026-09-11 22:29:06,MOCKLOAD
1005,2026-08-15,29,101,5a2cf537251b421893d1,505,516.23,,,0,2026-09-11 22:29:06,MOCKLOAD
1005,2026-08-16,27,102,ecf1d2a572494b55a4dc,505,1326.25,,,0,2026-09-11 22:29:06,MOCKLOAD
1005,2026-08-17,17,110,d1964feef7154a5abe1d,505,2621.91,,,0,2026-09-11 22:29:06,MOCKLOAD
1005,2026-08-18,17,115,5a8f257dcb8f42399d7b,505,299.18,,,0,2026-09-11 22:29:06,MOCKLOAD
1005,2026-08-19,12,111,6eb20c8f8be04b448c15,505,316.15,,,0,2026-09-11 22:29:06,MOCKLOAD
1005,2026-08-20,23,117,1f687dec39134a6b99ad,505,923.63,,,0,2026-09-11 22:29:06,MOCKLOAD
1005,2026-08-21,15,107,f827de1ea4f4469d881e,505,1335.43,,,0,2026-09-11 22:29:06,MOCKLOAD
1005,2026-08-22,22,103,cf651374bd83441e9379,505,2420.73,,,0,2026-09-11 22:29:06,MOCKLOAD
1005,2026-08-23,27,116,3ea6fc4de6234b3b9573,505,2283.21,,,0,2026-09-11 22:29:06,MOCKLOAD
1005,2026-08-24,11,116,f4bd38f44f4a422fb9ec,505,3162.56,,,0,2026-09-11 22:29:06,MOCKLOAD
1005,2026-08-25,11,103,80151963227c467c996b,505,319.95,,,0,2026-09-11 22:29:06,MOCKLOAD
1005,2026-08-26,15,109,bdfd75e1d0334937ac57,505,1448.49,,,0,2026-09-11 22:29:06,MOCKLOAD
1005,2026-08-27,19,113,f81f0c6577ed4d2abc86,505,4457.23,,,0,2026-09-11 22:29:06,MOCKLOAD
1005,2026-08-28,11,114,f9047d17a38c4cc2a42c,505,755.83,,,0,2026-09-11 22:29:06,MOCKLOAD
1005,2026-08-29,17,111,4b9132175f7f4b988148,505,230.35,,,0,2026-09-11 22:29:06,MOCKLOAD
1005,2026-08-30,13,112,c65840b0c95742cd9b0e,505,553.71,,,0,2026-09-11 22:29:06,MOCKLOAD
1005,2026-08-31,13,119,f8e45e05a71b433fa0fb,505,819.34,,,0,2026-09-11 22:29:06,MOCKLOAD
1005,2026-09-01,16,118,463b42130a954e9fa91b,505,1829.53,,,0,2026-09-11 22:29:06,MOCKLOAD
1005,2026-09-02,26,105,64ac3703555444f0b93c,505,811.47,,,0,2026-09-11 22:29:06,MOCKLOAD
1005,2026-09-03,15,111,1e0f0b39935a48c79acd,505,2332.69,,,0,2026-09-11 22:29:06,MOCKLOAD
1005,2026-09-04,11,119,c0e64706c0bb4a029e08,505,88.82,,,0,2026-09-11 22:29:06,MOCKLOAD
1005,2026-09-05,23,105,1c5b21d058d84ef2b5f4,505,1246.15,,,0,2026-09-11 22:29:06,MOCKLOAD
1005,2026-09-06,27,117,6b302cb8c73042349af2,505,1000.12,,,0,2026-09-11 22:29:06,MOCKLOAD
1005,2026-09-07,23,107,016d064a38744ef4bacc,505,2184.29,,,0,2026-09-11 22:29:06,MOCKLOAD
1005,2026-09-08,18,109,40293228f7ae427985c0,505,3514.31,,,0,2026-09-11 22:29:06,MOCKLOAD
1005,2026-09-09,23,105,57a6bc9ee3a8400e8c0c,505,1924.27,,,0,2026-09-11 22:29:06,MOCKLOAD
1005,2026-08-11,21,102,44996a55fc624960be09,505,3228.52,,,0,2026-09-11 22:29:06,MOCKLOAD
1005,2026-08-12,15,109,91d2b6f916f842ec8e2d,505,1247.38,,,0,2026-09-11 22:29:06,MOCKLOAD
1005,2026-08-13,19,116,ff19476cf7944356a191,505,72.73,,,0,2026-09-11 22:29:06,MOCKLOAD
1005,2026-08-14,17,113,4b59ef2ec987428e8832,505,1197.9,,,0,2026-09-11 22:29:06,MOCKLOAD
1005,2026-08-15,22,105,417227a2d9e6425cbfed,505,2020.99,,,0,2026-09-11 22:29:06,MOCKLOAD
1005,2026-08-16,28,113,d2f0b47eb41d416b8582,505,1957.1,,,0,2026-09-11 22:29:06,MOCKLOAD
1005,2026-08-17,18,112,558c6c0f201140a1991d,505,390.19,,,0,2026-09-11 22:29:06,MOCKLOAD
1005,2026-08-18,11,111,c4efc94c023b42f9accd,505,1709.91,,,0,2026-09-11 22:29:06,MOCKLOAD
1005,2026-08-19,22,106,a9630ff2f3434274b7d0,505,637.88,,,0,2026-09-11 22:29:06,MOCKLOAD
1005,2026-08-20,18,118,285aae7935db4b4fae52,505,3066.46,,,0,2026-09-11 22:29:06,MOCKLOAD
1005,2026-08-21,23,103,9eb780c4ae494d908ed7,505,48.17,,,0,2026-09-11 22:29:06,MOCKLOAD
1005,2026-08-22,25,102,52c74b78d8fa45e1968b,505,315.58,,,0,2026-09-11 22:29:06,MOCKLOAD
1005,2026-08-23,20,105,5b3d68b1cd9649e5b529,505,687.21,,,0,2026-09-11 22:29:06,MOCKLOAD
1005,2026-08-24,29,110,a263fa71c9ec4a718820,505,330.68,,,0,2026-09-11 22:29:06,MOCKLOAD
1005,2026-08-25,29,112,00c82e3cca2645ed9a0a,505,58.13,,,0,2026-09-11 22:29:06,MOCKLOAD
1005,2026-08-26,18,102,40714dde5f254ed6b4e6,505,37.64,,,0,2026-09-11 22:29:06,MOCKLOAD
1005,2026-08-27,29,114,7188ee75a3174a0cbc11,505,92.31,,,0,2026-09-11 22:29:06,MOCKLOAD
1005,2026-08-28,29,108,1aa5c432d2414ceb8695,505,1001.39,,,0,2026-09-11 22:29:06,MOCKLOAD
1005,2026-08-29,23,120,782d795b0eea4dec8b51,505,3287.06,,,0,2026-09-11 22:29:06,MOCKLOAD
1005,2026-08-30,11,110,41fa3bc01551468294ff,505,303.88,,,0,2026-09-11 22:29:06,MOCKLOAD
1005,2026-08-31,29,115,f304392661f945cfa6b5,505,2113.08,,,0,2026-09-11 22:29:06,MOCKLOAD
1005,2026-09-01,21,111,13ee6651801a4a5fa5dc,505,37.81,,,0,2026-09-11 22:29:06,MOCKLOAD
1005,2026-09-02,12,104,496fd38e35e2421bba51,505,4088.73,,,0,2026-09-11 22:29:06,MOCKLOAD
1005,2026-09-03,13,118,2043371e7be74533a5f5,505,984.1,,,0,2026-09-11 22:29:06,MOCKLOAD
1005,2026-09-04,17,106,cb132aeb20a4409db1f6,505,249.58,,,0,2026-09-11 22:29:06,MOCKLOAD
1005,2026-09-05,14,111,f23ab4f3b7034468bf69,505,661.43,,,0,2026-09-11 22:29:06,MOCKLOAD
1005,2026-09-06,22,105,e780ea0e764f46ddaf66,505,950.39,,,0,2026-09-11 22:29:06,MOCKLOAD
1005,2026-09-07,24,105,1c08562893f7478dafbe,505,2543.54,,,0,2026-09-11 22:29:06,MOCKLOAD
1005,2026-09-08,19,117,6e2cd0556b4c44ebba1e,505,150.98,,,0,2026-09-11 22:29:06,MOCKLOAD
1005,2026-09-09,21,111,801219d50e964f3197b6,505,512.89,,,0,2026-09-11 22:29:06,MOCKLOAD
1005,2026-08-11,15,107,02b39a3aba0c4a57b362,505,833.17,,,0,2026-09-11 22:29:06,MOCKLOAD
1005,2026-08-12,21,117,6e5fe798bad3446292b9,505,278.5,,,0,2026-09-11 22:29:06,MOCKLOAD
1005,2026-08-13,14,117,6bf21ab1d9bb43e4a636,505,708.45,,,0,2026-09-11 22:29:06,MOCKLOAD
1005,2026-08-14,29,108,aa3b5d123af3434684c7,505,392.35,,,0,2026-09-11 22:29:06,MOCKLOAD
1005,2026-08-15,24,106,8b8a5a4a8cca43b6b35b,505,408.39,,,0,2026-09-11 22:29:06,MOCKLOAD
1005,2026-08-16,11,119,c57e680eb0ed4c509628,505,280.43,,,0,2026-09-11 22:29:06,MOCKLOAD
1005,2026-08-17,21,119,2f8c56cc589d47e7a02a,505,626.26,,,0,2026-09-11 22:29:06,MOCKLOAD
1005,2026-08-18,22,115,27e215ac0a044017a40b,505,1632.98,,,0,2026-09-11 22:29:06,MOCKLOAD
1005,2026-08-19,19,116,8ff5a13175384717a5c2,505,422.59,,,0,2026-09-11 22:29:06,MOCKLOAD
1005,2026-08-20,11,103,4be5840560c245e89858,505,1190.4,,,0,2026-09-11 22:29:06,MOCKLOAD
1005,2026-08-21,10,117,542c6885a0eb42a98557,505,39.19,,,0,2026-09-11 22:29:06,MOCKLOAD
1005,2026-08-22,25,105,bb4bf094679a48369a14,505,104.48,,,0,2026-09-11 22:29:06,MOCKLOAD
1005,2026-08-23,28,112,f3185d94928146c8a953,505,180.7,,,0,2026-09-11 22:29:06,MOCKLOAD
1005,2026-08-24,28,115,bf183ada79624335aa65,505,3794.98,,,0,2026-09-11 22:29:06,MOCKLOAD
1005,2026-08-25,28,104,8035bed5d9564ef69b10,505,607.73,,,0,2026-09-11 22:29:06,MOCKLOAD
1005,2026-08-26,22,112,10371d1375e3452caa72,505,1397.61,,,0,2026-09-11 22:29:06,MOCKLOAD
1005,2026-08-27,14,111,625ba5f910474ef7a54f,505,812.44,,,0,2026-09-11 22:29:06,MOCKLOAD
1005,2026-08-28,19,106,1c243b0ce69845dda886,505,549.25,,,0,2026-09-11 22:29:06,MOCKLOAD
1005,2026-08-29,17,114,54cb004c690540fb8169,505,99.03,,,0,2026-09-11 22:29:06,MOCKLOAD
1005,2026-08-30,18,118,1fc85d90a2d8440e99e1,505,143.1,,,0,2026-09-11 22:29:06,MOCKLOAD
1005,2026-08-31,25,110,5588e5b9e1c94f63aef9,505,686.64,,,0,2026-09-11 22:29:06,MOCKLOAD
1005,2026-09-01,16,114,bba7328fbabb4e42aee5,505,209.34,,,0,2026-09-11 22:29:06,MOCKLOAD
1005,2026-09-02,25,117,e4675cd970be40cbbdf6,505,911.73,,,0,2026-09-11 22:29:06,MOCKLOAD
1005,2026-09-03,14,115,21da75a771034860a6fa,505,216.84,,,0,2026-09-11 22:29:06,MOCKLOAD
1005,2026-09-04,29,112,340732b0d14148f4b555,505,266.86,,,0,2026-09-11 22:29:06,MOCKLOAD
1005,2026-09-05,11,109,58b405517de14f829f7a,505,3312.67,,,0,2026-09-11 22:29:06,MOCKLOAD
1005,2026-09-06,24,108,be3896bafb074510a3e0,505,137.81,,,0,2026-09-11 22:29:06,MOCKLOAD
1005,2026-09-07,18,119,e311c959a15147cfbd1f,505,1033.59,,,0,2026-09-11 22:29:06,MOCKLOAD
1005,2026-09-08,29,114,b6527a483f564e3f9163,505,293.61,,,0,2026-09-11 22:29:06,MOCKLOAD
1005,2026-09-09,17,115,f2cb882f4c294f2c9f9e,505,1871.35,,,0,2026-09-11 22:29:06,MOCKLOAD
1005,2026-08-11,10,120,a34e88f0d74746b38687,505,450.33,,,0,2026-09-11 22:29:06,MOCKLOAD
1005,2026-08-12,20,103,eea5efb61c4143e0b14a,505,2047.69,,,0,2026-09-11 22:29:06,MOCKLOAD
1005,2026-08-13,26,107,ae13ca195d894b97a223,505,3228.86,,,0,2026-09-11 22:29:06,MOCKLOAD
1005,2026-08-14,13,108,77cf1bde354548d8af70,505,85.87,,,0,2026-09-11 22:29:06,MOCKLOAD
1005,2026-08-15,17,115,e0bbfcfaa30d4331a155,505,89.34,,,0,2026-09-11 22:29:06,MOCKLOAD
1005,2026-08-16,24,111,0f9668f8817f472c8d58,505,2375.79,,,0,2026-09-11 22:29:06,MOCKLOAD
1005,2026-08-17,22,101,9337a8c971154bc38c5c,505,1268.27,,,0,2026-09-11 22:29:06,MOCKLOAD
1005,2026-08-18,16,119,08a6445f271545b380a7,505,1553.42,,,0,2026-09-11 22:29:06,MOCKLOAD
1005,2026-08-19,28,108,a31d5e914a49471b8aba,505,2178.36,,,0,2026-09-11 22:29:06,MOCKLOAD
1005,2026-08-20,19,104,e901d053fc8c4956a809,505,856.94,,,0,2026-09-11 22:29:06,MOCKLOAD
1005,2026-08-21,12,115,067162acdfdd42fda271,505,224.04,,,0,2026-09-11 22:29:06,MOCKLOAD
1005,2026-08-22,20,110,47f1d01777874ee092cc,505,2260.33,,,0,2026-09-11 22:29:06,MOCKLOAD
1005,2026-08-23,13,116,f1cec1b9f9c2412bad01,505,225.08,,,0,2026-09-11 22:29:06,MOCKLOAD
1005,2026-08-24,27,105,a9bb6b18ee7e4eac823f,505,1086.39,,,0,2026-09-11 22:29:06,MOCKLOAD
1005,2026-08-25,23,111,3465bae451d94e9b94c5,505,60.02,,,0,2026-09-11 22:29:06,MOCKLOAD
1005,2026-08-26,21,116,05b72e496c154778a4d3,505,858.32,,,0,2026-09-11 22:29:06,MOCKLOAD
1005,2026-08-27,18,117,fa21d1c1ec104591b02d,505,1484.21,,,0,2026-09-11 22:29:06,MOCKLOAD
1005,2026-08-28,24,119,f17f30d04f9d47acbd4a,505,146.03,,,0,2026-09-11 22:29:06,MOCKLOAD
1005,2026-08-29,24,117,a45d665edaa24649bc74,505,144.13,,,0,2026-09-11 22:29:06,MOCKLOAD
1005,2026-08-30,16,101,2b8534372361456da780,505,993.94,,,0,2026-09-11 22:29:06,MOCKLOAD
1005,2026-08-31,16,115,cb8d51be0a9046fb854b,505,343.7,,,0,2026-09-11 22:29:06,MOCKLOAD
1005,2026-09-01,16,120,dc9fd9c2c5b8443ab7e0,505,48.86,,,0,2026-09-11 22:29:06,MOCKLOAD
1005,2026-09-02,29,118,aefd3f7f8bcc40c1bf40,505,1646.84,,,0,2026-09-11 22:29:06,MOCKLOAD
1005,2026-09-03,14,118,6f5e9ffa4ab94b888c52,505,1649.25,,,0,2026-09-11 22:29:06,MOCKLOAD
1005,2026-09-04,11,115,7669b578f5e74f09944b,505,3595,,,0,2026-09-11 22:29:06,MOCKLOAD
1005,2026-09-05,29,111,6db4130865534df9866d,505,118.39,,,0,2026-09-11 22:29:06,MOCKLOAD
1005,2026-09-06,11,104,24a8883f7aa446dca9bc,505,74.36,,,0,2026-09-11 22:29:06,MOCKLOAD
1005,2026-09-07,14,112,ffbf2e837ff94ff490f5,505,487.95,,,0,2026-09-11 22:29:06,MOCKLOAD
1005,2026-09-08,16,111,f93f3346f0764574ac1f,505,2249.26,,,0,2026-09-11 22:29:06,MOCKLOAD
1005,2026-09-09,13,109,40741ab5c65b4e4cb39f,505,241.19,,,0,2026-09-11 22:29:06,MOCKLOAD
1006,2026-08-11,24,118,a20a115e340749938a90,506,2344.72,,,0,2026-09-11 22:29:06,MOCKLOAD
1006,2026-08-12,21,112,20244b53b7314932a3a2,506,2499.49,,,0,2026-09-11 22:29:06,MOCKLOAD
1006,2026-08-13,27,119,b6645fed54a6477b96c3,506,2402.04,,,0,2026-09-11 22:29:06,MOCKLOAD
1006,2026-08-14,22,101,4a2202914bcb4e8a8722,506,734.47,,,0,2026-09-11 22:29:06,MOCKLOAD
1006,2026-08-15,27,113,e8a25c60527e470ba0e4,506,588.8,,,0,2026-09-11 22:29:06,MOCKLOAD
1006,2026-08-16,13,110,d4d4b31fb1a94267b852,506,19.24,,,0,2026-09-11 22:29:06,MOCKLOAD
1006,2026-08-17,16,101,e06bb944543f4eab8ea4,506,1498.89,,,0,2026-09-11 22:29:06,MOCKLOAD
1006,2026-08-18,23,114,4ba777ea82ae4fd0ab33,506,967.62,,,0,2026-09-11 22:29:06,MOCKLOAD
1006,2026-08-19,14,104,b11beda712004dd08dab,506,4974.01,,,0,2026-09-11 22:29:06,MOCKLOAD
1006,2026-08-20,19,102,306eadb8972a4349a089,506,4564.39,,,0,2026-09-11 22:29:06,MOCKLOAD
1006,2026-08-21,23,104,e93e5f44d4c7461e89a3,506,534.94,,,0,2026-09-11 22:29:06,MOCKLOAD
1006,2026-08-22,17,120,41f9b4e516674905b7bf,506,4135.44,,,0,2026-09-11 22:29:06,MOCKLOAD
1006,2026-08-23,27,116,1bd7a78689394cc38683,506,2029.41,,,0,2026-09-11 22:29:06,MOCKLOAD
1006,2026-08-24,14,110,da71985f89b54bde9d61,506,868.85,,,0,2026-09-11 22:29:06,MOCKLOAD
1006,2026-08-25,24,106,1acc523d61be4f3099e1,506,3605.95,,,0,2026-09-11 22:29:06,MOCKLOAD
1006,2026-08-26,12,115,8b62e439ec83484a9ccc,506,461.64,,,0,2026-09-11 22:29:06,MOCKLOAD
1006,2026-08-27,23,118,3e3ee53a4ea945068b38,506,101.77,,,0,2026-09-11 22:29:06,MOCKLOAD
1006,2026-08-28,27,116,030b74710f54428692ce,506,218.71,,,0,2026-09-11 22:29:06,MOCKLOAD
1006,2026-08-29,20,116,e8b5c3ac48e54c1aad4c,506,1323.12,,,0,2026-09-11 22:29:06,MOCKLOAD
1006,2026-08-30,13,105,5272f2b5b3bf4b07b0cd,506,2324.84,,,0,2026-09-11 22:29:06,MOCKLOAD
1006,2026-08-31,25,103,2927ab51871d43249cfa,506,1103.72,,,0,2026-09-11 22:29:06,MOCKLOAD
1006,2026-09-01,22,112,a643f0b12122490c8639,506,1123.98,,,0,2026-09-11 22:29:06,MOCKLOAD
1006,2026-09-02,23,116,38f7cb46a6554199b368,506,1521.08,,,0,2026-09-11 22:29:06,MOCKLOAD
1006,2026-09-03,27,120,bcb752a876a44410bc95,506,3034.65,,,0,2026-09-11 22:29:06,MOCKLOAD
1006,2026-09-04,17,105,1d0453e4384e49e286f1,506,6.28,,,0,2026-09-11 22:29:06,MOCKLOAD
1006,2026-09-05,13,110,3e6aa8fd607242b5a162,506,1085.66,,,0,2026-09-11 22:29:06,MOCKLOAD
1006,2026-09-06,12,113,d98fa38459f44e16a7af,506,872.41,,,0,2026-09-11 22:29:06,MOCKLOAD
1006,2026-09-07,23,116,b2468891b34940e482a8,506,2405.16,,,0,2026-09-11 22:29:06,MOCKLOAD
1006,2026-09-08,23,117,115ec7eb2b0940b58a3e,506,2256.12,,,0,2026-09-11 22:29:06,MOCKLOAD
1006,2026-09-09,22,105,c06de87323764c6cb4cf,506,368.59,,,0,2026-09-11 22:29:06,MOCKLOAD
1006,2026-08-11,13,115,5c889b850ddf48dc946d,506,1153.29,,,0,2026-09-11 22:29:06,MOCKLOAD
1006,2026-08-12,22,120,6e659a8012594b2caea3,506,940.5,,,0,2026-09-11 22:29:06,MOCKLOAD
1006,2026-08-13,15,117,7903d56d29fb4a24b007,506,761.8,,,0,2026-09-11 22:29:06,MOCKLOAD
1006,2026-08-14,25,104,54620235ad2441f0ae36,506,943.99,,,0,2026-09-11 22:29:06,MOCKLOAD
1006,2026-08-15,19,104,fcc31db38a7144d0b893,506,5124.38,,,0,2026-09-11 22:29:06,MOCKLOAD
1006,2026-08-16,22,119,97ffc9cf7c9044abae8d,506,5790.11,,,0,2026-09-11 22:29:06,MOCKLOAD
1006,2026-08-17,25,119,96c2eeb825524ef79857,506,1345.1,,,0,2026-09-11 22:29:06,MOCKLOAD
1006,2026-08-18,16,103,39e6a511e0b14aa88bee,506,247.48,,,0,2026-09-11 22:29:06,MOCKLOAD
1006,2026-08-19,29,107,eafddf51ea654f9487eb,506,1580.76,,,0,2026-09-11 22:29:06,MOCKLOAD
1006,2026-08-20,19,116,af4f3b529fa744f4bc8f,506,14.75,,,0,2026-09-11 22:29:06,MOCKLOAD
1006,2026-08-21,27,115,90130e06de79452389b6,506,3462.67,,,0,2026-09-11 22:29:06,MOCKLOAD
1006,2026-08-22,21,115,bf6262dc803744a69f39,506,389.25,,,0,2026-09-11 22:29:06,MOCKLOAD
1006,2026-08-23,17,104,f0fa0374638f452cb11c,506,988.16,,,0,2026-09-11 22:29:06,MOCKLOAD
1006,2026-08-24,13,106,f3cc6921c0e24219b276,506,879.79,,,0,2026-09-11 22:29:06,MOCKLOAD
1006,2026-08-25,14,119,fdf761c8a52344249d0d,506,3163,,,0,2026-09-11 22:29:06,MOCKLOAD
1006,2026-08-26,23,110,3362b3367c6543fbac59,506,738.89,,,0,2026-09-11 22:29:06,MOCKLOAD
1006,2026-08-27,19,118,6b506ca17dea4d899b63,506,1621.51,,,0,2026-09-11 22:29:06,MOCKLOAD
1006,2026-08-28,15,109,c5652801454f40cc9bf2,506,1392.81,,,0,2026-09-11 22:29:06,MOCKLOAD
1006,2026-08-29,24,108,4b00ecf4d5ce459e9cac,506,3296.35,,,0,2026-09-11 22:29:06,MOCKLOAD
1006,2026-08-30,29,109,3478d8a68e5d4cf4903c,506,408.85,,,0,2026-09-11 22:29:06,MOCKLOAD
1006,2026-08-31,25,111,1718dd2c0ed54b4a8512,506,1072.1,,,0,2026-09-11 22:29:06,MOCKLOAD
1006,2026-09-01,26,105,de4b0959b7914b8f94ea,506,622.49,,,0,2026-09-11 22:29:06,MOCKLOAD
1006,2026-09-02,14,116,6a7384fd3e994c7f8de3,506,1238.2,,,0,2026-09-11 22:29:06,MOCKLOAD
1006,2026-09-03,27,120,d5b58a37b42b430f90ea,506,1400.66,,,0,2026-09-11 22:29:06,MOCKLOAD
1006,2026-09-04,23,103,e513dce690974b1682f8,506,871.95,,,0,2026-09-11 22:29:06,MOCKLOAD
1006,2026-09-05,20,108,5cf571174bde4d909302,506,540.28,,,0,2026-09-11 22:29:06,MOCKLOAD
1006,2026-09-06,14,105,09b925f9afde46dda9ec,506,2202.13,,,0,2026-09-11 22:29:06,MOCKLOAD
1006,2026-09-07,26,104,a8ab03538c794914aece,506,219.82,,,0,2026-09-11 22:29:06,MOCKLOAD
1006,2026-09-08,20,113,2d125b47d7c34eb9afe2,506,159.16,,,0,2026-09-11 22:29:06,MOCKLOAD
1006,2026-09-09,27,102,62f65536abae48089ede,506,1216.29,,,0,2026-09-11 22:29:06,MOCKLOAD
1006,2026-08-11,27,119,1d7291063fc54ddebbeb,506,1253.76,,,0,2026-09-11 22:29:06,MOCKLOAD
1006,2026-08-12,20,101,32a5fa7dfd3a4598ae2e,506,2852.66,,,0,2026-09-11 22:29:06,MOCKLOAD
1006,2026-08-13,15,111,fc6e01007be64f2689ec,506,27.1,,,0,2026-09-11 22:29:06,MOCKLOAD
1006,2026-08-14,20,109,06fc356317c842e58ffb,506,386.27,,,0,2026-09-11 22:29:06,MOCKLOAD
1006,2026-08-15,15,117,aa69c8b8817747f49589,506,497.96,,,0,2026-09-11 22:29:06,MOCKLOAD
1006,2026-08-16,24,118,0034ee3ac48d4b5fbe9c,506,1213.85,,,0,2026-09-11 22:29:06,MOCKLOAD
1006,2026-08-17,29,105,843a53ebed1c4a8197f0,506,66.32,,,0,2026-09-11 22:29:06,MOCKLOAD
1006,2026-08-18,22,111,10ffe46306dd4cf297f8,506,3807.09,,,0,2026-09-11 22:29:06,MOCKLOAD
1006,2026-08-19,27,102,183400dce9264cc2ba1d,506,152.97,,,0,2026-09-11 22:29:06,MOCKLOAD
1006,2026-08-20,12,111,92d02a098323461bb076,506,781.93,,,0,2026-09-11 22:29:06,MOCKLOAD
1006,2026-08-21,28,103,735c6a00a6e249009014,506,507.89,,,0,2026-09-11 22:29:06,MOCKLOAD
1006,2026-08-22,13,108,4e67685263044c59a2b0,506,2537.24,,,0,2026-09-11 22:29:06,MOCKLOAD
1006,2026-08-23,12,116,531cac2a41084a8db42f,506,23,,,0,2026-09-11 22:29:06,MOCKLOAD
1006,2026-08-24,18,111,21f2854f4d2341439220,506,2263.26,,,0,2026-09-11 22:29:06,MOCKLOAD
1006,2026-08-25,29,116,cf0df6a882b244cf8519,506,287.53,,,0,2026-09-11 22:29:06,MOCKLOAD
1006,2026-08-26,23,114,77a287b24cfa46b3b851,506,4720.77,,,0,2026-09-11 22:29:06,MOCKLOAD
1006,2026-08-27,21,101,82f2fba51a2f4d62a756,506,1384.66,,,0,2026-09-11 22:29:06,MOCKLOAD
1006,2026-08-28,17,112,73a429f8979a443e872b,506,4938.87,,,0,2026-09-11 22:29:06,MOCKLOAD
1006,2026-08-29,16,110,b2cac355aabb4e10a2e0,506,5639.01,,,0,2026-09-11 22:29:06,MOCKLOAD
1006,2026-08-30,19,104,c3a9f43b2ed8429ea215,506,262.03,,,0,2026-09-11 22:29:06,MOCKLOAD
1006,2026-08-31,10,109,8fca4588a9364d2e9e5d,506,1978.38,,,0,2026-09-11 22:29:06,MOCKLOAD
1006,2026-09-01,14,102,561a31375df74354b5b5,506,221.23,,,0,2026-09-11 22:29:06,MOCKLOAD
1006,2026-09-02,27,117,964f4203489d4226b624,506,135.68,,,0,2026-09-11 22:29:06,MOCKLOAD
1006,2026-09-03,23,117,37a5655103984c5295a2,506,2085.59,,,0,2026-09-11 22:29:06,MOCKLOAD
1006,2026-09-04,13,118,8f6beea0424948a7b2bc,506,2447.92,,,0,2026-09-11 22:29:06,MOCKLOAD
1006,2026-09-05,26,109,2d007cca21384f3e904b,506,4243.61,,,0,2026-09-11 22:29:06,MOCKLOAD
1006,2026-09-06,21,112,056ef374d6b849bbb424,506,864.9,,,0,2026-09-11 22:29:06,MOCKLOAD
1006,2026-09-07,25,110,a68da6e8a3dc477c8097,506,1911.52,,,0,2026-09-11 22:29:06,MOCKLOAD
1006,2026-09-08,25,107,bf30ef87c9a1489d8c16,506,7.52,,,0,2026-09-11 22:29:06,MOCKLOAD
1006,2026-09-09,18,106,e1f8d92174ff41f6983c,506,396.27,,,0,2026-09-11 22:29:06,MOCKLOAD
1006,2026-08-11,22,116,3c83c497a7f941ab8314,506,2965.89,,,0,2026-09-11 22:29:06,MOCKLOAD
1006,2026-08-12,29,120,11cab11629784f6c9461,506,761.03,,,0,2026-09-11 22:29:06,MOCKLOAD
1006,2026-08-13,29,104,8d3da1c3a3004fa3a405,506,1596.43,,,0,2026-09-11 22:29:06,MOCKLOAD
1006,2026-08-14,28,102,a9fe47de57304b8bb027,506,2810.35,,,0,2026-09-11 22:29:06,MOCKLOAD
1006,2026-08-15,16,101,f1c1806bd9e945feaf13,506,3272.95,,,0,2026-09-11 22:29:06,MOCKLOAD
1006,2026-08-16,25,103,f01e42fd2d384e3f8c30,506,2146.05,,,0,2026-09-11 22:29:06,MOCKLOAD
1006,2026-08-17,25,107,9538e4edc6f948c19cd7,506,2016.98,,,0,2026-09-11 22:29:06,MOCKLOAD
1006,2026-08-18,22,119,91612cc2ee2c4c62b822,506,1564.6,,,0,2026-09-11 22:29:06,MOCKLOAD
1006,2026-08-19,26,114,cd52fa91c9674aa08025,506,2580.93,,,0,2026-09-11 22:29:06,MOCKLOAD
1006,2026-08-20,16,119,97b2699e455f425ea1e9,506,2446.12,,,0,2026-09-11 22:29:06,MOCKLOAD
1006,2026-08-21,24,114,5d3938c455e747d0bd73,506,1672.25,,,0,2026-09-11 22:29:06,MOCKLOAD
1006,2026-08-22,19,112,a6dcbc56afb94cb19b76,506,4451.44,,,0,2026-09-11 22:29:06,MOCKLOAD
1006,2026-08-23,15,109,86be8f40fe924bf4bbe3,506,239.29,,,0,2026-09-11 22:29:06,MOCKLOAD
1006,2026-08-24,15,112,3b497202c50e433eba8a,506,1668.46,,,0,2026-09-11 22:29:06,MOCKLOAD
1006,2026-08-25,10,113,c9efe0f3f36a4ec7b078,506,2360.64,,,0,2026-09-11 22:29:06,MOCKLOAD
1006,2026-08-26,12,115,3729115a29c84b53887b,506,3441.17,,,0,2026-09-11 22:29:06,MOCKLOAD
1006,2026-08-27,21,119,4b594042762649ebb9ab,506,1180.32,,,0,2026-09-11 22:29:06,MOCKLOAD
1006,2026-08-28,12,112,60b082bbe4324462aae8,506,254.64,,,0,2026-09-11 22:29:06,MOCKLOAD
1006,2026-08-29,22,104,07926e6200e54d12b78b,506,145.43,,,0,2026-09-11 22:29:06,MOCKLOAD
1006,2026-08-30,16,119,af6789c705e24d42bbb4,506,1737.06,,,0,2026-09-11 22:29:06,MOCKLOAD
1006,2026-08-31,26,101,4c2cd0b4dc784bec8981,506,684.88,,,0,2026-09-11 22:29:06,MOCKLOAD
1006,2026-09-01,14,114,22d254eaafe9424399a0,506,1588.38,,,0,2026-09-11 22:29:06,MOCKLOAD
1006,2026-09-02,18,113,45c244b9b71443a18f26,506,2013.25,,,0,2026-09-11 22:29:06,MOCKLOAD
1006,2026-09-03,15,104,11ca7b3d884141a180b9,506,509.8,,,0,2026-09-11 22:29:06,MOCKLOAD
1006,2026-09-04,16,117,ac1161fc35f34265a8dd,506,2348.24,,,0,2026-09-11 22:29:06,MOCKLOAD
1006,2026-09-05,21,115,5e30fb330fee4fd69a3d,506,3119.75,,,0,2026-09-11 22:29:06,MOCKLOAD
1006,2026-09-06,25,117,625a0150e4a845d893bf,506,518.5,,,0,2026-09-11 22:29:06,MOCKLOAD
1006,2026-09-07,19,107,1b308309973b452a941f,506,114.18,,,0,2026-09-11 22:29:06,MOCKLOAD
1006,2026-09-08,19,119,0b26a88a4dbb4995a12b,506,400.08,,,0,2026-09-11 22:29:06,MOCKLOAD
1006,2026-09-09,23,112,20c9628b12e340a98c70,506,78.24,,,0,2026-09-11 22:29:06,MOCKLOAD
1006,2026-08-11,27,112,61ab830d71834d94a4b7,506,18.22,,,0,2026-09-11 22:29:06,MOCKLOAD
1006,2026-08-12,18,101,5201c8dda9e1488b8b30,506,4440.69,,,0,2026-09-11 22:29:06,MOCKLOAD
1006,2026-08-13,18,112,6292555469004b1e8893,506,1736.73,,,0,2026-09-11 22:29:06,MOCKLOAD
1006,2026-08-14,18,110,89c5361f68664cf49633,506,443.3,,,0,2026-09-11 22:29:06,MOCKLOAD
1006,2026-08-15,18,114,20a86e2687f74c19b265,506,4423.47,,,0,2026-09-11 22:29:06,MOCKLOAD
1006,2026-08-16,26,120,827ea25416064f7689fe,506,3685.64,,,0,2026-09-11 22:29:06,MOCKLOAD
1006,2026-08-17,26,105,a9b45c8de318417b8ab5,506,1979.7,,,0,2026-09-11 22:29:06,MOCKLOAD
1006,2026-08-18,26,110,be47ee84935d439a9447,506,431.99,,,0,2026-09-11 22:29:06,MOCKLOAD
1006,2026-08-19,20,112,c0dbe13c220842b1a132,506,797.33,,,0,2026-09-11 22:29:06,MOCKLOAD
1006,2026-08-20,23,109,1aea8422be9448498060,506,2319.35,,,0,2026-09-11 22:29:06,MOCKLOAD
1006,2026-08-21,28,106,b355b31a17074883b8a3,506,5391.26,,,0,2026-09-11 22:29:06,MOCKLOAD
1006,2026-08-22,13,110,e50f89e7254246749bf7,506,2294.35,,,0,2026-09-11 22:29:06,MOCKLOAD
1006,2026-08-23,28,115,1f8c56afa14040058d9d,506,1524.64,,,0,2026-09-11 22:29:06,MOCKLOAD
1006,2026-08-24,17,112,4a9f053984794dcd86d8,506,1351.78,,,0,2026-09-11 22:29:06,MOCKLOAD
1006,2026-08-25,10,116,de46711ccfa945aab6c2,506,1006.36,,,0,2026-09-11 22:29:06,MOCKLOAD
1006,2026-08-26,11,107,eec089f9d13a44ffb20b,506,3657.09,,,0,2026-09-11 22:29:06,MOCKLOAD
1006,2026-08-27,21,108,cf1ebaaaf74c44dc8d3f,506,413.57,,,0,2026-09-11 22:29:06,MOCKLOAD
1006,2026-08-28,21,120,30e2fd49d6a44df4905a,506,1026.14,,,0,2026-09-11 22:29:06,MOCKLOAD
1006,2026-08-29,18,120,dfd4fa7a29334154aa0b,506,664.92,,,0,2026-09-11 22:29:06,MOCKLOAD
1006,2026-08-30,19,107,42c97eb490474240ac09,506,1926.92,,,0,2026-09-11 22:29:06,MOCKLOAD
1006,2026-08-31,13,117,7f71f7effbb241f2969c,506,77.96,,,0,2026-09-11 22:29:06,MOCKLOAD
1006,2026-09-01,22,108,1f46d09a19d949d596c6,506,2877.83,,,0,2026-09-11 22:29:06,MOCKLOAD
1006,2026-09-02,18,115,37c9a26647734212a264,506,3873.65,,,0,2026-09-11 22:29:06,MOCKLOAD
1006,2026-09-03,10,120,4488b2f0b8604d1fb1af,506,73.08,,,0,2026-09-11 22:29:06,MOCKLOAD
1006,2026-09-04,18,106,62c8f832ad2f4526ac4f,506,112.77,,,0,2026-09-11 22:29:06,MOCKLOAD
1006,2026-09-05,28,108,2deaf37d72cb41378715,506,3156.02,,,0,2026-09-11 22:29:06,MOCKLOAD
1006,2026-09-06,25,119,b46c4c06917143f196db,506,1995.85,,,0,2026-09-11 22:29:06,MOCKLOAD
1006,2026-09-07,22,110,cb67a08a21a44df7a055,506,23.95,,,0,2026-09-11 22:29:06,MOCKLOAD
1006,2026-09-08,11,103,c4eb6ada26e749e08064,506,529.74,,,0,2026-09-11 22:29:06,MOCKLOAD
1006,2026-09-09,24,103,023f16c2b4554d2fb6e3,506,98.1,,,0,2026-09-11 22:29:06,MOCKLOAD
1006,2026-08-11,15,102,7d27ef065c3647a58aa0,506,296.57,,,0,2026-09-11 22:29:06,MOCKLOAD
1006,2026-08-12,20,120,ed62f13c16ce496b8ef9,506,911.18,,,0,2026-09-11 22:29:06,MOCKLOAD
1006,2026-08-13,28,111,0a2136258ee34f7fb308,506,176.09,,,0,2026-09-11 22:29:06,MOCKLOAD
1006,2026-08-14,21,106,5ce10a06d3994706b379,506,2055.07,,,0,2026-09-11 22:29:06,MOCKLOAD
1006,2026-08-15,26,112,4cbdc5b39c03455c8e20,506,1596.7,,,0,2026-09-11 22:29:06,MOCKLOAD
1006,2026-08-16,17,113,f282fd831b0141208690,506,1813.11,,,0,2026-09-11 22:29:06,MOCKLOAD
1006,2026-08-17,20,103,6be77cac1ca24ffc9205,506,221.36,,,0,2026-09-11 22:29:06,MOCKLOAD
1006,2026-08-18,27,106,709c04fae8d64d65aba2,506,2102.63,,,0,2026-09-11 22:29:06,MOCKLOAD
1006,2026-08-19,19,103,583e090a2e204d8fa318,506,178.37,,,0,2026-09-11 22:29:06,MOCKLOAD
1006,2026-08-20,23,114,bd099c80f6544e4b9bce,506,268.43,,,0,2026-09-11 22:29:06,MOCKLOAD
1006,2026-08-21,10,109,412c37fb8c274a15859f,506,1086.72,,,0,2026-09-11 22:29:06,MOCKLOAD
1006,2026-08-22,19,102,a0701bc0fe6f42a1b115,506,3440.45,,,0,2026-09-11 22:29:06,MOCKLOAD
1006,2026-08-23,18,115,24b12292de754a0b9694,506,744.35,,,0,2026-09-11 22:29:06,MOCKLOAD
1006,2026-08-24,15,109,6d57ba26cb2d45cb9fe0,506,2468.84,,,0,2026-09-11 22:29:06,MOCKLOAD
1006,2026-08-25,26,111,3f4846945b074dad9678,506,129.75,,,0,2026-09-11 22:29:06,MOCKLOAD
1006,2026-08-26,29,108,a520ea0a15c949848749,506,232.11,,,0,2026-09-11 22:29:06,MOCKLOAD
1006,2026-08-27,27,108,a5d25b28bd914a1fa6e6,506,211,,,0,2026-09-11 22:29:06,MOCKLOAD
1006,2026-08-28,24,105,0e4a489fd1c9462e969f,506,196.14,,,0,2026-09-11 22:29:06,MOCKLOAD
1006,2026-08-29,21,111,568bf06478074bc099da,506,1922.33,,,0,2026-09-11 22:29:06,MOCKLOAD
1006,2026-08-30,13,117,6f36280151c44d748f61,506,767.54,,,0,2026-09-11 22:29:06,MOCKLOAD
1006,2026-08-31,26,118,8c04f772afbf4fd5bbde,506,226.22,,,0,2026-09-11 22:29:06,MOCKLOAD
1006,2026-09-01,19,109,10588a60cece41899e2e,506,2419.05,,,0,2026-09-11 22:29:06,MOCKLOAD
1006,2026-09-02,23,104,20ff81a2d0d641ad8ea8,506,2571.53,,,0,2026-09-11 22:29:06,MOCKLOAD
1006,2026-09-03,11,118,a7091f8b0c8e48ac9536,506,1114.96,,,0,2026-09-11 22:29:06,MOCKLOAD
1006,2026-09-04,28,104,bced4bd2b13947af9776,506,1959.83,,,0,2026-09-11 22:29:06,MOCKLOAD
1006,2026-09-05,26,120,110aec705a1a49c78073,506,30.77,,,0,2026-09-11 22:29:06,MOCKLOAD
1006,2026-09-06,10,115,a1d1f699bc37469c80d9,506,168.29,,,0,2026-09-11 22:29:06,MOCKLOAD
1006,2026-09-07,10,101,d81d62e750c041b0ac00,506,611.28,,,0,2026-09-11 22:29:06,MOCKLOAD
1006,2026-09-08,20,113,bfe5729be02942a4a936,506,698.12,,,0,2026-09-11 22:29:06,MOCKLOAD
1006,2026-09-09,29,111,a622045739f34f81b30d,506,2096.64,,,0,2026-09-11 22:29:06,MOCKLOAD
1006,2026-08-11,17,116,055ef2d8ae4348b9833c,506,2487.37,,,0,2026-09-11 22:29:06,MOCKLOAD
1006,2026-08-12,26,113,fe5bd5b17c6f4b7a8d7f,506,308.47,,,0,2026-09-11 22:29:06,MOCKLOAD
1006,2026-08-13,10,102,9eaca46ab2c04d58a044,506,4332.77,,,0,2026-09-11 22:29:06,MOCKLOAD
1006,2026-08-14,12,119,cf3c17a8a07748698073,506,766.15,,,0,2026-09-11 22:29:06,MOCKLOAD
1006,2026-08-15,22,117,42085a8f3ddb421eb197,506,158.81,,,0,2026-09-11 22:29:06,MOCKLOAD
1006,2026-08-16,13,120,e8d56cc4c7c844c3a54d,506,509.83,,,0,2026-09-11 22:29:06,MOCKLOAD
1006,2026-08-17,11,113,75868b37d13046bda620,506,331.15,,,0,2026-09-11 22:29:06,MOCKLOAD
1006,2026-08-18,24,120,0a89defdb7eb4c8696dc,506,1699.8,,,0,2026-09-11 22:29:06,MOCKLOAD
1006,2026-08-19,18,116,92e03b994b194fc2891f,506,1382.7,,,0,2026-09-11 22:29:06,MOCKLOAD
1006,2026-08-20,27,107,59ae48091d734f6ca1d0,506,1117.24,,,0,2026-09-11 22:29:06,MOCKLOAD
1006,2026-08-21,10,110,7b72c79e41e6497f8596,506,1115.62,,,0,2026-09-11 22:29:06,MOCKLOAD
1006,2026-08-22,14,107,6f364b03605945da842d,506,342.85,,,0,2026-09-11 22:29:06,MOCKLOAD
1006,2026-08-23,26,112,dc04fb4b81a44cdcb49d,506,128.14,,,0,2026-09-11 22:29:06,MOCKLOAD
1006,2026-08-24,24,103,67eed104aef14219aceb,506,3656.38,,,0,2026-09-11 22:29:06,MOCKLOAD
1006,2026-08-25,23,110,bd9b5f14c84141189596,506,241.94,,,0,2026-09-11 22:29:06,MOCKLOAD
1006,2026-08-26,22,101,edf3ef1afca044ebbb35,506,1389.03,,,0,2026-09-11 22:29:06,MOCKLOAD
1006,2026-08-27,26,101,74e04e89c44c421aaa6d,506,1441.03,,,0,2026-09-11 22:29:06,MOCKLOAD
1006,2026-08-28,24,103,357b92f8e95e48c5bac9,506,1959.59,,,0,2026-09-11 22:29:06,MOCKLOAD
1006,2026-08-29,18,111,13aab9da7543424b81e9,506,5567.74,,,0,2026-09-11 22:29:06,MOCKLOAD
1006,2026-08-30,14,101,cb6d30a0be504279b5a3,506,17.19,,,0,2026-09-11 22:29:06,MOCKLOAD
1006,2026-08-31,27,119,10322a6a9c894d469d8e,506,2749.98,,,0,2026-09-11 22:29:06,MOCKLOAD
1006,2026-09-01,27,110,956b3dd09d14424fbfbc,506,952.72,,,0,2026-09-11 22:29:06,MOCKLOAD
1006,2026-09-02,28,101,86996b90f7f74c33a4a5,506,961.42,,,0,2026-09-11 22:29:06,MOCKLOAD
1006,2026-09-03,25,116,d6ca9df00bd24bd0bc13,506,182.72,,,0,2026-09-11 22:29:06,MOCKLOAD
1006,2026-09-04,13,105,6d95fd3df11341c38352,506,3785.1,,,0,2026-09-11 22:29:06,MOCKLOAD
1006,2026-09-05,18,101,ca2b95e299bf424d84d3,506,1748.47,,,0,2026-09-11 22:29:06,MOCKLOAD
1006,2026-09-06,10,105,3a57ea792a2a4216b2ba,506,31.86,,,0,2026-09-11 22:29:06,MOCKLOAD
1006,2026-09-07,23,120,d9a7000b9e564112ba9d,506,243.03,,,0,2026-09-11 22:29:06,MOCKLOAD
1006,2026-09-08,27,120,55d1ff1e60334ec58dd7,506,4968.98,,,0,2026-09-11 22:29:06,MOCKLOAD
1006,2026-09-09,17,105,a427b8326bb047cf97f5,506,1891.51,,,0,2026-09-11 22:29:06,MOCKLOAD
1006,2026-08-11,20,104,5fd214b494ae4565ac59,506,120.9,,,0,2026-09-11 22:29:06,MOCKLOAD
1006,2026-08-12,11,112,2c398c1c277a4087803d,506,2214.57,,,0,2026-09-11 22:29:06,MOCKLOAD
1006,2026-08-13,18,118,84995f8909db409c8a91,506,689.32,,,0,2026-09-11 22:29:06,MOCKLOAD
1006,2026-08-14,19,114,d0b53462f56e4f7a8c85,506,2221.73,,,0,2026-09-11 22:29:06,MOCKLOAD
1006,2026-08-15,25,115,645683e36d834a0498c8,506,384.1,,,0,2026-09-11 22:29:06,MOCKLOAD
1006,2026-08-16,26,101,08628b96c4884447b5c0,506,3524.34,,,0,2026-09-11 22:29:06,MOCKLOAD
1006,2026-08-17,25,108,4f0a9f0890464187a3ef,506,3012.04,,,0,2026-09-11 22:29:06,MOCKLOAD
1006,2026-08-18,12,117,93fdb89e97db41a0903a,506,5353.12,,,0,2026-09-11 22:29:06,MOCKLOAD
1006,2026-08-19,17,102,7809eba4690240f68ac1,506,198.44,,,0,2026-09-11 22:29:06,MOCKLOAD
1006,2026-08-20,23,107,6cf171f2013a40cf9708,506,2832.88,,,0,2026-09-11 22:29:06,MOCKLOAD
1006,2026-08-21,24,110,1a8f7cf0a9bb43e981b8,506,32.35,,,0,2026-09-11 22:29:06,MOCKLOAD
1006,2026-08-22,17,108,dfe88fcb915148048776,506,196.48,,,0,2026-09-11 22:29:06,MOCKLOAD
1006,2026-08-23,17,116,d12a2a8a8acc46a2b594,506,1238.69,,,0,2026-09-11 22:29:06,MOCKLOAD
1006,2026-08-24,24,115,3a8a4eb9c9c84f2483b8,506,84.48,,,0,2026-09-11 22:29:06,MOCKLOAD
1006,2026-08-25,25,112,70f1b2d8341f4bb1b740,506,62.32,,,0,2026-09-11 22:29:06,MOCKLOAD
1006,2026-08-26,16,112,14a282053dcc4082a9ba,506,344.65,,,0,2026-09-11 22:29:06,MOCKLOAD
1006,2026-08-27,11,103,2e6dcf1f18f943948811,506,928.2,,,0,2026-09-11 22:29:06,MOCKLOAD
1006,2026-08-28,20,120,c5dfd32b5fc54017bc11,506,2488.75,,,0,2026-09-11 22:29:06,MOCKLOAD
1006,2026-08-29,21,102,50c4c41971044480ab1e,506,1365.41,,,0,2026-09-11 22:29:06,MOCKLOAD
1006,2026-08-30,10,106,08d0ee27850e43718518,506,779.58,,,0,2026-09-11 22:29:06,MOCKLOAD
1006,2026-08-31,14,104,b3172b5e15d849ff883a,506,1020.14,,,0,2026-09-11 22:29:06,MOCKLOAD
1006,2026-09-01,12,120,9086980238ba4360aed5,506,632.4,,,0,2026-09-11 22:29:06,MOCKLOAD
1006,2026-09-02,24,110,88ca7042f66f418aab3b,506,2043.83,,,0,2026-09-11 22:29:06,MOCKLOAD
1006,2026-09-03,16,106,0fcce4a2a35e4d39b9c5,506,104.56,,,0,2026-09-11 22:29:06,MOCKLOAD
1006,2026-09-04,22,102,70cdce6e83844681b1e7,506,3121.11,,,0,2026-09-11 22:29:06,MOCKLOAD
1006,2026-09-05,20,106,d9587f1633b3426e88d6,506,378.86,,,0,2026-09-11 22:29:06,MOCKLOAD
1006,2026-09-06,20,111,01723509f5c14b868430,506,5684.5,,,0,2026-09-11 22:29:06,MOCKLOAD
1006,2026-09-07,10,113,a6c22fed46bc41ed8c94,506,1156.16,,,0,2026-09-11 22:29:06,MOCKLOAD
1006,2026-09-08,17,115,5d5f503c09444f99acbe,506,1023.15,,,0,2026-09-11 22:29:06,MOCKLOAD
1006,2026-09-09,11,114,95dcd77d60fc4e8b800d,506,970.99,,,0,2026-09-11 22:29:06,MOCKLOAD
1006,2026-08-11,28,107,cfb9738dfd7f427c813b,506,2282.29,,,0,2026-09-11 22:29:06,MOCKLOAD
1006,2026-08-12,15,106,8d04893de1814e9eb56f,506,994.98,,,0,2026-09-11 22:29:06,MOCKLOAD
1006,2026-08-13,12,119,0f8f5edbe09c40fbb9d9,506,1166.98,,,0,2026-09-11 22:29:06,MOCKLOAD
1006,2026-08-14,19,109,816b73e6a9494871acaa,506,44.57,,,0,2026-09-11 22:29:06,MOCKLOAD
1006,2026-08-15,24,117,db2123b1e778448f91ab,506,1685.99,,,0,2026-09-11 22:29:06,MOCKLOAD
1006,2026-08-16,15,119,b4633f93720948be9dd3,506,1802.12,,,0,2026-09-11 22:29:06,MOCKLOAD
1006,2026-08-17,12,113,5109d3bb21844e21bd61,506,77.27,,,0,2026-09-11 22:29:06,MOCKLOAD
1006,2026-08-18,20,110,be225affe0a141bf8295,506,373.43,,,0,2026-09-11 22:29:06,MOCKLOAD
1006,2026-08-19,12,120,3b91c943a3e3460a8b35,506,1548.73,,,0,2026-09-11 22:29:06,MOCKLOAD
1006,2026-08-20,14,115,1e7c50e743d140a49e45,506,568.2,,,0,2026-09-11 22:29:06,MOCKLOAD
1006,2026-08-21,24,120,97363127e18d41de9004,506,5292.9,,,0,2026-09-11 22:29:06,MOCKLOAD
1006,2026-08-22,27,112,84990444835d4ec985d3,506,24.05,,,0,2026-09-11 22:29:06,MOCKLOAD
1006,2026-08-23,27,108,60711b67efa34fa19874,506,3154.39,,,0,2026-09-11 22:29:06,MOCKLOAD
1006,2026-08-24,16,101,336a512261004139a758,506,16.6,,,0,2026-09-11 22:29:06,MOCKLOAD
1006,2026-08-25,12,108,caa164852e84422aafe0,506,40.21,,,0,2026-09-11 22:29:06,MOCKLOAD
1006,2026-08-26,14,112,667f2de06ebe4a30a954,506,647.5,,,0,2026-09-11 22:29:06,MOCKLOAD
1006,2026-08-27,29,112,2fe273a4ff124117b700,506,356.07,,,0,2026-09-11 22:29:06,MOCKLOAD
1006,2026-08-28,21,113,5d347446c4c84c9e8f79,506,1360.61,,,0,2026-09-11 22:29:06,MOCKLOAD
1006,2026-08-29,29,112,eb453c4372874159b3b4,506,4099.05,,,0,2026-09-11 22:29:06,MOCKLOAD
1006,2026-08-30,10,105,ea591bbf0c914e6d8dea,506,3774.96,,,0,2026-09-11 22:29:06,MOCKLOAD
1006,2026-08-31,23,117,e636c2f4665443d7a354,506,377.19,,,0,2026-09-11 22:29:06,MOCKLOAD
1006,2026-09-01,24,116,6ca755481c1b4a598779,506,1478.18,,,0,2026-09-11 22:29:06,MOCKLOAD
1006,2026-09-02,13,101,dd08c86b461748218109,506,5073.86,,,0,2026-09-11 22:29:06,MOCKLOAD
1006,2026-09-03,29,113,5954fb4e9e474d11b17b,506,1104.21,,,0,2026-09-11 22:29:06,MOCKLOAD
1006,2026-09-04,25,112,79d7ec17559b4df6b05d,506,944.06,,,0,2026-09-11 22:29:06,MOCKLOAD
1006,2026-09-05,11,111,93ba1159338d45af98c6,506,2439.42,,,0,2026-09-11 22:29:06,MOCKLOAD
1006,2026-09-06,19,115,6f6148fa290b4de2858d,506,31.29,,,0,2026-09-11 22:29:06,MOCKLOAD
1006,2026-09-07,22,117,9b3d70c1c32647acb75d,506,1284.53,,,0,2026-09-11 22:29:06,MOCKLOAD
1006,2026-09-08,16,114,05673c4a55a641189f63,506,903.03,,,0,2026-09-11 22:29:06,MOCKLOAD
1006,2026-09-09,12,112,4ee2cbaa177b4e73b9db,506,956.6,,,0,2026-09-11 22:29:06,MOCKLOAD
1006,2026-08-11,27,118,62d6aff59af442b19069,506,5217.6,,,0,2026-09-11 22:29:06,MOCKLOAD
1006,2026-08-12,24,116,20c4f8218970419283dc,506,2525.07,,,0,2026-09-11 22:29:06,MOCKLOAD
1006,2026-08-13,15,109,fb2de28786fd4bfbb048,506,1707.44,,,0,2026-09-11 22:29:06,MOCKLOAD
1006,2026-08-14,24,116,92d7c2b314d740c2ae79,506,5094.13,,,0,2026-09-11 22:29:06,MOCKLOAD
1006,2026-08-15,13,102,f64d73382fcc47a4b2c8,506,2270.75,,,0,2026-09-11 22:29:06,MOCKLOAD
1006,2026-08-16,21,107,4e9c7d74b58f4d378bb0,506,1974.28,,,0,2026-09-11 22:29:06,MOCKLOAD
1006,2026-08-17,19,115,16ac6390b8bd475cb9ab,506,2765.54,,,0,2026-09-11 22:29:06,MOCKLOAD
1006,2026-08-18,20,102,838caec271074a679100,506,1640.7,,,0,2026-09-11 22:29:06,MOCKLOAD
1006,2026-08-19,11,107,f1d7fe1be67c46049ef1,506,1991.37,,,0,2026-09-11 22:29:06,MOCKLOAD
1006,2026-08-20,20,119,bf01dd245fcd4e3aa644,506,2883.72,,,0,2026-09-11 22:29:06,MOCKLOAD
1006,2026-08-21,13,106,bfac1336ab424a029d54,506,949.67,,,0,2026-09-11 22:29:06,MOCKLOAD
1006,2026-08-22,27,103,5e34b52d4ef346f38b76,506,1030.23,,,0,2026-09-11 22:29:06,MOCKLOAD
1006,2026-08-23,10,108,1cd2e240fc8a46a6a354,506,23.08,,,0,2026-09-11 22:29:06,MOCKLOAD
1006,2026-08-24,28,101,b5b9c6cb58ee4c65bdb9,506,1787.61,,,0,2026-09-11 22:29:06,MOCKLOAD
1006,2026-08-25,25,115,c02e111c943045ebb417,506,3186.78,,,0,2026-09-11 22:29:06,MOCKLOAD
1006,2026-08-26,22,106,564a3a6623ac4b639eec,506,1046.15,,,0,2026-09-11 22:29:06,MOCKLOAD
1006,2026-08-27,15,109,e3f7a25bedb043cdb1dd,506,290.61,,,0,2026-09-11 22:29:06,MOCKLOAD
1006,2026-08-28,23,105,a55607cfc91c46c4b156,506,525.6,,,0,2026-09-11 22:29:06,MOCKLOAD
1006,2026-08-29,19,106,643ebfebc49b475c97e9,506,310.16,,,0,2026-09-11 22:29:06,MOCKLOAD
1006,2026-08-30,24,101,948130648a9149c68899,506,597.14,,,0,2026-09-11 22:29:06,MOCKLOAD
1006,2026-08-31,21,114,0e4021774faa4f64862f,506,4836.84,,,0,2026-09-11 22:29:06,MOCKLOAD
1006,2026-09-01,23,109,91d821f2e99142218c5e,506,2935.81,,,0,2026-09-11 22:29:06,MOCKLOAD
1006,2026-09-02,18,116,cfc199a66a7d4495a4d0,506,2675.02,,,0,2026-09-11 22:29:06,MOCKLOAD
1006,2026-09-03,26,106,14626585001f4c5c911f,506,833.1,,,0,2026-09-11 22:29:06,MOCKLOAD
1006,2026-09-04,13,114,652c60b7f0454831bee3,506,5092.76,,,0,2026-09-11 22:29:06,MOCKLOAD
1006,2026-09-05,27,116,3f5c197479c04b09b37b,506,658.65,,,0,2026-09-11 22:29:06,MOCKLOAD
1006,2026-09-06,25,104,41a4a88254c54d459440,506,729.85,,,0,2026-09-11 22:29:06,MOCKLOAD
1006,2026-09-07,10,120,190e748a4a5d4856973c,506,1454.8,,,0,2026-09-11 22:29:06,MOCKLOAD
1006,2026-09-08,14,107,5142c5d34f7b4b01a887,506,91.03,,,0,2026-09-11 22:29:06,MOCKLOAD
1006,2026-09-09,19,112,14b37dc26afd43b788fb,506,3243.47,,,0,2026-09-11 22:29:06,MOCKLOAD
1007,2026-08-11,15,114,155d9693435142689188,507,792.22,,,0,2026-09-11 22:29:06,MOCKLOAD
1007,2026-08-12,21,109,9c3a364b9487429480b2,507,629.69,,,0,2026-09-11 22:29:06,MOCKLOAD
1007,2026-08-13,20,118,2a8aef3764ce4a658f71,507,303.27,,,0,2026-09-11 22:29:06,MOCKLOAD
1007,2026-08-14,12,110,a2150ac62445462f8f1b,507,248.66,,,0,2026-09-11 22:29:06,MOCKLOAD
1007,2026-08-15,17,119,3a38fa205e58401688ab,507,1448.53,,,0,2026-09-11 22:29:06,MOCKLOAD
1007,2026-08-16,12,113,78f296879543460cbb62,507,5265.61,,,0,2026-09-11 22:29:06,MOCKLOAD
1007,2026-08-17,23,107,7abcf207dc58447aacbb,507,3658.31,,,0,2026-09-11 22:29:06,MOCKLOAD
1007,2026-08-18,29,101,2e60037d0b534f3f98dc,507,3103.07,,,0,2026-09-11 22:29:06,MOCKLOAD
1007,2026-08-19,21,117,057cdc0bc99d4a9ab9db,507,1855.63,,,0,2026-09-11 22:29:06,MOCKLOAD
1007,2026-08-20,10,119,a38257ed70394612b7e1,507,1086.77,,,0,2026-09-11 22:29:06,MOCKLOAD
1007,2026-08-21,22,117,e3b1f74e96df4b0b8f85,507,1696.47,,,0,2026-09-11 22:29:06,MOCKLOAD
1007,2026-08-22,20,119,2d85837ffebb4ec497ef,507,438.33,,,0,2026-09-11 22:29:06,MOCKLOAD
1007,2026-08-23,13,101,3a995b8bb4a24a7b9a01,507,431.54,,,0,2026-09-11 22:29:06,MOCKLOAD
1007,2026-08-24,14,118,cb9436dda4b14f20b800,507,89.99,,,0,2026-09-11 22:29:06,MOCKLOAD
1007,2026-08-25,25,109,6d9f94b9b13048c18be3,507,138.34,,,0,2026-09-11 22:29:06,MOCKLOAD
1007,2026-08-26,13,111,d8ff1d3a53434a12a604,507,4939.38,,,0,2026-09-11 22:29:06,MOCKLOAD
1007,2026-08-27,29,110,3c0f07774f7e4df6b461,507,1681.07,,,0,2026-09-11 22:29:06,MOCKLOAD
1007,2026-08-28,25,110,34b23348a0574921b6c3,507,751.79,,,0,2026-09-11 22:29:06,MOCKLOAD
1007,2026-08-29,14,102,f8c13e36e994400c8bdb,507,3094.81,,,0,2026-09-11 22:29:06,MOCKLOAD
1007,2026-08-30,16,120,5b84e216cf2947e88ddd,507,380.17,,,0,2026-09-11 22:29:06,MOCKLOAD
1007,2026-08-31,12,113,a1ebc38a9bd545aab28a,507,1819.08,,,0,2026-09-11 22:29:06,MOCKLOAD
1007,2026-09-01,20,104,188c0deaa78148a3a1ad,507,553.17,,,0,2026-09-11 22:29:06,MOCKLOAD
1007,2026-09-02,15,102,7be385434ce04d6fb622,507,2082.73,,,0,2026-09-11 22:29:06,MOCKLOAD
1007,2026-09-03,23,113,62f1e6da0db843debe87,507,568.32,,,0,2026-09-11 22:29:06,MOCKLOAD
1007,2026-09-04,21,112,44b776ca758f41d98266,507,1469.31,,,0,2026-09-11 22:29:06,MOCKLOAD
1007,2026-09-05,22,104,3566383183364f0da7b7,507,253.85,,,0,2026-09-11 22:29:06,MOCKLOAD
1007,2026-09-06,25,109,0dbba5da5286450a9fb3,507,563.5,,,0,2026-09-11 22:29:06,MOCKLOAD
1007,2026-09-07,20,101,87e462d18b4b464f8398,507,1345.96,,,0,2026-09-11 22:29:06,MOCKLOAD
1007,2026-09-08,13,116,f74ec3505a864450ac88,507,965.33,,,0,2026-09-11 22:29:06,MOCKLOAD
1007,2026-09-09,16,107,3f2a4630b0d14f12a927,507,479.63,,,0,2026-09-11 22:29:06,MOCKLOAD
1007,2026-08-11,13,110,60782f4a04aa43cc9571,507,1404.38,,,0,2026-09-11 22:29:06,MOCKLOAD
1007,2026-08-12,25,116,8bb218a9f7b741bda6d5,507,3159.65,,,0,2026-09-11 22:29:06,MOCKLOAD
1007,2026-08-13,13,114,f65909f0b6a845f6a049,507,237.86,,,0,2026-09-11 22:29:06,MOCKLOAD
1007,2026-08-14,29,113,c33f5593977148f6a18e,507,190.85,,,0,2026-09-11 22:29:06,MOCKLOAD
1007,2026-08-15,12,114,5fac2b7ef09f47efad7e,507,2138.44,,,0,2026-09-11 22:29:06,MOCKLOAD
1007,2026-08-16,11,120,72e2b8fa09e44575b928,507,743.37,,,0,2026-09-11 22:29:06,MOCKLOAD
1007,2026-08-17,22,112,dab8617839eb438ca283,507,1123.69,,,0,2026-09-11 22:29:06,MOCKLOAD
1007,2026-08-18,19,115,e706414b7b84493c8d05,507,2307.4,,,0,2026-09-11 22:29:06,MOCKLOAD
1007,2026-08-19,20,104,de1e2f4432924112866e,507,40.75,,,0,2026-09-11 22:29:06,MOCKLOAD
1007,2026-08-20,24,109,26e36828c6d5450faa34,507,2374.87,,,0,2026-09-11 22:29:06,MOCKLOAD
1007,2026-08-21,12,120,f139bef4fe8e437d9769,507,3313.3,,,0,2026-09-11 22:29:06,MOCKLOAD
1007,2026-08-22,23,102,5fca12bfda3c4a15813a,507,229.81,,,0,2026-09-11 22:29:06,MOCKLOAD
1007,2026-08-23,17,113,97a494e4b9e84600b3fd,507,658.37,,,0,2026-09-11 22:29:06,MOCKLOAD
1007,2026-08-24,18,103,6f0dfa6ef0a84c6d8a08,507,965.15,,,0,2026-09-11 22:29:06,MOCKLOAD
1007,2026-08-25,10,102,79cba2e15be74529b5d2,507,507,,,0,2026-09-11 22:29:06,MOCKLOAD
1007,2026-08-26,26,118,24ea36caff1147baab2c,507,66.05,,,0,2026-09-11 22:29:06,MOCKLOAD
1007,2026-08-27,13,111,05d8ab24626445a7bdf9,507,1761.75,,,0,2026-09-11 22:29:06,MOCKLOAD
1007,2026-08-28,11,105,fed5c324b1ff4f6383b8,507,99.2,,,0,2026-09-11 22:29:06,MOCKLOAD
1007,2026-08-29,22,105,273a99be520f4bb18a9c,507,397.55,,,0,2026-09-11 22:29:06,MOCKLOAD
1007,2026-08-30,25,106,6b90f1c51a494d46a87d,507,2148.87,,,0,2026-09-11 22:29:06,MOCKLOAD
1007,2026-08-31,12,112,78e65bd4776145e09c36,507,741.12,,,0,2026-09-11 22:29:06,MOCKLOAD
1007,2026-09-01,28,107,3d22339c10584deea9b2,507,5390.14,,,0,2026-09-11 22:29:06,MOCKLOAD
1007,2026-09-02,11,104,8ff7e76c702c4d018344,507,889.05,,,0,2026-09-11 22:29:06,MOCKLOAD
1007,2026-09-03,17,117,362f3d10076145988ecc,507,2099.76,,,0,2026-09-11 22:29:06,MOCKLOAD
1007,2026-09-04,19,101,4862f84323ba438796c3,507,753.48,,,0,2026-09-11 22:29:06,MOCKLOAD
1007,2026-09-05,27,103,4c609b11fc9e46749c01,507,7.89,,,0,2026-09-11 22:29:06,MOCKLOAD
1007,2026-09-06,28,114,8e014fbc32e34df299e4,507,493.99,,,0,2026-09-11 22:29:06,MOCKLOAD
1007,2026-09-07,29,108,caa3f6197bf644f0b856,507,2235.56,,,0,2026-09-11 22:29:06,MOCKLOAD
1007,2026-09-08,11,110,379ee55c0688469486dc,507,629.34,,,0,2026-09-11 22:29:06,MOCKLOAD
1007,2026-09-09,14,106,39bf0936bb894f26bafe,507,112.76,,,0,2026-09-11 22:29:06,MOCKLOAD
1007,2026-08-11,13,116,d132f979710446e6b48b,507,125.68,,,0,2026-09-11 22:29:06,MOCKLOAD
1007,2026-08-12,10,114,f95ab364f827417cbfb5,507,3255.45,,,0,2026-09-11 22:29:06,MOCKLOAD
1007,2026-08-13,29,116,4c70b33d3075419fa30a,507,4407.62,,,0,2026-09-11 22:29:06,MOCKLOAD
1007,2026-08-14,21,120,684aaecbaac04ebd8d27,507,1659.83,,,0,2026-09-11 22:29:06,MOCKLOAD
1007,2026-08-15,12,116,8204b8f1736548e798f7,507,1498.48,,,0,2026-09-11 22:29:06,MOCKLOAD
1007,2026-08-16,17,105,72cb694706da4d00b8d5,507,895.28,,,0,2026-09-11 22:29:06,MOCKLOAD
1007,2026-08-17,12,108,c24f94908f0d4faaa6b6,507,3195.75,,,0,2026-09-11 22:29:06,MOCKLOAD
1007,2026-08-18,29,109,75b66d089b83433ea7e6,507,511.86,,,0,2026-09-11 22:29:06,MOCKLOAD
1007,2026-08-19,23,104,c7a7e38a8cbd4f91a2ec,507,681.7,,,0,2026-09-11 22:29:06,MOCKLOAD
1007,2026-08-20,20,107,b3c4f1279f9149d09d1e,507,2881.34,,,0,2026-09-11 22:29:06,MOCKLOAD
1007,2026-08-21,22,120,33a2e6b0654d4b67a01c,507,992.57,,,0,2026-09-11 22:29:06,MOCKLOAD
1007,2026-08-22,16,111,e021fcbde03541f3b0cc,507,1121.53,,,0,2026-09-11 22:29:06,MOCKLOAD
1007,2026-08-23,15,102,63aa4f11b0424289ab4f,507,1388.24,,,0,2026-09-11 22:29:06,MOCKLOAD
1007,2026-08-24,21,116,cbb697ce87d84dcb9088,507,203.56,,,0,2026-09-11 22:29:06,MOCKLOAD
1007,2026-08-25,29,110,156b89f3d66442569bc2,507,146.8,,,0,2026-09-11 22:29:06,MOCKLOAD
1007,2026-08-26,10,106,0ae6d3593175479b828d,507,363.55,,,0,2026-09-11 22:29:06,MOCKLOAD
1007,2026-08-27,29,106,1b663143067846239370,507,128.63,,,0,2026-09-11 22:29:06,MOCKLOAD
1007,2026-08-28,12,117,c3fab1834b5048f2a7e0,507,151.48,,,0,2026-09-11 22:29:06,MOCKLOAD
1007,2026-08-29,11,104,74dbb6c4da414f4cbb71,507,705.57,,,0,2026-09-11 22:29:06,MOCKLOAD
1007,2026-08-30,20,120,064035d83f944e5fa854,507,155.03,,,0,2026-09-11 22:29:06,MOCKLOAD
1007,2026-08-31,19,115,88896dac4ded484fa63c,507,200.24,,,0,2026-09-11 22:29:06,MOCKLOAD
1007,2026-09-01,23,120,1eb504177f334bfc9dee,507,460.19,,,0,2026-09-11 22:29:06,MOCKLOAD
1007,2026-09-02,10,119,6e2acddd000943c6a0a7,507,2166.18,,,0,2026-09-11 22:29:06,MOCKLOAD
1007,2026-09-03,19,102,7f49e3a3228846bbabeb,507,3101.75,,,0,2026-09-11 22:29:06,MOCKLOAD
1007,2026-09-04,11,120,13965d2f84744e228649,507,468.7,,,0,2026-09-11 22:29:06,MOCKLOAD
1007,2026-09-05,14,117,b727997111694953ba41,507,2223.88,,,0,2026-09-11 22:29:06,MOCKLOAD
1007,2026-09-06,18,118,19c9e8f9745444828ed2,507,2951.68,,,0,2026-09-11 22:29:06,MOCKLOAD
1007,2026-09-07,22,106,f184103cad0d4f5bb43b,507,3145.79,,,0,2026-09-11 22:29:06,MOCKLOAD
1007,2026-09-08,27,113,3c28897f788a4e1e86c4,507,147.13,,,0,2026-09-11 22:29:06,MOCKLOAD
1007,2026-09-09,21,104,c0379b22b47444b9abbe,507,1771.82,,,0,2026-09-11 22:29:06,MOCKLOAD
1007,2026-08-11,15,109,3e0118f51184440b9d41,507,1125.24,,,0,2026-09-11 22:29:06,MOCKLOAD
1007,2026-08-12,14,103,367c68972e904bfc88ff,507,771.55,,,0,2026-09-11 22:29:06,MOCKLOAD
1007,2026-08-13,27,104,b8a239228fa14d3eb866,507,527.54,,,0,2026-09-11 22:29:06,MOCKLOAD
1007,2026-08-14,26,118,e12ecca54b014725ba4b,507,3906.84,,,0,2026-09-11 22:29:06,MOCKLOAD
1007,2026-08-15,10,116,cb931640a83340cb8ec8,507,681.34,,,0,2026-09-11 22:29:06,MOCKLOAD
1007,2026-08-16,19,106,bf6fbea6f9b94aaa8f3d,507,646.72,,,0,2026-09-11 22:29:06,MOCKLOAD
1007,2026-08-17,11,106,a63f12e941b94c6e8cf6,507,2964.37,,,0,2026-09-11 22:29:06,MOCKLOAD
1007,2026-08-18,16,109,d9e981de3c734795916f,507,1007.15,,,0,2026-09-11 22:29:06,MOCKLOAD
1007,2026-08-19,19,110,ca4d8cca92144cc58a49,507,473.56,,,0,2026-09-11 22:29:06,MOCKLOAD
1007,2026-08-20,20,118,50c665a582cd49cca569,507,76.58,,,0,2026-09-11 22:29:06,MOCKLOAD
1007,2026-08-21,12,117,0a664d25ead74bed993b,507,44.43,,,0,2026-09-11 22:29:06,MOCKLOAD
1007,2026-08-22,26,120,fba514e81b37435a983e,507,855.05,,,0,2026-09-11 22:29:06,MOCKLOAD
1007,2026-08-23,17,110,c44e8f58fc7946dd8d2a,507,2513.85,,,0,2026-09-11 22:29:06,MOCKLOAD
1007,2026-08-24,21,104,a312fe7c66b649c08d46,507,804.81,,,0,2026-09-11 22:29:06,MOCKLOAD
1007,2026-08-25,23,118,865052e13ed54eaaac81,507,526.19,,,0,2026-09-11 22:29:06,MOCKLOAD
1007,2026-08-26,23,111,a47ffbdc218f405e87d4,507,990.05,,,0,2026-09-11 22:29:06,MOCKLOAD
1007,2026-08-27,22,106,5ed23d51b9514673860f,507,3732.93,,,0,2026-09-11 22:29:06,MOCKLOAD
1007,2026-08-28,24,111,a860a3ab6d8a4a99920e,507,1674.82,,,0,2026-09-11 22:29:06,MOCKLOAD
1007,2026-08-29,20,120,30938dd765254c3f8a41,507,3183.21,,,0,2026-09-11 22:29:06,MOCKLOAD
1007,2026-08-30,18,113,570d28ff9f3b4f97af69,507,2344.11,,,0,2026-09-11 22:29:06,MOCKLOAD
1007,2026-08-31,14,114,df8395f3f620490faf0d,507,1807.96,,,0,2026-09-11 22:29:06,MOCKLOAD
1007,2026-09-01,25,118,6435ba6c608e4abfb9ed,507,802.04,,,0,2026-09-11 22:29:06,MOCKLOAD
1007,2026-09-02,15,102,e67a31157d574c5693d8,507,3906.64,,,0,2026-09-11 22:29:06,MOCKLOAD
1007,2026-09-03,21,117,9a9c63dd516041c88c5b,507,849.41,,,0,2026-09-11 22:29:06,MOCKLOAD
1007,2026-09-04,26,103,47231f7013a94f16b017,507,1387.94,,,0,2026-09-11 22:29:06,MOCKLOAD
1007,2026-09-05,12,117,94f3706415af444f9b6c,507,302.59,,,0,2026-09-11 22:29:06,MOCKLOAD
1007,2026-09-06,10,114,3a26c8dc7dea4882b374,507,524.1,,,0,2026-09-11 22:29:06,MOCKLOAD
1007,2026-09-07,18,110,006ad735a3704bd2937f,507,4617.13,,,0,2026-09-11 22:29:06,MOCKLOAD
1007,2026-09-08,28,120,eb317a907468470abc90,507,396.64,,,0,2026-09-11 22:29:06,MOCKLOAD
1007,2026-09-09,25,108,18d4c4d639b24ef4942e,507,3141.34,,,0,2026-09-11 22:29:06,MOCKLOAD
1007,2026-08-11,10,107,0e93070ee10b4575acdd,507,76.87,,,0,2026-09-11 22:29:06,MOCKLOAD
1007,2026-08-12,19,117,1952770359ec4d6f8945,507,138.72,,,0,2026-09-11 22:29:06,MOCKLOAD
1007,2026-08-13,27,112,591b35ee42da4b7a9a5e,507,52.54,,,0,2026-09-11 22:29:06,MOCKLOAD
1007,2026-08-14,14,107,b4f9b892ead74b2eae8e,507,854.2,,,0,2026-09-11 22:29:06,MOCKLOAD
1007,2026-08-15,10,102,fc2938f16e30485fb41b,507,3359.13,,,0,2026-09-11 22:29:06,MOCKLOAD
1007,2026-08-16,27,107,4f14df30e0d444a287ef,507,831.32,,,0,2026-09-11 22:29:06,MOCKLOAD
1007,2026-08-17,13,111,e25dc72f6c7c449aa36f,507,1397.76,,,0,2026-09-11 22:29:06,MOCKLOAD
1007,2026-08-18,14,117,13e04a6096254dbebebe,507,1061.49,,,0,2026-09-11 22:29:06,MOCKLOAD
1007,2026-08-19,18,114,12778b006a4a482c883e,507,225.3,,,0,2026-09-11 22:29:06,MOCKLOAD
1007,2026-08-20,19,107,a8f91d68b2294d1f9a7f,507,608.48,,,0,2026-09-11 22:29:06,MOCKLOAD
1007,2026-08-21,19,118,98f4c2ecb55b4d899d81,507,473.48,,,0,2026-09-11 22:29:06,MOCKLOAD
1007,2026-08-22,25,119,2d444e0259004172a607,507,1190.3,,,0,2026-09-11 22:29:06,MOCKLOAD
1007,2026-08-23,25,110,7d158f092db64b3cbf92,507,1568.78,,,0,2026-09-11 22:29:06,MOCKLOAD
1007,2026-08-24,14,106,9d19d5d1c7c54cf3b398,507,1827.41,,,0,2026-09-11 22:29:06,MOCKLOAD
1007,2026-08-25,11,108,fd88a5bf15dc45cb8776,507,210.73,,,0,2026-09-11 22:29:06,MOCKLOAD
1007,2026-08-26,24,107,ea733aa5a5c04ee68c85,507,1074.73,,,0,2026-09-11 22:29:06,MOCKLOAD
1007,2026-08-27,24,110,dee6325ad8af4d60813f,507,1542.43,,,0,2026-09-11 22:29:06,MOCKLOAD
1007,2026-08-28,14,109,8f4177dcad584f50b1f4,507,644.97,,,0,2026-09-11 22:29:06,MOCKLOAD
1007,2026-08-29,25,114,729fe26fe75147918c75,507,4189.6,,,0,2026-09-11 22:29:06,MOCKLOAD
1007,2026-08-30,14,105,9edb14b9c24a4637a20f,507,207.05,,,0,2026-09-11 22:29:06,MOCKLOAD
1007,2026-08-31,24,104,f2431bc189f64c77beaf,507,2151.24,,,0,2026-09-11 22:29:06,MOCKLOAD
1007,2026-09-01,22,101,d16fa3784dae4db3aa69,507,3897.3,,,0,2026-09-11 22:29:06,MOCKLOAD
1007,2026-09-02,21,104,d8529cf063724fc6b35b,507,849.68,,,0,2026-09-11 22:29:06,MOCKLOAD
1007,2026-09-03,26,117,9a54086687094d46999b,507,577.34,,,0,2026-09-11 22:29:06,MOCKLOAD
1007,2026-09-04,11,103,cddddf7938c24cc68347,507,2078.12,,,0,2026-09-11 22:29:06,MOCKLOAD
1007,2026-09-05,21,109,df827b55750745dd867b,507,1708.85,,,0,2026-09-11 22:29:06,MOCKLOAD
1007,2026-09-06,13,115,498fe71b4bb444b59870,507,1060.09,,,0,2026-09-11 22:29:06,MOCKLOAD
1007,2026-09-07,22,106,d107aa345a464588a896,507,402.8,,,0,2026-09-11 22:29:06,MOCKLOAD
1007,2026-09-08,22,118,037b13a2385840388fec,507,1770.09,,,0,2026-09-11 22:29:06,MOCKLOAD
1007,2026-09-09,18,109,2e196bfdc2b74b54a7cf,507,1259.72,,,0,2026-09-11 22:29:06,MOCKLOAD
1007,2026-08-11,15,107,830e6dbed77a4c9f9d5c,507,906.72,,,0,2026-09-11 22:29:06,MOCKLOAD
1007,2026-08-12,16,107,051c323a32c84450ad34,507,1573.99,,,0,2026-09-11 22:29:06,MOCKLOAD
1007,2026-08-13,22,104,374eb3915c7e409290dc,507,330.32,,,0,2026-09-11 22:29:06,MOCKLOAD
1007,2026-08-14,17,118,a724175f83474c21ad0d,507,2679.08,,,0,2026-09-11 22:29:06,MOCKLOAD
1007,2026-08-15,19,117,3b66f4f152814c2783ef,507,1966.39,,,0,2026-09-11 22:29:06,MOCKLOAD
1007,2026-08-16,17,108,ecedf21ca2a840beacb0,507,2781.05,,,0,2026-09-11 22:29:06,MOCKLOAD
1007,2026-08-17,24,109,5364e91e848746289860,507,3460.11,,,0,2026-09-11 22:29:06,MOCKLOAD
1007,2026-08-18,15,113,8f5c92bdcead436ba82b,507,138.47,,,0,2026-09-11 22:29:06,MOCKLOAD
1007,2026-08-19,23,120,a1a17f38ec144704823e,507,2083.72,,,0,2026-09-11 22:29:06,MOCKLOAD
1007,2026-08-20,10,112,a551c4a41485465faf89,507,1567.66,,,0,2026-09-11 22:29:06,MOCKLOAD
1007,2026-08-21,29,115,3be62ad1689d473db462,507,1030.24,,,0,2026-09-11 22:29:06,MOCKLOAD
1007,2026-08-22,25,112,a7e55318d9b9447ebb2f,507,4011.66,,,0,2026-09-11 22:29:06,MOCKLOAD
1007,2026-08-23,13,104,bb9eb50abecf416a9ccb,507,1236.88,,,0,2026-09-11 22:29:06,MOCKLOAD
1007,2026-08-24,12,118,224c63134c524b6da04a,507,115.22,,,0,2026-09-11 22:29:06,MOCKLOAD
1007,2026-08-25,17,118,05809fa8ed0d47a1af57,507,1155.86,,,0,2026-09-11 22:29:06,MOCKLOAD
1007,2026-08-26,18,116,d1ed5d4da2284f05b808,507,784.13,,,0,2026-09-11 22:29:06,MOCKLOAD
1007,2026-08-27,11,111,ae1c7a21aa894fc2b440,507,1086.59,,,0,2026-09-11 22:29:06,MOCKLOAD
1007,2026-08-28,23,111,f0a6df525c9f42e8ad7a,507,3656.83,,,0,2026-09-11 22:29:06,MOCKLOAD
1007,2026-08-29,26,107,71011bc7551c4a34b8eb,507,501.81,,,0,2026-09-11 22:29:06,MOCKLOAD
1007,2026-08-30,24,103,554987740e7d4c38a0c2,507,156.36,,,0,2026-09-11 22:29:06,MOCKLOAD
1007,2026-08-31,19,118,0546193a1c214c159c69,507,3229.46,,,0,2026-09-11 22:29:06,MOCKLOAD
1007,2026-09-01,15,111,b09a0b875d124a20a045,507,1471.26,,,0,2026-09-11 22:29:06,MOCKLOAD
1007,2026-09-02,16,103,e5b8a479df1e4eee9711,507,656.41,,,0,2026-09-11 22:29:06,MOCKLOAD
1007,2026-09-03,11,113,03f1e919a2fc41d586c1,507,241.69,,,0,2026-09-11 22:29:06,MOCKLOAD
1007,2026-09-04,28,114,e84ce50c19d747539503,507,400.57,,,0,2026-09-11 22:29:06,MOCKLOAD
1007,2026-09-05,10,116,b4e4fd26f9dd41fa9a20,507,986.41,,,0,2026-09-11 22:29:06,MOCKLOAD
1007,2026-09-06,28,101,866211bab24146b48c04,507,2963.63,,,0,2026-09-11 22:29:06,MOCKLOAD
1007,2026-09-07,17,112,4446ffedf4e043eabd98,507,2205.7,,,0,2026-09-11 22:29:06,MOCKLOAD
1007,2026-09-08,11,115,e25d04d88a0b4c89ad34,507,912.32,,,0,2026-09-11 22:29:06,MOCKLOAD
1007,2026-09-09,24,107,6e65dc2068104ddda343,507,1152.03,,,0,2026-09-11 22:29:06,MOCKLOAD
1007,2026-08-11,25,118,637497287d0549eba736,507,1250.2,,,0,2026-09-11 22:29:06,MOCKLOAD
1007,2026-08-12,28,114,2fee01dd7d7d44df89d3,507,530.47,,,0,2026-09-11 22:29:06,MOCKLOAD
1007,2026-08-13,12,106,31a5ba0050ca43eb8dfb,507,4846.45,,,0,2026-09-11 22:29:06,MOCKLOAD
1007,2026-08-14,25,120,c089488906d04a219940,507,302.73,,,0,2026-09-11 22:29:06,MOCKLOAD
1007,2026-08-15,29,120,45ee0fd0f36b4ab7a77c,507,3046.89,,,0,2026-09-11 22:29:06,MOCKLOAD
1007,2026-08-16,23,115,fc72435015104130a844,507,1100.34,,,0,2026-09-11 22:29:06,MOCKLOAD
1007,2026-08-17,18,118,c1db3148dc0849469f1d,507,386.16,,,0,2026-09-11 22:29:06,MOCKLOAD
1007,2026-08-18,20,112,dc617b0288d8476e934a,507,3094.44,,,0,2026-09-11 22:29:06,MOCKLOAD
1007,2026-08-19,17,106,cd420a5b34274e14b086,507,2318.76,,,0,2026-09-11 22:29:06,MOCKLOAD
1007,2026-08-20,28,112,174324f8a5f74f2ba85f,507,2274.26,,,0,2026-09-11 22:29:06,MOCKLOAD
1007,2026-08-21,22,107,1c602f6f5b584e908396,507,199.16,,,0,2026-09-11 22:29:06,MOCKLOAD
1007,2026-08-22,20,114,d29288cd0dc74ba5b019,507,1528.86,,,0,2026-09-11 22:29:06,MOCKLOAD
1007,2026-08-23,27,117,05fa6e22dcb24b1a8b3b,507,1701.03,,,0,2026-09-11 22:29:06,MOCKLOAD
1007,2026-08-24,28,101,55b2763bacab41989434,507,1443.11,,,0,2026-09-11 22:29:06,MOCKLOAD
1007,2026-08-25,25,113,b6ea1dbe2ce747c5a767,507,621.27,,,0,2026-09-11 22:29:06,MOCKLOAD
1007,2026-08-26,22,116,06afbe17abcd444ebc53,507,2417.03,,,0,2026-09-11 22:29:06,MOCKLOAD
1007,2026-08-27,25,120,64a5c9113e3b4aaf8308,507,48.88,,,0,2026-09-11 22:29:06,MOCKLOAD
1007,2026-08-28,16,109,46fcac36a9134eacaf1d,507,524.05,,,0,2026-09-11 22:29:06,MOCKLOAD
1007,2026-08-29,17,110,1748bfca04e44b48bca0,507,783.6,,,0,2026-09-11 22:29:06,MOCKLOAD
1007,2026-08-30,13,118,7e914610c7744ac283bb,507,1624.93,,,0,2026-09-11 22:29:06,MOCKLOAD
1007,2026-08-31,29,111,a5156da3be6d4873864d,507,1196.03,,,0,2026-09-11 22:29:06,MOCKLOAD
1007,2026-09-01,26,107,312817df19274c0084ff,507,260.61,,,0,2026-09-11 22:29:06,MOCKLOAD
1007,2026-09-02,22,119,5a49caaa09324b559b87,507,4391.75,,,0,2026-09-11 22:29:06,MOCKLOAD
1007,2026-09-03,10,118,41ee584ceb344b04899f,507,129.3,,,0,2026-09-11 22:29:06,MOCKLOAD
1007,2026-09-04,18,115,c2cb37dab9d74c579064,507,625.66,,,0,2026-09-11 22:29:06,MOCKLOAD
1007,2026-09-05,19,103,18d8fb1b4254472cbd9d,507,559.39,,,0,2026-09-11 22:29:06,MOCKLOAD
1007,2026-09-06,23,108,5691b5a369d3481cad94,507,601.83,,,0,2026-09-11 22:29:06,MOCKLOAD
1007,2026-09-07,25,120,4e316818874042aea992,507,65.55,,,0,2026-09-11 22:29:06,MOCKLOAD
1007,2026-09-08,12,106,0c61d7b24e9749bd8ab4,507,2926.07,,,0,2026-09-11 22:29:06,MOCKLOAD
1007,2026-09-09,13,102,64c5a7fda0344006a6dd,507,3335.83,,,0,2026-09-11 22:29:06,MOCKLOAD
1007,2026-08-11,24,118,30a64c81f051475886ed,507,759.13,,,0,2026-09-11 22:29:06,MOCKLOAD
1007,2026-08-12,26,115,60f9931d35a34827a49e,507,1431.51,,,0,2026-09-11 22:29:06,MOCKLOAD
1007,2026-08-13,20,116,8eabe4e38def4a49b452,507,340.22,,,0,2026-09-11 22:29:06,MOCKLOAD
1007,2026-08-14,28,118,f2d62be56e7440179e5f,507,1429.2,,,0,2026-09-11 22:29:06,MOCKLOAD
1007,2026-08-15,12,113,3a9ae08b4cf440aa9b83,507,763.31,,,0,2026-09-11 22:29:06,MOCKLOAD
1007,2026-08-16,12,109,4d9764c2bd894217a78a,507,96.97,,,0,2026-09-11 22:29:06,MOCKLOAD
1007,2026-08-17,11,102,c94c0d00fa7b44359693,507,2493.8,,,0,2026-09-11 22:29:06,MOCKLOAD
1007,2026-08-18,24,101,5205e48fb3094db7b63f,507,175.74,,,0,2026-09-11 22:29:06,MOCKLOAD
1007,2026-08-19,22,108,b1736d4aa3d14be4bdfb,507,141.09,,,0,2026-09-11 22:29:06,MOCKLOAD
1007,2026-08-20,29,120,7f0f51fe8a6241b48d5e,507,1212.61,,,0,2026-09-11 22:29:06,MOCKLOAD
1007,2026-08-21,15,104,6760724e28734c778183,507,2414.01,,,0,2026-09-11 22:29:06,MOCKLOAD
1007,2026-08-22,26,115,64c74907d09944deab2b,507,801.79,,,0,2026-09-11 22:29:06,MOCKLOAD
1007,2026-08-23,15,120,514a37e4b11e4b23a0e4,507,379.81,,,0,2026-09-11 22:29:06,MOCKLOAD
1007,2026-08-24,21,108,73fcfbe8bdd84cdcbc2d,507,2733.94,,,0,2026-09-11 22:29:06,MOCKLOAD
1007,2026-08-25,19,106,c596e2bdf0364076be7a,507,3464.87,,,0,2026-09-11 22:29:06,MOCKLOAD
1007,2026-08-26,22,104,23a91facdca74a9090ce,507,789.93,,,0,2026-09-11 22:29:06,MOCKLOAD
1007,2026-08-27,28,104,c64089ec07384cd1ad33,507,732.29,,,0,2026-09-11 22:29:06,MOCKLOAD
1007,2026-08-28,18,104,f578b5eca4844cafa304,507,2578.09,,,0,2026-09-11 22:29:06,MOCKLOAD
1007,2026-08-29,11,106,b33160694c724634860e,507,833.93,,,0,2026-09-11 22:29:06,MOCKLOAD
1007,2026-08-30,23,102,440ce33b95524ff6a574,507,202.08,,,0,2026-09-11 22:29:06,MOCKLOAD
1007,2026-08-31,20,109,686228114e7c4ee689de,507,1178.05,,,0,2026-09-11 22:29:06,MOCKLOAD
1007,2026-09-01,24,102,8e8a404d36714706b9ca,507,285.59,,,0,2026-09-11 22:29:06,MOCKLOAD
1007,2026-09-02,15,119,5e378502ebb4472aabea,507,1455.46,,,0,2026-09-11 22:29:06,MOCKLOAD
1007,2026-09-03,26,104,9aa75bec41574000afc2,507,1123.83,,,0,2026-09-11 22:29:06,MOCKLOAD
1007,2026-09-04,21,117,1bf5c1a2f8af4d66bae1,507,436.32,,,0,2026-09-11 22:29:06,MOCKLOAD
1007,2026-09-05,18,112,07f7ea33dea841a6a104,507,1390.97,,,0,2026-09-11 22:29:06,MOCKLOAD
1007,2026-09-06,16,114,37a41a8d13b7439e8fef,507,4124.44,,,0,2026-09-11 22:29:06,MOCKLOAD
1007,2026-09-07,24,120,44a859ac806b4ac589dd,507,291.74,,,0,2026-09-11 22:29:06,MOCKLOAD
1007,2026-09-08,28,110,f56e929201224e469abf,507,3328.73,,,0,2026-09-11 22:29:06,MOCKLOAD
1007,2026-09-09,21,103,a1aa8e8700854e23a3f8,507,741.76,,,0,2026-09-11 22:29:06,MOCKLOAD
1007,2026-08-11,22,102,4bd8ee24359e4480885e,507,330.29,,,0,2026-09-11 22:29:06,MOCKLOAD
1007,2026-08-12,24,118,959597e52db44510b91c,507,61.9,,,0,2026-09-11 22:29:06,MOCKLOAD
1007,2026-08-13,20,108,0b52d67236c54ad49015,507,383.49,,,0,2026-09-11 22:29:06,MOCKLOAD
1007,2026-08-14,19,120,bc5e85c1b7604a9db7bd,507,208.58,,,0,2026-09-11 22:29:06,MOCKLOAD
1007,2026-08-15,28,103,6b9502fb291e44fba23b,507,786.95,,,0,2026-09-11 22:29:06,MOCKLOAD
1007,2026-08-16,27,106,5d8009f70a2841768266,507,287.84,,,0,2026-09-11 22:29:06,MOCKLOAD
1007,2026-08-17,12,119,f7d55bab3d0f4b219f22,507,3655.79,,,0,2026-09-11 22:29:06,MOCKLOAD
1007,2026-08-18,15,113,d2bf926c7f204b419c23,507,1333.58,,,0,2026-09-11 22:29:06,MOCKLOAD
1007,2026-08-19,25,112,43e57c2b76c245248fa1,507,2200.82,,,0,2026-09-11 22:29:06,MOCKLOAD
1007,2026-08-20,17,120,a13a63380d3d4221b55f,507,331.47,,,0,2026-09-11 22:29:06,MOCKLOAD
1007,2026-08-21,17,110,96c90ecc86704c8da6eb,507,260.09,,,0,2026-09-11 22:29:06,MOCKLOAD
1007,2026-08-22,23,117,ed93b90d76ce41f8bcdc,507,2963.29,,,0,2026-09-11 22:29:06,MOCKLOAD
1007,2026-08-23,26,104,0f53908d083d4ffe8e35,507,334.59,,,0,2026-09-11 22:29:06,MOCKLOAD
1007,2026-08-24,15,115,51e5906aa520440aa26b,507,305.4,,,0,2026-09-11 22:29:06,MOCKLOAD
1007,2026-08-25,11,102,88017d2d517a4d11a1e7,507,1306.06,,,0,2026-09-11 22:29:06,MOCKLOAD
1007,2026-08-26,16,120,107cff6a1c19478bbc62,507,3886.89,,,0,2026-09-11 22:29:06,MOCKLOAD
1007,2026-08-27,20,114,443ac6344e494e7a9305,507,1074.7,,,0,2026-09-11 22:29:06,MOCKLOAD
1007,2026-08-28,25,105,7b512955f353444eb16a,507,409.87,,,0,2026-09-11 22:29:06,MOCKLOAD
1007,2026-08-29,21,111,9d814930f6c44377bd69,507,3174.38,,,0,2026-09-11 22:29:06,MOCKLOAD
1007,2026-08-30,10,114,6afaeacd053d46d68d18,507,352.43,,,0,2026-09-11 22:29:06,MOCKLOAD
1007,2026-08-31,24,111,d1aec1f463484deebdad,507,2060.73,,,0,2026-09-11 22:29:06,MOCKLOAD
1007,2026-09-01,17,104,1833e97890d840f285a7,507,847.86,,,0,2026-09-11 22:29:06,MOCKLOAD
1007,2026-09-02,29,114,66bde759781549a09759,507,813.65,,,0,2026-09-11 22:29:06,MOCKLOAD
1007,2026-09-03,22,110,dadc4e79a2044a088b2b,507,445.01,,,0,2026-09-11 22:29:06,MOCKLOAD
1007,2026-09-04,10,116,2a5e674b736c41c88e82,507,1581.13,,,0,2026-09-11 22:29:06,MOCKLOAD
1007,2026-09-05,12,116,953dd699b99747e8b50f,507,35.66,,,0,2026-09-11 22:29:06,MOCKLOAD
1007,2026-09-06,23,102,a8a3f604889f4789bfba,507,911.67,,,0,2026-09-11 22:29:06,MOCKLOAD
1007,2026-09-07,20,118,da558f5d0cfa4c538fe3,507,548.3,,,0,2026-09-11 22:29:06,MOCKLOAD
1007,2026-09-08,20,116,56284b4949b24bf6be70,507,300.49,,,0,2026-09-11 22:29:06,MOCKLOAD
1007,2026-09-09,15,116,792fb8862665410da753,507,498.72,,,0,2026-09-11 22:29:06,MOCKLOAD
1007,2026-08-11,21,108,043cb80de0aa44aab478,507,1461.39,,,0,2026-09-11 22:29:06,MOCKLOAD
1007,2026-08-12,28,104,7e14f06b92ec458ebbf4,507,686.28,,,0,2026-09-11 22:29:06,MOCKLOAD
1007,2026-08-13,10,101,1705dd18de1045a48ed7,507,435.91,,,0,2026-09-11 22:29:06,MOCKLOAD
1007,2026-08-14,29,110,a969965cabb145439841,507,5.93,,,0,2026-09-11 22:29:06,MOCKLOAD
1007,2026-08-15,11,108,74f796f96f674765ba90,507,36.21,,,0,2026-09-11 22:29:06,MOCKLOAD
1007,2026-08-16,20,115,6ed5a7bb16cf4404b7d2,507,625.22,,,0,2026-09-11 22:29:06,MOCKLOAD
1007,2026-08-17,29,116,c71dee5b3cb641e29699,507,2514.91,,,0,2026-09-11 22:29:06,MOCKLOAD
1007,2026-08-18,12,102,a6bb610efd76438bb894,507,4142.85,,,0,2026-09-11 22:29:06,MOCKLOAD
1007,2026-08-19,12,104,09183ad7047f4cb78be8,507,1877.38,,,0,2026-09-11 22:29:06,MOCKLOAD
1007,2026-08-20,24,120,f738d65fd8144871b732,507,765.17,,,0,2026-09-11 22:29:06,MOCKLOAD
1007,2026-08-21,11,116,cc2b3575b5e74f60bb72,507,2679.83,,,0,2026-09-11 22:29:06,MOCKLOAD
1007,2026-08-22,27,114,7447f7c6b2ce4c89b2b5,507,421.15,,,0,2026-09-11 22:29:06,MOCKLOAD
1007,2026-08-23,27,115,11c12facd830416a90d2,507,184.75,,,0,2026-09-11 22:29:06,MOCKLOAD
1007,2026-08-24,12,104,83818399459f43b7baf4,507,415.81,,,0,2026-09-11 22:29:06,MOCKLOAD
1007,2026-08-25,18,113,981f0436d5924803a069,507,666.93,,,0,2026-09-11 22:29:06,MOCKLOAD
1007,2026-08-26,21,119,f095954863874a359c07,507,918.94,,,0,2026-09-11 22:29:06,MOCKLOAD
1007,2026-08-27,22,116,ab80306356c041289e09,507,918.07,,,0,2026-09-11 22:29:06,MOCKLOAD
1007,2026-08-28,14,115,4f8ee8d720d941829930,507,1898.84,,,0,2026-09-11 22:29:06,MOCKLOAD
1007,2026-08-29,29,110,d5672803748e4f39b671,507,1731.38,,,0,2026-09-11 22:29:06,MOCKLOAD
1007,2026-08-30,18,111,360a433ac9eb43d2b0d3,507,96.18,,,0,2026-09-11 22:29:06,MOCKLOAD
1007,2026-08-31,16,104,4e88607356694c37b54c,507,4984.02,,,0,2026-09-11 22:29:06,MOCKLOAD
1007,2026-09-01,16,112,156ddec2204348e3bd53,507,3368.8,,,0,2026-09-11 22:29:06,MOCKLOAD
1007,2026-09-02,13,101,3db5ee7091b945ea8cb7,507,1972.3,,,0,2026-09-11 22:29:06,MOCKLOAD
1007,2026-09-03,29,103,790bdca85e5041f6ad14,507,1946.79,,,0,2026-09-11 22:29:06,MOCKLOAD
1007,2026-09-04,25,104,913fa3ddc0674315a47b,507,2418.5,,,0,2026-09-11 22:29:06,MOCKLOAD
1007,2026-09-05,14,112,7f1006d290ea4763b60d,507,2188.17,,,0,2026-09-11 22:29:06,MOCKLOAD
1007,2026-09-06,15,111,61bf698981c64d22b78b,507,672.8,,,0,2026-09-11 22:29:06,MOCKLOAD
1007,2026-09-07,19,117,3aac906892e54d3b8b08,507,53.89,,,0,2026-09-11 22:29:06,MOCKLOAD
1007,2026-09-08,16,120,fba077e97bb44f9ab0a3,507,1968.21,,,0,2026-09-11 22:29:06,MOCKLOAD
1007,2026-09-09,15,120,c0e9f28bb2d24f0a8008,507,3187.85,,,0,2026-09-11 22:29:06,MOCKLOAD
1008,2026-08-11,19,108,3f0498e099d74f7ca029,508,4643.09,,,0,2026-09-11 22:29:06,MOCKLOAD
1008,2026-08-12,20,119,41b3b795056648f1b638,508,289.52,,,0,2026-09-11 22:29:06,MOCKLOAD
1008,2026-08-13,15,102,3870631beb6445118e93,508,310.66,,,0,2026-09-11 22:29:06,MOCKLOAD
1008,2026-08-14,24,113,1fa8297ad4ba4b5587d8,508,6400.98,,,0,2026-09-11 22:29:06,MOCKLOAD
1008,2026-08-15,16,112,7c6fada7fcd84b768315,508,3868.33,,,0,2026-09-11 22:29:06,MOCKLOAD
1008,2026-08-16,11,102,d4e33bc713374ac59af2,508,2246.41,,,0,2026-09-11 22:29:06,MOCKLOAD
1008,2026-08-17,15,111,863a7c22be474b0a8671,508,119.51,,,0,2026-09-11 22:29:06,MOCKLOAD
1008,2026-08-18,21,105,a9af93d96b134c8fa02d,508,616.23,,,0,2026-09-11 22:29:06,MOCKLOAD
1008,2026-08-19,15,105,cb9189e5c61e47f88665,508,255.22,,,0,2026-09-11 22:29:06,MOCKLOAD
1008,2026-08-20,16,106,d837825a1d87473f9c97,508,1274.31,,,0,2026-09-11 22:29:06,MOCKLOAD
1008,2026-08-21,20,103,c9165c611c444a1daebe,508,163.15,,,0,2026-09-11 22:29:06,MOCKLOAD
1008,2026-08-22,11,108,1a809f17f27441739345,508,4621.75,,,0,2026-09-11 22:29:06,MOCKLOAD
1008,2026-08-23,29,116,f7a462f382dd4ce195a2,508,6342.25,,,0,2026-09-11 22:29:06,MOCKLOAD
1008,2026-08-24,26,113,aacec7b701bd43d78bf7,508,1992.98,,,0,2026-09-11 22:29:06,MOCKLOAD
1008,2026-08-25,20,115,edd91fbe63604fd387de,508,814,,,0,2026-09-11 22:29:06,MOCKLOAD
1008,2026-08-26,17,109,02981a7dc0b542929a9b,508,3213,,,0,2026-09-11 22:29:06,MOCKLOAD
1008,2026-08-27,14,103,b39a393fd31e4c6ab419,508,3913.93,,,0,2026-09-11 22:29:06,MOCKLOAD
1008,2026-08-28,16,106,45b5fc55fa6045269071,508,2842.68,,,0,2026-09-11 22:29:06,MOCKLOAD
1008,2026-08-29,13,118,e4bbc3e82fc846fb82ff,508,693.69,,,0,2026-09-11 22:29:06,MOCKLOAD
1008,2026-08-30,10,107,341f625a3625491f942c,508,772.76,,,0,2026-09-11 22:29:06,MOCKLOAD
1008,2026-08-31,18,108,284869536a73493f8bdd,508,1227.18,,,0,2026-09-11 22:29:06,MOCKLOAD
1008,2026-09-01,20,109,012da25fd2cf4f2a991c,508,809.58,,,0,2026-09-11 22:29:06,MOCKLOAD
1008,2026-09-02,29,103,814681c2662545da8b8f,508,119.65,,,0,2026-09-11 22:29:06,MOCKLOAD
1008,2026-09-03,21,119,8b6a135f044649199287,508,3488.55,,,0,2026-09-11 22:29:06,MOCKLOAD
1008,2026-09-04,13,108,87c8c8a68c394fe9becd,508,174.46,,,0,2026-09-11 22:29:06,MOCKLOAD
1008,2026-09-05,14,109,5ee2cc4fb95a485c8705,508,1767.23,,,0,2026-09-11 22:29:06,MOCKLOAD
1008,2026-09-06,15,109,f09b78445ec94f03a4d6,508,3176.25,,,0,2026-09-11 22:29:06,MOCKLOAD
1008,2026-09-07,21,109,4d3ee33f740b4a0685f9,508,4800.51,,,0,2026-09-11 22:29:06,MOCKLOAD
1008,2026-09-08,11,108,2e6d5a23078f49bcb9f9,508,5427.1,,,0,2026-09-11 22:29:06,MOCKLOAD
1008,2026-09-09,25,120,ed858ff2f20f459991e3,508,3609.08,,,0,2026-09-11 22:29:06,MOCKLOAD
1008,2026-08-11,15,118,61630a9300cf4eecaefa,508,1859.19,,,0,2026-09-11 22:29:06,MOCKLOAD
1008,2026-08-12,19,115,b010b8b297ca44d2ad98,508,999.91,,,0,2026-09-11 22:29:06,MOCKLOAD
1008,2026-08-13,23,104,6ce4fd71edce45b6aba2,508,1751.97,,,0,2026-09-11 22:29:06,MOCKLOAD
1008,2026-08-14,28,116,e79072e72af54b5a9dd2,508,34.57,,,0,2026-09-11 22:29:06,MOCKLOAD
1008,2026-08-15,16,110,6610fe232f8344f39d9c,508,9.82,,,0,2026-09-11 22:29:06,MOCKLOAD
1008,2026-08-16,24,109,c7adfb528901480cb7c0,508,858.02,,,0,2026-09-11 22:29:06,MOCKLOAD
1008,2026-08-17,15,119,3d0ba6d2f50542e3b065,508,4079.66,,,0,2026-09-11 22:29:06,MOCKLOAD
1008,2026-08-18,14,112,d53c9d8d4dd845c5a9c9,508,356.45,,,0,2026-09-11 22:29:06,MOCKLOAD
1008,2026-08-19,27,107,d768bed1229d4a3b8f63,508,3217.48,,,0,2026-09-11 22:29:06,MOCKLOAD
1008,2026-08-20,26,114,b5066735a8d342b2a6a3,508,7135.96,,,0,2026-09-11 22:29:06,MOCKLOAD
1008,2026-08-21,21,105,ff670928d6ce451285ce,508,357.28,,,0,2026-09-11 22:29:06,MOCKLOAD
1008,2026-08-22,24,103,9b7f882f95d74924a49e,508,4476.4,,,0,2026-09-11 22:29:06,MOCKLOAD
1008,2026-08-23,13,116,659235d940b0475f9ef8,508,2837.2,,,0,2026-09-11 22:29:06,MOCKLOAD
1008,2026-08-24,11,103,f1b2305c396f46de871c,508,3361.37,,,0,2026-09-11 22:29:06,MOCKLOAD
1008,2026-08-25,23,109,47337bec6e4047849596,508,730.7,,,0,2026-09-11 22:29:06,MOCKLOAD
1008,2026-08-26,28,105,b72f69831ccf473a9b07,508,1468.45,,,0,2026-09-11 22:29:06,MOCKLOAD
1008,2026-08-27,24,103,33a9aa038c6c4b8db872,508,5081.29,,,0,2026-09-11 22:29:06,MOCKLOAD
1008,2026-08-28,16,104,b81933bcd72a45b984fe,508,911.28,,,0,2026-09-11 22:29:06,MOCKLOAD
1008,2026-08-29,29,109,a831aba6ae994b1cb969,508,535.07,,,0,2026-09-11 22:29:06,MOCKLOAD
1008,2026-08-30,13,101,cc3871da49f646fab3bc,508,692.94,,,0,2026-09-11 22:29:06,MOCKLOAD
1008,2026-08-31,22,112,f0a4ec98137f40018a5f,508,2781.93,,,0,2026-09-11 22:29:06,MOCKLOAD
1008,2026-09-01,11,119,b813caf200c84f2383d5,508,754.46,,,0,2026-09-11 22:29:06,MOCKLOAD
1008,2026-09-02,25,112,46fac220bdd14dd5b88c,508,3422.5,,,0,2026-09-11 22:29:06,MOCKLOAD
1008,2026-09-03,26,110,b90cf34fec7741e098f7,508,1599.15,,,0,2026-09-11 22:29:06,MOCKLOAD
1008,2026-09-04,16,114,e8380733c23f4ff29310,508,740.83,,,0,2026-09-11 22:29:06,MOCKLOAD
1008,2026-09-05,21,102,d4eb9b46f2ae4d8f8af6,508,60.81,,,0,2026-09-11 22:29:06,MOCKLOAD
1008,2026-09-06,12,110,85d356a80da749efb8da,508,1378.48,,,0,2026-09-11 22:29:06,MOCKLOAD
1008,2026-09-07,20,103,0397ffdc099d4b188e05,508,2152.82,,,0,2026-09-11 22:29:06,MOCKLOAD
1008,2026-09-08,11,112,e846e30673884da38432,508,897.6,,,0,2026-09-11 22:29:06,MOCKLOAD
1008,2026-09-09,17,117,f266fe37b5be40d1a699,508,3403.25,,,0,2026-09-11 22:29:06,MOCKLOAD
1008,2026-08-11,29,108,3f2d5b3042134a1cb4ef,508,136.74,,,0,2026-09-11 22:29:06,MOCKLOAD
1008,2026-08-12,22,108,3bb63c278a994c8a9d4a,508,1438.13,,,0,2026-09-11 22:29:06,MOCKLOAD
1008,2026-08-13,17,117,01875bf77b534cbebdb9,508,2835.37,,,0,2026-09-11 22:29:06,MOCKLOAD
1008,2026-08-14,16,118,36fee9298d5f49cca794,508,2535.64,,,0,2026-09-11 22:29:06,MOCKLOAD
1008,2026-08-15,16,115,a2c5cf3109ce46a3ab52,508,1785.28,,,0,2026-09-11 22:29:06,MOCKLOAD
1008,2026-08-16,18,109,99bd65ea5a9442b08c5a,508,312.99,,,0,2026-09-11 22:29:06,MOCKLOAD
1008,2026-08-17,28,112,294e9058023b4d6da662,508,516.77,,,0,2026-09-11 22:29:06,MOCKLOAD
1008,2026-08-18,14,106,13e89385b7eb4f65b489,508,1001.97,,,0,2026-09-11 22:29:06,MOCKLOAD
1008,2026-08-19,23,112,80d30325eb704a1a9a64,508,1563.89,,,0,2026-09-11 22:29:06,MOCKLOAD
1008,2026-08-20,12,116,7ece16ffb00a47e8a19f,508,2056.57,,,0,2026-09-11 22:29:06,MOCKLOAD
1008,2026-08-21,29,105,44c2daea160c4e34b307,508,771.97,,,0,2026-09-11 22:29:06,MOCKLOAD
1008,2026-08-22,20,109,652e37563038469b9a88,508,7202.01,,,0,2026-09-11 22:29:06,MOCKLOAD
1008,2026-08-23,28,105,252e73db08714096891f,508,2836.22,,,0,2026-09-11 22:29:06,MOCKLOAD
1008,2026-08-24,13,106,3686f37d3e124447b79f,508,7093.05,,,0,2026-09-11 22:29:06,MOCKLOAD
1008,2026-08-25,23,111,4489b2cd394443e092d5,508,3864.71,,,0,2026-09-11 22:29:06,MOCKLOAD
1008,2026-08-26,24,103,cb728948de1d4500900d,508,1959.67,,,0,2026-09-11 22:29:06,MOCKLOAD
1008,2026-08-27,17,102,25981b6d46de4041a388,508,102.23,,,0,2026-09-11 22:29:06,MOCKLOAD
1008,2026-08-28,27,102,bf2884456c974edd8b9c,508,2536.14,,,0,2026-09-11 22:29:06,MOCKLOAD
1008,2026-08-29,26,102,99944a25f0c74ecda352,508,7247.11,,,0,2026-09-11 22:29:06,MOCKLOAD
1008,2026-08-30,16,115,81dad41c0d3e464ea7f2,508,2516.71,,,0,2026-09-11 22:29:06,MOCKLOAD
1008,2026-08-31,22,107,4ad4d45933fe4249a3f4,508,752.79,,,0,2026-09-11 22:29:06,MOCKLOAD
1008,2026-09-01,10,113,5c3e9f358f0b494caa6e,508,727.71,,,0,2026-09-11 22:29:06,MOCKLOAD
1008,2026-09-02,14,109,cc5f6af1513442c1ba9f,508,1283.42,,,0,2026-09-11 22:29:06,MOCKLOAD
1008,2026-09-03,21,120,3a6c350c43424bd6b2c6,508,3563.69,,,0,2026-09-11 22:29:06,MOCKLOAD
1008,2026-09-04,17,117,7f02029d595f4591a255,508,1038.3,,,0,2026-09-11 22:29:06,MOCKLOAD
1008,2026-09-05,14,108,bc4da2cc2f3c4b46acd7,508,1003.84,,,0,2026-09-11 22:29:06,MOCKLOAD
1008,2026-09-06,29,108,8002c6b94e68488fbdf6,508,1253.1,,,0,2026-09-11 22:29:06,MOCKLOAD
1008,2026-09-07,26,109,339809656aa24e7c9dcc,508,1567.05,,,0,2026-09-11 22:29:06,MOCKLOAD
1008,2026-09-08,27,116,109ae6e905a54d01bbf6,508,2460.2,,,0,2026-09-11 22:29:06,MOCKLOAD
1008,2026-09-09,29,104,140d41b4280d418f84b3,508,2451.86,,,0,2026-09-11 22:29:06,MOCKLOAD
1008,2026-08-11,29,111,943c515a31994197a43a,508,47.03,,,0,2026-09-11 22:29:06,MOCKLOAD
1008,2026-08-12,29,110,5a669bedb06448baad6e,508,1076.64,,,0,2026-09-11 22:29:06,MOCKLOAD
1008,2026-08-13,12,113,d052fbbe97c143f6b123,508,5243.01,,,0,2026-09-11 22:29:06,MOCKLOAD
1008,2026-08-14,22,101,01cf15056c754f76a2bd,508,3343.74,,,0,2026-09-11 22:29:06,MOCKLOAD
1008,2026-08-15,13,109,dc53ebcf880d4a12b9ab,508,81.02,,,0,2026-09-11 22:29:06,MOCKLOAD
1008,2026-08-16,13,107,3d45388733b749919601,508,1058.94,,,0,2026-09-11 22:29:06,MOCKLOAD
1008,2026-08-17,17,101,baa7585d66fc4c329111,508,1625.82,,,0,2026-09-11 22:29:06,MOCKLOAD
1008,2026-08-18,16,104,1d367da6c6b2430c9222,508,249.54,,,0,2026-09-11 22:29:06,MOCKLOAD
1008,2026-08-19,13,113,ac50167d385f44659017,508,4510.19,,,0,2026-09-11 22:29:06,MOCKLOAD
1008,2026-08-20,26,112,5bfeb76ab18a4f9493d8,508,578.76,,,0,2026-09-11 22:29:06,MOCKLOAD
1008,2026-08-21,21,110,02ed098196844c5da1ec,508,2344.42,,,0,2026-09-11 22:29:06,MOCKLOAD
1008,2026-08-22,19,110,d6af40fd23d34fccbc6e,508,867.76,,,0,2026-09-11 22:29:06,MOCKLOAD
1008,2026-08-23,24,109,d86e63dd5abe47408859,508,307.52,,,0,2026-09-11 22:29:06,MOCKLOAD
1008,2026-08-24,25,117,62ac7e08fa2b4752aa01,508,2115.76,,,0,2026-09-11 22:29:06,MOCKLOAD
1008,2026-08-25,14,116,8d1552f13bd34ec5ada8,508,1121.96,,,0,2026-09-11 22:29:06,MOCKLOAD
1008,2026-08-26,27,111,2e1a0d43332041d3afab,508,625.94,,,0,2026-09-11 22:29:06,MOCKLOAD
1008,2026-08-27,17,102,8f5c7b0f9fbe4999b452,508,352.32,,,0,2026-09-11 22:29:06,MOCKLOAD
1008,2026-08-28,28,103,b4e5a36e24ea4e2ca4cc,508,5770.28,,,0,2026-09-11 22:29:06,MOCKLOAD
1008,2026-08-29,21,106,88298facfd0a4630901c,508,4412.13,,,0,2026-09-11 22:29:06,MOCKLOAD
1008,2026-08-30,18,108,69e7ae9e49a54aa9a0cf,508,686.9,,,0,2026-09-11 22:29:06,MOCKLOAD
1008,2026-08-31,25,117,88900e895b6c423c88da,508,744.1,,,0,2026-09-11 22:29:06,MOCKLOAD
1008,2026-09-01,26,110,65cb342c4dcd42499e84,508,4393.31,,,0,2026-09-11 22:29:06,MOCKLOAD
1008,2026-09-02,14,104,b81f86771b8c42499eed,508,497.39,,,0,2026-09-11 22:29:06,MOCKLOAD
1008,2026-09-03,22,120,bd0aa8625fd64bfba069,508,1243.51,,,0,2026-09-11 22:29:06,MOCKLOAD
1008,2026-09-04,13,106,9aca04c5d3cb4fe49a87,508,3474.58,,,0,2026-09-11 22:29:06,MOCKLOAD
1008,2026-09-05,18,117,7a5c5f8eca564d5882c2,508,4335.8,,,0,2026-09-11 22:29:06,MOCKLOAD
1008,2026-09-06,21,101,0fdc487d982e48888358,508,131.79,,,0,2026-09-11 22:29:06,MOCKLOAD
1008,2026-09-07,23,118,41254f6029394058aeb2,508,4316.09,,,0,2026-09-11 22:29:06,MOCKLOAD
1008,2026-09-08,29,105,b48a24f8281c4bc5bc7c,508,130.69,,,0,2026-09-11 22:29:06,MOCKLOAD
1008,2026-09-09,23,107,828a03b21613498ea0d3,508,935.62,,,0,2026-09-11 22:29:06,MOCKLOAD
1008,2026-08-11,11,102,9ae0ca8396c84255b763,508,4295.6,,,0,2026-09-11 22:29:06,MOCKLOAD
1008,2026-08-12,11,116,5f021db4a03a492ba8b3,508,3578.19,,,0,2026-09-11 22:29:06,MOCKLOAD
1008,2026-08-13,24,119,cdce03ca14f245548d16,508,2715.93,,,0,2026-09-11 22:29:06,MOCKLOAD
1008,2026-08-14,12,111,c5a3496ceeb747f3a4ad,508,295.98,,,0,2026-09-11 22:29:06,MOCKLOAD
1008,2026-08-15,14,110,c737fc4ef2c145699c91,508,154.64,,,0,2026-09-11 22:29:06,MOCKLOAD
1008,2026-08-16,16,105,c4ea6aa7f1614a009219,508,299.44,,,0,2026-09-11 22:29:06,MOCKLOAD
1008,2026-08-17,23,110,c1132f1c68e948a8b567,508,122.53,,,0,2026-09-11 22:29:06,MOCKLOAD
1008,2026-08-18,14,118,187f53ed04db49a99f35,508,558.16,,,0,2026-09-11 22:29:06,MOCKLOAD
1008,2026-08-19,24,118,bdd6700bc90d42ea934b,508,2149.12,,,0,2026-09-11 22:29:06,MOCKLOAD
1008,2026-08-20,23,114,3f20ac68c80c4b65ba24,508,894.56,,,0,2026-09-11 22:29:06,MOCKLOAD
1008,2026-08-21,27,105,c0cbd08150a14e38a134,508,2049.11,,,0,2026-09-11 22:29:06,MOCKLOAD
1008,2026-08-22,22,120,611dc44483034d1c8a85,508,4411.21,,,0,2026-09-11 22:29:06,MOCKLOAD
1008,2026-08-23,20,107,2a8b07e71fe748949673,508,1029.7,,,0,2026-09-11 22:29:06,MOCKLOAD
1008,2026-08-24,20,118,d7161211550c4b759714,508,2264.09,,,0,2026-09-11 22:29:06,MOCKLOAD
1008,2026-08-25,22,111,a6d47466cade40868f08,508,2255.35,,,0,2026-09-11 22:29:06,MOCKLOAD
1008,2026-08-26,26,107,9fecd8f073344c78ae00,508,440.49,,,0,2026-09-11 22:29:06,MOCKLOAD
1008,2026-08-27,23,115,1af14772d9cd426f940d,508,2512.44,,,0,2026-09-11 22:29:06,MOCKLOAD
1008,2026-08-28,12,114,b158e88cf8df4f75aa0a,508,6046.37,,,0,2026-09-11 22:29:06,MOCKLOAD
1008,2026-08-29,12,111,b3acef7f56eb4835b90c,508,348.31,,,0,2026-09-11 22:29:06,MOCKLOAD
1008,2026-08-30,12,105,96dd6739594745ee84a2,508,2211.17,,,0,2026-09-11 22:29:06,MOCKLOAD
1008,2026-08-31,22,118,03a3a34003dd4c9fb125,508,4314.61,,,0,2026-09-11 22:29:06,MOCKLOAD
1008,2026-09-01,17,120,1ec1f5285f41487dabab,508,3403.11,,,0,2026-09-11 22:29:06,MOCKLOAD
1008,2026-09-02,10,113,c8cf19683c714baba864,508,2206.77,,,0,2026-09-11 22:29:06,MOCKLOAD
1008,2026-09-03,23,103,3150e903d0144ec3ad80,508,862.1,,,0,2026-09-11 22:29:06,MOCKLOAD
1008,2026-09-04,20,120,55bf7c0a40594fd1a61b,508,508.75,,,0,2026-09-11 22:29:06,MOCKLOAD
1008,2026-09-05,19,113,382570428dc7474b8c53,508,5219.15,,,0,2026-09-11 22:29:06,MOCKLOAD
1008,2026-09-06,27,116,cc3b3e3edc0946778e64,508,410.67,,,0,2026-09-11 22:29:06,MOCKLOAD
1008,2026-09-07,26,116,512c4d5f3ef9485a9af7,508,5215.61,,,0,2026-09-11 22:29:06,MOCKLOAD
1008,2026-09-08,28,116,dd122122ddf54f6db4f6,508,2289.97,,,0,2026-09-11 22:29:06,MOCKLOAD
1008,2026-09-09,28,119,7a1632e0ffea48d58c90,508,3980.46,,,0,2026-09-11 22:29:06,MOCKLOAD
1008,2026-08-11,26,103,4309a45745d44496a263,508,132.22,,,0,2026-09-11 22:29:06,MOCKLOAD
1008,2026-08-12,24,115,25c2576864164ac4937a,508,253.23,,,0,2026-09-11 22:29:06,MOCKLOAD
1008,2026-08-13,15,120,b2a8fbce71044204b6ca,508,1063.94,,,0,2026-09-11 22:29:06,MOCKLOAD
1008,2026-08-14,14,108,ff02513fe12449acb334,508,2618.75,,,0,2026-09-11 22:29:06,MOCKLOAD
1008,2026-08-15,27,112,de8bea8d18e74f369ef0,508,811.29,,,0,2026-09-11 22:29:06,MOCKLOAD
1008,2026-08-16,14,117,b1014b7a1c204b709216,508,1032.33,,,0,2026-09-11 22:29:06,MOCKLOAD
1008,2026-08-17,22,113,3b62aeaf452548d18db8,508,3324.12,,,0,2026-09-11 22:29:06,MOCKLOAD
1008,2026-08-18,13,101,033975c36d1e45fd8fc8,508,640.13,,,0,2026-09-11 22:29:06,MOCKLOAD
1008,2026-08-19,13,111,a425d637db9d4a129065,508,469.94,,,0,2026-09-11 22:29:06,MOCKLOAD
1008,2026-08-20,10,118,9043bffae0a049f4b24c,508,2970.35,,,0,2026-09-11 22:29:06,MOCKLOAD
1008,2026-08-21,18,103,3060e1ddd5c44ea499dc,508,1318.89,,,0,2026-09-11 22:29:06,MOCKLOAD
1008,2026-08-22,29,120,ff14f5ec7b2749a8bee4,508,2601.2,,,0,2026-09-11 22:29:06,MOCKLOAD
1008,2026-08-23,24,105,e7702c2c00764b608f86,508,2959.24,,,0,2026-09-11 22:29:06,MOCKLOAD
1008,2026-08-24,19,115,e45829f833be4ab7af42,508,3746.42,,,0,2026-09-11 22:29:06,MOCKLOAD
1008,2026-08-25,23,116,17a1f30a1f9d4942bd26,508,224.17,,,0,2026-09-11 22:29:06,MOCKLOAD
1008,2026-08-26,23,111,65b6f996e6e74c4ea031,508,1172.82,,,0,2026-09-11 22:29:06,MOCKLOAD
1008,2026-08-27,16,108,24c7e6dde3e440c286b9,508,96.49,,,0,2026-09-11 22:29:06,MOCKLOAD
1008,2026-08-28,24,115,8d5af6fe04884ff2b100,508,4601.82,,,0,2026-09-11 22:29:06,MOCKLOAD
1008,2026-08-29,29,116,091a381c6dba47d08d06,508,207.32,,,0,2026-09-11 22:29:06,MOCKLOAD
1008,2026-08-30,12,112,cc93db05976f4641a9bd,508,3695.74,,,0,2026-09-11 22:29:06,MOCKLOAD
1008,2026-08-31,19,101,1f25553964b2401f9e91,508,2531.23,,,0,2026-09-11 22:29:06,MOCKLOAD
1008,2026-09-01,19,117,110f95f6a4d147b19339,508,2039.72,,,0,2026-09-11 22:29:06,MOCKLOAD
1008,2026-09-02,19,115,1290ffb6672847b69fb2,508,1006.22,,,0,2026-09-11 22:29:06,MOCKLOAD
1008,2026-09-03,22,115,60b128c49ecc4f35ab5d,508,1970.27,,,0,2026-09-11 22:29:06,MOCKLOAD
1008,2026-09-04,27,119,9325b858c40a4a8ab22d,508,3210.45,,,0,2026-09-11 22:29:06,MOCKLOAD
1008,2026-09-05,15,105,dc41f2657b924a1db657,508,4082.46,,,0,2026-09-11 22:29:06,MOCKLOAD
1008,2026-09-06,26,111,0804d1d8cac348bfa8c2,508,4.49,,,0,2026-09-11 22:29:06,MOCKLOAD
1008,2026-09-07,23,113,e21ac6bda2e54e85a87d,508,3462.01,,,0,2026-09-11 22:29:06,MOCKLOAD
1008,2026-09-08,14,111,76e6e3a1b22241dc96dc,508,926.99,,,0,2026-09-11 22:29:06,MOCKLOAD
1008,2026-09-09,24,117,08f547f1552c4cd2afc6,508,536,,,0,2026-09-11 22:29:06,MOCKLOAD
1008,2026-08-11,11,104,0718bf28f92a445b8ee2,508,1377.6,,,0,2026-09-11 22:29:06,MOCKLOAD
1008,2026-08-12,21,113,ac43f5b1d50c4c67ae85,508,2993.33,,,0,2026-09-11 22:29:06,MOCKLOAD
1008,2026-08-13,24,111,f8a93a6daea445b2a522,508,914.63,,,0,2026-09-11 22:29:06,MOCKLOAD
1008,2026-08-14,19,104,6ba20eb5450f47aba856,508,2125.25,,,0,2026-09-11 22:29:06,MOCKLOAD
1008,2026-08-15,13,114,797ce261ca2b4939b171,508,4636.18,,,0,2026-09-11 22:29:06,MOCKLOAD
1008,2026-08-16,19,110,98e991c5fd6d451f91cb,508,895.89,,,0,2026-09-11 22:29:06,MOCKLOAD
1008,2026-08-17,17,117,67bf47020c3e4688af55,508,120.36,,,0,2026-09-11 22:29:06,MOCKLOAD
1008,2026-08-18,21,118,4f6b036234264ee7aeaa,508,913.71,,,0,2026-09-11 22:29:06,MOCKLOAD
1008,2026-08-19,18,103,263cd24fbfa44ec0a425,508,493.22,,,0,2026-09-11 22:29:06,MOCKLOAD
1008,2026-08-20,12,115,1ea79623ac4e454696cf,508,856.29,,,0,2026-09-11 22:29:06,MOCKLOAD
1008,2026-08-21,21,114,65e45a8d44e74a1e9131,508,2146.42,,,0,2026-09-11 22:29:06,MOCKLOAD
1008,2026-08-22,28,103,b6beaf607f7b44bcaa9b,508,51.85,,,0,2026-09-11 22:29:06,MOCKLOAD
1008,2026-08-23,22,104,538b04810c55458f80f7,508,589.3,,,0,2026-09-11 22:29:06,MOCKLOAD
1008,2026-08-24,18,115,54266ff8364d4b858157,508,1192.83,,,0,2026-09-11 22:29:06,MOCKLOAD
1008,2026-08-25,21,102,a5dc0fb4899e4025877f,508,2126.16,,,0,2026-09-11 22:29:06,MOCKLOAD
1008,2026-08-26,19,120,58e9c45d4c4f4b29be25,508,45.25,,,0,2026-09-11 22:29:06,MOCKLOAD
1008,2026-08-27,16,112,eee58b1a47364d0a9dff,508,1456.39,,,0,2026-09-11 22:29:06,MOCKLOAD
1008,2026-08-28,29,114,284245b834d04178bcd5,508,281.4,,,0,2026-09-11 22:29:06,MOCKLOAD
1008,2026-08-29,27,106,f819ef7be4374b858d9f,508,815.5,,,0,2026-09-11 22:29:06,MOCKLOAD
1008,2026-08-30,23,105,3d765722acc145a0b74c,508,2077.06,,,0,2026-09-11 22:29:06,MOCKLOAD
1008,2026-08-31,19,112,bc77e614ba964e88bdb7,508,1559.23,,,0,2026-09-11 22:29:06,MOCKLOAD
1008,2026-09-01,26,119,21f38e5794a24134a4a3,508,3429.25,,,0,2026-09-11 22:29:06,MOCKLOAD
1008,2026-09-02,17,116,3dc22c113f15449293c9,508,3077.67,,,0,2026-09-11 22:29:06,MOCKLOAD
1008,2026-09-03,26,112,95032e08b14d4652a360,508,1582.89,,,0,2026-09-11 22:29:06,MOCKLOAD
1008,2026-09-04,13,114,91896b1dce284faf8964,508,2087.64,,,0,2026-09-11 22:29:06,MOCKLOAD
1008,2026-09-05,10,105,1738ee27e2144dd48182,508,7259.56,,,0,2026-09-11 22:29:06,MOCKLOAD
1008,2026-09-06,17,114,f0034a0598c94eb8b0db,508,6617.45,,,0,2026-09-11 22:29:06,MOCKLOAD
1008,2026-09-07,10,112,22cd8eec182844eb87da,508,1215.32,,,0,2026-09-11 22:29:06,MOCKLOAD
1008,2026-09-08,18,102,55e7249e5c5a4b65aa08,508,3992.7,,,0,2026-09-11 22:29:06,MOCKLOAD
1008,2026-09-09,12,104,a82d7445e8e34b2eb855,508,1127.49,,,0,2026-09-11 22:29:06,MOCKLOAD
1008,2026-08-11,12,111,1869d720275e419fa1e3,508,1734.73,,,0,2026-09-11 22:29:06,MOCKLOAD
1008,2026-08-12,17,115,4d0655bca28f4fe980a7,508,3608.24,,,0,2026-09-11 22:29:06,MOCKLOAD
1008,2026-08-13,29,108,69718c6cafa245b39781,508,3558.59,,,0,2026-09-11 22:29:06,MOCKLOAD
1008,2026-08-14,13,110,5427458041c94521b9fd,508,1120.43,,,0,2026-09-11 22:29:06,MOCKLOAD
1008,2026-08-15,22,111,d3be65b8d3cc46d88a04,508,1852.52,,,0,2026-09-11 22:29:06,MOCKLOAD
1008,2026-08-16,13,114,aecf151df554401db3ae,508,1660.02,,,0,2026-09-11 22:29:06,MOCKLOAD
1008,2026-08-17,10,114,14f62f06208644f39963,508,1810.83,,,0,2026-09-11 22:29:06,MOCKLOAD
1008,2026-08-18,22,111,f2d840a289184fb19c7e,508,4358.74,,,0,2026-09-11 22:29:06,MOCKLOAD
1008,2026-08-19,26,112,baa0df1d0dd54a8e87bd,508,2629.17,,,0,2026-09-11 22:29:06,MOCKLOAD
1008,2026-08-20,20,113,9fc88a120e924eb08325,508,5292.73,,,0,2026-09-11 22:29:06,MOCKLOAD
1008,2026-08-21,20,111,d8d4c2385e254bf69ec9,508,75.02,,,0,2026-09-11 22:29:06,MOCKLOAD
1008,2026-08-22,22,118,1bb1a6befbac4d4b853d,508,5739.37,,,0,2026-09-11 22:29:06,MOCKLOAD
1008,2026-08-23,27,120,b655b820f1a149c68414,508,1361.45,,,0,2026-09-11 22:29:06,MOCKLOAD
1008,2026-08-24,18,104,7cc6d277c13a472ca3ce,508,1329.23,,,0,2026-09-11 22:29:06,MOCKLOAD
1008,2026-08-25,28,120,adfb47d1ea1f47a2be5a,508,4095.59,,,0,2026-09-11 22:29:06,MOCKLOAD
1008,2026-08-26,17,101,61072151b07d4124b986,508,1359.83,,,0,2026-09-11 22:29:06,MOCKLOAD
1008,2026-08-27,13,116,cc341236b82f498d9703,508,225.4,,,0,2026-09-11 22:29:06,MOCKLOAD
1008,2026-08-28,23,114,74f408b2ad2146c18b45,508,133.76,,,0,2026-09-11 22:29:06,MOCKLOAD
1008,2026-08-29,15,104,2480d89582584a5da0bc,508,644.94,,,0,2026-09-11 22:29:06,MOCKLOAD
1008,2026-08-30,26,102,576159609ea644f886cd,508,1704.65,,,0,2026-09-11 22:29:06,MOCKLOAD
1008,2026-08-31,12,101,075ccb3ec8ea4c1ca9b8,508,3162.26,,,0,2026-09-11 22:29:06,MOCKLOAD
1008,2026-09-01,21,114,16c92fba9a0f46d7b845,508,1588.76,,,0,2026-09-11 22:29:06,MOCKLOAD
1008,2026-09-02,17,106,5117c326aea140388d87,508,42.14,,,0,2026-09-11 22:29:06,MOCKLOAD
1008,2026-09-03,17,116,458af150c5744c57b328,508,1835.82,,,0,2026-09-11 22:29:06,MOCKLOAD
1008,2026-09-04,16,103,40c9a16b47264d3dbff2,508,5258.55,,,0,2026-09-11 22:29:06,MOCKLOAD
1008,2026-09-05,23,103,75b8a3e33ac04c66b84f,508,2702.66,,,0,2026-09-11 22:29:06,MOCKLOAD
1008,2026-09-06,20,105,95ad965f42cb4e07ac83,508,3152.29,,,0,2026-09-11 22:29:06,MOCKLOAD
1008,2026-09-07,16,117,011d2ddff0574c86acc6,508,664.63,,,0,2026-09-11 22:29:06,MOCKLOAD
1008,2026-09-08,28,120,5ec1814f07e747748256,508,384.36,,,0,2026-09-11 22:29:06,MOCKLOAD
1008,2026-09-09,19,115,6ab0df5e3499425ea578,508,4524.6,,,0,2026-09-11 22:29:06,MOCKLOAD
1008,2026-08-11,26,113,d3395e26484d4277ab92,508,185.39,,,0,2026-09-11 22:29:06,MOCKLOAD
1008,2026-08-12,27,104,f98528998e0948e5adae,508,2054.73,,,0,2026-09-11 22:29:06,MOCKLOAD
1008,2026-08-13,27,114,d24e8a87247f47da9504,508,3306.12,,,0,2026-09-11 22:29:06,MOCKLOAD
1008,2026-08-14,11,109,5ea6658919884ccdbede,508,2906.89,,,0,2026-09-11 22:29:06,MOCKLOAD
1008,2026-08-15,18,106,4b7a4c9bf4084a7c8d34,508,107.71,,,0,2026-09-11 22:29:06,MOCKLOAD
1008,2026-08-16,22,114,9595ea668ee2466bb35d,508,1610.64,,,0,2026-09-11 22:29:06,MOCKLOAD
1008,2026-08-17,14,115,6014f5c47a8648c7b25e,508,323.62,,,0,2026-09-11 22:29:06,MOCKLOAD
1008,2026-08-18,22,111,3e4ddd2bb3154ffd8202,508,191.44,,,0,2026-09-11 22:29:06,MOCKLOAD
1008,2026-08-19,14,101,0694289e5c964dc4bbe7,508,4653.62,,,0,2026-09-11 22:29:06,MOCKLOAD
1008,2026-08-20,28,118,e988a6c84e82490888f8,508,1352.89,,,0,2026-09-11 22:29:06,MOCKLOAD
1008,2026-08-21,13,108,7643b573114242c4b14d,508,3737.68,,,0,2026-09-11 22:29:06,MOCKLOAD
1008,2026-08-22,20,118,6e0c0428bf35477a9f1b,508,3897.21,,,0,2026-09-11 22:29:06,MOCKLOAD
1008,2026-08-23,13,113,435c3cac50794c3b8f5b,508,3996.93,,,0,2026-09-11 22:29:06,MOCKLOAD
1008,2026-08-24,22,114,792a88f34e054761a285,508,1142.55,,,0,2026-09-11 22:29:06,MOCKLOAD
1008,2026-08-25,16,101,16274ba5b8214bc0bffe,508,213.63,,,0,2026-09-11 22:29:06,MOCKLOAD
1008,2026-08-26,23,109,47a95cdae95046e787ac,508,3906.78,,,0,2026-09-11 22:29:06,MOCKLOAD
1008,2026-08-27,20,108,a09c659ed9644f228f54,508,6707.28,,,0,2026-09-11 22:29:06,MOCKLOAD
1008,2026-08-28,12,119,e172b93308b04a06ba32,508,5576.46,,,0,2026-09-11 22:29:06,MOCKLOAD
1008,2026-08-29,22,118,1ecc5e3e3a1d4ba1adc1,508,781.19,,,0,2026-09-11 22:29:06,MOCKLOAD
1008,2026-08-30,20,102,b3ce22011bda4124a73f,508,344.42,,,0,2026-09-11 22:29:06,MOCKLOAD
1008,2026-08-31,16,102,3decb9a1a6354a5e8f6b,508,1715.12,,,0,2026-09-11 22:29:06,MOCKLOAD
1008,2026-09-01,15,102,2b0badfa4ee94440bfcf,508,118.42,,,0,2026-09-11 22:29:06,MOCKLOAD
1008,2026-09-02,18,111,e95a17128eab44279129,508,2060.49,,,0,2026-09-11 22:29:06,MOCKLOAD
1008,2026-09-03,25,108,ec5ec576962847dba0ea,508,1002.61,,,0,2026-09-11 22:29:06,MOCKLOAD
1008,2026-09-04,12,118,d1507608f77048479bda,508,335.63,,,0,2026-09-11 22:29:06,MOCKLOAD
1008,2026-09-05,11,105,7079e9adaf2b4b6081f1,508,1603.01,,,0,2026-09-11 22:29:06,MOCKLOAD
1008,2026-09-06,20,106,89537b6d36a74c03a365,508,795.8,,,0,2026-09-11 22:29:06,MOCKLOAD
1008,2026-09-07,20,112,8938e8a02d2b4c1bbf56,508,4425.39,,,0,2026-09-11 22:29:06,MOCKLOAD
1008,2026-09-08,21,112,9d2c81cfe772446ba969,508,393.49,,,0,2026-09-11 22:29:06,MOCKLOAD
1008,2026-09-09,29,117,6e4606cdfd9c4f4e99be,508,70.34,,,0,2026-09-11 22:29:06,MOCKLOAD
1008,2026-08-11,20,116,223a02daa1794b7abaf8,508,5308.34,,,0,2026-09-11 22:29:06,MOCKLOAD
1008,2026-08-12,28,115,6182781206144a4aba29,508,2702.07,,,0,2026-09-11 22:29:06,MOCKLOAD
1008,2026-08-13,13,104,1e58846a1aa548c5a668,508,6299.05,,,0,2026-09-11 22:29:06,MOCKLOAD
1008,2026-08-14,29,110,4da0bae53c494bdaa85a,508,699.82,,,0,2026-09-11 22:29:06,MOCKLOAD
1008,2026-08-15,19,105,36267d8c20804fa4b68e,508,2379.69,,,0,2026-09-11 22:29:06,MOCKLOAD
1008,2026-08-16,14,115,049f03277499488b90f0,508,4744.48,,,0,2026-09-11 22:29:06,MOCKLOAD
1008,2026-08-17,22,103,e1c5d08202fa4449bd44,508,2087.25,,,0,2026-09-11 22:29:06,MOCKLOAD
1008,2026-08-18,19,115,19b0a6391ae94bf89d37,508,2497.44,,,0,2026-09-11 22:29:06,MOCKLOAD
1008,2026-08-19,18,108,81e573f85a2542da9a3c,508,59.73,,,0,2026-09-11 22:29:06,MOCKLOAD
1008,2026-08-20,29,113,80a5056e55314b08a618,508,4075.25,,,0,2026-09-11 22:29:06,MOCKLOAD
1008,2026-08-21,26,114,f6712a1dcf9444f89010,508,1448.35,,,0,2026-09-11 22:29:06,MOCKLOAD
1008,2026-08-22,29,103,1188bb716074447abc31,508,596.44,,,0,2026-09-11 22:29:06,MOCKLOAD
1008,2026-08-23,22,116,f4ddf3e0522a491a9b97,508,275.47,,,0,2026-09-11 22:29:06,MOCKLOAD
1008,2026-08-24,13,113,141fff58a7da4d2b8474,508,4687.3,,,0,2026-09-11 22:29:06,MOCKLOAD
1008,2026-08-25,16,117,840281ecf0c4440b9e00,508,1778.49,,,0,2026-09-11 22:29:06,MOCKLOAD
1008,2026-08-26,13,108,c9eb36a6477f477c9980,508,4749.26,,,0,2026-09-11 22:29:06,MOCKLOAD
1008,2026-08-27,27,115,230c1b50ac1e45a4b77b,508,6085.29,,,0,2026-09-11 22:29:06,MOCKLOAD
1008,2026-08-28,18,120,7bebb84330064356ba08,508,2163.19,,,0,2026-09-11 22:29:06,MOCKLOAD
1008,2026-08-29,21,117,68888f0f9ca54671b83b,508,493.09,,,0,2026-09-11 22:29:06,MOCKLOAD
1008,2026-08-30,25,102,0e56a598853d4987bf0f,508,2279.8,,,0,2026-09-11 22:29:06,MOCKLOAD
1008,2026-08-31,29,108,a66c879495584c1d9b1a,508,5277.38,,,0,2026-09-11 22:29:06,MOCKLOAD
1008,2026-09-01,17,108,53b9a04b47b649bcb964,508,2412.41,,,0,2026-09-11 22:29:06,MOCKLOAD
1008,2026-09-02,15,112,33826af8804c4cceb597,508,771.56,,,0,2026-09-11 22:29:06,MOCKLOAD
1008,2026-09-03,29,103,2c784ebb8399412eaa9b,508,381.08,,,0,2026-09-11 22:29:06,MOCKLOAD
1008,2026-09-04,14,111,70788a5baefa47cba7bd,508,1736.51,,,0,2026-09-11 22:29:06,MOCKLOAD
1008,2026-09-05,20,115,d8d817d2c79547b09101,508,1179.72,,,0,2026-09-11 22:29:06,MOCKLOAD
1008,2026-09-06,11,112,36a503396e734b978e48,508,1412.39,,,0,2026-09-11 22:29:06,MOCKLOAD
1008,2026-09-07,16,120,00f55f6a14734cfdb8e1,508,3563.64,,,0,2026-09-11 22:29:06,MOCKLOAD
1008,2026-09-08,16,109,37bee00828c24f11a29d,508,975.13,,,0,2026-09-11 22:29:06,MOCKLOAD
1008,2026-09-09,14,113,ea98325e7b9541efbbb9,508,2304.44,,,0,2026-09-11 22:29:06,MOCKLOAD
1009,2026-08-11,23,115,74709b6372d64e16a0ec,509,6794.45,,,0,2026-09-11 22:29:06,MOCKLOAD
1009,2026-08-12,23,109,0465b9a53d0d4f83ae0b,509,262.87,,,0,2026-09-11 22:29:06,MOCKLOAD
1009,2026-08-13,15,117,4f8be600472449c7a6f9,509,1361.9,,,0,2026-09-11 22:29:06,MOCKLOAD
1009,2026-08-14,21,120,93f80ae5656d4e75adc6,509,2684.89,,,0,2026-09-11 22:29:06,MOCKLOAD
1009,2026-08-15,12,117,38a29702d9c540caad12,509,5870.93,,,0,2026-09-11 22:29:06,MOCKLOAD
1009,2026-08-16,21,113,b45bcca36f564ff6ad9b,509,4397.82,,,0,2026-09-11 22:29:06,MOCKLOAD
1009,2026-08-17,21,104,ac8f00c5264d42368464,509,132.36,,,0,2026-09-11 22:29:06,MOCKLOAD
1009,2026-08-18,10,117,5df9823a9f3a4d21918e,509,2589.36,,,0,2026-09-11 22:29:06,MOCKLOAD
1009,2026-08-19,21,107,59a9250d2f2b4d86a1d0,509,8873.69,,,0,2026-09-11 22:29:06,MOCKLOAD
1009,2026-08-20,25,104,d1c31766bcea493fae7f,509,6246.52,,,0,2026-09-11 22:29:06,MOCKLOAD
1009,2026-08-21,17,113,ac91962fd2f045d18037,509,4938.93,,,0,2026-09-11 22:29:06,MOCKLOAD
1009,2026-08-22,11,114,fdf725f8992f44f39259,509,97.64,,,0,2026-09-11 22:29:06,MOCKLOAD
1009,2026-08-23,17,111,30ecc5d4529c49a8bee0,509,157.38,,,0,2026-09-11 22:29:06,MOCKLOAD
1009,2026-08-24,29,120,60988a702809412e813c,509,8820,,,0,2026-09-11 22:29:06,MOCKLOAD
1009,2026-08-25,28,117,ed2dfe169e3848be8f2b,509,4921.31,,,0,2026-09-11 22:29:06,MOCKLOAD
1009,2026-08-26,18,117,4a515eda911c46558d95,509,1735.71,,,0,2026-09-11 22:29:06,MOCKLOAD
1009,2026-08-27,15,111,b928a5a6d8f1462a823f,509,2297.62,,,0,2026-09-11 22:29:06,MOCKLOAD
1009,2026-08-28,26,117,b10c1e2aeb0147efa12d,509,3745.96,,,0,2026-09-11 22:29:06,MOCKLOAD
1009,2026-08-29,13,113,86472a996479408ab201,509,9112.54,,,0,2026-09-11 22:29:06,MOCKLOAD
1009,2026-08-30,17,120,4a1e8942bf58437b8cff,509,6765,,,0,2026-09-11 22:29:06,MOCKLOAD
1009,2026-08-31,29,118,b99f6cee32e84bee95fb,509,4241.16,,,0,2026-09-11 22:29:06,MOCKLOAD
1009,2026-09-01,27,108,ca0b9a1a2efe4159bdec,509,755.63,,,0,2026-09-11 22:29:06,MOCKLOAD
1009,2026-09-02,19,118,713df46259e44556828d,509,8928.38,,,0,2026-09-11 22:29:06,MOCKLOAD
1009,2026-09-03,15,102,3e7727384cad4959a7f2,509,5145.99,,,0,2026-09-11 22:29:06,MOCKLOAD
1009,2026-09-04,18,105,9fc21db1508948f984a4,509,782.54,,,0,2026-09-11 22:29:06,MOCKLOAD
1009,2026-09-05,13,104,fb3b062b7f684650b174,509,131.1,,,0,2026-09-11 22:29:06,MOCKLOAD
1009,2026-09-06,26,108,6f89733861d54819b810,509,10826.22,,,0,2026-09-11 22:29:06,MOCKLOAD
1009,2026-09-07,16,107,e0a662dcbdda4e62a7a7,509,939.5,,,0,2026-09-11 22:29:06,MOCKLOAD
1009,2026-09-08,10,106,7a055310c4ee428dbf8c,509,8115.15,,,0,2026-09-11 22:29:06,MOCKLOAD
1009,2026-09-09,17,110,3d5b98a3584b4012af71,509,6392.13,,,0,2026-09-11 22:29:06,MOCKLOAD
1009,2026-08-11,17,115,c62947b668624391b636,509,6770.97,,,0,2026-09-11 22:29:06,MOCKLOAD
1009,2026-08-12,11,102,51f166bfda6944fc8cb9,509,2103.13,,,0,2026-09-11 22:29:06,MOCKLOAD
1009,2026-08-13,26,104,16926da60e26482d8675,509,3286.16,,,0,2026-09-11 22:29:06,MOCKLOAD
1009,2026-08-14,24,113,4c76c7cfa482485abe67,509,1855.26,,,0,2026-09-11 22:29:06,MOCKLOAD
1009,2026-08-15,24,116,e4631af0bfb14ab78667,509,2418.23,,,0,2026-09-11 22:29:06,MOCKLOAD
1009,2026-08-16,19,117,19896516cf9749a991b9,509,218.09,,,0,2026-09-11 22:29:06,MOCKLOAD
1009,2026-08-17,17,112,e0602d4e1e5d4b41a51b,509,6287.59,,,0,2026-09-11 22:29:06,MOCKLOAD
1009,2026-08-18,14,114,7507a8e1a7dd44dfaa85,509,3012.7,,,0,2026-09-11 22:29:06,MOCKLOAD
1009,2026-08-19,10,109,9ab0bf08387042ca8d37,509,2884.37,,,0,2026-09-11 22:29:06,MOCKLOAD
1009,2026-08-20,13,102,761323c89a0645a183cc,509,2901.61,,,0,2026-09-11 22:29:06,MOCKLOAD
1009,2026-08-21,26,105,4be15f17eb6c41e5b62d,509,2061.23,,,0,2026-09-11 22:29:06,MOCKLOAD
1009,2026-08-22,17,119,ba14d4c913454136a383,509,2544.59,,,0,2026-09-11 22:29:06,MOCKLOAD
1009,2026-08-23,15,107,afc486b27b1c42809ee0,509,1916.61,,,0,2026-09-11 22:29:06,MOCKLOAD
1009,2026-08-24,16,118,302f40fa6e984bdf86ff,509,823.6,,,0,2026-09-11 22:29:06,MOCKLOAD
1009,2026-08-25,21,112,bb62eb2926d04ff2a0a9,509,507.93,,,0,2026-09-11 22:29:06,MOCKLOAD
1009,2026-08-26,28,105,c5e13c03e42847ed92d0,509,3096.45,,,0,2026-09-11 22:29:06,MOCKLOAD
1009,2026-08-27,18,103,519a0858efd1454aaccd,509,995.37,,,0,2026-09-11 22:29:06,MOCKLOAD
1009,2026-08-28,10,110,0f39cb96964a48fb9142,509,5153.19,,,0,2026-09-11 22:29:06,MOCKLOAD
1009,2026-08-29,20,120,c3ae5f3a404d494486a5,509,4514.23,,,0,2026-09-11 22:29:06,MOCKLOAD
1009,2026-08-30,12,105,0b2ba0ad79fb428eab04,509,3062.84,,,0,2026-09-11 22:29:06,MOCKLOAD
1009,2026-08-31,21,111,c6eb7f90bf6d47ef82ba,509,272.83,,,0,2026-09-11 22:29:06,MOCKLOAD
1009,2026-09-01,11,108,ed792b37b4ec422ea997,509,5819.15,,,0,2026-09-11 22:29:06,MOCKLOAD
1009,2026-09-02,26,115,6bf91be08987472b9aa5,509,864.96,,,0,2026-09-11 22:29:06,MOCKLOAD
1009,2026-09-03,19,108,2293b940a6ae4eb78be2,509,7969.16,,,0,2026-09-11 22:29:06,MOCKLOAD
1009,2026-09-04,16,101,4a8c9aa669ab441d9f6a,509,812.31,,,0,2026-09-11 22:29:06,MOCKLOAD
1009,2026-09-05,15,117,6a9a335e73ad4d3baade,509,327.46,,,0,2026-09-11 22:29:06,MOCKLOAD
1009,2026-09-06,12,106,09a14c460b244e2d82a7,509,315.92,,,0,2026-09-11 22:29:06,MOCKLOAD
1009,2026-09-07,17,104,782421416d4845c78c89,509,559.83,,,0,2026-09-11 22:29:06,MOCKLOAD
1009,2026-09-08,18,111,0e412c7a2c4c4abdb50f,509,1406.23,,,0,2026-09-11 22:29:06,MOCKLOAD
1009,2026-09-09,22,105,9220633f74ff44b3b098,509,9128.12,,,0,2026-09-11 22:29:06,MOCKLOAD
1009,2026-08-11,20,101,0570e541912740a19c00,509,3257.88,,,0,2026-09-11 22:29:06,MOCKLOAD
1009,2026-08-12,17,111,175108449e41458eac6a,509,4608.46,,,0,2026-09-11 22:29:06,MOCKLOAD
1009,2026-08-13,13,107,7db3f7fe4a864d9bac65,509,1902.47,,,0,2026-09-11 22:29:06,MOCKLOAD
1009,2026-08-14,21,109,670790a3c30f40f1867d,509,3915.75,,,0,2026-09-11 22:29:06,MOCKLOAD
1009,2026-08-15,16,102,ded3e471f4d0468c817c,509,3901.32,,,0,2026-09-11 22:29:06,MOCKLOAD
1009,2026-08-16,15,103,15b1122619d344f99246,509,4593.94,,,0,2026-09-11 22:29:06,MOCKLOAD
1009,2026-08-17,10,115,2c12ab2590314b2188b5,509,1646.53,,,0,2026-09-11 22:29:06,MOCKLOAD
1009,2026-08-18,16,109,90d060d4707f44579d4d,509,3072.62,,,0,2026-09-11 22:29:06,MOCKLOAD
1009,2026-08-19,12,120,ba09efe587664e6683ba,509,1042.64,,,0,2026-09-11 22:29:06,MOCKLOAD
1009,2026-08-20,23,119,53af4d7eac4c43328bfe,509,65.99,,,0,2026-09-11 22:29:06,MOCKLOAD
1009,2026-08-21,19,102,77b4b8526b8e41dca8b8,509,573.22,,,0,2026-09-11 22:29:06,MOCKLOAD
1009,2026-08-22,23,112,cd773fdc20cc4167bade,509,7040.8,,,0,2026-09-11 22:29:06,MOCKLOAD
1009,2026-08-23,19,109,5ef75d9879db4962a335,509,848.09,,,0,2026-09-11 22:29:06,MOCKLOAD
1009,2026-08-24,26,119,1a2c531ed49743cf9c1c,509,2298.58,,,0,2026-09-11 22:29:06,MOCKLOAD
1009,2026-08-25,12,113,864e93bcee294624a6b8,509,3978.72,,,0,2026-09-11 22:29:06,MOCKLOAD
1009,2026-08-26,15,120,897910dfe2d84b7ba49a,509,67.13,,,0,2026-09-11 22:29:06,MOCKLOAD
1009,2026-08-27,13,109,a54e52b798974b4b8b14,509,436.3,,,0,2026-09-11 22:29:06,MOCKLOAD
1009,2026-08-28,16,110,ee14928f096749bd8ada,509,2214.02,,,0,2026-09-11 22:29:06,MOCKLOAD
1009,2026-08-29,14,118,bc9ffa0840a34668ad73,509,6091.83,,,0,2026-09-11 22:29:06,MOCKLOAD
1009,2026-08-30,18,111,26918d1acda647bb8dca,509,241.27,,,0,2026-09-11 22:29:06,MOCKLOAD
1009,2026-08-31,25,119,a3cf4d7c344f4946a6ea,509,4475.85,,,0,2026-09-11 22:29:06,MOCKLOAD
1009,2026-09-01,25,120,4594f27e035b4651831c,509,5250.37,,,0,2026-09-11 22:29:06,MOCKLOAD
1009,2026-09-02,11,115,072eee9472f6496fb9bd,509,2837.32,,,0,2026-09-11 22:29:06,MOCKLOAD
1009,2026-09-03,23,112,faf2431a3b66464fb7c6,509,3455.87,,,0,2026-09-11 22:29:06,MOCKLOAD
1009,2026-09-04,20,102,254be12067b343a5a236,509,7376.07,,,0,2026-09-11 22:29:06,MOCKLOAD
1009,2026-09-05,27,102,ac33f750b435418f9610,509,9706.85,,,0,2026-09-11 22:29:06,MOCKLOAD
1009,2026-09-06,27,120,c805fa3cbf7f4852ad8b,509,1922.94,,,0,2026-09-11 22:29:06,MOCKLOAD
1009,2026-09-07,12,101,76ce23476b5848898028,509,1555.74,,,0,2026-09-11 22:29:06,MOCKLOAD
1009,2026-09-08,22,115,e32024096cad4ec7af61,509,521.97,,,0,2026-09-11 22:29:06,MOCKLOAD
1009,2026-09-09,16,113,f47ad60a4d6d4374a9ea,509,585.14,,,0,2026-09-11 22:29:06,MOCKLOAD
1009,2026-08-11,21,102,c0d9adfc098b436c9fa6,509,1531.87,,,0,2026-09-11 22:29:06,MOCKLOAD
1009,2026-08-12,14,117,b1a8498ef29f4aab9aaf,509,1385.68,,,0,2026-09-11 22:29:06,MOCKLOAD
1009,2026-08-13,19,110,14e09b03b3ca48fbae79,509,906.43,,,0,2026-09-11 22:29:06,MOCKLOAD
1009,2026-08-14,23,109,cfbed333780f4e6a88b9,509,5629.89,,,0,2026-09-11 22:29:06,MOCKLOAD
1009,2026-08-15,14,106,d8d9f29186404770802d,509,908.19,,,0,2026-09-11 22:29:06,MOCKLOAD
1009,2026-08-16,27,105,fb0e2d7f9e324c13a047,509,9426.64,,,0,2026-09-11 22:29:06,MOCKLOAD
1009,2026-08-17,25,115,fc1e1d5617a744689d92,509,815.04,,,0,2026-09-11 22:29:06,MOCKLOAD
1009,2026-08-18,17,109,530e10925e1f4b3486ab,509,2644.1,,,0,2026-09-11 22:29:06,MOCKLOAD
1009,2026-08-19,23,118,8d61cefc19df4827b521,509,699.07,,,0,2026-09-11 22:29:06,MOCKLOAD
1009,2026-08-20,11,106,cf0cb59ea34748f78417,509,1917.19,,,0,2026-09-11 22:29:06,MOCKLOAD
1009,2026-08-21,23,110,ae9e70896ec1458ca43e,509,4978.26,,,0,2026-09-11 22:29:06,MOCKLOAD
1009,2026-08-22,16,120,41a396c9bd8647449755,509,4202.55,,,0,2026-09-11 22:29:06,MOCKLOAD
1009,2026-08-23,27,104,7b6f29696aac4df0a63c,509,512.7,,,0,2026-09-11 22:29:06,MOCKLOAD
1009,2026-08-24,29,111,51e4c92655954a5ab99a,509,2198.18,,,0,2026-09-11 22:29:06,MOCKLOAD
1009,2026-08-25,12,109,1117c0f3f798435ab360,509,935.51,,,0,2026-09-11 22:29:06,MOCKLOAD
1009,2026-08-26,12,117,f29a24c845f8475b9553,509,114.2,,,0,2026-09-11 22:29:06,MOCKLOAD
1009,2026-08-27,20,103,d68750b2a7f64b9398e3,509,651.83,,,0,2026-09-11 22:29:06,MOCKLOAD
1009,2026-08-28,24,108,aebdc6a0b974499285c0,509,1494.89,,,0,2026-09-11 22:29:06,MOCKLOAD
1009,2026-08-29,10,108,c3ddd4b5ed464d0eb225,509,889.71,,,0,2026-09-11 22:29:06,MOCKLOAD
1009,2026-08-30,14,109,07e126a47ff04896aaf6,509,2153.89,,,0,2026-09-11 22:29:06,MOCKLOAD
1009,2026-08-31,16,108,8b3713d3ffdc416f8810,509,8248.82,,,0,2026-09-11 22:29:06,MOCKLOAD
1009,2026-09-01,21,113,daa333adf4ef46528180,509,6976.43,,,0,2026-09-11 22:29:06,MOCKLOAD
1009,2026-09-02,23,118,8b8dd1b3596e421f95b8,509,508.12,,,0,2026-09-11 22:29:06,MOCKLOAD
1009,2026-09-03,17,112,7f0183ad07de4599b17a,509,2814.77,,,0,2026-09-11 22:29:06,MOCKLOAD
1009,2026-09-04,18,113,e22ff95b93e941ca9489,509,6838.21,,,0,2026-09-11 22:29:06,MOCKLOAD
1009,2026-09-05,23,105,04d703b356cf400cb2d4,509,7571.85,,,0,2026-09-11 22:29:06,MOCKLOAD
1009,2026-09-06,15,115,cce8facb537a4d68b793,509,42.68,,,0,2026-09-11 22:29:06,MOCKLOAD
1009,2026-09-07,14,103,b0e58af952ef4beb94d5,509,5765.96,,,0,2026-09-11 22:29:06,MOCKLOAD
1009,2026-09-08,24,111,37410a0ea8104fed9ca9,509,6194.87,,,0,2026-09-11 22:29:06,MOCKLOAD
1009,2026-09-09,27,116,066f98ac487341d7ba96,509,245.98,,,0,2026-09-11 22:29:06,MOCKLOAD
1009,2026-08-11,13,114,c40e0a95307e4979a283,509,256.41,,,0,2026-09-11 22:29:06,MOCKLOAD
1009,2026-08-12,22,120,77f89ebbb23246c7b0db,509,4814.45,,,0,2026-09-11 22:29:06,MOCKLOAD
1009,2026-08-13,15,105,33f80bbae6f847698b5e,509,1064.24,,,0,2026-09-11 22:29:06,MOCKLOAD
1009,2026-08-14,13,120,a8b3dbbe1a744e61b542,509,3305.53,,,0,2026-09-11 22:29:06,MOCKLOAD
1009,2026-08-15,25,106,9006a0dfc9f44aceb328,509,488.8,,,0,2026-09-11 22:29:06,MOCKLOAD
1009,2026-08-16,24,103,5069cf21c9a54ddbaf39,509,354.71,,,0,2026-09-11 22:29:06,MOCKLOAD
1009,2026-08-17,13,120,c86fdfe0a13f456aaea9,509,1080.44,,,0,2026-09-11 22:29:06,MOCKLOAD
1009,2026-08-18,23,119,31470917c36447808021,509,3381.11,,,0,2026-09-11 22:29:06,MOCKLOAD
1009,2026-08-19,10,117,ced47695206a4994a4bb,509,151.76,,,0,2026-09-11 22:29:06,MOCKLOAD
1009,2026-08-20,12,117,05feb23049ad4c588910,509,3056.95,,,0,2026-09-11 22:29:06,MOCKLOAD
1009,2026-08-21,21,106,99bdc40e32994fe7af66,509,2500.16,,,0,2026-09-11 22:29:06,MOCKLOAD
1009,2026-08-22,27,102,d808a43a49f541a19bfe,509,1078.27,,,0,2026-09-11 22:29:06,MOCKLOAD
1009,2026-08-23,25,115,cf4367a3b81247f5af92,509,281.99,,,0,2026-09-11 22:29:06,MOCKLOAD
1009,2026-08-24,13,108,87e4cb8cfcf742f0baf0,509,842.13,,,0,2026-09-11 22:29:06,MOCKLOAD
1009,2026-08-25,11,109,ec8f651b5e47432c98c0,509,3480.22,,,0,2026-09-11 22:29:06,MOCKLOAD
1009,2026-08-26,14,120,353d961dcd214f49974f,509,3138.18,,,0,2026-09-11 22:29:06,MOCKLOAD
1009,2026-08-27,25,116,72ed2b8cc92243428e5c,509,3621.12,,,0,2026-09-11 22:29:06,MOCKLOAD
1009,2026-08-28,13,104,a14576e93dea46a5970f,509,3202.8,,,0,2026-09-11 22:29:06,MOCKLOAD
1009,2026-08-29,21,120,295b0b87fd2e4d79a669,509,1659.86,,,0,2026-09-11 22:29:06,MOCKLOAD
1009,2026-08-30,18,102,422bb606d96f46518ba0,509,2038.79,,,0,2026-09-11 22:29:06,MOCKLOAD
1009,2026-08-31,17,110,810f839e39124a59b4dc,509,8959,,,0,2026-09-11 22:29:06,MOCKLOAD
1009,2026-09-01,27,107,ee68661746414a4ba46c,509,1313.7,,,0,2026-09-11 22:29:06,MOCKLOAD
1009,2026-09-02,27,107,0aa693bd201e4fcc8f89,509,9602.8,,,0,2026-09-11 22:29:06,MOCKLOAD
1009,2026-09-03,29,101,3647c7fe022c4a02b421,509,3366.43,,,0,2026-09-11 22:29:06,MOCKLOAD
1009,2026-09-04,18,104,dcbce79c007e4b1fad83,509,4836.64,,,0,2026-09-11 22:29:06,MOCKLOAD
1009,2026-09-05,15,118,80808e60de2e44059eae,509,4371.48,,,0,2026-09-11 22:29:06,MOCKLOAD
1009,2026-09-06,15,106,1e906a1d2d454581b597,509,2909.3,,,0,2026-09-11 22:29:06,MOCKLOAD
1009,2026-09-07,13,107,d20bdf689c4046529128,509,5205.97,,,0,2026-09-11 22:29:06,MOCKLOAD
1009,2026-09-08,11,114,191355ee73dd4bacb940,509,63.6,,,0,2026-09-11 22:29:06,MOCKLOAD
1009,2026-09-09,12,112,a530dcf03e29445eaca2,509,197.78,,,0,2026-09-11 22:29:06,MOCKLOAD
1009,2026-08-11,21,120,f45ac6f1a01146448464,509,779.88,,,0,2026-09-11 22:29:06,MOCKLOAD
1009,2026-08-12,17,117,632eb33025b946039816,509,597.47,,,0,2026-09-11 22:29:06,MOCKLOAD
1009,2026-08-13,14,115,23fe1f91ae464ce5a82c,509,1316.98,,,0,2026-09-11 22:29:06,MOCKLOAD
1009,2026-08-14,12,115,0e346706d1ca41acbb59,509,3899.24,,,0,2026-09-11 22:29:06,MOCKLOAD
1009,2026-08-15,24,118,58f73f4220874493bbd6,509,6184.84,,,0,2026-09-11 22:29:06,MOCKLOAD
1009,2026-08-16,13,106,f2fc3c43a9d64fdeb071,509,1152.15,,,0,2026-09-11 22:29:06,MOCKLOAD
1009,2026-08-17,21,117,24549537bad743af92e5,509,439.98,,,0,2026-09-11 22:29:06,MOCKLOAD
1009,2026-08-18,26,106,f3cb666725db446c9fff,509,3640.72,,,0,2026-09-11 22:29:06,MOCKLOAD
1009,2026-08-19,11,107,eff51f21cad64a21bc23,509,1365.15,,,0,2026-09-11 22:29:06,MOCKLOAD
1009,2026-08-20,27,105,8f88cd10bb4b4c209d39,509,18.94,,,0,2026-09-11 22:29:06,MOCKLOAD
1009,2026-08-21,28,107,cdebf672f1ba4e1eb614,509,433.26,,,0,2026-09-11 22:29:06,MOCKLOAD
1009,2026-08-22,12,111,d44ff1862236434baacd,509,2050.66,,,0,2026-09-11 22:29:06,MOCKLOAD
1009,2026-08-23,23,107,6ffe6f4d6233434494e6,509,650.05,,,0,2026-09-11 22:29:06,MOCKLOAD
1009,2026-08-24,29,101,6c01ca74246a450eb248,509,1268.22,,,0,2026-09-11 22:29:06,MOCKLOAD
1009,2026-08-25,28,108,64ff398c94d34fd7b8b5,509,2134.15,,,0,2026-09-11 22:29:06,MOCKLOAD
1009,2026-08-26,10,111,60a0dec0c0fb47f99d4c,509,716.77,,,0,2026-09-11 22:29:06,MOCKLOAD
1009,2026-08-27,15,120,bf276a841bcf4a90903e,509,5525.02,,,0,2026-09-11 22:29:06,MOCKLOAD
1009,2026-08-28,29,115,c8207095a3ac4bc99989,509,191.62,,,0,2026-09-11 22:29:06,MOCKLOAD
1009,2026-08-29,17,117,45e35a38fba748c79e78,509,262.79,,,0,2026-09-11 22:29:06,MOCKLOAD
1009,2026-08-30,18,110,7d05e549dbac479cac30,509,1062.31,,,0,2026-09-11 22:29:06,MOCKLOAD
1009,2026-08-31,10,120,814734a54f204bc6a4fe,509,2658.22,,,0,2026-09-11 22:29:06,MOCKLOAD
1009,2026-09-01,16,119,13b9c13b93024a58a135,509,1281.67,,,0,2026-09-11 22:29:06,MOCKLOAD
1009,2026-09-02,29,101,acb65f224ff9421db290,509,3543.47,,,0,2026-09-11 22:29:06,MOCKLOAD
1009,2026-09-03,18,109,b752b10c520a41c7859a,509,2086.18,,,0,2026-09-11 22:29:06,MOCKLOAD
1009,2026-09-04,23,106,8b86a03445d341309326,509,4045.8,,,0,2026-09-11 22:29:06,MOCKLOAD
1009,2026-09-05,28,119,c6315458ad674144b3d8,509,1748.89,,,0,2026-09-11 22:29:06,MOCKLOAD
1009,2026-09-06,20,120,b7aeb2e8bafd46069e5a,509,2827.43,,,0,2026-09-11 22:29:06,MOCKLOAD
1009,2026-09-07,29,110,062be08da97648b2a241,509,3025.98,,,0,2026-09-11 22:29:06,MOCKLOAD
1009,2026-09-08,14,106,688cdc41be944af080b2,509,9851.55,,,0,2026-09-11 22:29:06,MOCKLOAD
1009,2026-09-09,10,113,5c5751ec515d44e1b725,509,1947.35,,,0,2026-09-11 22:29:06,MOCKLOAD
1009,2026-08-11,22,104,5a217b4dbe3e45eda348,509,1413.34,,,0,2026-09-11 22:29:06,MOCKLOAD
1009,2026-08-12,25,102,47b61d95dc654366a235,509,1940.39,,,0,2026-09-11 22:29:06,MOCKLOAD
1009,2026-08-13,17,117,f271f768c91a4fd486f6,509,872.11,,,0,2026-09-11 22:29:06,MOCKLOAD
1009,2026-08-14,13,101,cdd3f73015d548ca9a3a,509,3844.11,,,0,2026-09-11 22:29:06,MOCKLOAD
1009,2026-08-15,28,118,7555d60f791e4f488a89,509,400.24,,,0,2026-09-11 22:29:06,MOCKLOAD
1009,2026-08-16,11,102,4555f32f22284083ab31,509,1012.02,,,0,2026-09-11 22:29:06,MOCKLOAD
1009,2026-08-17,14,111,d113291ac1594316a758,509,194.65,,,0,2026-09-11 22:29:06,MOCKLOAD
1009,2026-08-18,18,117,92137d0601cc4717b8af,509,3335.01,,,0,2026-09-11 22:29:06,MOCKLOAD
1009,2026-08-19,19,108,f54f71626d2042aa9e60,509,2262.3,,,0,2026-09-11 22:29:06,MOCKLOAD
1009,2026-08-20,11,101,f2c9407607b94943b0eb,509,4443.16,,,0,2026-09-11 22:29:06,MOCKLOAD
1009,2026-08-21,25,114,52fe2eb5aef644ca81ae,509,5097.74,,,0,2026-09-11 22:29:06,MOCKLOAD
1009,2026-08-22,10,120,e8374a9d794c47bb82b1,509,2626.87,,,0,2026-09-11 22:29:06,MOCKLOAD
1009,2026-08-23,12,116,f2c1863bc0414133829a,509,1486.27,,,0,2026-09-11 22:29:06,MOCKLOAD
1009,2026-08-24,12,104,7a2ee62a12d8477d871f,509,2176.61,,,0,2026-09-11 22:29:06,MOCKLOAD
1009,2026-08-25,25,110,7803a1c14c764efa8340,509,865.36,,,0,2026-09-11 22:29:06,MOCKLOAD
1009,2026-08-26,26,115,cf2f6d8e99344ba9a0e0,509,2334.34,,,0,2026-09-11 22:29:06,MOCKLOAD
1009,2026-08-27,13,107,08345c6ea1f44d028ecd,509,8980.86,,,0,2026-09-11 22:29:06,MOCKLOAD
1009,2026-08-28,15,105,97d16eb19cdd4c29b15f,509,8442.84,,,0,2026-09-11 22:29:06,MOCKLOAD
1009,2026-08-29,23,107,de78d3cfb7ca4a2fa41f,509,2429.59,,,0,2026-09-11 22:29:06,MOCKLOAD
1009,2026-08-30,28,119,8e98b97cae974835a696,509,3537.41,,,0,2026-09-11 22:29:06,MOCKLOAD
1009,2026-08-31,28,115,f47cca9e81574681b879,509,4732.12,,,0,2026-09-11 22:29:06,MOCKLOAD
1009,2026-09-01,13,110,2d6f846516e94e878253,509,6936.05,,,0,2026-09-11 22:29:06,MOCKLOAD
1009,2026-09-02,14,103,f7c68b8f5b4f4b7298c9,509,5003.64,,,0,2026-09-11 22:29:06,MOCKLOAD
1009,2026-09-03,18,118,f5b25c99f484489490fb,509,3092.63,,,0,2026-09-11 22:29:06,MOCKLOAD
1009,2026-09-04,18,114,8ea7048fc834407983b4,509,1838.16,,,0,2026-09-11 22:29:06,MOCKLOAD
1009,2026-09-05,27,101,859f484b42e44d66aeae,509,6826.47,,,0,2026-09-11 22:29:06,MOCKLOAD
1009,2026-09-06,12,117,8095c74e2cc643aaba89,509,1333.93,,,0,2026-09-11 22:29:06,MOCKLOAD
1009,2026-09-07,28,105,5daa04d312e744019fb1,509,8050.75,,,0,2026-09-11 22:29:06,MOCKLOAD
1009,2026-09-08,25,104,9c186f92d57145409222,509,274.61,,,0,2026-09-11 22:29:06,MOCKLOAD
1009,2026-09-09,29,109,f4c65f3012a44d60a187,509,3105.99,,,0,2026-09-11 22:29:06,MOCKLOAD
1009,2026-08-11,16,112,acd1b44145d7442396c7,509,1820.51,,,0,2026-09-11 22:29:06,MOCKLOAD
1009,2026-08-12,13,117,de4f4960d6d240b28f98,509,7652.38,,,0,2026-09-11 22:29:06,MOCKLOAD
1009,2026-08-13,18,109,4db3e5a5df514ff79018,509,5567.07,,,0,2026-09-11 22:29:06,MOCKLOAD
1009,2026-08-14,27,104,6468c50c8d1b49b98048,509,726.54,,,0,2026-09-11 22:29:06,MOCKLOAD
1009,2026-08-15,17,116,6bbb31a1ac3842a18189,509,221.03,,,0,2026-09-11 22:29:06,MOCKLOAD
1009,2026-08-16,18,116,db3eef14bfd24c0e9cad,509,2521.22,,,0,2026-09-11 22:29:06,MOCKLOAD
1009,2026-08-17,12,108,5cccf21b862a4669b4e0,509,859.65,,,0,2026-09-11 22:29:06,MOCKLOAD
1009,2026-08-18,17,113,dd69409f36e64506ae74,509,1200.77,,,0,2026-09-11 22:29:06,MOCKLOAD
1009,2026-08-19,16,116,a7fa8d7cbb5144439dc6,509,2259.37,,,0,2026-09-11 22:29:06,MOCKLOAD
1009,2026-08-20,16,114,c145bf6a43b3484a8716,509,779.04,,,0,2026-09-11 22:29:06,MOCKLOAD
1009,2026-08-21,23,113,3bcfb580ed2d422f8c17,509,262.74,,,0,2026-09-11 22:29:06,MOCKLOAD
1009,2026-08-22,21,111,f50469a31a4c4bc2b97a,509,8724.58,,,0,2026-09-11 22:29:06,MOCKLOAD
1009,2026-08-23,13,111,054e3d48be664ab6b3a7,509,8878.95,,,0,2026-09-11 22:29:06,MOCKLOAD
1009,2026-08-24,28,118,5c9806ebd22b4748af9d,509,3556.39,,,0,2026-09-11 22:29:06,MOCKLOAD
1009,2026-08-25,12,120,df9c6606ae114db49298,509,196.82,,,0,2026-09-11 22:29:06,MOCKLOAD
1009,2026-08-26,16,114,6cc8d869ef874471b859,509,8141.95,,,0,2026-09-11 22:29:06,MOCKLOAD
1009,2026-08-27,13,105,62fe8bfc886842cf9f33,509,3369.67,,,0,2026-09-11 22:29:06,MOCKLOAD
1009,2026-08-28,29,116,7e28d233610a4067bc6b,509,327.53,,,0,2026-09-11 22:29:06,MOCKLOAD
1009,2026-08-29,27,112,68b36886af0543769035,509,9899.34,,,0,2026-09-11 22:29:06,MOCKLOAD
1009,2026-08-30,20,103,1e6a15171a2a4d899430,509,1130.7,,,0,2026-09-11 22:29:06,MOCKLOAD
1009,2026-08-31,19,101,8d2fbb660a504119805f,509,2528.12,,,0,2026-09-11 22:29:06,MOCKLOAD
1009,2026-09-01,26,118,46d560c227324cbcb27e,509,702.75,,,0,2026-09-11 22:29:06,MOCKLOAD
1009,2026-09-02,29,110,7f01581a057b45fb84d8,509,932.58,,,0,2026-09-11 22:29:06,MOCKLOAD
1009,2026-09-03,27,106,4c8212cbd35d43ba8399,509,2934.89,,,0,2026-09-11 22:29:06,MOCKLOAD
1009,2026-09-04,12,109,c0a98d1af49c4d86b7c6,509,2252.44,,,0,2026-09-11 22:29:06,MOCKLOAD
1009,2026-09-05,10,108,a98c7c06d4f64978aaf0,509,4391.03,,,0,2026-09-11 22:29:06,MOCKLOAD
1009,2026-09-06,22,105,c74dbe98474d4ae69316,509,2165.86,,,0,2026-09-11 22:29:06,MOCKLOAD
1009,2026-09-07,11,118,b36246dc74104224a635,509,3059.7,,,0,2026-09-11 22:29:06,MOCKLOAD
1009,2026-09-08,16,120,dbb0a1fe30e84b95b724,509,488.16,,,0,2026-09-11 22:29:06,MOCKLOAD
1009,2026-09-09,13,104,69c48abb68c54ea9b652,509,2851.91,,,0,2026-09-11 22:29:06,MOCKLOAD
1009,2026-08-11,12,116,5cb87920dc3d4bf3b06e,509,5514.26,,,0,2026-09-11 22:29:06,MOCKLOAD
1009,2026-08-12,26,106,d914382a33bb408d9ed0,509,1574.72,,,0,2026-09-11 22:29:06,MOCKLOAD
1009,2026-08-13,25,119,ef6f036f74384245a9e7,509,415.34,,,0,2026-09-11 22:29:06,MOCKLOAD
1009,2026-08-14,26,102,51cc09dcb63b48b4892b,509,4084.75,,,0,2026-09-11 22:29:06,MOCKLOAD
1009,2026-08-15,14,111,8c74f6ee7ea146c0ac59,509,1911.3,,,0,2026-09-11 22:29:06,MOCKLOAD
1009,2026-08-16,14,109,d6e97a0916d64e7d8da4,509,2121.82,,,0,2026-09-11 22:29:06,MOCKLOAD
1009,2026-08-17,25,108,46e5c6719c4a4a4aa68b,509,2315.55,,,0,2026-09-11 22:29:06,MOCKLOAD
1009,2026-08-18,26,120,e6cbb5a4b43b4c6b8b8f,509,1412.52,,,0,2026-09-11 22:29:06,MOCKLOAD
1009,2026-08-19,24,119,36867d7231b6431fa075,509,457.54,,,0,2026-09-11 22:29:06,MOCKLOAD
1009,2026-08-20,29,105,545ab6e53c814d94bca0,509,2928.21,,,0,2026-09-11 22:29:06,MOCKLOAD
1009,2026-08-21,15,103,1f1aac0cda744f41b41e,509,2405.73,,,0,2026-09-11 22:29:06,MOCKLOAD
1009,2026-08-22,10,109,4b05b20949fb4fa79708,509,1768.33,,,0,2026-09-11 22:29:06,MOCKLOAD
1009,2026-08-23,12,105,8a0c49d94c3c4f178ede,509,5234.83,,,0,2026-09-11 22:29:06,MOCKLOAD
1009,2026-08-24,22,115,f3ffaffb5a5c4d5fa943,509,455.9,,,0,2026-09-11 22:29:06,MOCKLOAD
1009,2026-08-25,23,109,dbedd7a742d442fc8c0f,509,788.84,,,0,2026-09-11 22:29:06,MOCKLOAD
1009,2026-08-26,17,113,47140e56425841ad9490,509,6315.5,,,0,2026-09-11 22:29:06,MOCKLOAD
1009,2026-08-27,26,119,7be350b7f103487bb6e7,509,1072.16,,,0,2026-09-11 22:29:06,MOCKLOAD
1009,2026-08-28,19,118,c73393c9a045450b80c5,509,54.06,,,0,2026-09-11 22:29:06,MOCKLOAD
1009,2026-08-29,13,108,1584f07cccc54af1ac2f,509,5946.19,,,0,2026-09-11 22:29:06,MOCKLOAD
1009,2026-08-30,19,118,976b59108e77443bb141,509,907.36,,,0,2026-09-11 22:29:06,MOCKLOAD
1009,2026-08-31,10,107,5eef09c5598a4408895b,509,5648.8,,,0,2026-09-11 22:29:06,MOCKLOAD
1009,2026-09-01,17,101,292f047376e445118a54,509,565.34,,,0,2026-09-11 22:29:06,MOCKLOAD
1009,2026-09-02,19,112,06efbc8053684e16b25a,509,1796.5,,,0,2026-09-11 22:29:06,MOCKLOAD
1009,2026-09-03,24,115,4d294b5ae3a443c88b93,509,5652.13,,,0,2026-09-11 22:29:06,MOCKLOAD
1009,2026-09-04,19,104,1e4a9d6bc0b94149a227,509,1521.3,,,0,2026-09-11 22:29:06,MOCKLOAD
1009,2026-09-05,29,107,37f7fdec4e514f7a8481,509,3837.37,,,0,2026-09-11 22:29:06,MOCKLOAD
1009,2026-09-06,17,110,3f2f1d5c972641daa945,509,9586.87,,,0,2026-09-11 22:29:06,MOCKLOAD
1009,2026-09-07,25,114,1f30df445318407381a4,509,1821.09,,,0,2026-09-11 22:29:06,MOCKLOAD
1009,2026-09-08,11,108,9b46c992e6d1472aa88f,509,1246.05,,,0,2026-09-11 22:29:06,MOCKLOAD
1009,2026-09-09,16,119,6c9def6792bb41f783c3,509,2292.97,,,0,2026-09-11 22:29:06,MOCKLOAD
1009,2026-08-11,21,110,6cadf79d271742059d1f,509,2714.85,,,0,2026-09-11 22:29:06,MOCKLOAD
1009,2026-08-12,13,110,4ebff8dd731e411fa7fe,509,4854.87,,,0,2026-09-11 22:29:06,MOCKLOAD
1009,2026-08-13,28,108,b4c57eaa049b4ec0a1f7,509,3372.23,,,0,2026-09-11 22:29:06,MOCKLOAD
1009,2026-08-14,14,118,a72815d3d22b4152b968,509,927.41,,,0,2026-09-11 22:29:06,MOCKLOAD
1009,2026-08-15,26,103,9aeeec680d704c4c8f12,509,2719.14,,,0,2026-09-11 22:29:06,MOCKLOAD
1009,2026-08-16,13,109,0d7915a7602d41f19621,509,2885.69,,,0,2026-09-11 22:29:06,MOCKLOAD
1009,2026-08-17,11,120,0d44854472284eda9788,509,133.94,,,0,2026-09-11 22:29:06,MOCKLOAD
1009,2026-08-18,20,107,948837b7dc9a44a99cd5,509,2887.28,,,0,2026-09-11 22:29:06,MOCKLOAD
1009,2026-08-19,18,104,16fa6ca10b8a494781e2,509,442.78,,,0,2026-09-11 22:29:06,MOCKLOAD
1009,2026-08-20,19,109,aee45b980f2342adb395,509,1160.18,,,0,2026-09-11 22:29:06,MOCKLOAD
1009,2026-08-21,20,102,d0159ebb267248d7b6d3,509,7240.36,,,0,2026-09-11 22:29:06,MOCKLOAD
1009,2026-08-22,21,106,a0d350175e1347b898d1,509,1949.68,,,0,2026-09-11 22:29:06,MOCKLOAD
1009,2026-08-23,21,107,084e193721cf4423aa4c,509,1170.7,,,0,2026-09-11 22:29:06,MOCKLOAD
1009,2026-08-24,10,118,841080c7285148d2b6e2,509,1092.51,,,0,2026-09-11 22:29:06,MOCKLOAD
1009,2026-08-25,11,109,5d69add6a88f4462ae50,509,766.5,,,0,2026-09-11 22:29:06,MOCKLOAD
1009,2026-08-26,20,117,dabff2d55b2941dd9f99,509,97.72,,,0,2026-09-11 22:29:06,MOCKLOAD
1009,2026-08-27,13,111,7c918ec514414f6aa476,509,2797.13,,,0,2026-09-11 22:29:06,MOCKLOAD
1009,2026-08-28,22,109,feba4693e3d1484a9166,509,655.46,,,0,2026-09-11 22:29:06,MOCKLOAD
1009,2026-08-29,23,117,6edd1cd6a1c341f29e50,509,4101.94,,,0,2026-09-11 22:29:06,MOCKLOAD
1009,2026-08-30,14,106,0ef1848c926542108d37,509,8759.51,,,0,2026-09-11 22:29:06,MOCKLOAD
1009,2026-08-31,24,109,f1ff81d08b394201b69d,509,345,,,0,2026-09-11 22:29:06,MOCKLOAD
1009,2026-09-01,20,120,510756349f2541ef972a,509,167.26,,,0,2026-09-11 22:29:06,MOCKLOAD
1009,2026-09-02,19,117,1b940c6a4ce94833be4b,509,1311.39,,,0,2026-09-11 22:29:06,MOCKLOAD
1009,2026-09-03,21,114,d5c4b6bbeab9407eb84a,509,6187.38,,,0,2026-09-11 22:29:06,MOCKLOAD
1009,2026-09-04,15,104,a2e70d17d6c942e08269,509,331.74,,,0,2026-09-11 22:29:06,MOCKLOAD
1009,2026-09-05,29,115,272167930e8245168174,509,3671.25,,,0,2026-09-11 22:29:06,MOCKLOAD
1009,2026-09-06,21,104,2bf999568311407f8797,509,1601.79,,,0,2026-09-11 22:29:06,MOCKLOAD
1009,2026-09-07,14,110,ec62ebd35afe4feeaaa1,509,2245.49,,,0,2026-09-11 22:29:06,MOCKLOAD
1009,2026-09-08,12,110,f09821d2b1d44f75beeb,509,6314.45,,,0,2026-09-11 22:29:06,MOCKLOAD
1009,2026-09-09,19,116,69b774aaba5e4566a93c,509,142.22,,,0,2026-09-11 22:29:06,MOCKLOAD
1010,2026-08-11,13,116,7c28896dffaa4cd68f4b,510,60.83,,,0,2026-09-11 22:29:06,MOCKLOAD
1010,2026-08-12,20,103,a11bd79372ec46199926,510,788.02,,,0,2026-09-11 22:29:06,MOCKLOAD
1010,2026-08-13,13,104,a186ba46093746229137,510,3706.9,,,0,2026-09-11 22:29:06,MOCKLOAD
1010,2026-08-14,28,120,7515180e247d4f16b643,510,4621.28,,,0,2026-09-11 22:29:06,MOCKLOAD
1010,2026-08-15,18,106,4834d52678fe4eb1ab08,510,1241.98,,,0,2026-09-11 22:29:06,MOCKLOAD
1010,2026-08-16,28,104,d68dd1442d7843a1aff8,510,1811.11,,,0,2026-09-11 22:29:06,MOCKLOAD
1010,2026-08-17,16,106,9493762b95844497a2d5,510,344.87,,,0,2026-09-11 22:29:06,MOCKLOAD
1010,2026-08-18,22,120,53f30f133399436b9e86,510,96.96,,,0,2026-09-11 22:29:06,MOCKLOAD
1010,2026-08-19,29,111,61078e246ed94558be16,510,3946.45,,,0,2026-09-11 22:29:06,MOCKLOAD
1010,2026-08-20,17,114,90e955f15b684d3385f6,510,500.82,,,0,2026-09-11 22:29:06,MOCKLOAD
1010,2026-08-21,17,101,2dd70afd7d9e4e66b283,510,124.24,,,0,2026-09-11 22:29:06,MOCKLOAD
1010,2026-08-22,26,114,b7b1ba8b3bf44afb818c,510,88.45,,,0,2026-09-11 22:29:06,MOCKLOAD
1010,2026-08-23,15,109,4b87af4789ad45a48c4b,510,2302.29,,,0,2026-09-11 22:29:06,MOCKLOAD
1010,2026-08-24,29,112,a215e9210ca84fb89a99,510,2181.4,,,0,2026-09-11 22:29:06,MOCKLOAD
1010,2026-08-25,15,110,3863fde353bf4e8da599,510,1045.2,,,0,2026-09-11 22:29:06,MOCKLOAD
1010,2026-08-26,25,113,c23f9214bb0142e68f0a,510,95.84,,,0,2026-09-11 22:29:06,MOCKLOAD
1010,2026-08-27,21,104,82e51af8970a4da5bdab,510,466.86,,,0,2026-09-11 22:29:06,MOCKLOAD
1010,2026-08-28,25,117,c58d910a676548839b91,510,22.71,,,0,2026-09-11 22:29:06,MOCKLOAD
1010,2026-08-29,23,112,051f00d7377f4148be9c,510,65.89,,,0,2026-09-11 22:29:06,MOCKLOAD
1010,2026-08-30,12,101,45a723592cff4818bf9b,510,426.37,,,0,2026-09-11 22:29:06,MOCKLOAD
1010,2026-08-31,13,104,5fd99a43e64f47b38a30,510,76.1,,,0,2026-09-11 22:29:06,MOCKLOAD
1010,2026-09-01,17,101,e3ccea37fdcf43f8a136,510,6227.37,,,0,2026-09-11 22:29:06,MOCKLOAD
1010,2026-09-02,23,103,379149ac22944735a493,510,2946.23,,,0,2026-09-11 22:29:06,MOCKLOAD
1010,2026-09-03,11,112,e10f8ca9a4d6456dbfbd,510,2583.66,,,0,2026-09-11 22:29:06,MOCKLOAD
1010,2026-09-04,20,119,27b0ce46fdf640fbae05,510,1737.24,,,0,2026-09-11 22:29:06,MOCKLOAD
1010,2026-09-05,23,104,1f3f24829a4140bf9516,510,985.7,,,0,2026-09-11 22:29:06,MOCKLOAD
1010,2026-09-06,17,110,6e43d6b26a3749c9b8c2,510,3182.96,,,0,2026-09-11 22:29:06,MOCKLOAD
1010,2026-09-07,21,110,cd38f24e51ba42b58e21,510,34.38,,,0,2026-09-11 22:29:06,MOCKLOAD
1010,2026-09-08,28,101,dacc0ab8fdb64f7f809a,510,3194.44,,,0,2026-09-11 22:29:06,MOCKLOAD
1010,2026-09-09,28,120,49216aeb9e3548f6b839,510,2057.88,,,0,2026-09-11 22:29:06,MOCKLOAD
1010,2026-08-11,23,115,7792610be0374d95b2cd,510,571.5,,,0,2026-09-11 22:29:06,MOCKLOAD
1010,2026-08-12,29,105,059a14b0619240e98f93,510,434.26,,,0,2026-09-11 22:29:06,MOCKLOAD
1010,2026-08-13,28,102,ee10c35199a14db6aae9,510,1072.51,,,0,2026-09-11 22:29:06,MOCKLOAD
1010,2026-08-14,29,101,76922b927ea246b78543,510,382.91,,,0,2026-09-11 22:29:06,MOCKLOAD
1010,2026-08-15,23,117,b6c5f69c319842639a86,510,2053.18,,,0,2026-09-11 22:29:06,MOCKLOAD
1010,2026-08-16,23,110,0a4a04b86713443d8e9c,510,4336.87,,,0,2026-09-11 22:29:06,MOCKLOAD
1010,2026-08-17,26,112,83e017a14ff442f5b546,510,1695.44,,,0,2026-09-11 22:29:06,MOCKLOAD
1010,2026-08-18,24,105,c193fdc869c84652989c,510,1380.99,,,0,2026-09-11 22:29:06,MOCKLOAD
1010,2026-08-19,20,111,6e1f7546f42448d3b75d,510,1134.02,,,0,2026-09-11 22:29:06,MOCKLOAD
1010,2026-08-20,28,115,46e4e690f9ac4deeb07a,510,1051.72,,,0,2026-09-11 22:29:06,MOCKLOAD
1010,2026-08-21,20,113,36ada48c994b4401958a,510,6259.62,,,0,2026-09-11 22:29:06,MOCKLOAD
1010,2026-08-22,23,106,8cdbff61fe064a998359,510,2727.24,,,0,2026-09-11 22:29:06,MOCKLOAD
1010,2026-08-23,23,106,b97089f82ed747cdab2b,510,1055.95,,,0,2026-09-11 22:29:06,MOCKLOAD
1010,2026-08-24,22,109,400129f905d541c7b9a4,510,1268.62,,,0,2026-09-11 22:29:06,MOCKLOAD
1010,2026-08-25,29,101,59bf17cbdb154413b0e7,510,98.68,,,0,2026-09-11 22:29:06,MOCKLOAD
1010,2026-08-26,28,101,cd504b114d6d41e1ba18,510,1699.22,,,0,2026-09-11 22:29:06,MOCKLOAD
1010,2026-08-27,16,101,6cb58bdaa57a427f90d3,510,783.65,,,0,2026-09-11 22:29:06,MOCKLOAD
1010,2026-08-28,17,101,100cdd793b4049258e8f,510,613.22,,,0,2026-09-11 22:29:06,MOCKLOAD
1010,2026-08-29,28,114,37da36800a724093ba46,510,1300.56,,,0,2026-09-11 22:29:06,MOCKLOAD
1010,2026-08-30,10,111,84e2863a158b4f38bb8a,510,273.94,,,0,2026-09-11 22:29:06,MOCKLOAD
1010,2026-08-31,28,113,be95bfde03b046219b61,510,292.83,,,0,2026-09-11 22:29:06,MOCKLOAD
1010,2026-09-01,20,106,ba0d4b5dc49f4c37b200,510,2520.16,,,0,2026-09-11 22:29:06,MOCKLOAD
1010,2026-09-02,23,108,564c960e289c4659a13f,510,107.66,,,0,2026-09-11 22:29:06,MOCKLOAD
1010,2026-09-03,16,113,c117763d861a4ac19a01,510,3334,,,0,2026-09-11 22:29:06,MOCKLOAD
1010,2026-09-04,26,109,28c4c84d770049f3802a,510,5337.46,,,0,2026-09-11 22:29:06,MOCKLOAD
1010,2026-09-05,14,118,668d32343e3c44acafdc,510,463.87,,,0,2026-09-11 22:29:06,MOCKLOAD
1010,2026-09-06,19,101,2e7fcb513d6547ceaec9,510,4108.15,,,0,2026-09-11 22:29:06,MOCKLOAD
1010,2026-09-07,10,108,687baa8d7e114a6e8444,510,4128.94,,,0,2026-09-11 22:29:06,MOCKLOAD
1010,2026-09-08,10,120,8eefb4b88e334821b5ce,510,187.59,,,0,2026-09-11 22:29:06,MOCKLOAD
1010,2026-09-09,17,118,19b8cd96e9fa4fdea506,510,949.94,,,0,2026-09-11 22:29:06,MOCKLOAD
1010,2026-08-11,18,113,a1836c94cd8b4fb798a3,510,513.23,,,0,2026-09-11 22:29:06,MOCKLOAD
1010,2026-08-12,25,118,24648392688f4759a606,510,790.71,,,0,2026-09-11 22:29:06,MOCKLOAD
1010,2026-08-13,24,103,dfd3410eaa794b63b262,510,5782.77,,,0,2026-09-11 22:29:06,MOCKLOAD
1010,2026-08-14,13,107,4bd0db6ca7874b0db0d8,510,4301.11,,,0,2026-09-11 22:29:06,MOCKLOAD
1010,2026-08-15,10,106,1d0b0c4cc33242f4a9d1,510,1700.78,,,0,2026-09-11 22:29:06,MOCKLOAD
1010,2026-08-16,26,104,5323ab965e894857acd5,510,3511.31,,,0,2026-09-11 22:29:06,MOCKLOAD
1010,2026-08-17,10,102,fb0be555e4b84b0587ca,510,22.18,,,0,2026-09-11 22:29:06,MOCKLOAD
1010,2026-08-18,26,104,1bcd3e02f35c496c91e1,510,3342.2,,,0,2026-09-11 22:29:06,MOCKLOAD
1010,2026-08-19,14,116,6729296967014546b8cd,510,1453.82,,,0,2026-09-11 22:29:06,MOCKLOAD
1010,2026-08-20,27,114,0bb362e4bc2d413ba2fc,510,585.82,,,0,2026-09-11 22:29:06,MOCKLOAD
1010,2026-08-21,19,111,bc58a737cb354be49069,510,6571.63,,,0,2026-09-11 22:29:06,MOCKLOAD
1010,2026-08-22,28,113,263e04feb248427ea78a,510,477.83,,,0,2026-09-11 22:29:06,MOCKLOAD
1010,2026-08-23,14,118,3a72171817df49158863,510,2180.8,,,0,2026-09-11 22:29:06,MOCKLOAD
1010,2026-08-24,13,102,cde1a558802844929133,510,3752.03,,,0,2026-09-11 22:29:06,MOCKLOAD
1010,2026-08-25,15,116,af1e607ee1594ca3a306,510,3638.46,,,0,2026-09-11 22:29:06,MOCKLOAD
1010,2026-08-26,13,118,f72cd4ee11664ae7a9cb,510,387.58,,,0,2026-09-11 22:29:06,MOCKLOAD
1010,2026-08-27,19,106,307b72e899af4d07b15d,510,4065.92,,,0,2026-09-11 22:29:06,MOCKLOAD
1010,2026-08-28,10,104,8b1169e2816f4d068069,510,196.16,,,0,2026-09-11 22:29:06,MOCKLOAD
1010,2026-08-29,11,113,c0f9f0f3897d48d9aecf,510,1041.76,,,0,2026-09-11 22:29:06,MOCKLOAD
1010,2026-08-30,19,107,ff877ee0978f4bbf9538,510,7177.9,,,0,2026-09-11 22:29:06,MOCKLOAD
1010,2026-08-31,15,112,43cfdb953b67470a9825,510,1582.12,,,0,2026-09-11 22:29:06,MOCKLOAD
1010,2026-09-01,24,108,c654aef6eebf498691d7,510,932.75,,,0,2026-09-11 22:29:06,MOCKLOAD
1010,2026-09-02,22,118,e2bfef66dd1d490bb0b3,510,24.85,,,0,2026-09-11 22:29:06,MOCKLOAD
1010,2026-09-03,23,105,a9726d36fb5b4da0a21b,510,1572.44,,,0,2026-09-11 22:29:06,MOCKLOAD
1010,2026-09-04,10,105,2c9b0b23bcbd416e990a,510,107.82,,,0,2026-09-11 22:29:06,MOCKLOAD
1010,2026-09-05,26,102,44bca8a1934948f68b1d,510,2342.92,,,0,2026-09-11 22:29:06,MOCKLOAD
1010,2026-09-06,15,110,bc27a38c887d447ca484,510,5397.93,,,0,2026-09-11 22:29:06,MOCKLOAD
1010,2026-09-07,16,111,a0f5bb5fcedc4440beb2,510,1669.14,,,0,2026-09-11 22:29:06,MOCKLOAD
1010,2026-09-08,19,107,7a36974c583144b9b24c,510,4616.76,,,0,2026-09-11 22:29:06,MOCKLOAD
1010,2026-09-09,20,115,d72e4648f1874729ba2d,510,911.04,,,0,2026-09-11 22:29:06,MOCKLOAD
1010,2026-08-11,13,118,b17c510e53b94d5baacf,510,282.19,,,0,2026-09-11 22:29:06,MOCKLOAD
1010,2026-08-12,28,101,cb3e7098331b4e818a02,510,186.08,,,0,2026-09-11 22:29:06,MOCKLOAD
1010,2026-08-13,11,101,6e63d8bd997b4b1aa34d,510,3650.57,,,0,2026-09-11 22:29:06,MOCKLOAD
1010,2026-08-14,11,119,01354879ceb0438493ff,510,6284.34,,,0,2026-09-11 22:29:06,MOCKLOAD
1010,2026-08-15,23,103,1c364fad68154652a783,510,5477.3,,,0,2026-09-11 22:29:06,MOCKLOAD
1010,2026-08-16,21,111,5e06b1e2a7ef40ed9d14,510,2683.34,,,0,2026-09-11 22:29:06,MOCKLOAD
1010,2026-08-17,14,113,c1dc59c6439746b6a7f5,510,3061.78,,,0,2026-09-11 22:29:06,MOCKLOAD
1010,2026-08-18,23,110,fb1c60e8a48e49a39c4e,510,4760.15,,,0,2026-09-11 22:29:06,MOCKLOAD
1010,2026-08-19,13,116,cbb9502b90374e139092,510,5199.74,,,0,2026-09-11 22:29:06,MOCKLOAD
1010,2026-08-20,29,118,6acafc3f7f8441dca77e,510,3208.82,,,0,2026-09-11 22:29:06,MOCKLOAD
1010,2026-08-21,11,102,6c12885896c64515b20c,510,1451.75,,,0,2026-09-11 22:29:06,MOCKLOAD
1010,2026-08-22,11,102,b0284c318403450c91e4,510,733.28,,,0,2026-09-11 22:29:06,MOCKLOAD
1010,2026-08-23,22,116,30bd5be91d7f4a42b903,510,1454.1,,,0,2026-09-11 22:29:06,MOCKLOAD
1010,2026-08-24,23,115,89cd58ed2fe2450888ea,510,5627.85,,,0,2026-09-11 22:29:06,MOCKLOAD
1010,2026-08-25,26,102,0f69efabbe4247e7a5b4,510,3281.43,,,0,2026-09-11 22:29:06,MOCKLOAD
1010,2026-08-26,22,102,9ad0ebe0051a4d7f9844,510,3921.42,,,0,2026-09-11 22:29:06,MOCKLOAD
1010,2026-08-27,19,119,f80c62a373784cd4a505,510,216.81,,,0,2026-09-11 22:29:06,MOCKLOAD
1010,2026-08-28,26,102,10d641592ad64e77a6a7,510,778.07,,,0,2026-09-11 22:29:06,MOCKLOAD
1010,2026-08-29,23,101,da9cc513985d427f8753,510,831.97,,,0,2026-09-11 22:29:06,MOCKLOAD
1010,2026-08-30,21,110,40c74a9801114f3480ef,510,530.6,,,0,2026-09-11 22:29:06,MOCKLOAD
1010,2026-08-31,14,107,73effabc3ca84900b5c0,510,4108.08,,,0,2026-09-11 22:29:06,MOCKLOAD
1010,2026-09-01,13,120,a9b46053ac9744c49fba,510,914.79,,,0,2026-09-11 22:29:06,MOCKLOAD
1010,2026-09-02,11,114,ae618503a9044db09637,510,812.26,,,0,2026-09-11 22:29:06,MOCKLOAD
1010,2026-09-03,11,112,8f6a9ef1e3844ec4b54c,510,323.05,,,0,2026-09-11 22:29:06,MOCKLOAD
1010,2026-09-04,28,103,b7534e3724f44290b772,510,181.33,,,0,2026-09-11 22:29:06,MOCKLOAD
1010,2026-09-05,23,119,27dcb83c4701431ea631,510,3612.86,,,0,2026-09-11 22:29:06,MOCKLOAD
1010,2026-09-06,27,105,dd841932ae794aec9030,510,5274.57,,,0,2026-09-11 22:29:06,MOCKLOAD
1010,2026-09-07,12,105,8128a70d40ee43c9be70,510,3047.82,,,0,2026-09-11 22:29:06,MOCKLOAD
1010,2026-09-08,19,120,cddfc19d404c4df295c7,510,467.87,,,0,2026-09-11 22:29:06,MOCKLOAD
1010,2026-09-09,12,108,cb52d7f842b54111819c,510,3981.62,,,0,2026-09-11 22:29:06,MOCKLOAD
1010,2026-08-11,19,108,c8e30e8931a649869c07,510,1202.68,,,0,2026-09-11 22:29:06,MOCKLOAD
1010,2026-08-12,25,107,7f3bc7cecca04b5dbeba,510,736.62,,,0,2026-09-11 22:29:06,MOCKLOAD
1010,2026-08-13,13,107,330f97ad22ea48c1967f,510,720.69,,,0,2026-09-11 22:29:06,MOCKLOAD
1010,2026-08-14,15,112,e3943971427e483bb511,510,1220.96,,,0,2026-09-11 22:29:06,MOCKLOAD
1010,2026-08-15,17,111,86a2742fae0f4c7a9de1,510,321.31,,,0,2026-09-11 22:29:06,MOCKLOAD
1010,2026-08-16,16,101,12322d20a4494c1c841d,510,916.28,,,0,2026-09-11 22:29:06,MOCKLOAD
1010,2026-08-17,29,101,38fb938c70b64029bef1,510,2175.41,,,0,2026-09-11 22:29:06,MOCKLOAD
1010,2026-08-18,21,104,dd8dcb3d7c904fe08a4f,510,277.75,,,0,2026-09-11 22:29:06,MOCKLOAD
1010,2026-08-19,23,102,13953b273c6d47dd9a2e,510,4186.08,,,0,2026-09-11 22:29:06,MOCKLOAD
1010,2026-08-20,25,103,00cad9d6ecf14a298def,510,196.49,,,0,2026-09-11 22:29:06,MOCKLOAD
1010,2026-08-21,13,103,01f9fd6ed8104d0190c0,510,3281.16,,,0,2026-09-11 22:29:06,MOCKLOAD
1010,2026-08-22,16,116,62738d48d8134ce79291,510,181.89,,,0,2026-09-11 22:29:06,MOCKLOAD
1010,2026-08-23,20,104,b3feb61ede134bc79c44,510,3314.03,,,0,2026-09-11 22:29:06,MOCKLOAD
1010,2026-08-24,17,119,9cde64c1d92647d1bb36,510,2152.08,,,0,2026-09-11 22:29:06,MOCKLOAD
1010,2026-08-25,14,118,28e168e154cd482f8617,510,433.99,,,0,2026-09-11 22:29:06,MOCKLOAD
1010,2026-08-26,22,117,e356cfae06634933b4a6,510,4045.46,,,0,2026-09-11 22:29:06,MOCKLOAD
1010,2026-08-27,12,101,0929a6d6db78404cbef8,510,1039.72,,,0,2026-09-11 22:29:06,MOCKLOAD
1010,2026-08-28,11,119,7530979b66f54ab2930e,510,43.6,,,0,2026-09-11 22:29:06,MOCKLOAD
1010,2026-08-29,13,104,64a4678522cd4d8e892e,510,606.72,,,0,2026-09-11 22:29:06,MOCKLOAD
1010,2026-08-30,13,120,14577ebc0d314488bb07,510,3523.42,,,0,2026-09-11 22:29:06,MOCKLOAD
1010,2026-08-31,23,105,631d6de497c34cb98f5d,510,932.58,,,0,2026-09-11 22:29:06,MOCKLOAD
1010,2026-09-01,23,109,92fd0cb20fc043f2b55f,510,2338.01,,,0,2026-09-11 22:29:06,MOCKLOAD
1010,2026-09-02,19,108,481895d9575b416abc89,510,1063.84,,,0,2026-09-11 22:29:06,MOCKLOAD
1010,2026-09-03,23,113,a2827abbc7e943c09a15,510,1556.52,,,0,2026-09-11 22:29:06,MOCKLOAD
1010,2026-09-04,29,109,026cb0f3a052498bb54c,510,1744.23,,,0,2026-09-11 22:29:06,MOCKLOAD
1010,2026-09-05,20,112,be7f7956b978452ca784,510,195.8,,,0,2026-09-11 22:29:06,MOCKLOAD
1010,2026-09-06,29,113,81896177fc22453c937d,510,67.28,,,0,2026-09-11 22:29:06,MOCKLOAD
1010,2026-09-07,17,117,dc0209a6395448daa892,510,3068.77,,,0,2026-09-11 22:29:06,MOCKLOAD
1010,2026-09-08,18,104,928730f39ac14f949bc6,510,4097.83,,,0,2026-09-11 22:29:06,MOCKLOAD
1010,2026-09-09,27,119,0dd829a756a54cfc88b0,510,1498.65,,,0,2026-09-11 22:29:06,MOCKLOAD
1010,2026-08-11,22,105,0175dc54561a470dae2d,510,642.7,,,0,2026-09-11 22:29:06,MOCKLOAD
1010,2026-08-12,20,110,baa0f043a1e548db9047,510,579.15,,,0,2026-09-11 22:29:06,MOCKLOAD
1010,2026-08-13,24,110,e4de346f4f0245b1ad5f,510,2425.07,,,0,2026-09-11 22:29:06,MOCKLOAD
1010,2026-08-14,26,105,abdfa3f30b7d4cb39fca,510,430.15,,,0,2026-09-11 22:29:06,MOCKLOAD
1010,2026-08-15,26,112,1527b310e2734ca39862,510,951.25,,,0,2026-09-11 22:29:06,MOCKLOAD
1010,2026-08-16,22,116,b78f141399a24ee39f4d,510,184.98,,,0,2026-09-11 22:29:06,MOCKLOAD
1010,2026-08-17,13,111,05778fca502e4bbb8200,510,336.94,,,0,2026-09-11 22:29:06,MOCKLOAD
1010,2026-08-18,22,106,f9d3226bf8894df9b50e,510,122.11,,,0,2026-09-11 22:29:06,MOCKLOAD
1010,2026-08-19,24,111,e39d6a8341694b3c91da,510,6041.04,,,0,2026-09-11 22:29:06,MOCKLOAD
1010,2026-08-20,21,102,991a22b787ba41068813,510,438.56,,,0,2026-09-11 22:29:06,MOCKLOAD
1010,2026-08-21,10,113,9adef2a85dae4b8f9a1f,510,2283.29,,,0,2026-09-11 22:29:06,MOCKLOAD
1010,2026-08-22,19,113,680a24056ba041d8b547,510,877.25,,,0,2026-09-11 22:29:06,MOCKLOAD
1010,2026-08-23,28,113,3488fb4ee74345d48e3e,510,3592.75,,,0,2026-09-11 22:29:06,MOCKLOAD
1010,2026-08-24,24,101,92062f23f1c343ca9ab0,510,681.15,,,0,2026-09-11 22:29:06,MOCKLOAD
1010,2026-08-25,19,114,77db58b19e3741028349,510,606.06,,,0,2026-09-11 22:29:06,MOCKLOAD
1010,2026-08-26,16,116,fa0a326f61714a008e7f,510,50.92,,,0,2026-09-11 22:29:06,MOCKLOAD
1010,2026-08-27,14,113,90c6edd5660342e195d5,510,1389.76,,,0,2026-09-11 22:29:06,MOCKLOAD
1010,2026-08-28,27,111,38c4beb6f0584daaa8ea,510,1700.73,,,0,2026-09-11 22:29:06,MOCKLOAD
1010,2026-08-29,27,102,c8817c3509784ee9b554,510,1272.81,,,0,2026-09-11 22:29:06,MOCKLOAD
1010,2026-08-30,28,102,9a2e715b88e641fabd5d,510,745.47,,,0,2026-09-11 22:29:06,MOCKLOAD
1010,2026-08-31,18,104,69126a9c2b32410a8947,510,874.63,,,0,2026-09-11 22:29:06,MOCKLOAD
1010,2026-09-01,28,111,2640c4f1602c4f25b3d6,510,340.8,,,0,2026-09-11 22:29:06,MOCKLOAD
1010,2026-09-02,13,106,8a40d0fc17844bcf9b1d,510,1036.99,,,0,2026-09-11 22:29:06,MOCKLOAD
1010,2026-09-03,10,105,9628d8da6fa44fdbb115,510,1749.33,,,0,2026-09-11 22:29:06,MOCKLOAD
1010,2026-09-04,10,113,1d0ba6efd96c4e8dae5c,510,6616.61,,,0,2026-09-11 22:29:06,MOCKLOAD
1010,2026-09-05,27,104,651332a470c9475da263,510,1225.95,,,0,2026-09-11 22:29:06,MOCKLOAD
1010,2026-09-06,27,101,afbca34d872449e48752,510,174.24,,,0,2026-09-11 22:29:06,MOCKLOAD
1010,2026-09-07,21,104,64a47fb0b4974297ad79,510,1105.46,,,0,2026-09-11 22:29:06,MOCKLOAD
1010,2026-09-08,18,101,c1f04e59ce774c8d99a5,510,2060.16,,,0,2026-09-11 22:29:06,MOCKLOAD
1010,2026-09-09,22,104,b6ca64f3bb4443edb3df,510,416.91,,,0,2026-09-11 22:29:06,MOCKLOAD
1010,2026-08-11,16,109,25cfa9e126d5463aaef6,510,1050.57,,,0,2026-09-11 22:29:06,MOCKLOAD
1010,2026-08-12,24,111,3671c984303a4044a37f,510,2612.66,,,0,2026-09-11 22:29:06,MOCKLOAD
1010,2026-08-13,23,115,66502830b90344159c24,510,4973.64,,,0,2026-09-11 22:29:06,MOCKLOAD
1010,2026-08-14,12,109,c3beb8aac56941edb141,510,373.75,,,0,2026-09-11 22:29:06,MOCKLOAD
1010,2026-08-15,26,110,457cca10d8ea47d8ad62,510,1735.9,,,0,2026-09-11 22:29:06,MOCKLOAD
1010,2026-08-16,10,101,16bdb0451a54404b8011,510,561.98,,,0,2026-09-11 22:29:06,MOCKLOAD
1010,2026-08-17,20,108,e5b2e80dd8434216a912,510,3271.72,,,0,2026-09-11 22:29:06,MOCKLOAD
1010,2026-08-18,19,113,d8eca101d72643b6a979,510,1859.98,,,0,2026-09-11 22:29:06,MOCKLOAD
1010,2026-08-19,28,112,fa83c96cd77348b1bea1,510,3924.17,,,0,2026-09-11 22:29:06,MOCKLOAD
1010,2026-08-20,29,104,0808710c80f544b8b56e,510,1840.31,,,0,2026-09-11 22:29:06,MOCKLOAD
1010,2026-08-21,18,113,10abb1a9ee474e7a9e44,510,1475.83,,,0,2026-09-11 22:29:06,MOCKLOAD
1010,2026-08-22,11,111,8840409c9923475a895f,510,3186.47,,,0,2026-09-11 22:29:06,MOCKLOAD
1010,2026-08-23,13,118,f69c3ddde3234a658f06,510,4150.8,,,0,2026-09-11 22:29:06,MOCKLOAD
1010,2026-08-24,17,103,a0b02b1d56314ba7bba0,510,2416.29,,,0,2026-09-11 22:29:06,MOCKLOAD
1010,2026-08-25,12,116,20e4c64c49e74d43a8cd,510,376.85,,,0,2026-09-11 22:29:06,MOCKLOAD
1010,2026-08-26,24,119,9c9284e954c44b7c86fa,510,1391.32,,,0,2026-09-11 22:29:06,MOCKLOAD
1010,2026-08-27,16,111,311264a034fc4a26ba0a,510,1156.26,,,0,2026-09-11 22:29:06,MOCKLOAD
1010,2026-08-28,26,101,da16b7d9e9f344599081,510,669.97,,,0,2026-09-11 22:29:06,MOCKLOAD
1010,2026-08-29,27,120,26bb121e233e49ad9e05,510,3504.36,,,0,2026-09-11 22:29:06,MOCKLOAD
1010,2026-08-30,23,102,dd2c1d3f3e9e4c5a86fa,510,152.58,,,0,2026-09-11 22:29:06,MOCKLOAD
1010,2026-08-31,29,114,bacac870aecf4cb29c31,510,5609.61,,,0,2026-09-11 22:29:06,MOCKLOAD
1010,2026-09-01,19,119,33ec5a62d0204e15bd7a,510,721.73,,,0,2026-09-11 22:29:06,MOCKLOAD
1010,2026-09-02,23,104,e2eb05a5d5bc45498776,510,848.66,,,0,2026-09-11 22:29:06,MOCKLOAD
1010,2026-09-03,10,114,4f58995099ee43379e55,510,3931.75,,,0,2026-09-11 22:29:06,MOCKLOAD
1010,2026-09-04,20,110,27910f63841449aba36c,510,1684.73,,,0,2026-09-11 22:29:06,MOCKLOAD
1010,2026-09-05,29,120,7b5c634f057847768ada,510,5742.55,,,0,2026-09-11 22:29:06,MOCKLOAD
1010,2026-09-06,26,106,86ecd99a6080437eb1d8,510,84.62,,,0,2026-09-11 22:29:06,MOCKLOAD
1010,2026-09-07,18,118,b4cffb02be074c37b91b,510,7.45,,,0,2026-09-11 22:29:06,MOCKLOAD
1010,2026-09-08,15,110,cd089121c6514ee4a381,510,1411.02,,,0,2026-09-11 22:29:06,MOCKLOAD
1010,2026-09-09,25,111,280e2feec9234ea19156,510,1830.41,,,0,2026-09-11 22:29:06,MOCKLOAD
1010,2026-08-11,19,113,38dd21c563534491a3dc,510,1738.63,,,0,2026-09-11 22:29:06,MOCKLOAD
1010,2026-08-12,27,117,109f33f4fc0341d6882a,510,1411.18,,,0,2026-09-11 22:29:06,MOCKLOAD
1010,2026-08-13,18,119,e743999d283d4a82b231,510,1215.64,,,0,2026-09-11 22:29:06,MOCKLOAD
1010,2026-08-14,28,103,00fb4e7d1d3845548e1d,510,862.2,,,0,2026-09-11 22:29:06,MOCKLOAD
1010,2026-08-15,20,113,918b58aaf4d34d6eb17a,510,4267.74,,,0,2026-09-11 22:29:06,MOCKLOAD
1010,2026-08-16,18,108,d5bd00a3fc4b4b8a86c1,510,874.2,,,0,2026-09-11 22:29:06,MOCKLOAD
1010,2026-08-17,15,117,23f02298fc7a4474b6dd,510,3749.26,,,0,2026-09-11 22:29:06,MOCKLOAD
1010,2026-08-18,21,112,a2cc9fc91bb64c2697fe,510,4852.12,,,0,2026-09-11 22:29:06,MOCKLOAD
1010,2026-08-19,25,113,bf1a41cf23364957acbc,510,1849.8,,,0,2026-09-11 22:29:06,MOCKLOAD
1010,2026-08-20,10,117,8285864f6ba64894a95a,510,2786.62,,,0,2026-09-11 22:29:06,MOCKLOAD
1010,2026-08-21,14,120,aa1020e8666244d7be2e,510,650.45,,,0,2026-09-11 22:29:06,MOCKLOAD
1010,2026-08-22,29,101,ab999cc592e84e9689f2,510,106.7,,,0,2026-09-11 22:29:06,MOCKLOAD
1010,2026-08-23,17,117,640c585d94a245a6a396,510,1257.8,,,0,2026-09-11 22:29:06,MOCKLOAD
1010,2026-08-24,23,104,2725500981d4498a8951,510,32.54,,,0,2026-09-11 22:29:06,MOCKLOAD
1010,2026-08-25,14,120,5d2d74438afa44bea99d,510,1127.57,,,0,2026-09-11 22:29:06,MOCKLOAD
1010,2026-08-26,18,109,791309dfd0544329b7e8,510,2439.41,,,0,2026-09-11 22:29:06,MOCKLOAD
1010,2026-08-27,21,109,db6037ea6a6b4c3d8cc9,510,2005.47,,,0,2026-09-11 22:29:06,MOCKLOAD
1010,2026-08-28,12,119,e3f14bea9ffd4397bdb7,510,1176.92,,,0,2026-09-11 22:29:06,MOCKLOAD
1010,2026-08-29,29,111,0fbca9adc07246ada7bf,510,4838.12,,,0,2026-09-11 22:29:06,MOCKLOAD
1010,2026-08-30,15,118,932d3895c47642359825,510,4619.99,,,0,2026-09-11 22:29:06,MOCKLOAD
1010,2026-08-31,29,112,27b609566f2143d4a882,510,3510.31,,,0,2026-09-11 22:29:06,MOCKLOAD
1010,2026-09-01,19,117,72c72c85c00d45d391d3,510,4664.7,,,0,2026-09-11 22:29:06,MOCKLOAD
1010,2026-09-02,23,108,0eb320a0c4e94192b171,510,914.7,,,0,2026-09-11 22:29:06,MOCKLOAD
1010,2026-09-03,24,117,575f8b46c72a4c83b519,510,2964.03,,,0,2026-09-11 22:29:06,MOCKLOAD
1010,2026-09-04,18,114,6a97a05e854d48d0aa1a,510,6685.83,,,0,2026-09-11 22:29:06,MOCKLOAD
1010,2026-09-05,12,120,fe327ddf705d4f1781be,510,162.19,,,0,2026-09-11 22:29:06,MOCKLOAD
1010,2026-09-06,22,103,8598e57f7c824c928efa,510,392.49,,,0,2026-09-11 22:29:06,MOCKLOAD
1010,2026-09-07,11,116,457b40bb27174d639005,510,331.59,,,0,2026-09-11 22:29:06,MOCKLOAD
1010,2026-09-08,10,113,f34e5e7075044a98b786,510,2867.58,,,0,2026-09-11 22:29:06,MOCKLOAD
1010,2026-09-09,27,107,389d81e0a5004a0697de,510,251.14,,,0,2026-09-11 22:29:06,MOCKLOAD
1010,2026-08-11,15,119,4a71f8c1ab3748e9b070,510,78.14,,,0,2026-09-11 22:29:06,MOCKLOAD
1010,2026-08-12,29,101,50906698897543218584,510,6505.82,,,0,2026-09-11 22:29:06,MOCKLOAD
1010,2026-08-13,23,112,0003077ccc8346209512,510,101.05,,,0,2026-09-11 22:29:06,MOCKLOAD
1010,2026-08-14,11,105,31925938e0bc47b7b0d5,510,547.12,,,0,2026-09-11 22:29:06,MOCKLOAD
1010,2026-08-15,16,116,6c8c9182587849d59ee5,510,2313.81,,,0,2026-09-11 22:29:06,MOCKLOAD
1010,2026-08-16,20,104,c803436ef173495eb6a9,510,405.61,,,0,2026-09-11 22:29:06,MOCKLOAD
1010,2026-08-17,15,117,f9c808bd837b4ead8f65,510,408.69,,,0,2026-09-11 22:29:06,MOCKLOAD
1010,2026-08-18,19,101,9cebd040c491407082bf,510,5948.47,,,0,2026-09-11 22:29:06,MOCKLOAD
1010,2026-08-19,15,119,cfcb7be8fe244141ae30,510,779.01,,,0,2026-09-11 22:29:06,MOCKLOAD
1010,2026-08-20,14,116,c06b5fc00b2548c39a4f,510,1599.72,,,0,2026-09-11 22:29:06,MOCKLOAD
1010,2026-08-21,28,111,90e12100ba53425e8b17,510,1119.75,,,0,2026-09-11 22:29:06,MOCKLOAD
1010,2026-08-22,23,105,4d7446937693458db93d,510,1263.3,,,0,2026-09-11 22:29:06,MOCKLOAD
1010,2026-08-23,27,112,86881f8f80f34497b027,510,1671.3,,,0,2026-09-11 22:29:06,MOCKLOAD
1010,2026-08-24,24,114,e556cd96707d4a53ba30,510,711.56,,,0,2026-09-11 22:29:06,MOCKLOAD
1010,2026-08-25,25,108,9499cec6a1d141cca145,510,65.15,,,0,2026-09-11 22:29:06,MOCKLOAD
1010,2026-08-26,24,106,fd3057de32024c37af2e,510,235.47,,,0,2026-09-11 22:29:06,MOCKLOAD
1010,2026-08-27,13,118,919a1315901047f98f96,510,2458.06,,,0,2026-09-11 22:29:06,MOCKLOAD
1010,2026-08-28,17,120,28dd2f1e98a6468aa3ff,510,1331.16,,,0,2026-09-11 22:29:06,MOCKLOAD
1010,2026-08-29,11,114,31970d8f3b8e4f368585,510,39.5,,,0,2026-09-11 22:29:06,MOCKLOAD
1010,2026-08-30,24,104,578fb45579954a5a959e,510,4154.2,,,0,2026-09-11 22:29:06,MOCKLOAD
1010,2026-08-31,29,116,5b4aa80106924160a2a8,510,152.22,,,0,2026-09-11 22:29:06,MOCKLOAD
1010,2026-09-01,15,102,ebf68976366a4cf7b8da,510,1108.92,,,0,2026-09-11 22:29:06,MOCKLOAD
1010,2026-09-02,14,114,f8d0a7d62b0748f884e5,510,845.26,,,0,2026-09-11 22:29:06,MOCKLOAD
1010,2026-09-03,13,102,fbefae4d0eab489abe8c,510,2345.96,,,0,2026-09-11 22:29:06,MOCKLOAD
1010,2026-09-04,21,101,eef83a1da72248fa865b,510,445.58,,,0,2026-09-11 22:29:06,MOCKLOAD
1010,2026-09-05,21,102,6dc268cd03584216ae3c,510,2496.09,,,0,2026-09-11 22:29:06,MOCKLOAD
1010,2026-09-06,16,114,1687e4c07999481c8914,510,1650.61,,,0,2026-09-11 22:29:06,MOCKLOAD
1010,2026-09-07,26,113,31f49e816340418186e6,510,1689.31,,,0,2026-09-11 22:29:06,MOCKLOAD
1010,2026-09-08,18,107,3373e457fc024e809a60,510,151.38,,,0,2026-09-11 22:29:06,MOCKLOAD
1010,2026-09-09,18,105,6562e873a3774ff983ee,510,6011.08,,,0,2026-09-11 22:29:06,MOCKLOAD
1010,2026-08-11,29,110,91f12eda4b92427e961c,510,1909.08,,,0,2026-09-11 22:29:06,MOCKLOAD
1010,2026-08-12,25,111,9e4daef530a248febdfb,510,3305.27,,,0,2026-09-11 22:29:06,MOCKLOAD
1010,2026-08-13,10,117,ceee3ee323a84d8a8d1d,510,519.59,,,0,2026-09-11 22:29:06,MOCKLOAD
1010,2026-08-14,20,118,48f1c72bbdea41878683,510,1446.38,,,0,2026-09-11 22:29:06,MOCKLOAD
1010,2026-08-15,16,112,93b8f50447a847c891cf,510,1216.37,,,0,2026-09-11 22:29:06,MOCKLOAD
1010,2026-08-16,14,105,1a715898cafa42f3a5cf,510,1175.9,,,0,2026-09-11 22:29:06,MOCKLOAD
1010,2026-08-17,18,106,ff4ebb4882e546a191bd,510,1159.38,,,0,2026-09-11 22:29:06,MOCKLOAD
1010,2026-08-18,16,119,db5cd2334a414e8e898e,510,2259.83,,,0,2026-09-11 22:29:06,MOCKLOAD
1010,2026-08-19,25,111,e915445ba8fc43bfabb9,510,702.92,,,0,2026-09-11 22:29:06,MOCKLOAD
1010,2026-08-20,26,119,e7ceb56cd41c49918ecd,510,3349.73,,,0,2026-09-11 22:29:06,MOCKLOAD
1010,2026-08-21,20,103,aefacbd04b534f2e979d,510,1616.21,,,0,2026-09-11 22:29:06,MOCKLOAD
1010,2026-08-22,27,105,c7c9700318fb4a2fb901,510,441.04,,,0,2026-09-11 22:29:06,MOCKLOAD
1010,2026-08-23,17,110,db6b3f9b1d514763b0dd,510,979.98,,,0,2026-09-11 22:29:06,MOCKLOAD
1010,2026-08-24,28,106,6680145e6c3f469085b5,510,5698.17,,,0,2026-09-11 22:29:06,MOCKLOAD
1010,2026-08-25,10,116,3c74fc3daf83452b8454,510,803.48,,,0,2026-09-11 22:29:06,MOCKLOAD
1010,2026-08-26,15,120,1ec4e12ef2fc483dbcc7,510,3429.94,,,0,2026-09-11 22:29:06,MOCKLOAD
1010,2026-08-27,20,119,937ef3a0ad0143c684ae,510,4739.74,,,0,2026-09-11 22:29:06,MOCKLOAD
1010,2026-08-28,18,118,381a5c18f09641218a85,510,1885.76,,,0,2026-09-11 22:29:06,MOCKLOAD
1010,2026-08-29,19,107,fe3e1e8bae7d472c8bc9,510,41.09,,,0,2026-09-11 22:29:06,MOCKLOAD
1010,2026-08-30,24,105,8ec9504e2634465b89e4,510,2159.43,,,0,2026-09-11 22:29:06,MOCKLOAD
1010,2026-08-31,28,117,24530cdc8eca4a68a642,510,1753.23,,,0,2026-09-11 22:29:06,MOCKLOAD
1010,2026-09-01,14,119,33a2c0c25cc442f19afd,510,3090.85,,,0,2026-09-11 22:29:06,MOCKLOAD
1010,2026-09-02,10,104,af4021d58c9740328a6c,510,1283.28,,,0,2026-09-11 22:29:06,MOCKLOAD
1010,2026-09-03,21,115,173ca5cabdfe4db69939,510,43.85,,,0,2026-09-11 22:29:06,MOCKLOAD
1010,2026-09-04,21,111,7bf902d32a5e4cd09911,510,4399.56,,,0,2026-09-11 22:29:06,MOCKLOAD
1010,2026-09-05,14,114,075e8ebedbba4de88041,510,235.39,,,0,2026-09-11 22:29:06,MOCKLOAD
1010,2026-09-06,17,112,33848b9b573e42fe8968,510,3231.61,,,0,2026-09-11 22:29:06,MOCKLOAD
1010,2026-09-07,13,111,35dc61ae0bd446f38eb5,510,727.96,,,0,2026-09-11 22:29:06,MOCKLOAD
1010,2026-09-08,13,102,0b65bd5cd7d745d3bf39,510,1987.17,,,0,2026-09-11 22:29:06,MOCKLOAD
1010,2026-09-09,24,110,23e91eacf1a9451b9000,510,2816.63,,,0,2026-09-11 22:29:06,MOCKLOAD
