purchase_order_id,item_vendor,department,item_nbr,warehouse_nbr,receipt_date,receiving_seq_nbr,order_qty,received_qty,update_timestamp
100201001,502,14,100201,112,2026-08-11,1,38,38,2026-09-11 22:29:06
100201002,502,13,100201,110,2026-08-12,2,76,76,2026-09-11 22:29:06
100201003,502,16,100201,118,2026-08-13,3,16,16,2026-09-11 22:29:06
100201004,502,29,100201,103,2026-08-14,4,37,37,2026-09-11 22:29:06
100201005,502,24,100201,109,2026-08-15,5,64,64,2026-09-11 22:29:06
100201006,502,11,100201,117,2026-08-16,6,98,98,2026-09-11 22:29:06
100201007,502,15,100201,106,2026-08-17,7,1,1,2026-09-11 22:29:06
100201008,502,22,100201,103,2026-08-18,8,42,42,2026-09-11 22:29:06
100201009,502,22,100201,117,2026-08-19,9,33,33,2026-09-11 22:29:06
100201010,502,29,100201,113,2026-08-20,10,63,63,2026-09-11 22:29:06
100201011,502,29,100201,118,2026-08-21,11,94,94,2026-09-11 22:29:06
100201012,502,17,100201,116,2026-08-22,12,21,21,2026-09-11 22:29:06
100201013,502,21,100201,118,2026-08-23,13,95,95,2026-09-11 22:29:06
100201014,502,20,100201,103,2026-08-24,14,36,36,2026-09-11 22:29:06
100201015,502,19,100201,112,2026-08-25,15,14,14,2026-09-11 22:29:06
100201016,502,18,100201,107,2026-08-26,16,28,28,2026-09-11 22:29:06
100201017,502,22,100201,104,2026-08-27,17,83,83,2026-09-11 22:29:06
100201018,502,16,100201,103,2026-08-28,18,26,26,2026-09-11 22:29:06
100201019,502,25,100201,120,2026-08-29,19,20,20,2026-09-11 22:29:06
100201020,502,17,100201,110,2026-08-30,20,38,38,2026-09-11 22:29:06
100201021,502,23,100201,103,2026-08-31,21,33,33,2026-09-11 22:29:06
100201022,502,22,100201,108,2026-09-01,22,69,69,2026-09-11 22:29:06
100201023,502,28,100201,106,2026-09-02,23,9,9,2026-09-11 22:29:06
100201024,502,21,100201,101,2026-09-03,24,87,87,2026-09-11 22:29:06
100201025,502,10,100201,106,2026-09-04,25,19,19,2026-09-11 22:29:06
100201026,502,21,100201,103,2026-09-05,26,9,9,2026-09-11 22:29:06
100201027,502,26,100201,119,2026-09-06,27,25,25,2026-09-11 22:29:06
100201028,502,21,100201,113,2026-09-07,28,29,29,2026-09-11 22:29:06
100201029,502,16,100201,106,2026-09-08,29,15,15,2026-09-11 22:29:06
100201030,502,11,100201,101,2026-09-09,30,88,88,2026-09-11 22:29:06
100202001,502,16,100202,102,2026-08-11,1,45,45,2026-09-11 22:29:06
100202002,502,20,100202,107,2026-08-12,2,94,94,2026-09-11 22:29:06
100202003,502,20,100202,113,2026-08-13,3,36,36,2026-09-11 22:29:06
100202004,502,17,100202,117,2026-08-14,4,11,11,2026-09-11 22:29:06
100202005,502,14,100202,107,2026-08-15,5,7,7,2026-09-11 22:29:06
100202006,502,12,100202,115,2026-08-16,6,77,77,2026-09-11 22:29:06
100202007,502,25,100202,112,2026-08-17,7,45,45,2026-09-11 22:29:06
100202008,502,15,100202,112,2026-08-18,8,90,90,2026-09-11 22:29:06
100202009,502,21,100202,102,2026-08-19,9,10,10,2026-09-11 22:29:06
100202010,502,20,100202,111,2026-08-20,10,48,48,2026-09-11 22:29:06
100202011,502,18,100202,119,2026-08-21,11,93,93,2026-09-11 22:29:06
100202012,502,26,100202,107,2026-08-22,12,6,6,2026-09-11 22:29:06
100202013,502,24,100202,119,2026-08-23,13,77,77,2026-09-11 22:29:06
100202014,502,27,100202,107,2026-08-24,14,15,15,2026-09-11 22:29:06
100202015,502,25,100202,118,2026-08-25,15,52,52,2026-09-11 22:29:06
100202016,502,23,100202,114,2026-08-26,16,66,66,2026-09-11 22:29:06
100202017,502,15,100202,114,2026-08-27,17,53,53,2026-09-11 22:29:06
100202018,502,11,100202,112,2026-08-28,18,8,8,2026-09-11 22:29:06
100202019,502,16,100202,101,2026-08-29,19,33,33,2026-09-11 22:29:06
100202020,502,28,100202,114,2026-08-30,20,3,3,2026-09-11 22:29:06
100202021,502,29,100202,113,2026-08-31,21,24,24,2026-09-11 22:29:06
100202022,502,23,100202,118,2026-09-01,22,87,87,2026-09-11 22:29:06
100202023,502,24,100202,107,2026-09-02,23,89,89,2026-09-11 22:29:06
100202024,502,10,100202,112,2026-09-03,24,24,24,2026-09-11 22:29:06
100202025,502,19,100202,114,2026-09-04,25,45,45,2026-09-11 22:29:06
100202026,502,19,100202,115,2026-09-05,26,36,36,2026-09-11 22:29:06
100202027,502,19,100202,117,2026-09-06,27,70,70,2026-09-11 22:29:06
100202028,502,25,100202,102,2026-09-07,28,61,61,2026-09-11 22:29:06
100202029,502,16,100202,120,2026-09-08,29,100,100,2026-09-11 22:29:06
100202030,502,23,100202,115,2026-09-09,30,42,42,2026-09-11 22:29:06
100203001,502,27,100203,119,2026-08-11,1,27,27,2026-09-11 22:29:06
100203002,502,21,100203,116,2026-08-12,2,77,77,2026-09-11 22:29:06
100203003,502,19,100203,111,2026-08-13,3,64,64,2026-09-11 22:29:06
100203004,502,20,100203,114,2026-08-14,4,57,57,2026-09-11 22:29:06
100203005,502,21,100203,117,2026-08-15,5,84,84,2026-09-11 22:29:06
100203006,502,16,100203,116,2026-08-16,6,36,36,2026-09-11 22:29:06
100203007,502,11,100203,108,2026-08-17,7,24,24,2026-09-11 22:29:06
100203008,502,22,100203,113,2026-08-18,8,31,31,2026-09-11 22:29:06
100203009,502,13,100203,120,2026-08-19,9,48,48,2026-09-11 22:29:06
100203010,502,19,100203,110,2026-08-20,10,96,96,2026-09-11 22:29:06
100203011,502,25,100203,114,2026-08-21,11,64,64,2026-09-11 22:29:06
100203012,502,18,100203,114,2026-08-22,12,98,98,2026-09-11 22:29:06
100203013,502,28,100203,107,2026-08-23,13,72,72,2026-09-11 22:29:06
100203014,502,15,100203,118,2026-08-24,14,6,6,2026-09-11 22:29:06
100203015,502,11,100203,107,2026-08-25,15,35,35,2026-09-11 22:29:06
100203016,502,16,100203,106,2026-08-26,16,65,65,2026-09-11 22:29:06
100203017,502,28,100203,118,2026-08-27,17,44,44,2026-09-11 22:29:06
100203018,502,25,100203,109,2026-08-28,18,82,82,2026-09-11 22:29:06
100203019,502,23,100203,113,2026-08-29,19,89,89,2026-09-11 22:29:06
100203020,502,12,100203,109,2026-08-30,20,76,76,2026-09-11 22:29:06
100203021,502,26,100203,115,2026-08-31,21,13,13,2026-09-11 22:29:06
100203022,502,10,100203,110,2026-09-01,22,59,59,2026-09-11 22:29:06
100203023,502,17,100203,109,2026-09-02,23,6,6,2026-09-11 22:29:06
100203024,502,13,100203,106,2026-09-03,24,90,90,2026-09-11 22:29:06
100203025,502,15,100203,111,2026-09-04,25,92,92,2026-09-11 22:29:06
100203026,502,17,100203,118,2026-09-05,26,61,61,2026-09-11 22:29:06
100203027,502,18,100203,103,2026-09-06,27,33,33,2026-09-11 22:29:06
100203028,502,15,100203,120,2026-09-07,28,20,20,2026-09-11 22:29:06
100203029,502,27,100203,113,2026-09-08,29,19,19,2026-09-11 22:29:06
100203030,502,23,100203,105,2026-09-09,30,52,52,2026-09-11 22:29:06
100204001,502,24,100204,119,2026-08-11,1,12,12,2026-09-11 22:29:06
100204002,502,29,100204,120,2026-08-12,2,69,69,2026-09-11 22:29:06
100204003,502,12,100204,120,2026-08-13,3,29,29,2026-09-11 22:29:06
100204004,502,20,100204,104,2026-08-14,4,33,33,2026-09-11 22:29:06
100204005,502,15,100204,112,2026-08-15,5,15,15,2026-09-11 22:29:06
100204006,502,21,100204,105,2026-08-16,6,5,5,2026-09-11 22:29:06
100204007,502,24,100204,115,2026-08-17,7,100,100,2026-09-11 22:29:06
100204008,502,21,100204,113,2026-08-18,8,59,59,2026-09-11 22:29:06
100204009,502,12,100204,116,2026-08-19,9,55,55,2026-09-11 22:29:06
100204010,502,11,100204,115,2026-08-20,10,62,62,2026-09-11 22:29:06
100204011,502,26,100204,119,2026-08-21,11,42,42,2026-09-11 22:29:06
100204012,502,29,100204,120,2026-08-22,12,81,81,2026-09-11 22:29:06
100204013,502,18,100204,115,2026-08-23,13,42,42,2026-09-11 22:29:06
100204014,502,12,100204,112,2026-08-24,14,42,42,2026-09-11 22:29:06
100204015,502,16,100204,114,2026-08-25,15,56,56,2026-09-11 22:29:06
100204016,502,29,100204,101,2026-08-26,16,62,62,2026-09-11 22:29:06
100204017,502,16,100204,102,2026-08-27,17,67,67,2026-09-11 22:29:06
100204018,502,21,100204,106,2026-08-28,18,48,48,2026-09-11 22:29:06
100204019,502,11,100204,110,2026-08-29,19,79,79,2026-09-11 22:29:06
100204020,502,24,100204,103,2026-08-30,20,21,21,2026-09-11 22:29:06
100204021,502,28,100204,104,2026-08-31,21,88,88,2026-09-11 22:29:06
100204022,502,27,100204,101,2026-09-01,22,65,65,2026-09-11 22:29:06
100204023,502,11,100204,117,2026-09-02,23,21,21,2026-09-11 22:29:06
100204024,502,15,100204,110,2026-09-03,24,57,57,2026-09-11 22:29:06
100204025,502,14,100204,102,2026-09-04,25,34,34,2026-09-11 22:29:06
100204026,502,14,100204,116,2026-09-05,26,45,45,2026-09-11 22:29:06
100204027,502,17,100204,119,2026-09-06,27,84,84,2026-09-11 22:29:06
100204028,502,26,100204,114,2026-09-07,28,42,42,2026-09-11 22:29:06
100204029,502,17,100204,110,2026-09-08,29,83,83,2026-09-11 22:29:06
100204030,502,12,100204,113,2026-09-09,30,20,20,2026-09-11 22:29:06
100205001,502,22,100205,102,2026-08-11,1,11,11,2026-09-11 22:29:06
100205002,502,11,100205,109,2026-08-12,2,61,61,2026-09-11 22:29:06
100205003,502,21,100205,115,2026-08-13,3,48,48,2026-09-11 22:29:06
100205004,502,12,100205,104,2026-08-14,4,91,91,2026-09-11 22:29:06
100205005,502,19,100205,108,2026-08-15,5,89,89,2026-09-11 22:29:06
100205006,502,15,100205,117,2026-08-16,6,53,53,2026-09-11 22:29:06
100205007,502,28,100205,103,2026-08-17,7,48,48,2026-09-11 22:29:06
100205008,502,20,100205,101,2026-08-18,8,80,80,2026-09-11 22:29:06
100205009,502,24,100205,106,2026-08-19,9,84,84,2026-09-11 22:29:06
100205010,502,21,100205,101,2026-08-20,10,29,29,2026-09-11 22:29:06
100205011,502,18,100205,110,2026-08-21,11,47,47,2026-09-11 22:29:06
100205012,502,11,100205,110,2026-08-22,12,61,61,2026-09-11 22:29:06
100205013,502,28,100205,102,2026-08-23,13,61,61,2026-09-11 22:29:06
100205014,502,21,100205,106,2026-08-24,14,75,75,2026-09-11 22:29:06
100205015,502,21,100205,109,2026-08-25,15,42,42,2026-09-11 22:29:06
100205016,502,15,100205,112,2026-08-26,16,71,71,2026-09-11 22:29:06
100205017,502,20,100205,115,2026-08-27,17,82,82,2026-09-11 22:29:06
100205018,502,11,100205,114,2026-08-28,18,59,59,2026-09-11 22:29:06
100205019,502,20,100205,105,2026-08-29,19,42,42,2026-09-11 22:29:06
100205020,502,15,100205,107,2026-08-30,20,46,46,2026-09-11 22:29:06
100205021,502,20,100205,118,2026-08-31,21,2,2,2026-09-11 22:29:06
100205022,502,15,100205,111,2026-09-01,22,78,78,2026-09-11 22:29:06
100205023,502,11,100205,113,2026-09-02,23,11,11,2026-09-11 22:29:06
100205024,502,23,100205,117,2026-09-03,24,79,79,2026-09-11 22:29:06
100205025,502,12,100205,107,2026-09-04,25,92,92,2026-09-11 22:29:06
100205026,502,10,100205,102,2026-09-05,26,7,7,2026-09-11 22:29:06
100205027,502,24,100205,112,2026-09-06,27,71,71,2026-09-11 22:29:06
100205028,502,22,100205,116,2026-09-07,28,51,51,2026-09-11 22:29:06
100205029,502,15,100205,116,2026-09-08,29,62,62,2026-09-11 22:29:06
100205030,502,13,100205,108,2026-09-09,30,84,84,2026-09-11 22:29:06
100206001,502,15,100206,107,2026-08-11,1,37,37,2026-09-11 22:29:06
100206002,502,26,100206,101,2026-08-12,2,23,23,2026-09-11 22:29:06
100206003,502,26,100206,111,2026-08-13,3,87,87,2026-09-11 22:29:06
100206004,502,23,100206,119,2026-08-14,4,90,90,2026-09-11 22:29:06
100206005,502,15,100206,101,2026-08-15,5,96,96,2026-09-11 22:29:06
100206006,502,13,100206,112,2026-08-16,6,37,37,2026-09-11 22:29:06
100206007,502,24,100206,120,2026-08-17,7,99,99,2026-09-11 22:29:06
100206008,502,28,100206,107,2026-08-18,8,45,45,2026-09-11 22:29:06
100206009,502,18,100206,102,2026-08-19,9,97,97,2026-09-11 22:29:06
100206010,502,10,100206,105,2026-08-20,10,88,88,2026-09-11 22:29:06
100206011,502,14,100206,114,2026-08-21,11,32,32,2026-09-11 22:29:06
100206012,502,14,100206,114,2026-08-22,12,20,20,2026-09-11 22:29:06
100206013,502,16,100206,114,2026-08-23,13,59,59,2026-09-11 22:29:06
100206014,502,29,100206,104,2026-08-24,14,77,77,2026-09-11 22:29:06
100206015,502,13,100206,104,2026-08-25,15,55,55,2026-09-11 22:29:06
100206016,502,13,100206,113,2026-08-26,16,36,36,2026-09-11 22:29:06
100206017,502,16,100206,102,2026-08-27,17,19,19,2026-09-11 22:29:06
100206018,502,17,100206,102,2026-08-28,18,28,28,2026-09-11 22:29:06
100206019,502,22,100206,107,2026-08-29,19,10,10,2026-09-11 22:29:06
100206020,502,21,100206,113,2026-08-30,20,53,53,2026-09-11 22:29:06
100206021,502,29,100206,118,2026-08-31,21,56,56,2026-09-11 22:29:06
100206022,502,11,100206,106,2026-09-01,22,85,85,2026-09-11 22:29:06
100206023,502,14,100206,102,2026-09-02,23,21,21,2026-09-11 22:29:06
100206024,502,18,100206,112,2026-09-03,24,7,7,2026-09-11 22:29:06
100206025,502,26,100206,114,2026-09-04,25,12,12,2026-09-11 22:29:06
100206026,502,27,100206,118,2026-09-05,26,6,6,2026-09-11 22:29:06
100206027,502,17,100206,112,2026-09-06,27,94,94,2026-09-11 22:29:06
100206028,502,19,100206,119,2026-09-07,28,50,50,2026-09-11 22:29:06
100206029,502,13,100206,107,2026-09-08,29,56,56,2026-09-11 22:29:06
100206030,502,22,100206,116,2026-09-09,30,17,17,2026-09-11 22:29:06
100207001,502,12,100207,104,2026-08-11,1,83,83,2026-09-11 22:29:06
100207002,502,27,100207,105,2026-08-12,2,62,62,2026-09-11 22:29:06
100207003,502,15,100207,108,2026-08-13,3,8,8,2026-09-11 22:29:06
100207004,502,18,100207,116,2026-08-14,4,68,68,2026-09-11 22:29:06
100207005,502,25,100207,113,2026-08-15,5,61,61,2026-09-11 22:29:06
100207006,502,24,100207,120,2026-08-16,6,77,77,2026-09-11 22:29:06
100207007,502,13,100207,101,2026-08-17,7,1,1,2026-09-11 22:29:06
100207008,502,22,100207,109,2026-08-18,8,64,64,2026-09-11 22:29:06
100207009,502,17,100207,116,2026-08-19,9,67,67,2026-09-11 22:29:06
100207010,502,22,100207,110,2026-08-20,10,28,28,2026-09-11 22:29:06
100207011,502,17,100207,113,2026-08-21,11,82,82,2026-09-11 22:29:06
100207012,502,11,100207,111,2026-08-22,12,47,47,2026-09-11 22:29:06
100207013,502,21,100207,117,2026-08-23,13,64,64,2026-09-11 22:29:06
100207014,502,13,100207,114,2026-08-24,14,27,27,2026-09-11 22:29:06
100207015,502,12,100207,106,2026-08-25,15,42,42,2026-09-11 22:29:06
100207016,502,18,100207,105,2026-08-26,16,34,34,2026-09-11 22:29:06
100207017,502,27,100207,102,2026-08-27,17,21,21,2026-09-11 22:29:06
100207018,502,28,100207,116,2026-08-28,18,66,66,2026-09-11 22:29:06
100207019,502,27,100207,118,2026-08-29,19,4,4,2026-09-11 22:29:06
100207020,502,23,100207,107,2026-08-30,20,16,16,2026-09-11 22:29:06
100207021,502,20,100207,112,2026-08-31,21,58,58,2026-09-11 22:29:06
100207022,502,13,100207,111,2026-09-01,22,5,5,2026-09-11 22:29:06
100207023,502,14,100207,116,2026-09-02,23,56,56,2026-09-11 22:29:06
100207024,502,18,100207,118,2026-09-03,24,43,43,2026-09-11 22:29:06
100207025,502,10,100207,117,2026-09-04,25,19,19,2026-09-11 22:29:06
100207026,502,20,100207,113,2026-09-05,26,56,56,2026-09-11 22:29:06
100207027,502,26,100207,111,2026-09-06,27,52,52,2026-09-11 22:29:06
100207028,502,18,100207,104,2026-09-07,28,17,17,2026-09-11 22:29:06
100207029,502,24,100207,115,2026-09-08,29,11,11,2026-09-11 22:29:06
100207030,502,27,100207,106,2026-09-09,30,32,32,2026-09-11 22:29:06
100208001,502,20,100208,111,2026-08-11,1,1,1,2026-09-11 22:29:06
100208002,502,26,100208,115,2026-08-12,2,86,86,2026-09-11 22:29:06
100208003,502,25,100208,110,2026-08-13,3,46,46,2026-09-11 22:29:06
100208004,502,16,100208,120,2026-08-14,4,42,42,2026-09-11 22:29:06
100208005,502,10,100208,103,2026-08-15,5,75,75,2026-09-11 22:29:06
100208006,502,12,100208,107,2026-08-16,6,63,63,2026-09-11 22:29:06
100208007,502,11,100208,108,2026-08-17,7,82,82,2026-09-11 22:29:06
100208008,502,26,100208,116,2026-08-18,8,95,95,2026-09-11 22:29:06
100208009,502,22,100208,105,2026-08-19,9,62,62,2026-09-11 22:29:06
100208010,502,28,100208,111,2026-08-20,10,12,12,2026-09-11 22:29:06
100208011,502,21,100208,114,2026-08-21,11,19,19,2026-09-11 22:29:06
100208012,502,14,100208,106,2026-08-22,12,91,91,2026-09-11 22:29:06
100208013,502,13,100208,106,2026-08-23,13,71,71,2026-09-11 22:29:06
100208014,502,23,100208,104,2026-08-24,14,43,43,2026-09-11 22:29:06
100208015,502,26,100208,116,2026-08-25,15,54,54,2026-09-11 22:29:06
100208016,502,27,100208,120,2026-08-26,16,57,57,2026-09-11 22:29:06
100208017,502,22,100208,106,2026-08-27,17,32,32,2026-09-11 22:29:06
100208018,502,13,100208,117,2026-08-28,18,70,70,2026-09-11 22:29:06
100208019,502,15,100208,116,2026-08-29,19,35,35,2026-09-11 22:29:06
100208020,502,13,100208,118,2026-08-30,20,64,64,2026-09-11 22:29:06
100208021,502,22,100208,111,2026-08-31,21,78,78,2026-09-11 22:29:06
100208022,502,26,100208,114,2026-09-01,22,27,27,2026-09-11 22:29:06
100208023,502,13,100208,104,2026-09-02,23,8,8,2026-09-11 22:29:06
100208024,502,16,100208,112,2026-09-03,24,98,98,2026-09-11 22:29:06
100208025,502,27,100208,102,2026-09-04,25,21,21,2026-09-11 22:29:06
100208026,502,27,100208,103,2026-09-05,26,84,84,2026-09-11 22:29:06
100208027,502,13,100208,103,2026-09-06,27,14,14,2026-09-11 22:29:06
100208028,502,27,100208,118,2026-09-07,28,32,32,2026-09-11 22:29:06
100208029,502,16,100208,104,2026-09-08,29,64,64,2026-09-11 22:29:06
100208030,502,24,100208,114,2026-09-09,30,63,63,2026-09-11 22:29:06
100209001,502,14,100209,116,2026-08-11,1,87,87,2026-09-11 22:29:06
100209002,502,22,100209,110,2026-08-12,2,59,59,2026-09-11 22:29:06
100209003,502,26,100209,111,2026-08-13,3,83,83,2026-09-11 22:29:06
100209004,502,16,100209,107,2026-08-14,4,48,48,2026-09-11 22:29:06
100209005,502,22,100209,117,2026-08-15,5,67,67,2026-09-11 22:29:06
100209006,502,19,100209,105,2026-08-16,6,100,100,2026-09-11 22:29:06
100209007,502,18,100209,101,2026-08-17,7,37,37,2026-09-11 22:29:06
100209008,502,14,100209,112,2026-08-18,8,19,19,2026-09-11 22:29:06
100209009,502,27,100209,117,2026-08-19,9,40,40,2026-09-11 22:29:06
100209010,502,12,100209,118,2026-08-20,10,51,51,2026-09-11 22:29:06
100209011,502,26,100209,106,2026-08-21,11,63,63,2026-09-11 22:29:06
100209012,502,23,100209,120,2026-08-22,12,50,50,2026-09-11 22:29:06
100209013,502,17,100209,114,2026-08-23,13,16,16,2026-09-11 22:29:06
100209014,502,21,100209,120,2026-08-24,14,56,56,2026-09-11 22:29:06
100209015,502,10,100209,112,2026-08-25,15,46,46,2026-09-11 22:29:06
100209016,502,29,100209,106,2026-08-26,16,6,6,2026-09-11 22:29:06
100209017,502,10,100209,114,2026-08-27,17,54,54,2026-09-11 22:29:06
100209018,502,11,100209,101,2026-08-28,18,52,52,2026-09-11 22:29:06
100209019,502,16,100209,104,2026-08-29,19,10,10,2026-09-11 22:29:06
100209020,502,12,100209,109,2026-08-30,20,61,61,2026-09-11 22:29:06
100209021,502,26,100209,108,2026-08-31,21,47,47,2026-09-11 22:29:06
100209022,502,20,100209,120,2026-09-01,22,34,34,2026-09-11 22:29:06
100209023,502,20,100209,106,2026-09-02,23,45,45,2026-09-11 22:29:06
100209024,502,28,100209,117,2026-09-03,24,81,81,2026-09-11 22:29:06
100209025,502,20,100209,119,2026-09-04,25,29,29,2026-09-11 22:29:06
100209026,502,28,100209,103,2026-09-05,26,60,60,2026-09-11 22:29:06
100209027,502,20,100209,112,2026-09-06,27,19,19,2026-09-11 22:29:06
100209028,502,27,100209,107,2026-09-07,28,8,8,2026-09-11 22:29:06
100209029,502,22,100209,116,2026-09-08,29,70,70,2026-09-11 22:29:06
100209030,502,12,100209,113,2026-09-09,30,77,77,2026-09-11 22:29:06
100210001,502,20,100210,111,2026-08-11,1,6,6,2026-09-11 22:29:06
100210002,502,18,100210,104,2026-08-12,2,34,34,2026-09-11 22:29:06
100210003,502,16,100210,113,2026-08-13,3,28,28,2026-09-11 22:29:06
100210004,502,22,100210,105,2026-08-14,4,57,57,2026-09-11 22:29:06
100210005,502,20,100210,107,2026-08-15,5,93,93,2026-09-11 22:29:06
100210006,502,12,100210,111,2026-08-16,6,31,31,2026-09-11 22:29:06
100210007,502,18,100210,107,2026-08-17,7,6,6,2026-09-11 22:29:06
100210008,502,14,100210,110,2026-08-18,8,37,37,2026-09-11 22:29:06
100210009,502,18,100210,119,2026-08-19,9,4,4,2026-09-11 22:29:06
100210010,502,15,100210,101,2026-08-20,10,63,63,2026-09-11 22:29:06
100210011,502,16,100210,105,2026-08-21,11,86,86,2026-09-11 22:29:06
100210012,502,18,100210,105,2026-08-22,12,6,6,2026-09-11 22:29:06
100210013,502,25,100210,105,2026-08-23,13,80,80,2026-09-11 22:29:06
100210014,502,12,100210,111,2026-08-24,14,56,56,2026-09-11 22:29:06
100210015,502,10,100210,116,2026-08-25,15,96,96,2026-09-11 22:29:06
100210016,502,27,100210,111,2026-08-26,16,57,57,2026-09-11 22:29:06
100210017,502,12,100210,105,2026-08-27,17,22,22,2026-09-11 22:29:06
100210018,502,15,100210,104,2026-08-28,18,34,34,2026-09-11 22:29:06
100210019,502,17,100210,102,2026-08-29,19,54,54,2026-09-11 22:29:06
100210020,502,28,100210,106,2026-08-30,20,57,57,2026-09-11 22:29:06
100210021,502,25,100210,105,2026-08-31,21,100,100,2026-09-11 22:29:06
100210022,502,19,100210,112,2026-09-01,22,73,73,2026-09-11 22:29:06
100210023,502,21,100210,107,2026-09-02,23,3,3,2026-09-11 22:29:06
100210024,502,29,100210,113,2026-09-03,24,92,92,2026-09-11 22:29:06
100210025,502,26,100210,117,2026-09-04,25,94,94,2026-09-11 22:29:06
100210026,502,15,100210,104,2026-09-05,26,96,96,2026-09-11 22:29:06
100210027,502,16,100210,108,2026-09-06,27,38,38,2026-09-11 22:29:06
100210028,502,21,100210,116,2026-09-07,28,40,40,2026-09-11 22:29:06
100210029,502,17,100210,115,2026-09-08,29,1,1,2026-09-11 22:29:06
100210030,502,23,100210,101,2026-09-09,30,12,12,2026-09-11 22:29:06
100601001,506,24,100601,118,2026-08-11,1,59,59,2026-09-11 22:29:06
100601002,506,21,100601,112,2026-08-12,2,92,92,2026-09-11 22:29:06
100601003,506,27,100601,119,2026-08-13,3,57,57,2026-09-11 22:29:06
100601004,506,22,100601,101,2026-08-14,4,23,23,2026-09-11 22:29:06
100601005,506,27,100601,113,2026-08-15,5,68,68,2026-09-11 22:29:06
100601006,506,13,100601,110,2026-08-16,6,2,2,2026-09-11 22:29:06
100601007,506,16,100601,101,2026-08-17,7,52,52,2026-09-11 22:29:06
100601008,506,23,100601,114,2026-08-18,8,33,33,2026-09-11 22:29:06
100601009,506,14,100601,104,2026-08-19,9,87,87,2026-09-11 22:29:06
100601010,506,19,100601,102,2026-08-20,10,99,99,2026-09-11 22:29:06
100601011,506,23,100601,104,2026-08-21,11,10,10,2026-09-11 22:29:06
100601012,506,17,100601,120,2026-08-22,12,83,83,2026-09-11 22:29:06
100601013,506,27,100601,116,2026-08-23,13,36,36,2026-09-11 22:29:06
100601014,506,14,100601,110,2026-08-24,14,26,26,2026-09-11 22:29:06
100601015,506,24,100601,106,2026-08-25,15,91,91,2026-09-11 22:29:06
100601016,506,12,100601,115,2026-08-26,16,80,80,2026-09-11 22:29:06
100601017,506,23,100601,118,2026-08-27,17,72,72,2026-09-11 22:29:06
100601018,506,27,100601,116,2026-08-28,18,5,5,2026-09-11 22:29:06
100601019,506,20,100601,116,2026-08-29,19,85,85,2026-09-11 22:29:06
100601020,506,13,100601,105,2026-08-30,20,73,73,2026-09-11 22:29:06
100601021,506,25,100601,103,2026-08-31,21,18,18,2026-09-11 22:29:06
100601022,506,22,100601,112,2026-09-01,22,48,48,2026-09-11 22:29:06
100601023,506,23,100601,116,2026-09-02,23,27,27,2026-09-11 22:29:06
100601024,506,27,100601,120,2026-09-03,24,59,59,2026-09-11 22:29:06
100601025,506,17,100601,105,2026-09-04,25,4,4,2026-09-11 22:29:06
100601026,506,13,100601,110,2026-09-05,26,86,86,2026-09-11 22:29:06
100601027,506,12,100601,113,2026-09-06,27,35,35,2026-09-11 22:29:06
100601028,506,23,100601,116,2026-09-07,28,92,92,2026-09-11 22:29:06
100601029,506,23,100601,117,2026-09-08,29,37,37,2026-09-11 22:29:06
100601030,506,22,100601,105,2026-09-09,30,10,10,2026-09-11 22:29:06
100602001,506,13,100602,115,2026-08-11,1,22,22,2026-09-11 22:29:06
100602002,506,22,100602,120,2026-08-12,2,25,25,2026-09-11 22:29:06
100602003,506,15,100602,117,2026-08-13,3,68,68,2026-09-11 22:29:06
100602004,506,25,100602,104,2026-08-14,4,31,31,2026-09-11 22:29:06
100602005,506,19,100602,104,2026-08-15,5,99,99,2026-09-11 22:29:06
100602006,506,22,100602,119,2026-08-16,6,99,99,2026-09-11 22:29:06
100602007,506,25,100602,119,2026-08-17,7,30,30,2026-09-11 22:29:06
100602008,506,16,100602,103,2026-08-18,8,22,22,2026-09-11 22:29:06
100602009,506,29,100602,107,2026-08-19,9,37,37,2026-09-11 22:29:06
100602010,506,19,100602,116,2026-08-20,10,2,2,2026-09-11 22:29:06
100602011,506,27,100602,115,2026-08-21,11,79,79,2026-09-11 22:29:06
100602012,506,21,100602,115,2026-08-22,12,35,35,2026-09-11 22:29:06
100602013,506,17,100602,104,2026-08-23,13,27,27,2026-09-11 22:29:06
100602014,506,13,100602,106,2026-08-24,14,93,93,2026-09-11 22:29:06
100602015,506,14,100602,119,2026-08-25,15,89,89,2026-09-11 22:29:06
100602016,506,23,100602,110,2026-08-26,16,35,35,2026-09-11 22:29:06
100602017,506,19,100602,118,2026-08-27,17,47,47,2026-09-11 22:29:06
100602018,506,15,100602,109,2026-08-28,18,29,29,2026-09-11 22:29:06
100602019,506,24,100602,108,2026-08-29,19,76,76,2026-09-11 22:29:06
100602020,506,29,100602,109,2026-08-30,20,36,36,2026-09-11 22:29:06
100602021,506,25,100602,111,2026-08-31,21,65,65,2026-09-11 22:29:06
100602022,506,26,100602,105,2026-09-01,22,12,12,2026-09-11 22:29:06
100602023,506,14,100602,116,2026-09-02,23,53,53,2026-09-11 22:29:06
100602024,506,27,100602,120,2026-09-03,24,57,57,2026-09-11 22:29:06
100602025,506,23,100602,103,2026-09-04,25,21,21,2026-09-11 22:29:06
100602026,506,20,100602,108,2026-09-05,26,15,15,2026-09-11 22:29:06
100602027,506,14,100602,105,2026-09-06,27,36,36,2026-09-11 22:29:06
100602028,506,26,100602,104,2026-09-07,28,78,78,2026-09-11 22:29:06
100602029,506,20,100602,113,2026-09-08,29,34,34,2026-09-11 22:29:06
100602030,506,27,100602,102,2026-09-09,30,62,62,2026-09-11 22:29:06
100603001,506,27,100603,119,2026-08-11,1,81,81,2026-09-11 22:29:06
100603002,506,20,100603,101,2026-08-12,2,80,80,2026-09-11 22:29:06
100603003,506,15,100603,111,2026-08-13,3,22,22,2026-09-11 22:29:06
100603004,506,20,100603,109,2026-08-14,4,20,20,2026-09-11 22:29:06
100603005,506,15,100603,117,2026-08-15,5,34,34,2026-09-11 22:29:06
100603006,506,24,100603,118,2026-08-16,6,76,76,2026-09-11 22:29:06
100603007,506,29,100603,105,2026-08-17,7,4,4,2026-09-11 22:29:06
100603008,506,22,100603,111,2026-08-18,8,94,94,2026-09-11 22:29:06
100603009,506,27,100603,102,2026-08-19,9,29,29,2026-09-11 22:29:06
100603010,506,12,100603,111,2026-08-20,10,26,26,2026-09-11 22:29:06
100603011,506,28,100603,103,2026-08-21,11,30,30,2026-09-11 22:29:06
100603012,506,13,100603,108,2026-08-22,12,82,82,2026-09-11 22:29:06
100603013,506,12,100603,116,2026-08-23,13,3,3,2026-09-11 22:29:06
100603014,506,18,100603,111,2026-08-24,14,47,47,2026-09-11 22:29:06
100603015,506,29,100603,116,2026-08-25,15,5,5,2026-09-11 22:29:06
100603016,506,23,100603,114,2026-08-26,16,91,91,2026-09-11 22:29:06
100603017,506,21,100603,101,2026-08-27,17,59,59,2026-09-11 22:29:06
100603018,506,17,100603,112,2026-08-28,18,81,81,2026-09-11 22:29:06
100603019,506,16,100603,110,2026-08-29,19,99,99,2026-09-11 22:29:06
100603020,506,19,100603,104,2026-08-30,20,11,11,2026-09-11 22:29:06
100603021,506,10,100603,109,2026-08-31,21,44,44,2026-09-11 22:29:06
100603022,506,14,100603,102,2026-09-01,22,10,10,2026-09-11 22:29:06
100603023,506,27,100603,117,2026-09-02,23,14,14,2026-09-11 22:29:06
100603024,506,23,100603,117,2026-09-03,24,59,59,2026-09-11 22:29:06
100603025,506,13,100603,118,2026-09-04,25,68,68,2026-09-11 22:29:06
100603026,506,26,100603,109,2026-09-05,26,99,99,2026-09-11 22:29:06
100603027,506,21,100603,112,2026-09-06,27,96,96,2026-09-11 22:29:06
100603028,506,25,100603,110,2026-09-07,28,75,75,2026-09-11 22:29:06
100603029,506,25,100603,107,2026-09-08,29,4,4,2026-09-11 22:29:06
100603030,506,18,100603,106,2026-09-09,30,67,67,2026-09-11 22:29:06
100604001,506,22,100604,116,2026-08-11,1,95,95,2026-09-11 22:29:06
100604002,506,29,100604,120,2026-08-12,2,62,62,2026-09-11 22:29:06
100604003,506,29,100604,104,2026-08-13,3,51,51,2026-09-11 22:29:06
100604004,506,28,100604,102,2026-08-14,4,49,49,2026-09-11 22:29:06
100604005,506,16,100604,101,2026-08-15,5,96,96,2026-09-11 22:29:06
100604006,506,25,100604,103,2026-08-16,6,45,45,2026-09-11 22:29:06
100604007,506,25,100604,107,2026-08-17,7,64,64,2026-09-11 22:29:06
100604008,506,22,100604,119,2026-08-18,8,39,39,2026-09-11 22:29:06
100604009,506,26,100604,114,2026-08-19,9,92,92,2026-09-11 22:29:06
100604010,506,16,100604,119,2026-08-20,10,65,65,2026-09-11 22:29:06
100604011,506,24,100604,114,2026-08-21,11,63,63,2026-09-11 22:29:06
100604012,506,19,100604,112,2026-08-22,12,73,73,2026-09-11 22:29:06
100604013,506,15,100604,109,2026-08-23,13,23,23,2026-09-11 22:29:06
100604014,506,15,100604,112,2026-08-24,14,56,56,2026-09-11 22:29:06
100604015,506,10,100604,113,2026-08-25,15,77,77,2026-09-11 22:29:06
100604016,506,12,100604,115,2026-08-26,16,56,56,2026-09-11 22:29:06
100604017,506,21,100604,119,2026-08-27,17,23,23,2026-09-11 22:29:06
100604018,506,12,100604,112,2026-08-28,18,8,8,2026-09-11 22:29:06
100604019,506,22,100604,104,2026-08-29,19,15,15,2026-09-11 22:29:06
100604020,506,16,100604,119,2026-08-30,20,75,75,2026-09-11 22:29:06
100604021,506,26,100604,101,2026-08-31,21,63,63,2026-09-11 22:29:06
100604022,506,14,100604,114,2026-09-01,22,54,54,2026-09-11 22:29:06
100604023,506,18,100604,113,2026-09-02,23,90,90,2026-09-11 22:29:06
100604024,506,15,100604,104,2026-09-03,24,14,14,2026-09-11 22:29:06
100604025,506,16,100604,117,2026-09-04,25,44,44,2026-09-11 22:29:06
100604026,506,21,100604,115,2026-09-05,26,82,82,2026-09-11 22:29:06
100604027,506,25,100604,117,2026-09-06,27,20,20,2026-09-11 22:29:06
100604028,506,19,100604,107,2026-09-07,28,24,24,2026-09-11 22:29:06
100604029,506,19,100604,119,2026-09-08,29,7,7,2026-09-11 22:29:06
100604030,506,23,100604,112,2026-09-09,30,34,34,2026-09-11 22:29:06
100605001,506,27,100605,112,2026-08-11,1,27,27,2026-09-11 22:29:06
100605002,506,18,100605,101,2026-08-12,2,85,85,2026-09-11 22:29:06
100605003,506,18,100605,112,2026-08-13,3,79,79,2026-09-11 22:29:06
100605004,506,18,100605,110,2026-08-14,4,41,41,2026-09-11 22:29:06
100605005,506,18,100605,114,2026-08-15,5,89,89,2026-09-11 22:29:06
100605006,506,26,100605,120,2026-08-16,6,85,85,2026-09-11 22:29:06
100605007,506,26,100605,105,2026-08-17,7,99,99,2026-09-11 22:29:06
100605008,506,26,100605,110,2026-08-18,8,38,38,2026-09-11 22:29:06
100605009,506,20,100605,112,2026-08-19,9,42,42,2026-09-11 22:29:06
100605010,506,23,100605,109,2026-08-20,10,63,63,2026-09-11 22:29:06
100605011,506,28,100605,106,2026-08-21,11,91,91,2026-09-11 22:29:06
100605012,506,13,100605,110,2026-08-22,12,57,57,2026-09-11 22:29:06
100605013,506,28,100605,115,2026-08-23,13,91,91,2026-09-11 22:29:06
100605014,506,17,100605,112,2026-08-24,14,61,61,2026-09-11 22:29:06
100605015,506,10,100605,116,2026-08-25,15,73,73,2026-09-11 22:29:06
100605016,506,11,100605,107,2026-08-26,16,100,100,2026-09-11 22:29:06
100605017,506,21,100605,108,2026-08-27,17,43,43,2026-09-11 22:29:06
100605018,506,21,100605,120,2026-08-28,18,30,30,2026-09-11 22:29:06
100605019,506,18,100605,120,2026-08-29,19,27,27,2026-09-11 22:29:06
100605020,506,19,100605,107,2026-08-30,20,38,38,2026-09-11 22:29:06
100605021,506,13,100605,117,2026-08-31,21,4,4,2026-09-11 22:29:06
100605022,506,22,100605,108,2026-09-01,22,79,79,2026-09-11 22:29:06
100605023,506,18,100605,115,2026-09-02,23,71,71,2026-09-11 22:29:06
100605024,506,10,100605,120,2026-09-03,24,18,18,2026-09-11 22:29:06
100605025,506,18,100605,106,2026-09-04,25,92,92,2026-09-11 22:29:06
100605026,506,28,100605,108,2026-09-05,26,56,56,2026-09-11 22:29:06
100605027,506,25,100605,119,2026-09-06,27,46,46,2026-09-11 22:29:06
100605028,506,22,100605,110,2026-09-07,28,3,3,2026-09-11 22:29:06
100605029,506,11,100605,103,2026-09-08,29,17,17,2026-09-11 22:29:06
100605030,506,24,100605,103,2026-09-09,30,18,18,2026-09-11 22:29:06
100606001,506,15,100606,102,2026-08-11,1,74,74,2026-09-11 22:29:06
100606002,506,20,100606,120,2026-08-12,2,57,57,2026-09-11 22:29:06
100606003,506,28,100606,111,2026-08-13,3,3,3,2026-09-11 22:29:06
100606004,506,21,100606,106,2026-08-14,4,37,37,2026-09-11 22:29:06
100606005,506,26,100606,112,2026-08-15,5,54,54,2026-09-11 22:29:06
100606006,506,17,100606,113,2026-08-16,6,99,99,2026-09-11 22:29:06
100606007,506,20,100606,103,2026-08-17,7,24,24,2026-09-11 22:29:06
100606008,506,27,100606,106,2026-08-18,8,78,78,2026-09-11 22:29:06
100606009,506,19,100606,103,2026-08-19,9,22,22,2026-09-11 22:29:06
100606010,506,23,100606,114,2026-08-20,10,10,10,2026-09-11 22:29:06
100606011,506,10,100606,109,2026-08-21,11,26,26,2026-09-11 22:29:06
100606012,506,19,100606,102,2026-08-22,12,55,55,2026-09-11 22:29:06
100606013,506,18,100606,115,2026-08-23,13,88,88,2026-09-11 22:29:06
100606014,506,15,100606,109,2026-08-24,14,51,51,2026-09-11 22:29:06
100606015,506,26,100606,111,2026-08-25,15,47,47,2026-09-11 22:29:06
100606016,506,29,100606,108,2026-08-26,16,5,5,2026-09-11 22:29:06
100606017,506,27,100606,108,2026-08-27,17,10,10,2026-09-11 22:29:06
100606018,506,24,100606,105,2026-08-28,18,20,20,2026-09-11 22:29:06
100606019,506,21,100606,111,2026-08-29,19,41,41,2026-09-11 22:29:06
100606020,506,13,100606,117,2026-08-30,20,19,19,2026-09-11 22:29:06
100606021,506,26,100606,118,2026-08-31,21,36,36,2026-09-11 22:29:06
100606022,506,19,100606,109,2026-09-01,22,68,68,2026-09-11 22:29:06
100606023,506,23,100606,104,2026-09-02,23,68,68,2026-09-11 22:29:06
100606024,506,11,100606,118,2026-09-03,24,28,28,2026-09-11 22:29:06
100606025,506,28,100606,104,2026-09-04,25,34,34,2026-09-11 22:29:06
100606026,506,26,100606,120,2026-09-05,26,5,5,2026-09-11 22:29:06
100606027,506,10,100606,115,2026-09-06,27,9,9,2026-09-11 22:29:06
100606028,506,10,100606,101,2026-09-07,28,17,17,2026-09-11 22:29:06
100606029,506,20,100606,113,2026-09-08,29,85,85,2026-09-11 22:29:06
100606030,506,29,100606,111,2026-09-09,30,43,43,2026-09-11 22:29:06
100607001,506,17,100607,116,2026-08-11,1,48,48,2026-09-11 22:29:06
100607002,506,26,100607,113,2026-08-12,2,72,72,2026-09-11 22:29:06
100607003,506,10,100607,102,2026-08-13,3,72,72,2026-09-11 22:29:06
100607004,506,12,100607,119,2026-08-14,4,70,70,2026-09-11 22:29:06
100607005,506,22,100607,117,2026-08-15,5,4,4,2026-09-11 22:29:06
100607006,506,13,100607,120,2026-08-16,6,86,86,2026-09-11 22:29:06
100607007,506,11,100607,113,2026-08-17,7,13,13,2026-09-11 22:29:06
100607008,506,24,100607,120,2026-08-18,8,38,38,2026-09-11 22:29:06
100607009,506,18,100607,116,2026-08-19,9,30,30,2026-09-11 22:29:06
100607010,506,27,100607,107,2026-08-20,10,74,74,2026-09-11 22:29:06
100607011,506,10,100607,110,2026-08-21,11,91,91,2026-09-11 22:29:06
100607012,506,14,100607,107,2026-08-22,12,20,20,2026-09-11 22:29:06
100607013,506,26,100607,112,2026-08-23,13,4,4,2026-09-11 22:29:06
100607014,506,24,100607,103,2026-08-24,14,85,85,2026-09-11 22:29:06
100607015,506,23,100607,110,2026-08-25,15,23,23,2026-09-11 22:29:06
100607016,506,22,100607,101,2026-08-26,16,71,71,2026-09-11 22:29:06
100607017,506,26,100607,101,2026-08-27,17,60,60,2026-09-11 22:29:06
100607018,506,24,100607,103,2026-08-28,18,88,88,2026-09-11 22:29:06
100607019,506,18,100607,111,2026-08-29,19,99,99,2026-09-11 22:29:06
100607020,506,14,100607,101,2026-08-30,20,1,1,2026-09-11 22:29:06
100607021,506,27,100607,119,2026-08-31,21,97,97,2026-09-11 22:29:06
100607022,506,27,100607,110,2026-09-01,22,31,31,2026-09-11 22:29:06
100607023,506,28,100607,101,2026-09-02,23,24,24,2026-09-11 22:29:06
100607024,506,25,100607,116,2026-09-03,24,17,17,2026-09-11 22:29:06
100607025,506,13,100607,105,2026-09-04,25,93,93,2026-09-11 22:29:06
100607026,506,18,100607,101,2026-09-05,26,32,32,2026-09-11 22:29:06
100607027,506,10,100607,105,2026-09-06,27,1,1,2026-09-11 22:29:06
100607028,506,23,100607,120,2026-09-07,28,96,96,2026-09-11 22:29:06
100607029,506,27,100607,120,2026-09-08,29,84,84,2026-09-11 22:29:06
100607030,506,17,100607,105,2026-09-09,30,61,61,2026-09-11 22:29:06
100608001,506,20,100608,104,2026-08-11,1,53,53,2026-09-11 22:29:06
100608002,506,11,100608,112,2026-08-12,2,58,58,2026-09-11 22:29:06
100608003,506,18,100608,118,2026-08-13,3,43,43,2026-09-11 22:29:06
100608004,506,19,100608,114,2026-08-14,4,59,59,2026-09-11 22:29:06
100608005,506,25,100608,115,2026-08-15,5,13,13,2026-09-11 22:29:06
100608006,506,26,100608,101,2026-08-16,6,58,58,2026-09-11 22:29:06
100608007,506,25,100608,108,2026-08-17,7,61,61,2026-09-11 22:29:06
100608008,506,12,100608,117,2026-08-18,8,88,88,2026-09-11 22:29:06
100608009,506,17,100608,102,2026-08-19,9,12,12,2026-09-11 22:29:06
100608010,506,23,100608,107,2026-08-20,10,56,56,2026-09-11 22:29:06
100608011,506,24,100608,110,2026-08-21,11,38,38,2026-09-11 22:29:06
100608012,506,17,100608,108,2026-08-22,12,24,24,2026-09-11 22:29:06
100608013,506,17,100608,116,2026-08-23,13,30,30,2026-09-11 22:29:06
100608014,506,24,100608,115,2026-08-24,14,28,28,2026-09-11 22:29:06
100608015,506,25,100608,112,2026-08-25,15,1,1,2026-09-11 22:29:06
100608016,506,16,100608,112,2026-08-26,16,31,31,2026-09-11 22:29:06
100608017,506,11,100608,103,2026-08-27,17,35,35,2026-09-11 22:29:06
100608018,506,20,100608,120,2026-08-28,18,97,97,2026-09-11 22:29:06
100608019,506,21,100608,102,2026-08-29,19,72,72,2026-09-11 22:29:06
100608020,506,10,100608,106,2026-08-30,20,56,56,2026-09-11 22:29:06
100608021,506,14,100608,104,2026-08-31,21,79,79,2026-09-11 22:29:06
100608022,506,12,100608,120,2026-09-01,22,47,47,2026-09-11 22:29:06
100608023,506,24,100608,110,2026-09-02,23,50,50,2026-09-11 22:29:06
100608024,506,16,100608,106,2026-09-03,24,26,26,2026-09-11 22:29:06
100608025,506,22,100608,102,2026-09-04,25,100,100,2026-09-11 22:29:06
100608026,506,20,100608,106,2026-09-05,26,50,50,2026-09-11 22:29:06
100608027,506,20,100608,111,2026-09-06,27,95,95,2026-09-11 22:29:06
100608028,506,10,100608,113,2026-09-07,28,55,55,2026-09-11 22:29:06
100608029,506,17,100608,115,2026-09-08,29,27,27,2026-09-11 22:29:06
100608030,506,11,100608,114,2026-09-09,30,83,83,2026-09-11 22:29:06
100609001,506,28,100609,107,2026-08-11,1,57,57,2026-09-11 22:29:06
100609002,506,15,100609,106,2026-08-12,2,24,24,2026-09-11 22:29:06
100609003,506,12,100609,119,2026-08-13,3,28,28,2026-09-11 22:29:06
100609004,506,19,100609,109,2026-08-14,4,10,10,2026-09-11 22:29:06
100609005,506,24,100609,117,2026-08-15,5,34,34,2026-09-11 22:29:06
100609006,506,15,100609,119,2026-08-16,6,31,31,2026-09-11 22:29:06
100609007,506,12,100609,113,2026-08-17,7,2,2,2026-09-11 22:29:06
100609008,506,20,100609,110,2026-08-18,8,6,6,2026-09-11 22:29:06
100609009,506,12,100609,120,2026-08-19,9,27,27,2026-09-11 22:29:06
100609010,506,14,100609,115,2026-08-20,10,13,13,2026-09-11 22:29:06
100609011,506,24,100609,120,2026-08-21,11,94,94,2026-09-11 22:29:06
100609012,506,27,100609,112,2026-08-22,12,3,3,2026-09-11 22:29:06
100609013,506,27,100609,108,2026-08-23,13,74,74,2026-09-11 22:29:06
100609014,506,16,100609,101,2026-08-24,14,9,9,2026-09-11 22:29:06
100609015,506,12,100609,108,2026-08-25,15,37,37,2026-09-11 22:29:06
100609016,506,14,100609,112,2026-08-26,16,12,12,2026-09-11 22:29:06
100609017,506,29,100609,112,2026-08-27,17,13,13,2026-09-11 22:29:06
100609018,506,21,100609,113,2026-08-28,18,50,50,2026-09-11 22:29:06
100609019,506,29,100609,112,2026-08-29,19,80,80,2026-09-11 22:29:06
100609020,506,10,100609,105,2026-08-30,20,94,94,2026-09-11 22:29:06
100609021,506,23,100609,117,2026-08-31,21,63,63,2026-09-11 22:29:06
100609022,506,24,100609,116,2026-09-01,22,48,48,2026-09-11 22:29:06
100609023,506,13,100609,101,2026-09-02,23,82,82,2026-09-11 22:29:06
100609024,506,29,100609,113,2026-09-03,24,66,66,2026-09-11 22:29:06
100609025,506,25,100609,112,2026-09-04,25,18,18,2026-09-11 22:29:06
100609026,506,11,100609,111,2026-09-05,26,86,86,2026-09-11 22:29:06
100609027,506,19,100609,115,2026-09-06,27,1,1,2026-09-11 22:29:06
100609028,506,22,100609,117,2026-09-07,28,82,82,2026-09-11 22:29:06
100609029,506,16,100609,114,2026-09-08,29,41,41,2026-09-11 22:29:06
100609030,506,12,100609,112,2026-09-09,30,44,44,2026-09-11 22:29:06
100610001,506,27,100610,118,2026-08-11,1,88,88,2026-09-11 22:29:06
100610002,506,24,100610,116,2026-08-12,2,57,57,2026-09-11 22:29:06
100610003,506,15,100610,109,2026-08-13,3,83,83,2026-09-11 22:29:06
100610004,506,24,100610,116,2026-08-14,4,94,94,2026-09-11 22:29:06
100610005,506,13,100610,102,2026-08-15,5,39,39,2026-09-11 22:29:06
100610006,506,21,100610,107,2026-08-16,6,52,52,2026-09-11 22:29:06
100610007,506,19,100610,115,2026-08-17,7,75,75,2026-09-11 22:29:06
100610008,506,20,100610,102,2026-08-18,8,31,31,2026-09-11 22:29:06
100610009,506,11,100610,107,2026-08-19,9,82,82,2026-09-11 22:29:06
100610010,506,20,100610,119,2026-08-20,10,49,49,2026-09-11 22:29:06
100610011,506,13,100610,106,2026-08-21,11,58,58,2026-09-11 22:29:06
100610012,506,27,100610,103,2026-08-22,12,42,42,2026-09-11 22:29:06
100610013,506,10,100610,108,2026-08-23,13,1,1,2026-09-11 22:29:06
100610014,506,28,100610,101,2026-08-24,14,88,88,2026-09-11 22:29:06
100610015,506,25,100610,115,2026-08-25,15,75,75,2026-09-11 22:29:06
100610016,506,22,100610,106,2026-08-26,16,34,34,2026-09-11 22:29:06
100610017,506,15,100610,109,2026-08-27,17,46,46,2026-09-11 22:29:06
100610018,506,23,100610,105,2026-08-28,18,48,48,2026-09-11 22:29:06
100610019,506,19,100610,106,2026-08-29,19,35,35,2026-09-11 22:29:06
100610020,506,24,100610,101,2026-08-30,20,97,97,2026-09-11 22:29:06
100610021,506,21,100610,114,2026-08-31,21,88,88,2026-09-11 22:29:06
100610022,506,23,100610,109,2026-09-01,22,100,100,2026-09-11 22:29:06
100610023,506,18,100610,116,2026-09-02,23,49,49,2026-09-11 22:29:06
100610024,506,26,100610,106,2026-09-03,24,53,53,2026-09-11 22:29:06
100610025,506,13,100610,114,2026-09-04,25,91,91,2026-09-11 22:29:06
100610026,506,27,100610,116,2026-09-05,26,20,20,2026-09-11 22:29:06
100610027,506,25,100610,104,2026-09-06,27,32,32,2026-09-11 22:29:06
100610028,506,10,100610,120,2026-09-07,28,47,47,2026-09-11 22:29:06
100610029,506,14,100610,107,2026-09-08,29,91,91,2026-09-11 22:29:06
100610030,506,19,100610,112,2026-09-09,30,58,58,2026-09-11 22:29:06
100801001,508,19,100801,108,2026-08-11,1,93,93,2026-09-11 22:29:06
100801002,508,20,100801,119,2026-08-12,2,33,33,2026-09-11 22:29:06
100801003,508,15,100801,102,2026-08-13,3,11,11,2026-09-11 22:29:06
100801004,508,24,100801,113,2026-08-14,4,79,79,2026-09-11 22:29:06
100801005,508,16,100801,112,2026-08-15,5,49,49,2026-09-11 22:29:06
100801006,508,11,100801,102,2026-08-16,6,52,52,2026-09-11 22:29:06
100801007,508,15,100801,111,2026-08-17,7,3,3,2026-09-11 22:29:06
100801008,508,21,100801,105,2026-08-18,8,14,14,2026-09-11 22:29:06
100801009,508,15,100801,105,2026-08-19,9,18,18,2026-09-11 22:29:06
100801010,508,16,100801,106,2026-08-20,10,57,57,2026-09-11 22:29:06
100801011,508,20,100801,103,2026-08-21,11,20,20,2026-09-11 22:29:06
100801012,508,11,100801,108,2026-08-22,12,69,69,2026-09-11 22:29:06
100801013,508,29,100801,116,2026-08-23,13,83,83,2026-09-11 22:29:06
100801014,508,26,100801,113,2026-08-24,14,46,46,2026-09-11 22:29:06
100801015,508,20,100801,115,2026-08-25,15,57,57,2026-09-11 22:29:06
100801016,508,17,100801,109,2026-08-26,16,100,100,2026-09-11 22:29:06
100801017,508,14,100801,103,2026-08-27,17,92,92,2026-09-11 22:29:06
100801018,508,16,100801,106,2026-08-28,18,39,39,2026-09-11 22:29:06
100801019,508,13,100801,118,2026-08-29,19,19,19,2026-09-11 22:29:06
100801020,508,10,100801,107,2026-08-30,20,31,31,2026-09-11 22:29:06
100801021,508,18,100801,108,2026-08-31,21,31,31,2026-09-11 22:29:06
100801022,508,20,100801,109,2026-09-01,22,94,94,2026-09-11 22:29:06
100801023,508,29,100801,103,2026-09-02,23,30,30,2026-09-11 22:29:06
100801024,508,21,100801,119,2026-09-03,24,66,66,2026-09-11 22:29:06
100801025,508,13,100801,108,2026-09-04,25,11,11,2026-09-11 22:29:06
100801026,508,14,100801,109,2026-09-05,26,81,81,2026-09-11 22:29:06
100801027,508,15,100801,109,2026-09-06,27,86,86,2026-09-11 22:29:06
100801028,508,21,100801,109,2026-09-07,28,77,77,2026-09-11 22:29:06
100801029,508,11,100801,108,2026-09-08,29,77,77,2026-09-11 22:29:06
100801030,508,25,100801,120,2026-09-09,30,87,87,2026-09-11 22:29:06
100802001,508,15,100802,118,2026-08-11,1,43,43,2026-09-11 22:29:06
100802002,508,19,100802,115,2026-08-12,2,36,36,2026-09-11 22:29:06
100802003,508,23,100802,104,2026-08-13,3,80,80,2026-09-11 22:29:06
100802004,508,28,100802,116,2026-08-14,4,36,36,2026-09-11 22:29:06
100802005,508,16,100802,110,2026-08-15,5,10,10,2026-09-11 22:29:06
100802006,508,24,100802,109,2026-08-16,6,94,94,2026-09-11 22:29:06
100802007,508,15,100802,119,2026-08-17,7,69,69,2026-09-11 22:29:06
100802008,508,14,100802,112,2026-08-18,8,53,53,2026-09-11 22:29:06
100802009,508,27,100802,107,2026-08-19,9,60,60,2026-09-11 22:29:06
100802010,508,26,100802,114,2026-08-20,10,90,90,2026-09-11 22:29:06
100802011,508,21,100802,105,2026-08-21,11,7,7,2026-09-11 22:29:06
100802012,508,24,100802,103,2026-08-22,12,83,83,2026-09-11 22:29:06
100802013,508,13,100802,116,2026-08-23,13,78,78,2026-09-11 22:29:06
100802014,508,11,100802,103,2026-08-24,14,59,59,2026-09-11 22:29:06
100802015,508,23,100802,109,2026-08-25,15,40,40,2026-09-11 22:29:06
100802016,508,28,100802,105,2026-08-26,16,93,93,2026-09-11 22:29:06
100802017,508,24,100802,103,2026-08-27,17,90,90,2026-09-11 22:29:06
100802018,508,16,100802,104,2026-08-28,18,13,13,2026-09-11 22:29:06
100802019,508,29,100802,109,2026-08-29,19,74,74,2026-09-11 22:29:06
100802020,508,13,100802,101,2026-08-30,20,24,24,2026-09-11 22:29:06
100802021,508,22,100802,112,2026-08-31,21,60,60,2026-09-11 22:29:06
100802022,508,11,100802,119,2026-09-01,22,10,10,2026-09-11 22:29:06
100802023,508,25,100802,112,2026-09-02,23,43,43,2026-09-11 22:29:06
100802024,508,26,100802,110,2026-09-03,24,60,60,2026-09-11 22:29:06
100802025,508,16,100802,114,2026-09-04,25,86,86,2026-09-11 22:29:06
100802026,508,21,100802,102,2026-09-05,26,1,1,2026-09-11 22:29:06
100802027,508,12,100802,110,2026-09-06,27,47,47,2026-09-11 22:29:06
100802028,508,20,100802,103,2026-09-07,28,97,97,2026-09-11 22:29:06
100802029,508,11,100802,112,2026-09-08,29,85,85,2026-09-11 22:29:06
100802030,508,17,100802,117,2026-09-09,30,71,71,2026-09-11 22:29:06
100803001,508,29,100803,108,2026-08-11,1,2,2,2026-09-11 22:29:06
100803002,508,22,100803,108,2026-08-12,2,52,52,2026-09-11 22:29:06
100803003,508,17,100803,117,2026-08-13,3,48,48,2026-09-11 22:29:06
100803004,508,16,100803,118,2026-08-14,4,33,33,2026-09-11 22:29:06
100803005,508,16,100803,115,2026-08-15,5,29,29,2026-09-11 22:29:06
100803006,508,18,100803,109,2026-08-16,6,71,71,2026-09-11 22:29:06
100803007,508,28,100803,112,2026-08-17,7,23,23,2026-09-11 22:29:06
100803008,508,14,100803,106,2026-08-18,8,87,87,2026-09-11 22:29:06
100803009,508,23,100803,112,2026-08-19,9,19,19,2026-09-11 22:29:06
100803010,508,12,100803,116,2026-08-20,10,89,89,2026-09-11 22:29:06
100803011,508,29,100803,105,2026-08-21,11,11,11,2026-09-11 22:29:06
100803012,508,20,100803,109,2026-08-22,12,98,98,2026-09-11 22:29:06
100803013,508,28,100803,105,2026-08-23,13,94,94,2026-09-11 22:29:06
100803014,508,13,100803,106,2026-08-24,14,90,90,2026-09-11 22:29:06
100803015,508,23,100803,111,2026-08-25,15,78,78,2026-09-11 22:29:06
100803016,508,24,100803,103,2026-08-26,16,38,38,2026-09-11 22:29:06
100803017,508,17,100803,102,2026-08-27,17,12,12,2026-09-11 22:29:06
100803018,508,27,100803,102,2026-08-28,18,68,68,2026-09-11 22:29:06
100803019,508,26,100803,102,2026-08-29,19,96,96,2026-09-11 22:29:06
100803020,508,16,100803,115,2026-08-30,20,73,73,2026-09-11 22:29:06
100803021,508,22,100803,107,2026-08-31,21,31,31,2026-09-11 22:29:06
100803022,508,10,100803,113,2026-09-01,22,29,29,2026-09-11 22:29:06
100803023,508,14,100803,109,2026-09-02,23,16,16,2026-09-11 22:29:06
100803024,508,21,100803,120,2026-09-03,24,97,97,2026-09-11 22:29:06
100803025,508,17,100803,117,2026-09-04,25,55,55,2026-09-11 22:29:06
100803026,508,14,100803,108,2026-09-05,26,92,92,2026-09-11 22:29:06
100803027,508,29,100803,108,2026-09-06,27,22,22,2026-09-11 22:29:06
100803028,508,26,100803,109,2026-09-07,28,44,44,2026-09-11 22:29:06
100803029,508,27,100803,116,2026-09-08,29,34,34,2026-09-11 22:29:06
100803030,508,29,100803,104,2026-09-09,30,58,58,2026-09-11 22:29:06
100804001,508,29,100804,111,2026-08-11,1,1,1,2026-09-11 22:29:06
100804002,508,29,100804,110,2026-08-12,2,29,29,2026-09-11 22:29:06
100804003,508,12,100804,113,2026-08-13,3,100,100,2026-09-11 22:29:06
100804004,508,22,100804,101,2026-08-14,4,71,71,2026-09-11 22:29:06
100804005,508,13,100804,109,2026-08-15,5,65,65,2026-09-11 22:29:06
100804006,508,13,100804,107,2026-08-16,6,27,27,2026-09-11 22:29:06
100804007,508,17,100804,101,2026-08-17,7,25,25,2026-09-11 22:29:06
100804008,508,16,100804,104,2026-08-18,8,3,3,2026-09-11 22:29:06
100804009,508,13,100804,113,2026-08-19,9,76,76,2026-09-11 22:29:06
100804010,508,26,100804,112,2026-08-20,10,89,89,2026-09-11 22:29:06
100804011,508,21,100804,110,2026-08-21,11,62,62,2026-09-11 22:29:06
100804012,508,19,100804,110,2026-08-22,12,15,15,2026-09-11 22:29:06
100804013,508,24,100804,109,2026-08-23,13,74,74,2026-09-11 22:29:06
100804014,508,25,100804,117,2026-08-24,14,75,75,2026-09-11 22:29:06
100804015,508,14,100804,116,2026-08-25,15,37,37,2026-09-11 22:29:06
100804016,508,27,100804,111,2026-08-26,16,32,32,2026-09-11 22:29:06
100804017,508,17,100804,102,2026-08-27,17,10,10,2026-09-11 22:29:06
100804018,508,28,100804,103,2026-08-28,18,99,99,2026-09-11 22:29:06
100804019,508,21,100804,106,2026-08-29,19,78,78,2026-09-11 22:29:06
100804020,508,18,100804,108,2026-08-30,20,18,18,2026-09-11 22:29:06
100804021,508,25,100804,117,2026-08-31,21,41,41,2026-09-11 22:29:06
100804022,508,26,100804,110,2026-09-01,22,56,56,2026-09-11 22:29:06
100804023,508,14,100804,104,2026-09-02,23,9,9,2026-09-11 22:29:06
100804024,508,22,100804,120,2026-09-03,24,48,48,2026-09-11 22:29:06
100804025,508,13,100804,106,2026-09-04,25,68,68,2026-09-11 22:29:06
100804026,508,18,100804,117,2026-09-05,26,59,59,2026-09-11 22:29:06
100804027,508,21,100804,101,2026-09-06,27,19,19,2026-09-11 22:29:06
100804028,508,23,100804,118,2026-09-07,28,98,98,2026-09-11 22:29:06
100804029,508,29,100804,105,2026-09-08,29,14,14,2026-09-11 22:29:06
100804030,508,23,100804,107,2026-09-09,30,48,48,2026-09-11 22:29:06
100805001,508,11,100805,102,2026-08-11,1,78,78,2026-09-11 22:29:06
100805002,508,11,100805,116,2026-08-12,2,48,48,2026-09-11 22:29:06
100805003,508,24,100805,119,2026-08-13,3,77,77,2026-09-11 22:29:06
100805004,508,12,100805,111,2026-08-14,4,69,69,2026-09-11 22:29:06
100805005,508,14,100805,110,2026-08-15,5,2,2,2026-09-11 22:29:06
100805006,508,16,100805,105,2026-08-16,6,21,21,2026-09-11 22:29:06
100805007,508,23,100805,110,2026-08-17,7,20,20,2026-09-11 22:29:06
100805008,508,14,100805,118,2026-08-18,8,37,37,2026-09-11 22:29:06
100805009,508,24,100805,118,2026-08-19,9,67,67,2026-09-11 22:29:06
100805010,508,23,100805,114,2026-08-20,10,16,16,2026-09-11 22:29:06
100805011,508,27,100805,105,2026-08-21,11,93,93,2026-09-11 22:29:06
100805012,508,22,100805,120,2026-08-22,12,56,56,2026-09-11 22:29:06
100805013,508,20,100805,107,2026-08-23,13,33,33,2026-09-11 22:29:06
100805014,508,20,100805,118,2026-08-24,14,48,48,2026-09-11 22:29:06
100805015,508,22,100805,111,2026-08-25,15,28,28,2026-09-11 22:29:06
100805016,508,26,100805,107,2026-08-26,16,16,16,2026-09-11 22:29:06
100805017,508,23,100805,115,2026-08-27,17,64,64,2026-09-11 22:29:06
100805018,508,12,100805,114,2026-08-28,18,74,74,2026-09-11 22:29:06
100805019,508,12,100805,111,2026-08-29,19,65,65,2026-09-11 22:29:06
100805020,508,12,100805,105,2026-08-30,20,30,30,2026-09-11 22:29:06
100805021,508,22,100805,118,2026-08-31,21,72,72,2026-09-11 22:29:06
100805022,508,17,100805,120,2026-09-01,22,51,51,2026-09-11 22:29:06
100805023,508,10,100805,113,2026-09-02,23,74,74,2026-09-11 22:29:06
100805024,508,23,100805,103,2026-09-03,24,87,87,2026-09-11 22:29:06
100805025,508,20,100805,120,2026-09-04,25,68,68,2026-09-11 22:29:06
100805026,508,19,100805,113,2026-09-05,26,63,63,2026-09-11 22:29:06
100805027,508,27,100805,116,2026-09-06,27,21,21,2026-09-11 22:29:06
100805028,508,26,100805,116,2026-09-07,28,70,70,2026-09-11 22:29:06
100805029,508,28,100805,116,2026-09-08,29,28,28,2026-09-11 22:29:06
100805030,508,28,100805,119,2026-09-09,30,78,78,2026-09-11 22:29:06
100806001,508,26,100806,103,2026-08-11,1,17,17,2026-09-11 22:29:06
100806002,508,24,100806,115,2026-08-12,2,7,7,2026-09-11 22:29:06
100806003,508,15,100806,120,2026-08-13,3,71,71,2026-09-11 22:29:06
100806004,508,14,100806,108,2026-08-14,4,100,100,2026-09-11 22:29:06
100806005,508,27,100806,112,2026-08-15,5,69,69,2026-09-11 22:29:06
100806006,508,14,100806,117,2026-08-16,6,15,15,2026-09-11 22:29:06
100806007,508,22,100806,113,2026-08-17,7,65,65,2026-09-11 22:29:06
100806008,508,13,100806,101,2026-08-18,8,38,38,2026-09-11 22:29:06
100806009,508,13,100806,111,2026-08-19,9,38,38,2026-09-11 22:29:06
100806010,508,10,100806,118,2026-08-20,10,82,82,2026-09-11 22:29:06
100806011,508,18,100806,103,2026-08-21,11,79,79,2026-09-11 22:29:06
100806012,508,29,100806,120,2026-08-22,12,97,97,2026-09-11 22:29:06
100806013,508,24,100806,105,2026-08-23,13,54,54,2026-09-11 22:29:06
100806014,508,19,100806,115,2026-08-24,14,95,95,2026-09-11 22:29:06
100806015,508,23,100806,116,2026-08-25,15,36,36,2026-09-11 22:29:06
100806016,508,23,100806,111,2026-08-26,16,43,43,2026-09-11 22:29:06
100806017,508,16,100806,108,2026-08-27,17,11,11,2026-09-11 22:29:06
100806018,508,24,100806,115,2026-08-28,18,59,59,2026-09-11 22:29:06
100806019,508,29,100806,116,2026-08-29,19,7,7,2026-09-11 22:29:06
100806020,508,12,100806,112,2026-08-30,20,68,68,2026-09-11 22:29:06
100806021,508,19,100806,101,2026-08-31,21,53,53,2026-09-11 22:29:06
100806022,508,19,100806,117,2026-09-01,22,64,64,2026-09-11 22:29:06
100806023,508,19,100806,115,2026-09-02,23,19,19,2026-09-11 22:29:06
100806024,508,22,100806,115,2026-09-03,24,54,54,2026-09-11 22:29:06
100806025,508,27,100806,119,2026-09-04,25,60,60,2026-09-11 22:29:06
100806026,508,15,100806,105,2026-09-05,26,54,54,2026-09-11 22:29:06
100806027,508,26,100806,111,2026-09-06,27,1,1,2026-09-11 22:29:06
100806028,508,23,100806,113,2026-09-07,28,65,65,2026-09-11 22:29:06
100806029,508,14,100806,111,2026-09-08,29,67,67,2026-09-11 22:29:06
100806030,508,24,100806,117,2026-09-09,30,51,51,2026-09-11 22:29:06
100807001,508,11,100807,104,2026-08-11,1,21,21,2026-09-11 22:29:06
100807002,508,21,100807,113,2026-08-12,2,45,45,2026-09-11 22:29:06
100807003,508,24,100807,111,2026-08-13,3,22,22,2026-09-11 22:29:06
100807004,508,19,100807,104,2026-08-14,4,40,40,2026-09-11 22:29:06
100807005,508,13,100807,114,2026-08-15,5,86,86,2026-09-11 22:29:06
100807006,508,19,100807,110,2026-08-16,6,51,51,2026-09-11 22:29:06
100807007,508,17,100807,117,2026-08-17,7,44,44,2026-09-11 22:29:06
100807008,508,21,100807,118,2026-08-18,8,22,22,2026-09-11 22:29:06
100807009,508,18,100807,103,2026-08-19,9,10,10,2026-09-11 22:29:06
100807010,508,12,100807,115,2026-08-20,10,43,43,2026-09-11 22:29:06
100807011,508,21,100807,114,2026-08-21,11,73,73,2026-09-11 22:29:06
100807012,508,28,100807,103,2026-08-22,12,1,1,2026-09-11 22:29:06
100807013,508,22,100807,104,2026-08-23,13,74,74,2026-09-11 22:29:06
100807014,508,18,100807,115,2026-08-24,14,94,94,2026-09-11 22:29:06
100807015,508,21,100807,102,2026-08-25,15,28,28,2026-09-11 22:29:06
100807016,508,19,100807,120,2026-08-26,16,25,25,2026-09-11 22:29:06
100807017,508,16,100807,112,2026-08-27,17,48,48,2026-09-11 22:29:06
100807018,508,29,100807,114,2026-08-28,18,33,33,2026-09-11 22:29:06
100807019,508,27,100807,106,2026-08-29,19,52,52,2026-09-11 22:29:06
100807020,508,23,100807,105,2026-08-30,20,30,30,2026-09-11 22:29:06
100807021,508,19,100807,112,2026-08-31,21,26,26,2026-09-11 22:29:06
100807022,508,26,100807,119,2026-09-01,22,92,92,2026-09-11 22:29:06
100807023,508,17,100807,116,2026-09-02,23,71,71,2026-09-11 22:29:06
100807024,508,26,100807,112,2026-09-03,24,65,65,2026-09-11 22:29:06
100807025,508,13,100807,114,2026-09-04,25,44,44,2026-09-11 22:29:06
100807026,508,10,100807,105,2026-09-05,26,98,98,2026-09-11 22:29:06
100807027,508,17,100807,114,2026-09-06,27,80,80,2026-09-11 22:29:06
100807028,508,10,100807,112,2026-09-07,28,97,97,2026-09-11 22:29:06
100807029,508,18,100807,102,2026-09-08,29,76,76,2026-09-11 22:29:06
100807030,508,12,100807,104,2026-09-09,30,42,42,2026-09-11 22:29:06
100808001,508,12,100808,111,2026-08-11,1,29,29,2026-09-11 22:29:06
100808002,508,17,100808,115,2026-08-12,2,44,44,2026-09-11 22:29:06
100808003,508,29,100808,108,2026-08-13,3,57,57,2026-09-11 22:29:06
100808004,508,13,100808,110,2026-08-14,4,16,16,2026-09-11 22:29:06
100808005,508,22,100808,111,2026-08-15,5,83,83,2026-09-11 22:29:06
100808006,508,13,100808,114,2026-08-16,6,23,23,2026-09-11 22:29:06
100808007,508,10,100808,114,2026-08-17,7,61,61,2026-09-11 22:29:06
100808008,508,22,100808,111,2026-08-18,8,84,84,2026-09-11 22:29:06
100808009,508,26,100808,112,2026-08-19,9,76,76,2026-09-11 22:29:06
100808010,508,20,100808,113,2026-08-20,10,71,71,2026-09-11 22:29:06
100808011,508,20,100808,111,2026-08-21,11,1,1,2026-09-11 22:29:06
100808012,508,22,100808,118,2026-08-22,12,93,93,2026-09-11 22:29:06
100808013,508,27,100808,120,2026-08-23,13,22,22,2026-09-11 22:29:06
100808014,508,18,100808,104,2026-08-24,14,24,24,2026-09-11 22:29:06
100808015,508,28,100808,120,2026-08-25,15,79,79,2026-09-11 22:29:06
100808016,508,17,100808,101,2026-08-26,16,26,26,2026-09-11 22:29:06
100808017,508,13,100808,116,2026-08-27,17,41,41,2026-09-11 22:29:06
100808018,508,23,100808,114,2026-08-28,18,13,13,2026-09-11 22:29:06
100808019,508,15,100808,104,2026-08-29,19,12,12,2026-09-11 22:29:06
100808020,508,26,100808,102,2026-08-30,20,21,21,2026-09-11 22:29:06
100808021,508,12,100808,101,2026-08-31,21,66,66,2026-09-11 22:29:06
100808022,508,21,100808,114,2026-09-01,22,69,69,2026-09-11 22:29:06
100808023,508,17,100808,106,2026-09-02,23,5,5,2026-09-11 22:29:06
100808024,508,17,100808,116,2026-09-03,24,41,41,2026-09-11 22:29:06
100808025,508,16,100808,103,2026-09-04,25,88,88,2026-09-11 22:29:06
100808026,508,23,100808,103,2026-09-05,26,35,35,2026-09-11 22:29:06
100808027,508,20,100808,105,2026-09-06,27,68,68,2026-09-11 22:29:06
100808028,508,16,100808,117,2026-09-07,28,29,29,2026-09-11 22:29:06
100808029,508,28,100808,120,2026-09-08,29,14,14,2026-09-11 22:29:06
100808030,508,19,100808,115,2026-09-09,30,99,99,2026-09-11 22:29:06
100809001,508,26,100809,113,2026-08-11,1,66,66,2026-09-11 22:29:06
100809002,508,27,100809,104,2026-08-12,2,30,30,2026-09-11 22:29:06
100809003,508,27,100809,114,2026-08-13,3,60,60,2026-09-11 22:29:06
100809004,508,11,100809,109,2026-08-14,4,57,57,2026-09-11 22:29:06
100809005,508,18,100809,106,2026-08-15,5,87,87,2026-09-11 22:29:06
100809006,508,22,100809,114,2026-08-16,6,67,67,2026-09-11 22:29:06
100809007,508,14,100809,115,2026-08-17,7,5,5,2026-09-11 22:29:06
100809008,508,22,100809,111,2026-08-18,8,12,12,2026-09-11 22:29:06
100809009,508,14,100809,101,2026-08-19,9,82,82,2026-09-11 22:29:06
100809010,508,28,100809,118,2026-08-20,10,57,57,2026-09-11 22:29:06
100809011,508,13,100809,108,2026-08-21,11,56,56,2026-09-11 22:29:06
100809012,508,20,100809,118,2026-08-22,12,68,68,2026-09-11 22:29:06
100809013,508,13,100809,113,2026-08-23,13,58,58,2026-09-11 22:29:06
100809014,508,22,100809,114,2026-08-24,14,38,38,2026-09-11 22:29:06
100809015,508,16,100809,101,2026-08-25,15,12,12,2026-09-11 22:29:06
100809016,508,23,100809,109,2026-08-26,16,49,49,2026-09-11 22:29:06
100809017,508,20,100809,108,2026-08-27,17,87,87,2026-09-11 22:29:06
100809018,508,12,100809,119,2026-08-28,18,97,97,2026-09-11 22:29:06
100809019,508,22,100809,118,2026-08-29,19,20,20,2026-09-11 22:29:06
100809020,508,20,100809,102,2026-08-30,20,35,35,2026-09-11 22:29:06
100809021,508,16,100809,102,2026-08-31,21,77,77,2026-09-11 22:29:06
100809022,508,15,100809,102,2026-09-01,22,28,28,2026-09-11 22:29:06
100809023,508,18,100809,111,2026-09-02,23,77,77,2026-09-11 22:29:06
100809024,508,25,100809,108,2026-09-03,24,23,23,2026-09-11 22:29:06
100809025,508,12,100809,118,2026-09-04,25,8,8,2026-09-11 22:29:06
100809026,508,11,100809,105,2026-09-05,26,67,67,2026-09-11 22:29:06
100809027,508,20,100809,106,2026-09-06,27,10,10,2026-09-11 22:29:06
100809028,508,20,100809,112,2026-09-07,28,96,96,2026-09-11 22:29:06
100809029,508,21,100809,112,2026-09-08,29,14,14,2026-09-11 22:29:06
100809030,508,29,100809,117,2026-09-09,30,1,1,2026-09-11 22:29:06
100810001,508,20,100810,116,2026-08-11,1,73,73,2026-09-11 22:29:06
100810002,508,28,100810,115,2026-08-12,2,34,34,2026-09-11 22:29:06
100810003,508,13,100810,104,2026-08-13,3,80,80,2026-09-11 22:29:06
100810004,508,29,100810,110,2026-08-14,4,20,20,2026-09-11 22:29:06
100810005,508,19,100810,105,2026-08-15,5,52,52,2026-09-11 22:29:06
100810006,508,14,100810,115,2026-08-16,6,77,77,2026-09-11 22:29:06
100810007,508,22,100810,103,2026-08-17,7,67,67,2026-09-11 22:29:06
100810008,508,19,100810,115,2026-08-18,8,76,76,2026-09-11 22:29:06
100810009,508,18,100810,108,2026-08-19,9,60,60,2026-09-11 22:29:06
100810010,508,29,100810,113,2026-08-20,10,55,55,2026-09-11 22:29:06
100810011,508,26,100810,114,2026-08-21,11,46,46,2026-09-11 22:29:06
100810012,508,29,100810,103,2026-08-22,12,9,9,2026-09-11 22:29:06
100810013,508,22,100810,116,2026-08-23,13,8,8,2026-09-11 22:29:06
100810014,508,13,100810,113,2026-08-24,14,79,79,2026-09-11 22:29:06
100810015,508,16,100810,117,2026-08-25,15,35,35,2026-09-11 22:29:06
100810016,508,13,100810,108,2026-08-26,16,83,83,2026-09-11 22:29:06
100810017,508,27,100810,115,2026-08-27,17,75,75,2026-09-11 22:29:06
100810018,508,18,100810,120,2026-08-28,18,50,50,2026-09-11 22:29:06
100810019,508,21,100810,117,2026-08-29,19,6,6,2026-09-11 22:29:06
100810020,508,25,100810,102,2026-08-30,20,71,71,2026-09-11 22:29:06
100810021,508,29,100810,108,2026-08-31,21,97,97,2026-09-11 22:29:06
100810022,508,17,100810,108,2026-09-01,22,35,35,2026-09-11 22:29:06
100810023,508,15,100810,112,2026-09-02,23,64,64,2026-09-11 22:29:06
100810024,508,29,100810,103,2026-09-03,24,7,7,2026-09-11 22:29:06
100810025,508,14,100810,111,2026-09-04,25,70,70,2026-09-11 22:29:06
100810026,508,20,100810,115,2026-09-05,26,50,50,2026-09-11 22:29:06
100810027,508,11,100810,112,2026-09-06,27,64,64,2026-09-11 22:29:06
100810028,508,16,100810,120,2026-09-07,28,95,95,2026-09-11 22:29:06
100810029,508,16,100810,109,2026-09-08,29,79,79,2026-09-11 22:29:06
100810030,508,14,100810,113,2026-09-09,30,84,84,2026-09-11 22:29:06
100901001,509,23,100901,115,2026-08-11,1,89,89,2026-09-11 22:29:06
100901002,509,23,100901,109,2026-08-12,2,34,34,2026-09-11 22:29:06
100901003,509,15,100901,117,2026-08-13,3,21,21,2026-09-11 22:29:06
100901004,509,21,100901,120,2026-08-14,4,47,47,2026-09-11 22:29:06
100901005,509,12,100901,117,2026-08-15,5,82,82,2026-09-11 22:29:06
100901006,509,21,100901,113,2026-08-16,6,100,100,2026-09-11 22:29:06
100901007,509,21,100901,104,2026-08-17,7,9,9,2026-09-11 22:29:06
100901008,509,10,100901,117,2026-08-18,8,49,49,2026-09-11 22:29:06
100901009,509,21,100901,107,2026-08-19,9,92,92,2026-09-11 22:29:06
100901010,509,25,100901,104,2026-08-20,10,66,66,2026-09-11 22:29:06
100901011,509,17,100901,113,2026-08-21,11,68,68,2026-09-11 22:29:06
100901012,509,11,100901,114,2026-08-22,12,24,24,2026-09-11 22:29:06
100901013,509,17,100901,111,2026-08-23,13,6,6,2026-09-11 22:29:06
100901014,509,29,100901,120,2026-08-24,14,80,80,2026-09-11 22:29:06
100901015,509,28,100901,117,2026-08-25,15,58,58,2026-09-11 22:29:06
100901016,509,18,100901,117,2026-08-26,16,32,32,2026-09-11 22:29:06
100901017,509,15,100901,111,2026-08-27,17,69,69,2026-09-11 22:29:06
100901018,509,26,100901,117,2026-08-28,18,34,34,2026-09-11 22:29:06
100901019,509,13,100901,113,2026-08-29,19,86,86,2026-09-11 22:29:06
100901020,509,17,100901,120,2026-08-30,20,72,72,2026-09-11 22:29:06
100901021,509,29,100901,118,2026-08-31,21,63,63,2026-09-11 22:29:06
100901022,509,27,100901,108,2026-09-01,22,35,35,2026-09-11 22:29:06
100901023,509,19,100901,118,2026-09-02,23,97,97,2026-09-11 22:29:06
100901024,509,15,100901,102,2026-09-03,24,49,49,2026-09-11 22:29:06
100901025,509,18,100901,105,2026-09-04,25,46,46,2026-09-11 22:29:06
100901026,509,13,100901,104,2026-09-05,26,5,5,2026-09-11 22:29:06
100901027,509,26,100901,108,2026-09-06,27,100,100,2026-09-11 22:29:06
100901028,509,16,100901,107,2026-09-07,28,18,18,2026-09-11 22:29:06
100901029,509,10,100901,106,2026-09-08,29,90,90,2026-09-11 22:29:06
100901030,509,17,100901,110,2026-09-09,30,97,97,2026-09-11 22:29:06
100902001,509,17,100902,115,2026-08-11,1,87,87,2026-09-11 22:29:06
100902002,509,11,100902,102,2026-08-12,2,72,72,2026-09-11 22:29:06
100902003,509,26,100902,104,2026-08-13,3,31,31,2026-09-11 22:29:06
100902004,509,24,100902,113,2026-08-14,4,21,21,2026-09-11 22:29:06
100902005,509,24,100902,116,2026-08-15,5,57,57,2026-09-11 22:29:06
100902006,509,19,100902,117,2026-08-16,6,26,26,2026-09-11 22:29:06
100902007,509,17,100902,112,2026-08-17,7,92,92,2026-09-11 22:29:06
100902008,509,14,100902,114,2026-08-18,8,35,35,2026-09-11 22:29:06
100902009,509,10,100902,109,2026-08-19,9,69,69,2026-09-11 22:29:06
100902010,509,13,100902,102,2026-08-20,10,32,32,2026-09-11 22:29:06
100902011,509,26,100902,105,2026-08-21,11,43,43,2026-09-11 22:29:06
100902012,509,17,100902,119,2026-08-22,12,43,43,2026-09-11 22:29:06
100902013,509,15,100902,107,2026-08-23,13,23,23,2026-09-11 22:29:06
100902014,509,16,100902,118,2026-08-24,14,51,51,2026-09-11 22:29:06
100902015,509,21,100902,112,2026-08-25,15,25,25,2026-09-11 22:29:06
100902016,509,28,100902,105,2026-08-26,16,84,84,2026-09-11 22:29:06
100902017,509,18,100902,103,2026-08-27,17,9,9,2026-09-11 22:29:06
100902018,509,10,100902,110,2026-08-28,18,62,62,2026-09-11 22:29:06
100902019,509,20,100902,120,2026-08-29,19,93,93,2026-09-11 22:29:06
100902020,509,12,100902,105,2026-08-30,20,36,36,2026-09-11 22:29:06
100902021,509,21,100902,111,2026-08-31,21,3,3,2026-09-11 22:29:06
100902022,509,11,100902,108,2026-09-01,22,65,65,2026-09-11 22:29:06
100902023,509,26,100902,115,2026-09-02,23,18,18,2026-09-11 22:29:06
100902024,509,19,100902,108,2026-09-03,24,83,83,2026-09-11 22:29:06
100902025,509,16,100902,101,2026-09-04,25,93,93,2026-09-11 22:29:06
100902026,509,15,100902,117,2026-09-05,26,53,53,2026-09-11 22:29:06
100902027,509,12,100902,106,2026-09-06,27,4,4,2026-09-11 22:29:06
100902028,509,17,100902,104,2026-09-07,28,9,9,2026-09-11 22:29:06
100902029,509,18,100902,111,2026-09-08,29,66,66,2026-09-11 22:29:06
100902030,509,22,100902,105,2026-09-09,30,81,81,2026-09-11 22:29:06
100903001,509,20,100903,101,2026-08-11,1,48,48,2026-09-11 22:29:06
100903002,509,17,100903,111,2026-08-12,2,65,65,2026-09-11 22:29:06
100903003,509,13,100903,107,2026-08-13,3,35,35,2026-09-11 22:29:06
100903004,509,21,100903,109,2026-08-14,4,52,52,2026-09-11 22:29:06
100903005,509,16,100903,102,2026-08-15,5,50,50,2026-09-11 22:29:06
100903006,509,15,100903,103,2026-08-16,6,43,43,2026-09-11 22:29:06
100903007,509,10,100903,115,2026-08-17,7,32,32,2026-09-11 22:29:06
100903008,509,16,100903,109,2026-08-18,8,43,43,2026-09-11 22:29:06
100903009,509,12,100903,120,2026-08-19,9,35,35,2026-09-11 22:29:06
100903010,509,23,100903,119,2026-08-20,10,3,3,2026-09-11 22:29:06
100903011,509,19,100903,102,2026-08-21,11,14,14,2026-09-11 22:29:06
100903012,509,23,100903,112,2026-08-22,12,85,85,2026-09-11 22:29:06
100903013,509,19,100903,109,2026-08-23,13,9,9,2026-09-11 22:29:06
100903014,509,26,100903,119,2026-08-24,14,75,75,2026-09-11 22:29:06
100903015,509,12,100903,113,2026-08-25,15,41,41,2026-09-11 22:29:06
100903016,509,15,100903,120,2026-08-26,16,3,3,2026-09-11 22:29:06
100903017,509,13,100903,109,2026-08-27,17,14,14,2026-09-11 22:29:06
100903018,509,16,100903,110,2026-08-28,18,33,33,2026-09-11 22:29:06
100903019,509,14,100903,118,2026-08-29,19,89,89,2026-09-11 22:29:06
100903020,509,18,100903,111,2026-08-30,20,8,8,2026-09-11 22:29:06
100903021,509,25,100903,119,2026-08-31,21,66,66,2026-09-11 22:29:06
100903022,509,25,100903,120,2026-09-01,22,65,65,2026-09-11 22:29:06
100903023,509,11,100903,115,2026-09-02,23,43,43,2026-09-11 22:29:06
100903024,509,23,100903,112,2026-09-03,24,45,45,2026-09-11 22:29:06
100903025,509,20,100903,102,2026-09-04,25,78,78,2026-09-11 22:29:06
100903026,509,27,100903,102,2026-09-05,26,92,92,2026-09-11 22:29:06
100903027,509,27,100903,120,2026-09-06,27,51,51,2026-09-11 22:29:06
100903028,509,12,100903,101,2026-09-07,28,74,74,2026-09-11 22:29:06
100903029,509,22,100903,115,2026-09-08,29,56,56,2026-09-11 22:29:06
100903030,509,16,100903,113,2026-09-09,30,8,8,2026-09-11 22:29:06
100904001,509,21,100904,102,2026-08-11,1,35,35,2026-09-11 22:29:06
100904002,509,14,100904,117,2026-08-12,2,33,33,2026-09-11 22:29:06
100904003,509,19,100904,110,2026-08-13,3,76,76,2026-09-11 22:29:06
100904004,509,23,100904,109,2026-08-14,4,100,100,2026-09-11 22:29:06
100904005,509,14,100904,106,2026-08-15,5,14,14,2026-09-11 22:29:06
100904006,509,27,100904,105,2026-08-16,6,84,84,2026-09-11 22:29:06
100904007,509,25,100904,115,2026-08-17,7,25,25,2026-09-11 22:29:06
100904008,509,17,100904,109,2026-08-18,8,29,29,2026-09-11 22:29:06
100904009,509,23,100904,118,2026-08-19,9,15,15,2026-09-11 22:29:06
100904010,509,11,100904,106,2026-08-20,10,82,82,2026-09-11 22:29:06
100904011,509,23,100904,110,2026-08-21,11,48,48,2026-09-11 22:29:06
100904012,509,16,100904,120,2026-08-22,12,54,54,2026-09-11 22:29:06
100904013,509,27,100904,104,2026-08-23,13,69,69,2026-09-11 22:29:06
100904014,509,29,100904,111,2026-08-24,14,28,28,2026-09-11 22:29:06
100904015,509,12,100904,109,2026-08-25,15,38,38,2026-09-11 22:29:06
100904016,509,12,100904,117,2026-08-26,16,4,4,2026-09-11 22:29:06
100904017,509,20,100904,103,2026-08-27,17,29,29,2026-09-11 22:29:06
100904018,509,24,100904,108,2026-08-28,18,24,24,2026-09-11 22:29:06
100904019,509,10,100904,108,2026-08-29,19,28,28,2026-09-11 22:29:06
100904020,509,14,100904,109,2026-08-30,20,39,39,2026-09-11 22:29:06
100904021,509,16,100904,108,2026-08-31,21,87,87,2026-09-11 22:29:06
100904022,509,21,100904,113,2026-09-01,22,77,77,2026-09-11 22:29:06
100904023,509,23,100904,118,2026-09-02,23,17,17,2026-09-11 22:29:06
100904024,509,17,100904,112,2026-09-03,24,53,53,2026-09-11 22:29:06
100904025,509,18,100904,113,2026-09-04,25,81,81,2026-09-11 22:29:06
100904026,509,23,100904,105,2026-09-05,26,76,76,2026-09-11 22:29:06
100904027,509,15,100904,115,2026-09-06,27,6,6,2026-09-11 22:29:06
100904028,509,14,100904,103,2026-09-07,28,81,81,2026-09-11 22:29:06
100904029,509,24,100904,111,2026-09-08,29,55,55,2026-09-11 22:29:06
100904030,509,27,100904,116,2026-09-09,30,72,72,2026-09-11 22:29:06
100905001,509,13,100905,114,2026-08-11,1,5,5,2026-09-11 22:29:06
100905002,509,22,100905,120,2026-08-12,2,43,43,2026-09-11 22:29:06
100905003,509,15,100905,105,2026-08-13,3,18,18,2026-09-11 22:29:06
100905004,509,13,100905,120,2026-08-14,4,92,92,2026-09-11 22:29:06
100905005,509,25,100905,106,2026-08-15,5,50,50,2026-09-11 22:29:06
100905006,509,24,100905,103,2026-08-16,6,18,18,2026-09-11 22:29:06
100905007,509,13,100905,120,2026-08-17,7,17,17,2026-09-11 22:29:06
100905008,509,23,100905,119,2026-08-18,8,31,31,2026-09-11 22:29:06
100905009,509,10,100905,117,2026-08-19,9,63,63,2026-09-11 22:29:06
100905010,509,12,100905,117,2026-08-20,10,98,98,2026-09-11 22:29:06
100905011,509,21,100905,106,2026-08-21,11,24,24,2026-09-11 22:29:06
100905012,509,27,100905,102,2026-08-22,12,12,12,2026-09-11 22:29:06
100905013,509,25,100905,115,2026-08-23,13,29,29,2026-09-11 22:29:06
100905014,509,13,100905,108,2026-08-24,14,55,55,2026-09-11 22:29:06
100905015,509,11,100905,109,2026-08-25,15,84,84,2026-09-11 22:29:06
100905016,509,14,100905,120,2026-08-26,16,60,60,2026-09-11 22:29:06
100905017,509,25,100905,116,2026-08-27,17,45,45,2026-09-11 22:29:06
100905018,509,13,100905,104,2026-08-28,18,81,81,2026-09-11 22:29:06
100905019,509,21,100905,120,2026-08-29,19,15,15,2026-09-11 22:29:06
100905020,509,18,100905,102,2026-08-30,20,19,19,2026-09-11 22:29:06
100905021,509,17,100905,110,2026-08-31,21,82,82,2026-09-11 22:29:06
100905022,509,27,100905,107,2026-09-01,22,49,49,2026-09-11 22:29:06
100905023,509,27,100905,107,2026-09-02,23,90,90,2026-09-11 22:29:06
100905024,509,29,100905,101,2026-09-03,24,47,47,2026-09-11 22:29:06
100905025,509,18,100905,104,2026-09-04,25,86,86,2026-09-11 22:29:06
100905026,509,15,100905,118,2026-09-05,26,93,93,2026-09-11 22:29:06
100905027,509,15,100905,106,2026-09-06,27,61,61,2026-09-11 22:29:06
100905028,509,13,100905,107,2026-09-07,28,62,62,2026-09-11 22:29:06
100905029,509,11,100905,114,2026-09-08,29,1,1,2026-09-11 22:29:06
100905030,509,12,100905,112,2026-09-09,30,7,7,2026-09-11 22:29:06
100906001,509,21,100906,120,2026-08-11,1,62,62,2026-09-11 22:29:06
100906002,509,17,100906,117,2026-08-12,2,13,13,2026-09-11 22:29:06
100906003,509,14,100906,115,2026-08-13,3,89,89,2026-09-11 22:29:06
100906004,509,12,100906,115,2026-08-14,4,56,56,2026-09-11 22:29:06
100906005,509,24,100906,118,2026-08-15,5,65,65,2026-09-11 22:29:06
100906006,509,13,100906,106,2026-08-16,6,70,70,2026-09-11 22:29:06
100906007,509,21,100906,117,2026-08-17,7,16,16,2026-09-11 22:29:06
100906008,509,26,100906,106,2026-08-18,8,37,37,2026-09-11 22:29:06
100906009,509,11,100906,107,2026-08-19,9,14,14,2026-09-11 22:29:06
100906010,509,27,100906,105,2026-08-20,10,1,1,2026-09-11 22:29:06
100906011,509,28,100906,107,2026-08-21,11,76,76,2026-09-11 22:29:06
100906012,509,12,100906,111,2026-08-22,12,27,27,2026-09-11 22:29:06
100906013,509,23,100906,107,2026-08-23,13,25,25,2026-09-11 22:29:06
100906014,509,29,100906,101,2026-08-24,14,62,62,2026-09-11 22:29:06
100906015,509,28,100906,108,2026-08-25,15,55,55,2026-09-11 22:29:06
100906016,509,10,100906,111,2026-08-26,16,9,9,2026-09-11 22:29:06
100906017,509,15,100906,120,2026-08-27,17,89,89,2026-09-11 22:29:06
100906018,509,29,100906,115,2026-08-28,18,40,40,2026-09-11 22:29:06
100906019,509,17,100906,117,2026-08-29,19,44,44,2026-09-11 22:29:06
100906020,509,18,100906,110,2026-08-30,20,22,22,2026-09-11 22:29:06
100906021,509,10,100906,120,2026-08-31,21,25,25,2026-09-11 22:29:06
100906022,509,16,100906,119,2026-09-01,22,87,87,2026-09-11 22:29:06
100906023,509,29,100906,101,2026-09-02,23,37,37,2026-09-11 22:29:06
100906024,509,18,100906,109,2026-09-03,24,36,36,2026-09-11 22:29:06
100906025,509,23,100906,106,2026-09-04,25,88,88,2026-09-11 22:29:06
100906026,509,28,100906,119,2026-09-05,26,68,68,2026-09-11 22:29:06
100906027,509,20,100906,120,2026-09-06,27,48,48,2026-09-11 22:29:06
100906028,509,29,100906,110,2026-09-07,28,31,31,2026-09-11 22:29:06
100906029,509,14,100906,106,2026-09-08,29,96,96,2026-09-11 22:29:06
100906030,509,10,100906,113,2026-09-09,30,24,24,2026-09-11 22:29:06
100907001,509,22,100907,104,2026-08-11,1,81,81,2026-09-11 22:29:06
100907002,509,25,100907,102,2026-08-12,2,81,81,2026-09-11 22:29:06
100907003,509,17,100907,117,2026-08-13,3,57,57,2026-09-11 22:29:06
100907004,509,13,100907,101,2026-08-14,4,77,77,2026-09-11 22:29:06
100907005,509,28,100907,118,2026-08-15,5,16,16,2026-09-11 22:29:06
100907006,509,11,100907,102,2026-08-16,6,29,29,2026-09-11 22:29:06
100907007,509,14,100907,111,2026-08-17,7,22,22,2026-09-11 22:29:06
100907008,509,18,100907,117,2026-08-18,8,67,67,2026-09-11 22:29:06
100907009,509,19,100907,108,2026-08-19,9,70,70,2026-09-11 22:29:06
100907010,509,11,100907,101,2026-08-20,10,96,96,2026-09-11 22:29:06
100907011,509,25,100907,114,2026-08-21,11,53,53,2026-09-11 22:29:06
100907012,509,10,100907,120,2026-08-22,12,66,66,2026-09-11 22:29:06
100907013,509,12,100907,116,2026-08-23,13,40,40,2026-09-11 22:29:06
100907014,509,12,100907,104,2026-08-24,14,50,50,2026-09-11 22:29:06
100907015,509,25,100907,110,2026-08-25,15,43,43,2026-09-11 22:29:06
100907016,509,26,100907,115,2026-08-26,16,82,82,2026-09-11 22:29:06
100907017,509,13,100907,107,2026-08-27,17,81,81,2026-09-11 22:29:06
100907018,509,15,100907,105,2026-08-28,18,94,94,2026-09-11 22:29:06
100907019,509,23,100907,107,2026-08-29,19,63,63,2026-09-11 22:29:06
100907020,509,28,100907,119,2026-08-30,20,58,58,2026-09-11 22:29:06
100907021,509,28,100907,115,2026-08-31,21,80,80,2026-09-11 22:29:06
100907022,509,13,100907,110,2026-09-01,22,63,63,2026-09-11 22:29:06
100907023,509,14,100907,103,2026-09-02,23,58,58,2026-09-11 22:29:06
100907024,509,18,100907,118,2026-09-03,24,66,66,2026-09-11 22:29:06
100907025,509,18,100907,114,2026-09-04,25,53,53,2026-09-11 22:29:06
100907026,509,27,100907,101,2026-09-05,26,83,83,2026-09-11 22:29:06
100907027,509,12,100907,117,2026-09-06,27,95,95,2026-09-11 22:29:06
100907028,509,28,100907,105,2026-09-07,28,92,92,2026-09-11 22:29:06
100907029,509,25,100907,104,2026-09-08,29,17,17,2026-09-11 22:29:06
100907030,509,29,100907,109,2026-09-09,30,49,49,2026-09-11 22:29:06
100908001,509,16,100908,112,2026-08-11,1,18,18,2026-09-11 22:29:06
100908002,509,13,100908,117,2026-08-12,2,85,85,2026-09-11 22:29:06
100908003,509,18,100908,109,2026-08-13,3,79,79,2026-09-11 22:29:06
100908004,509,27,100908,104,2026-08-14,4,17,17,2026-09-11 22:29:06
100908005,509,17,100908,116,2026-08-15,5,4,4,2026-09-11 22:29:06
100908006,509,18,100908,116,2026-08-16,6,86,86,2026-09-11 22:29:06
100908007,509,12,100908,108,2026-08-17,7,52,52,2026-09-11 22:29:06
100908008,509,17,100908,113,2026-08-18,8,56,56,2026-09-11 22:29:06
100908009,509,16,100908,116,2026-08-19,9,89,89,2026-09-11 22:29:06
100908010,509,16,100908,114,2026-08-20,10,25,25,2026-09-11 22:29:06
100908011,509,23,100908,113,2026-08-21,11,7,7,2026-09-11 22:29:06
100908012,509,21,100908,111,2026-08-22,12,89,89,2026-09-11 22:29:06
100908013,509,13,100908,111,2026-08-23,13,79,79,2026-09-11 22:29:06
100908014,509,28,100908,118,2026-08-24,14,78,78,2026-09-11 22:29:06
100908015,509,12,100908,120,2026-08-25,15,2,2,2026-09-11 22:29:06
100908016,509,16,100908,114,2026-08-26,16,78,78,2026-09-11 22:29:06
100908017,509,13,100908,105,2026-08-27,17,31,31,2026-09-11 22:29:06
100908018,509,29,100908,116,2026-08-28,18,21,21,2026-09-11 22:29:06
100908019,509,27,100908,112,2026-08-29,19,100,100,2026-09-11 22:29:06
100908020,509,20,100908,103,2026-08-30,20,12,12,2026-09-11 22:29:06
100908021,509,19,100908,101,2026-08-31,21,49,49,2026-09-11 22:29:06
100908022,509,26,100908,118,2026-09-01,22,80,80,2026-09-11 22:29:06
100908023,509,29,100908,110,2026-09-02,23,11,11,2026-09-11 22:29:06
100908024,509,27,100908,106,2026-09-03,24,44,44,2026-09-11 22:29:06
100908025,509,12,100908,109,2026-09-04,25,84,84,2026-09-11 22:29:06
100908026,509,10,100908,108,2026-09-05,26,60,60,2026-09-11 22:29:06
100908027,509,22,100908,105,2026-09-06,27,41,41,2026-09-11 22:29:06
100908028,509,11,100908,118,2026-09-07,28,67,67,2026-09-11 22:29:06
100908029,509,16,100908,120,2026-09-08,29,20,20,2026-09-11 22:29:06
100908030,509,13,100908,104,2026-09-09,30,99,99,2026-09-11 22:29:06
100909001,509,12,100909,116,2026-08-11,1,75,75,2026-09-11 22:29:06
100909002,509,26,100909,106,2026-08-12,2,81,81,2026-09-11 22:29:06
100909003,509,25,100909,119,2026-08-13,3,7,7,2026-09-11 22:29:06
100909004,509,26,100909,102,2026-08-14,4,78,78,2026-09-11 22:29:06
100909005,509,14,100909,111,2026-08-15,5,94,94,2026-09-11 22:29:06
100909006,509,14,100909,109,2026-08-16,6,53,53,2026-09-11 22:29:06
100909007,509,25,100909,108,2026-08-17,7,97,97,2026-09-11 22:29:06
100909008,509,26,100909,120,2026-08-18,8,97,97,2026-09-11 22:29:06
100909009,509,24,100909,119,2026-08-19,9,6,6,2026-09-11 22:29:06
100909010,509,29,100909,105,2026-08-20,10,44,44,2026-09-11 22:29:06
100909011,509,15,100909,103,2026-08-21,11,44,44,2026-09-11 22:29:06
100909012,509,10,100909,109,2026-08-22,12,26,26,2026-09-11 22:29:06
100909013,509,12,100909,105,2026-08-23,13,73,73,2026-09-11 22:29:06
100909014,509,22,100909,115,2026-08-24,14,26,26,2026-09-11 22:29:06
100909015,509,23,100909,109,2026-08-25,15,37,37,2026-09-11 22:29:06
100909016,509,17,100909,113,2026-08-26,16,69,69,2026-09-11 22:29:06
100909017,509,26,100909,119,2026-08-27,17,96,96,2026-09-11 22:29:06
100909018,509,19,100909,118,2026-08-28,18,1,1,2026-09-11 22:29:06
100909019,509,13,100909,108,2026-08-29,19,76,76,2026-09-11 22:29:06
100909020,509,19,100909,118,2026-08-30,20,12,12,2026-09-11 22:29:06
100909021,509,10,100909,107,2026-08-31,21,59,59,2026-09-11 22:29:06
100909022,509,17,100909,101,2026-09-01,22,5,5,2026-09-11 22:29:06
100909023,509,19,100909,112,2026-09-02,23,17,17,2026-09-11 22:29:06
100909024,509,24,100909,115,2026-09-03,24,75,75,2026-09-11 22:29:06
100909025,509,19,100909,104,2026-09-04,25,16,16,2026-09-11 22:29:06
100909026,509,29,100909,107,2026-09-05,26,59,59,2026-09-11 22:29:06
100909027,509,17,100909,110,2026-09-06,27,98,98,2026-09-11 22:29:06
100909028,509,25,100909,114,2026-09-07,28,35,35,2026-09-11 22:29:06
100909029,509,11,100909,108,2026-09-08,29,22,22,2026-09-11 22:29:06
100909030,509,16,100909,119,2026-09-09,30,29,29,2026-09-11 22:29:06
100910001,509,21,100910,110,2026-08-11,1,61,61,2026-09-11 22:29:06
100910002,509,13,100910,110,2026-08-12,2,73,73,2026-09-11 22:29:06
100910003,509,28,100910,108,2026-08-13,3,100,100,2026-09-11 22:29:06
100910004,509,14,100910,118,2026-08-14,4,32,32,2026-09-11 22:29:06
100910005,509,26,100910,103,2026-08-15,5,29,29,2026-09-11 22:29:06
100910006,509,13,100910,109,2026-08-16,6,31,31,2026-09-11 22:29:06
100910007,509,11,100910,120,2026-08-17,7,51,51,2026-09-11 22:29:06
100910008,509,20,100910,107,2026-08-18,8,60,60,2026-09-11 22:29:06
100910009,509,18,100910,104,2026-08-19,9,5,5,2026-09-11 22:29:06
100910010,509,19,100910,109,2026-08-20,10,34,34,2026-09-11 22:29:06
100910011,509,20,100910,102,2026-08-21,11,89,89,2026-09-11 22:29:06
100910012,509,21,100910,106,2026-08-22,12,24,24,2026-09-11 22:29:06
100910013,509,21,100910,107,2026-08-23,13,15,15,2026-09-11 22:29:06
100910014,509,10,100910,118,2026-08-24,14,89,89,2026-09-11 22:29:06
100910015,509,11,100910,109,2026-08-25,15,63,63,2026-09-11 22:29:06
100910016,509,20,100910,117,2026-08-26,16,2,2,2026-09-11 22:29:06
100910017,509,13,100910,111,2026-08-27,17,53,53,2026-09-11 22:29:06
100910018,509,22,100910,109,2026-08-28,18,7,7,2026-09-11 22:29:06
100910019,509,23,100910,117,2026-08-29,19,91,91,2026-09-11 22:29:06
100910020,509,14,100910,106,2026-08-30,20,80,80,2026-09-11 22:29:06
100910021,509,24,100910,109,2026-08-31,21,5,5,2026-09-11 22:29:06
100910022,509,20,100910,120,2026-09-01,22,8,8,2026-09-11 22:29:06
100910023,509,19,100910,117,2026-09-02,23,37,37,2026-09-11 22:29:06
100910024,509,21,100910,114,2026-09-03,24,70,70,2026-09-11 22:29:06
100910025,509,15,100910,104,2026-09-04,25,3,3,2026-09-11 22:29:06
100910026,509,29,100910,115,2026-09-05,26,42,42,2026-09-11 22:29:06
100910027,509,21,100910,104,2026-09-06,27,15,15,2026-09-11 22:29:06
100910028,509,14,100910,110,2026-09-07,28,97,97,2026-09-11 22:29:06
100910029,509,12,100910,110,2026-09-08,29,57,57,2026-09-11 22:29:06
100910030,509,19,100910,116,2026-09-09,30,13,13,2026-09-11 22:29:06
101001001,510,13,101001,116,2026-08-11,1,28,28,2026-09-11 22:29:06
101001002,510,20,101001,103,2026-08-12,2,54,54,2026-09-11 22:29:06
101001003,510,13,101001,104,2026-08-13,3,94,94,2026-09-11 22:29:06
101001004,510,28,101001,120,2026-08-14,4,75,75,2026-09-11 22:29:06
101001005,510,18,101001,106,2026-08-15,5,17,17,2026-09-11 22:29:06
101001006,510,28,101001,104,2026-08-16,6,44,44,2026-09-11 22:29:06
101001007,510,16,101001,106,2026-08-17,7,25,25,2026-09-11 22:29:06
101001008,510,22,101001,120,2026-08-18,8,54,54,2026-09-11 22:29:06
101001009,510,29,101001,111,2026-08-19,9,95,95,2026-09-11 22:29:06
101001010,510,17,101001,114,2026-08-20,10,47,47,2026-09-11 22:29:06
101001011,510,17,101001,101,2026-08-21,11,15,15,2026-09-11 22:29:06
101001012,510,26,101001,114,2026-08-22,12,48,48,2026-09-11 22:29:06
101001013,510,15,101001,109,2026-08-23,13,37,37,2026-09-11 22:29:06
101001014,510,29,101001,112,2026-08-24,14,86,86,2026-09-11 22:29:06
101001015,510,15,101001,110,2026-08-25,15,29,29,2026-09-11 22:29:06
101001016,510,25,101001,113,2026-08-26,16,3,3,2026-09-11 22:29:06
101001017,510,21,101001,104,2026-08-27,17,68,68,2026-09-11 22:29:06
101001018,510,25,101001,117,2026-08-28,18,1,1,2026-09-11 22:29:06
101001019,510,23,101001,112,2026-08-29,19,2,2,2026-09-11 22:29:06
101001020,510,12,101001,101,2026-08-30,20,23,23,2026-09-11 22:29:06
101001021,510,13,101001,104,2026-08-31,21,26,26,2026-09-11 22:29:06
101001022,510,17,101001,101,2026-09-01,22,92,92,2026-09-11 22:29:06
101001023,510,23,101001,103,2026-09-02,23,78,78,2026-09-11 22:29:06
101001024,510,11,101001,112,2026-09-03,24,89,89,2026-09-11 22:29:06
101001025,510,20,101001,119,2026-09-04,25,30,30,2026-09-11 22:29:06
101001026,510,23,101001,104,2026-09-05,26,53,53,2026-09-11 22:29:06
101001027,510,17,101001,110,2026-09-06,27,95,95,2026-09-11 22:29:06
101001028,510,21,101001,110,2026-09-07,28,1,1,2026-09-11 22:29:06
101001029,510,28,101001,101,2026-09-08,29,76,76,2026-09-11 22:29:06
101001030,510,28,101001,120,2026-09-09,30,86,86,2026-09-11 22:29:06
101002001,510,23,101002,115,2026-08-11,1,24,24,2026-09-11 22:29:06
101002002,510,29,101002,105,2026-08-12,2,37,37,2026-09-11 22:29:06
101002003,510,28,101002,102,2026-08-13,3,23,23,2026-09-11 22:29:06
101002004,510,29,101002,101,2026-08-14,4,44,44,2026-09-11 22:29:06
101002005,510,23,101002,117,2026-08-15,5,47,47,2026-09-11 22:29:06
101002006,510,23,101002,110,2026-08-16,6,63,63,2026-09-11 22:29:06
101002007,510,26,101002,112,2026-08-17,7,27,27,2026-09-11 22:29:06
101002008,510,24,101002,105,2026-08-18,8,48,48,2026-09-11 22:29:06
101002009,510,20,101002,111,2026-08-19,9,22,22,2026-09-11 22:29:06
101002010,510,28,101002,115,2026-08-20,10,84,84,2026-09-11 22:29:06
101002011,510,20,101002,113,2026-08-21,11,92,92,2026-09-11 22:29:06
101002012,510,23,101002,106,2026-08-22,12,91,91,2026-09-11 22:29:06
101002013,510,23,101002,106,2026-08-23,13,36,36,2026-09-11 22:29:06
101002014,510,22,101002,109,2026-08-24,14,25,25,2026-09-11 22:29:06
101002015,510,29,101002,101,2026-08-25,15,79,79,2026-09-11 22:29:06
101002016,510,28,101002,101,2026-08-26,16,33,33,2026-09-11 22:29:06
101002017,510,16,101002,101,2026-08-27,17,54,54,2026-09-11 22:29:06
101002018,510,17,101002,101,2026-08-28,18,56,56,2026-09-11 22:29:06
101002019,510,28,101002,114,2026-08-29,19,59,59,2026-09-11 22:29:06
101002020,510,10,101002,111,2026-08-30,20,63,63,2026-09-11 22:29:06
101002021,510,28,101002,113,2026-08-31,21,5,5,2026-09-11 22:29:06
101002022,510,20,101002,106,2026-09-01,22,79,79,2026-09-11 22:29:06
101002023,510,23,101002,108,2026-09-02,23,13,13,2026-09-11 22:29:06
101002024,510,16,101002,113,2026-09-03,24,83,83,2026-09-11 22:29:06
101002025,510,26,101002,109,2026-09-04,25,76,76,2026-09-11 22:29:06
101002026,510,14,101002,118,2026-09-05,26,42,42,2026-09-11 22:29:06
101002027,510,19,101002,101,2026-09-06,27,56,56,2026-09-11 22:29:06
101002028,510,10,101002,108,2026-09-07,28,71,71,2026-09-11 22:29:06
101002029,510,10,101002,120,2026-09-08,29,4,4,2026-09-11 22:29:06
101002030,510,17,101002,118,2026-09-09,30,53,53,2026-09-11 22:29:06
101003001,510,18,101003,113,2026-08-11,1,38,38,2026-09-11 22:29:06
101003002,510,25,101003,118,2026-08-12,2,25,25,2026-09-11 22:29:06
101003003,510,24,101003,103,2026-08-13,3,99,99,2026-09-11 22:29:06
101003004,510,13,101003,107,2026-08-14,4,74,74,2026-09-11 22:29:06
101003005,510,10,101003,106,2026-08-15,5,68,68,2026-09-11 22:29:06
101003006,510,26,101003,104,2026-08-16,6,53,53,2026-09-11 22:29:06
101003007,510,10,101003,102,2026-08-17,7,1,1,2026-09-11 22:29:06
101003008,510,26,101003,104,2026-08-18,8,81,81,2026-09-11 22:29:06
101003009,510,14,101003,116,2026-08-19,9,69,69,2026-09-11 22:29:06
101003010,510,27,101003,114,2026-08-20,10,73,73,2026-09-11 22:29:06
101003011,510,19,101003,111,2026-08-21,11,90,90,2026-09-11 22:29:06
101003012,510,28,101003,113,2026-08-22,12,29,29,2026-09-11 22:29:06
101003013,510,14,101003,118,2026-08-23,13,73,73,2026-09-11 22:29:06
101003014,510,13,101003,102,2026-08-24,14,100,100,2026-09-11 22:29:06
101003015,510,15,101003,116,2026-08-25,15,100,100,2026-09-11 22:29:06
101003016,510,13,101003,118,2026-08-26,16,20,20,2026-09-11 22:29:06
101003017,510,19,101003,106,2026-08-27,17,100,100,2026-09-11 22:29:06
101003018,510,10,101003,104,2026-08-28,18,43,43,2026-09-11 22:29:06
101003019,510,11,101003,113,2026-08-29,19,17,17,2026-09-11 22:29:06
101003020,510,19,101003,107,2026-08-30,20,99,99,2026-09-11 22:29:06
101003021,510,15,101003,112,2026-08-31,21,32,32,2026-09-11 22:29:06
101003022,510,24,101003,108,2026-09-01,22,14,14,2026-09-11 22:29:06
101003023,510,22,101003,118,2026-09-02,23,3,3,2026-09-11 22:29:06
101003024,510,23,101003,105,2026-09-03,24,26,26,2026-09-11 22:29:06
101003025,510,10,101003,105,2026-09-04,25,58,58,2026-09-11 22:29:06
101003026,510,26,101003,102,2026-09-05,26,39,39,2026-09-11 22:29:06
101003027,510,15,101003,110,2026-09-06,27,84,84,2026-09-11 22:29:06
101003028,510,16,101003,111,2026-09-07,28,82,82,2026-09-11 22:29:06
101003029,510,19,101003,107,2026-09-08,29,69,69,2026-09-11 22:29:06
101003030,510,20,101003,115,2026-09-09,30,23,23,2026-09-11 22:29:06
101004001,510,13,101004,118,2026-08-11,1,7,7,2026-09-11 22:29:06
101004002,510,28,101004,101,2026-08-12,2,4,4,2026-09-11 22:29:06
101004003,510,11,101004,101,2026-08-13,3,52,52,2026-09-11 22:29:06
101004004,510,11,101004,119,2026-08-14,4,91,91,2026-09-11 22:29:06
101004005,510,23,101004,103,2026-08-15,5,81,81,2026-09-11 22:29:06
101004006,510,21,101004,111,2026-08-16,6,38,38,2026-09-11 22:29:06
101004007,510,14,101004,113,2026-08-17,7,44,44,2026-09-11 22:29:06
101004008,510,23,101004,110,2026-08-18,8,83,83,2026-09-11 22:29:06
101004009,510,13,101004,116,2026-08-19,9,88,88,2026-09-11 22:29:06
101004010,510,29,101004,118,2026-08-20,10,97,97,2026-09-11 22:29:06
101004011,510,11,101004,102,2026-08-21,11,42,42,2026-09-11 22:29:06
101004012,510,11,101004,102,2026-08-22,12,23,23,2026-09-11 22:29:06
101004013,510,22,101004,116,2026-08-23,13,24,24,2026-09-11 22:29:06
101004014,510,23,101004,115,2026-08-24,14,78,78,2026-09-11 22:29:06
101004015,510,26,101004,102,2026-08-25,15,87,87,2026-09-11 22:29:06
101004016,510,22,101004,102,2026-08-26,16,90,90,2026-09-11 22:29:06
101004017,510,19,101004,119,2026-08-27,17,4,4,2026-09-11 22:29:06
101004018,510,26,101004,102,2026-08-28,18,70,70,2026-09-11 22:29:06
101004019,510,23,101004,101,2026-08-29,19,14,14,2026-09-11 22:29:06
101004020,510,21,101004,110,2026-08-30,20,12,12,2026-09-11 22:29:06
101004021,510,14,101004,107,2026-08-31,21,61,61,2026-09-11 22:29:06
101004022,510,13,101004,120,2026-09-01,22,36,36,2026-09-11 22:29:06
101004023,510,11,101004,114,2026-09-02,23,55,55,2026-09-11 22:29:06
101004024,510,11,101004,112,2026-09-03,24,53,53,2026-09-11 22:29:06
101004025,510,28,101004,103,2026-09-04,25,4,4,2026-09-11 22:29:06
101004026,510,23,101004,119,2026-09-05,26,86,86,2026-09-11 22:29:06
101004027,510,27,101004,105,2026-09-06,27,95,95,2026-09-11 22:29:06
101004028,510,12,101004,105,2026-09-07,28,49,49,2026-09-11 22:29:06
101004029,510,19,101004,120,2026-09-08,29,9,9,2026-09-11 22:29:06
101004030,510,12,101004,108,2026-09-09,30,68,68,2026-09-11 22:29:06
101005001,510,19,101005,108,2026-08-11,1,54,54,2026-09-11 22:29:06
101005002,510,25,101005,107,2026-08-12,2,70,70,2026-09-11 22:29:06
101005003,510,13,101005,107,2026-08-13,3,27,27,2026-09-11 22:29:06
101005004,510,15,101005,112,2026-08-14,4,47,47,2026-09-11 22:29:06
101005005,510,17,101005,111,2026-08-15,5,24,24,2026-09-11 22:29:06
101005006,510,16,101005,101,2026-08-16,6,22,22,2026-09-11 22:29:06
101005007,510,29,101005,101,2026-08-17,7,37,37,2026-09-11 22:29:06
101005008,510,21,101005,104,2026-08-18,8,9,9,2026-09-11 22:29:06
101005009,510,23,101005,102,2026-08-19,9,88,88,2026-09-11 22:29:06
101005010,510,25,101005,103,2026-08-20,10,24,24,2026-09-11 22:29:06
101005011,510,13,101005,103,2026-08-21,11,53,53,2026-09-11 22:29:06
101005012,510,16,101005,116,2026-08-22,12,12,12,2026-09-11 22:29:06
101005013,510,20,101005,104,2026-08-23,13,75,75,2026-09-11 22:29:06
101005014,510,17,101005,119,2026-08-24,14,45,45,2026-09-11 22:29:06
101005015,510,14,101005,118,2026-08-25,15,37,37,2026-09-11 22:29:06
101005016,510,22,101005,117,2026-08-26,16,56,56,2026-09-11 22:29:06
101005017,510,12,101005,101,2026-08-27,17,95,95,2026-09-11 22:29:06
101005018,510,11,101005,119,2026-08-28,18,1,1,2026-09-11 22:29:06
101005019,510,13,101005,104,2026-08-29,19,63,63,2026-09-11 22:29:06
101005020,510,13,101005,120,2026-08-30,20,86,86,2026-09-11 22:29:06
101005021,510,23,101005,105,2026-08-31,21,18,18,2026-09-11 22:29:06
101005022,510,23,101005,109,2026-09-01,22,55,55,2026-09-11 22:29:06
101005023,510,19,101005,108,2026-09-02,23,34,34,2026-09-11 22:29:06
101005024,510,23,101005,113,2026-09-03,24,38,38,2026-09-11 22:29:06
101005025,510,29,101005,109,2026-09-04,25,73,73,2026-09-11 22:29:06
101005026,510,20,101005,112,2026-09-05,26,11,11,2026-09-11 22:29:06
101005027,510,29,101005,113,2026-09-06,27,3,3,2026-09-11 22:29:06
101005028,510,17,101005,117,2026-09-07,28,63,63,2026-09-11 22:29:06
101005029,510,18,101005,104,2026-09-08,29,89,89,2026-09-11 22:29:06
101005030,510,27,101005,119,2026-09-09,30,68,68,2026-09-11 22:29:06
101006001,510,22,101006,105,2026-08-11,1,15,15,2026-09-11 22:29:06
101006002,510,20,101006,110,2026-08-12,2,54,54,2026-09-11 22:29:06
101006003,510,24,101006,110,2026-08-13,3,44,44,2026-09-11 22:29:06
101006004,510,26,101006,105,2026-08-14,4,9,9,2026-09-11 22:29:06
101006005,510,26,101006,112,2026-08-15,5,93,93,2026-09-11 22:29:06
101006006,510,22,101006,116,2026-08-16,6,5,5,2026-09-11 22:29:06
101006007,510,13,101006,111,2026-08-17,7,57,57,2026-09-11 22:29:06
101006008,510,22,101006,106,2026-08-18,8,9,9,2026-09-11 22:29:06
101006009,510,24,101006,111,2026-08-19,9,87,87,2026-09-11 22:29:06
101006010,510,21,101006,102,2026-08-20,10,6,6,2026-09-11 22:29:06
101006011,510,10,101006,113,2026-08-21,11,81,81,2026-09-11 22:29:06
101006012,510,19,101006,113,2026-08-22,12,86,86,2026-09-11 22:29:06
101006013,510,28,101006,113,2026-08-23,13,49,49,2026-09-11 22:29:06
101006014,510,24,101006,101,2026-08-24,14,39,39,2026-09-11 22:29:06
101006015,510,19,101006,114,2026-08-25,15,33,33,2026-09-11 22:29:06
101006016,510,16,101006,116,2026-08-26,16,2,2,2026-09-11 22:29:06
101006017,510,14,101006,113,2026-08-27,17,78,78,2026-09-11 22:29:06
101006018,510,27,101006,111,2026-08-28,18,27,27,2026-09-11 22:29:06
101006019,510,27,101006,102,2026-08-29,19,96,96,2026-09-11 22:29:06
101006020,510,28,101006,102,2026-08-30,20,46,46,2026-09-11 22:29:06
101006021,510,18,101006,104,2026-08-31,21,15,15,2026-09-11 22:29:06
101006022,510,28,101006,111,2026-09-01,22,29,29,2026-09-11 22:29:06
101006023,510,13,101006,106,2026-09-02,23,80,80,2026-09-11 22:29:06
101006024,510,10,101006,105,2026-09-03,24,57,57,2026-09-11 22:29:06
101006025,510,10,101006,113,2026-09-04,25,98,98,2026-09-11 22:29:06
101006026,510,27,101006,104,2026-09-05,26,37,37,2026-09-11 22:29:06
101006027,510,27,101006,101,2026-09-06,27,29,29,2026-09-11 22:29:06
101006028,510,21,101006,104,2026-09-07,28,28,28,2026-09-11 22:29:06
101006029,510,18,101006,101,2026-09-08,29,53,53,2026-09-11 22:29:06
101006030,510,22,101006,104,2026-09-09,30,94,94,2026-09-11 22:29:06
101007001,510,16,101007,109,2026-08-11,1,64,64,2026-09-11 22:29:06
101007002,510,24,101007,111,2026-08-12,2,53,53,2026-09-11 22:29:06
101007003,510,23,101007,115,2026-08-13,3,68,68,2026-09-11 22:29:06
101007004,510,12,101007,109,2026-08-14,4,46,46,2026-09-11 22:29:06
101007005,510,26,101007,110,2026-08-15,5,63,63,2026-09-11 22:29:06
101007006,510,10,101007,101,2026-08-16,6,11,11,2026-09-11 22:29:06
101007007,510,20,101007,108,2026-08-17,7,54,54,2026-09-11 22:29:06
101007008,510,19,101007,113,2026-08-18,8,82,82,2026-09-11 22:29:06
101007009,510,28,101007,112,2026-08-19,9,57,57,2026-09-11 22:29:06
101007010,510,29,101007,104,2026-08-20,10,62,62,2026-09-11 22:29:06
101007011,510,18,101007,113,2026-08-21,11,40,40,2026-09-11 22:29:06
101007012,510,11,101007,111,2026-08-22,12,84,84,2026-09-11 22:29:06
101007013,510,13,101007,118,2026-08-23,13,64,64,2026-09-11 22:29:06
101007014,510,17,101007,103,2026-08-24,14,64,64,2026-09-11 22:29:06
101007015,510,12,101007,116,2026-08-25,15,28,28,2026-09-11 22:29:06
101007016,510,24,101007,119,2026-08-26,16,90,90,2026-09-11 22:29:06
101007017,510,16,101007,111,2026-08-27,17,27,27,2026-09-11 22:29:06
101007018,510,26,101007,101,2026-08-28,18,14,14,2026-09-11 22:29:06
101007019,510,27,101007,120,2026-08-29,19,65,65,2026-09-11 22:29:06
101007020,510,23,101007,102,2026-08-30,20,5,5,2026-09-11 22:29:06
101007021,510,29,101007,114,2026-08-31,21,83,83,2026-09-11 22:29:06
101007022,510,19,101007,119,2026-09-01,22,11,11,2026-09-11 22:29:06
101007023,510,23,101007,104,2026-09-02,23,29,29,2026-09-11 22:29:06
101007024,510,10,101007,114,2026-09-03,24,95,95,2026-09-11 22:29:06
101007025,510,20,101007,110,2026-09-04,25,46,46,2026-09-11 22:29:06
101007026,510,29,101007,120,2026-09-05,26,98,98,2026-09-11 22:29:06
101007027,510,26,101007,106,2026-09-06,27,43,43,2026-09-11 22:29:06
101007028,510,18,101007,118,2026-09-07,28,4,4,2026-09-11 22:29:06
101007029,510,15,101007,110,2026-09-08,29,53,53,2026-09-11 22:29:06
101007030,510,25,101007,111,2026-09-09,30,28,28,2026-09-11 22:29:06
101008001,510,19,101008,113,2026-08-11,1,36,36,2026-09-11 22:29:06
101008002,510,27,101008,117,2026-08-12,2,53,53,2026-09-11 22:29:06
101008003,510,18,101008,119,2026-08-13,3,21,21,2026-09-11 22:29:06
101008004,510,28,101008,103,2026-08-14,4,63,63,2026-09-11 22:29:06
101008005,510,20,101008,113,2026-08-15,5,65,65,2026-09-11 22:29:06
101008006,510,18,101008,108,2026-08-16,6,20,20,2026-09-11 22:29:06
101008007,510,15,101008,117,2026-08-17,7,53,53,2026-09-11 22:29:06
101008008,510,21,101008,112,2026-08-18,8,94,94,2026-09-11 22:29:06
101008009,510,25,101008,113,2026-08-19,9,95,95,2026-09-11 22:29:06
101008010,510,10,101008,117,2026-08-20,10,72,72,2026-09-11 22:29:06
101008011,510,14,101008,120,2026-08-21,11,10,10,2026-09-11 22:29:06
101008012,510,29,101008,101,2026-08-22,12,14,14,2026-09-11 22:29:06
101008013,510,17,101008,117,2026-08-23,13,42,42,2026-09-11 22:29:06
101008014,510,23,101008,104,2026-08-24,14,3,3,2026-09-11 22:29:06
101008015,510,14,101008,120,2026-08-25,15,37,37,2026-09-11 22:29:06
101008016,510,18,101008,109,2026-08-26,16,62,62,2026-09-11 22:29:06
101008017,510,21,101008,109,2026-08-27,17,36,36,2026-09-11 22:29:06
101008018,510,12,101008,119,2026-08-28,18,62,62,2026-09-11 22:29:06
101008019,510,29,101008,111,2026-08-29,19,68,68,2026-09-11 22:29:06
101008020,510,15,101008,118,2026-08-30,20,89,89,2026-09-11 22:29:06
101008021,510,29,101008,112,2026-08-31,21,64,64,2026-09-11 22:29:06
101008022,510,19,101008,117,2026-09-01,22,65,65,2026-09-11 22:29:06
101008023,510,23,101008,108,2026-09-02,23,29,29,2026-09-11 22:29:06
101008024,510,24,101008,117,2026-09-03,24,41,41,2026-09-11 22:29:06
101008025,510,18,101008,114,2026-09-04,25,97,97,2026-09-11 22:29:06
101008026,510,12,101008,120,2026-09-05,26,12,12,2026-09-11 22:29:06
101008027,510,22,101008,103,2026-09-06,27,67,67,2026-09-11 22:29:06
101008028,510,11,101008,116,2026-09-07,28,51,51,2026-09-11 22:29:06
101008029,510,10,101008,113,2026-09-08,29,73,73,2026-09-11 22:29:06
101008030,510,27,101008,107,2026-09-09,30,18,18,2026-09-11 22:29:06
101009001,510,15,101009,119,2026-08-11,1,21,21,2026-09-11 22:29:06
101009002,510,29,101009,101,2026-08-12,2,89,89,2026-09-11 22:29:06
101009003,510,23,101009,112,2026-08-13,3,2,2,2026-09-11 22:29:06
101009004,510,11,101009,105,2026-08-14,4,86,86,2026-09-11 22:29:06
101009005,510,16,101009,116,2026-08-15,5,67,67,2026-09-11 22:29:06
101009006,510,20,101009,104,2026-08-16,6,26,26,2026-09-11 22:29:06
101009007,510,15,101009,117,2026-08-17,7,7,7,2026-09-11 22:29:06
101009008,510,19,101009,101,2026-08-18,8,94,94,2026-09-11 22:29:06
101009009,510,15,101009,119,2026-08-19,9,22,22,2026-09-11 22:29:06
101009010,510,14,101009,116,2026-08-20,10,90,90,2026-09-11 22:29:06
101009011,510,28,101009,111,2026-08-21,11,20,20,2026-09-11 22:29:06
101009012,510,23,101009,105,2026-08-22,12,42,42,2026-09-11 22:29:06
101009013,510,27,101009,112,2026-08-23,13,24,24,2026-09-11 22:29:06
101009014,510,24,101009,114,2026-08-24,14,14,14,2026-09-11 22:29:06
101009015,510,25,101009,108,2026-08-25,15,4,4,2026-09-11 22:29:06
101009016,510,24,101009,106,2026-08-26,16,16,16,2026-09-11 22:29:06
101009017,510,13,101009,118,2026-08-27,17,41,41,2026-09-11 22:29:06
101009018,510,17,101009,120,2026-08-28,18,83,83,2026-09-11 22:29:06
101009019,510,11,101009,114,2026-08-29,19,23,23,2026-09-11 22:29:06
101009020,510,24,101009,104,2026-08-30,20,70,70,2026-09-11 22:29:06
101009021,510,29,101009,116,2026-08-31,21,4,4,2026-09-11 22:29:06
101009022,510,15,101009,102,2026-09-01,22,16,16,2026-09-11 22:29:06
101009023,510,14,101009,114,2026-09-02,23,43,43,2026-09-11 22:29:06
101009024,510,13,101009,102,2026-09-03,24,47,47,2026-09-11 22:29:06
101009025,510,21,101009,101,2026-09-04,25,32,32,2026-09-11 22:29:06
101009026,510,21,101009,102,2026-09-05,26,67,67,2026-09-11 22:29:06
101009027,510,16,101009,114,2026-09-06,27,26,26,2026-09-11 22:29:06
101009028,510,26,101009,113,2026-09-07,28,23,23,2026-09-11 22:29:06
101009029,510,18,101009,107,2026-09-08,29,43,43,2026-09-11 22:29:06
101009030,510,18,101009,105,2026-09-09,30,92,92,2026-09-11 22:29:06
101010001,510,29,101010,110,2026-08-11,1,50,50,2026-09-11 22:29:06
101010002,510,25,101010,111,2026-08-12,2,78,78,2026-09-11 22:29:06
101010003,510,10,101010,117,2026-08-13,3,60,60,2026-09-11 22:29:06
101010004,510,20,101010,118,2026-08-14,4,71,71,2026-09-11 22:29:06
101010005,510,16,101010,112,2026-08-15,5,38,38,2026-09-11 22:29:06
101010006,510,14,101010,105,2026-08-16,6,51,51,2026-09-11 22:29:06
101010007,510,18,101010,106,2026-08-17,7,16,16,2026-09-11 22:29:06
101010008,510,16,101010,119,2026-08-18,8,71,71,2026-09-11 22:29:06
101010009,510,25,101010,111,2026-08-19,9,73,73,2026-09-11 22:29:06
101010010,510,26,101010,119,2026-08-20,10,78,78,2026-09-11 22:29:06
101010011,510,20,101010,103,2026-08-21,11,27,27,2026-09-11 22:29:06
101010012,510,27,101010,105,2026-08-22,12,13,13,2026-09-11 22:29:06
101010013,510,17,101010,110,2026-08-23,13,37,37,2026-09-11 22:29:06
101010014,510,28,101010,106,2026-08-24,14,78,78,2026-09-11 22:29:06
101010015,510,10,101010,116,2026-08-25,15,72,72,2026-09-11 22:29:06
101010016,510,15,101010,120,2026-08-26,16,63,63,2026-09-11 22:29:06
101010017,510,20,101010,119,2026-08-27,17,95,95,2026-09-11 22:29:06
101010018,510,18,101010,118,2026-08-28,18,30,30,2026-09-11 22:29:06
101010019,510,19,101010,107,2026-08-29,19,7,7,2026-09-11 22:29:06
101010020,510,24,101010,105,2026-08-30,20,78,78,2026-09-11 22:29:06
101010021,510,28,101010,117,2026-08-31,21,71,71,2026-09-11 22:29:06
101010022,510,14,101010,119,2026-09-01,22,66,66,2026-09-11 22:29:06
101010023,510,10,101010,104,2026-09-02,23,100,100,2026-09-11 22:29:06
101010024,510,21,101010,115,2026-09-03,24,41,41,2026-09-11 22:29:06
101010025,510,21,101010,111,2026-09-04,25,61,61,2026-09-11 22:29:06
101010026,510,14,101010,114,2026-09-05,26,18,18,2026-09-11 22:29:06
101010027,510,17,101010,112,2026-09-06,27,50,50,2026-09-11 22:29:06
101010028,510,13,101010,111,2026-09-07,28,15,15,2026-09-11 22:29:06
101010029,510,13,101010,102,2026-09-08,29,89,89,2026-09-11 22:29:06
101010030,510,24,101010,110,2026-09-09,30,93,93,2026-09-11 22:29:06
