SAP_Journal_document_nbr,SAP_Journal_credit_store,SAP_Journal_debit_store,SAP_journal_date,Transaction_Date,SAP_Journal_amount,SAP_Journal_credit_amt,SAP_Journal_debit_amt,SAP_journal_credit_account,SAP_journal_debit_amount,Transaction_Timestamp
2782d419184741b4959d,111,501,2026-08-11,2026-08-11,727.12,727.12,727.12,,,2026-09-11 22:29:06
9df1999a5d6343a2b0bb,120,501,2026-08-12,2026-08-12,826.69,826.69,826.69,,,2026-09-11 22:29:06
af7642954f9c47afb013,113,501,2026-08-13,2026-08-13,2856.89,2856.89,2856.89,,,2026-09-11 22:29:06
aa564adf82c24edcb591,102,501,2026-08-14,2026-08-14,4286.82,4286.82,4286.82,,,2026-09-11 22:29:06
404e7375fed84830b2a2,101,501,2026-08-15,2026-08-15,5305.38,5305.38,5305.38,,,2026-09-11 22:29:06
efa33afc199240ebb6cf,115,501,2026-08-16,2026-08-16,14.38,14.38,14.38,,,2026-09-11 22:29:06
cb20a851b2e748ec9d8f,101,501,2026-08-17,2026-08-17,1505.11,1505.11,1505.11,,,2026-09-11 22:29:06
74c10e7c76b240c684e8,110,501,2026-08-18,2026-08-18,6969.15,6969.15,6969.15,,,2026-09-11 22:29:06
8c233f6f5d4e4b3683af,117,501,2026-08-19,2026-08-19,4522.24,4522.24,4522.24,,,2026-09-11 22:29:06
d1ce4305eb244a459f02,116,501,2026-08-20,2026-08-20,7603.42,7603.42,7603.42,,,2026-09-11 22:29:06
148a877bf486406987b0,120,501,2026-08-21,2026-08-21,1029.35,1029.35,1029.35,,,2026-09-11 22:29:06
d3d49ad27d894775ac54,117,501,2026-08-22,2026-08-22,893.97,893.97,893.97,,,2026-09-11 22:29:06
ef48ec52cbe442289e48,116,501,2026-08-23,2026-08-23,2340.08,2340.08,2340.08,,,2026-09-11 22:29:06
afa3db134f1a404c8bd3,118,501,2026-08-24,2026-08-24,3728.45,3728.45,3728.45,,,2026-09-11 22:29:06
fbf293c6e3ca426398d7,102,501,2026-08-25,2026-08-25,5532.38,5532.38,5532.38,,,2026-09-11 22:29:06
de3d3c756b994ecd8610,120,501,2026-08-26,2026-08-26,4394.34,4394.34,4394.34,,,2026-09-11 22:29:06
147aff09c30842608d54,103,501,2026-08-27,2026-08-27,2570.98,2570.98,2570.98,,,2026-09-11 22:29:06
b181ec175d344e41b1b8,118,501,2026-08-28,2026-08-28,4508.39,4508.39,4508.39,,,2026-09-11 22:29:06
6c5122079d5348cd8f00,112,501,2026-08-29,2026-08-29,1128.75,1128.75,1128.75,,,2026-09-11 22:29:06
c1ef1ae3459f41a9b834,114,501,2026-08-30,2026-08-30,3452.82,3452.82,3452.82,,,2026-09-11 22:29:06
f0f9a20ef0fd4ca99c89,118,501,2026-08-31,2026-08-31,3006.88,3006.88,3006.88,,,2026-09-11 22:29:06
7d36465a01f849fb8a7a,116,501,2026-09-01,2026-09-01,3073.11,3073.11,3073.11,,,2026-09-11 22:29:06
cbca78cf34444b5fb79b,117,501,2026-09-02,2026-09-02,900.17,900.17,900.17,,,2026-09-11 22:29:06
6cfa344487da44a18ecf,109,501,2026-09-03,2026-09-03,18.28,18.28,18.28,,,2026-09-11 22:29:06
37892ef83fec4d7ca418,110,501,2026-09-04,2026-09-04,15.65,15.65,15.65,,,2026-09-11 22:29:06
3a4eeb685b5f4d7a87e0,112,501,2026-09-05,2026-09-05,857.55,857.55,857.55,,,2026-09-11 22:29:06
14db5a79b1744aecbf57,118,501,2026-09-06,2026-09-06,1368.76,1368.76,1368.76,,,2026-09-11 22:29:06
08e32ca8c2ab48b9bbb5,119,501,2026-09-07,2026-09-07,714.17,714.17,714.17,,,2026-09-11 22:29:06
09d44984ab6f4919a4b2,107,501,2026-09-08,2026-09-08,22.55,22.55,22.55,,,2026-09-11 22:29:06
6d387ed4ba6d429f8190,104,501,2026-09-09,2026-09-09,893.16,893.16,893.16,,,2026-09-11 22:29:06
9d506704b176474cb028,103,501,2026-08-11,2026-08-11,12.71,12.71,12.71,,,2026-09-11 22:29:06
dbd6ca7663d54f059655,101,501,2026-08-12,2026-08-12,5753.3,5753.3,5753.3,,,2026-09-11 22:29:06
bdd1817b024a4044b391,105,501,2026-08-13,2026-08-13,811.21,811.21,811.21,,,2026-09-11 22:29:06
f53f4c564d61464bae61,103,501,2026-08-14,2026-08-14,5950.14,5950.14,5950.14,,,2026-09-11 22:29:06
680960cd896c43ffb89a,118,501,2026-08-15,2026-08-15,580.79,580.79,580.79,,,2026-09-11 22:29:06
f1e72ab514044b36b3ff,105,501,2026-08-16,2026-08-16,4587.37,4587.37,4587.37,,,2026-09-11 22:29:06
5df6c0fb18f14f0d88b4,107,501,2026-08-17,2026-08-17,258.41,258.41,258.41,,,2026-09-11 22:29:06
cf9224224ba2496dadd0,101,501,2026-08-18,2026-08-18,1276.85,1276.85,1276.85,,,2026-09-11 22:29:06
1fe551fc895a4278a90b,110,501,2026-08-19,2026-08-19,784.06,784.06,784.06,,,2026-09-11 22:29:06
5569ae01e9a3476298ce,105,501,2026-08-20,2026-08-20,1218.25,1218.25,1218.25,,,2026-09-11 22:29:06
a6e2ba2c2042497faa1e,114,501,2026-08-21,2026-08-21,977.06,977.06,977.06,,,2026-09-11 22:29:06
0c07d78ba4054bb2a604,101,501,2026-08-22,2026-08-22,330.12,330.12,330.12,,,2026-09-11 22:29:06
ff997461f15d4c189fa3,104,501,2026-08-23,2026-08-23,3930.48,3930.48,3930.48,,,2026-09-11 22:29:06
852a234caff34c5294d2,120,501,2026-08-24,2026-08-24,4207.64,4207.64,4207.64,,,2026-09-11 22:29:06
c851c08e852b425cb6c3,117,501,2026-08-25,2026-08-25,3530.78,3530.78,3530.78,,,2026-09-11 22:29:06
c4d0a1f3e78d45119943,111,501,2026-08-26,2026-08-26,3629.1,3629.1,3629.1,,,2026-09-11 22:29:06
46bd5d50a53a4b8a851e,108,501,2026-08-27,2026-08-27,623.62,623.62,623.62,,,2026-09-11 22:29:06
24990f0e4774423dbfd2,114,501,2026-08-28,2026-08-28,2435.23,2435.23,2435.23,,,2026-09-11 22:29:06
18e0d8fd951941678112,107,501,2026-08-29,2026-08-29,183.83,183.83,183.83,,,2026-09-11 22:29:06
1da6a0b0512447a2b8a4,108,501,2026-08-30,2026-08-30,2820.93,2820.93,2820.93,,,2026-09-11 22:29:06
f9c1e4e7c031440d98e3,120,501,2026-08-31,2026-08-31,381.5,381.5,381.5,,,2026-09-11 22:29:06
72fe3bb3a4024e7cb0e1,105,501,2026-09-01,2026-09-01,1409.33,1409.33,1409.33,,,2026-09-11 22:29:06
b448e654159b4f8994c2,104,501,2026-09-02,2026-09-02,1903.61,1903.61,1903.61,,,2026-09-11 22:29:06
ccd971efdb2142329712,118,501,2026-09-03,2026-09-03,1349.32,1349.32,1349.32,,,2026-09-11 22:29:06
1fd15c38a5114fc5b154,103,501,2026-09-04,2026-09-04,242.18,242.18,242.18,,,2026-09-11 22:29:06
1b0037a3e06441baacb5,117,501,2026-09-05,2026-09-05,4904.31,4904.31,4904.31,,,2026-09-11 22:29:06
08357b42a894405381d2,102,501,2026-09-06,2026-09-06,2441.1,2441.1,2441.1,,,2026-09-11 22:29:06
7950fdddbae04d85a524,101,501,2026-09-07,2026-09-07,4626.73,4626.73,4626.73,,,2026-09-11 22:29:06
aef6b36b5aba495c877e,102,501,2026-09-08,2026-09-08,961.52,961.52,961.52,,,2026-09-11 22:29:06
7ac9b686b820421098e6,106,501,2026-09-09,2026-09-09,367.27,367.27,367.27,,,2026-09-11 22:29:06
8fb94daedd0e4f14b002,109,501,2026-08-11,2026-08-11,1683.85,1683.85,1683.85,,,2026-09-11 22:29:06
540843685b5a444d90e7,118,501,2026-08-12,2026-08-12,3032.34,3032.34,3032.34,,,2026-09-11 22:29:06
2e01f388c8e94c1cbc8b,111,501,2026-08-13,2026-08-13,5836.46,5836.46,5836.46,,,2026-09-11 22:29:06
209807c72a074c31a563,114,501,2026-08-14,2026-08-14,321.66,321.66,321.66,,,2026-09-11 22:29:06
166517fcbf3d4d72bb95,117,501,2026-08-15,2026-08-15,1107.96,1107.96,1107.96,,,2026-09-11 22:29:06
0404bfd694c040679ad6,114,501,2026-08-16,2026-08-16,1451.44,1451.44,1451.44,,,2026-09-11 22:29:06
30adf51561254fb39eba,107,501,2026-08-17,2026-08-17,6832.32,6832.32,6832.32,,,2026-09-11 22:29:06
dde6c1f9bd984b23a05b,112,501,2026-08-18,2026-08-18,330.13,330.13,330.13,,,2026-09-11 22:29:06
4c63a2f551334330b564,111,501,2026-08-19,2026-08-19,4157.83,4157.83,4157.83,,,2026-09-11 22:29:06
1d35b140a5394c129988,108,501,2026-08-20,2026-08-20,961.05,961.05,961.05,,,2026-09-11 22:29:06
27802632fc4e490db283,116,501,2026-08-21,2026-08-21,630.03,630.03,630.03,,,2026-09-11 22:29:06
aa3d98a4489e40139c50,117,501,2026-08-22,2026-08-22,865.11,865.11,865.11,,,2026-09-11 22:29:06
bb1c6b5d34634acbbceb,113,501,2026-08-23,2026-08-23,1104.06,1104.06,1104.06,,,2026-09-11 22:29:06
69643b77af9c48f887eb,102,501,2026-08-24,2026-08-24,151.91,151.91,151.91,,,2026-09-11 22:29:06
84f1101246a44c9b958f,109,501,2026-08-25,2026-08-25,1349.68,1349.68,1349.68,,,2026-09-11 22:29:06
642941bef43b42c4832b,103,501,2026-08-26,2026-08-26,2829.94,2829.94,2829.94,,,2026-09-11 22:29:06
041085854021433c8d1a,120,501,2026-08-27,2026-08-27,1891.83,1891.83,1891.83,,,2026-09-11 22:29:06
e52ad6c248424be287bd,114,501,2026-08-28,2026-08-28,2918.35,2918.35,2918.35,,,2026-09-11 22:29:06
d50b5a08c2df4b509f0f,106,501,2026-08-29,2026-08-29,1194.54,1194.54,1194.54,,,2026-09-11 22:29:06
82acf99c7cf44d22b86e,117,501,2026-08-30,2026-08-30,1305.84,1305.84,1305.84,,,2026-09-11 22:29:06
86956ffc337542878ed7,112,501,2026-08-31,2026-08-31,132.1,132.1,132.1,,,2026-09-11 22:29:06
b2e88f3e781043b899e7,108,501,2026-09-01,2026-09-01,192.43,192.43,192.43,,,2026-09-11 22:29:06
7cb2731fd8ab490c9b5a,102,501,2026-09-02,2026-09-02,3578.44,3578.44,3578.44,,,2026-09-11 22:29:06
e2a4c36b1ef1480ba00f,101,501,2026-09-03,2026-09-03,255.56,255.56,255.56,,,2026-09-11 22:29:06
c9fb4952d95e4de49878,119,501,2026-09-04,2026-09-04,1087.49,1087.49,1087.49,,,2026-09-11 22:29:06
a3afad26febc4ca68eeb,120,501,2026-09-05,2026-09-05,1066.97,1066.97,1066.97,,,2026-09-11 22:29:06
da508fccac0448889fc5,103,501,2026-09-06,2026-09-06,4605.74,4605.74,4605.74,,,2026-09-11 22:29:06
02052d6be2e14bd09fc7,104,501,2026-09-07,2026-09-07,292.48,292.48,292.48,,,2026-09-11 22:29:06
90dcc345a9dc4bcc99d5,119,501,2026-09-08,2026-09-08,2475.74,2475.74,2475.74,,,2026-09-11 22:29:06
bd829a246e4a4cb489fb,111,501,2026-09-09,2026-09-09,2796.58,2796.58,2796.58,,,2026-09-11 22:29:06
6477bccf50314dedb57b,115,501,2026-08-11,2026-08-11,1849.07,1849.07,1849.07,,,2026-09-11 22:29:06
cf6dd207336a4aa1a019,108,501,2026-08-12,2026-08-12,915.43,915.43,915.43,,,2026-09-11 22:29:06
c174a1e50a7441979c78,118,501,2026-08-13,2026-08-13,2359.91,2359.91,2359.91,,,2026-09-11 22:29:06
9883e22439d64b3c8cb2,110,501,2026-08-14,2026-08-14,939.71,939.71,939.71,,,2026-09-11 22:29:06
ab038102c5344cbdb979,102,501,2026-08-15,2026-08-15,7129.27,7129.27,7129.27,,,2026-09-11 22:29:06
89421abdf2a9434b88a2,112,501,2026-08-16,2026-08-16,470.18,470.18,470.18,,,2026-09-11 22:29:06
5ee6ceda06d148aebefe,119,501,2026-08-17,2026-08-17,717.53,717.53,717.53,,,2026-09-11 22:29:06
11c7819c532d411fbf85,101,501,2026-08-18,2026-08-18,5639.28,5639.28,5639.28,,,2026-09-11 22:29:06
e335bffa053244e9b280,113,501,2026-08-19,2026-08-19,2700.24,2700.24,2700.24,,,2026-09-11 22:29:06
f8de41e708f145ee8099,118,501,2026-08-20,2026-08-20,1974.28,1974.28,1974.28,,,2026-09-11 22:29:06
71d0c8bfba6340829816,119,501,2026-08-21,2026-08-21,442.71,442.71,442.71,,,2026-09-11 22:29:06
5191454c1fee49f29cc7,108,501,2026-08-22,2026-08-22,104.25,104.25,104.25,,,2026-09-11 22:29:06
8a8819c03d86492ca556,102,501,2026-08-23,2026-08-23,38.89,38.89,38.89,,,2026-09-11 22:29:06
43904aa4dc8643ca880e,108,501,2026-08-24,2026-08-24,302.77,302.77,302.77,,,2026-09-11 22:29:06
7abbcb89ccb94df1a4a3,115,501,2026-08-25,2026-08-25,3169.13,3169.13,3169.13,,,2026-09-11 22:29:06
6e882e2997034fbc8345,115,501,2026-08-26,2026-08-26,949.31,949.31,949.31,,,2026-09-11 22:29:06
9ae8f28d17414d11a123,105,501,2026-08-27,2026-08-27,3689.77,3689.77,3689.77,,,2026-09-11 22:29:06
fda75cf56b6a40d8b28d,108,501,2026-08-28,2026-08-28,3218.25,3218.25,3218.25,,,2026-09-11 22:29:06
517c3af928944723ab83,119,501,2026-08-29,2026-08-29,5424.77,5424.77,5424.77,,,2026-09-11 22:29:06
6a10980e541e4273b910,111,501,2026-08-30,2026-08-30,229,229,229,,,2026-09-11 22:29:06
b7fe810b2a7d45d68c2b,109,501,2026-08-31,2026-08-31,2940.91,2940.91,2940.91,,,2026-09-11 22:29:06
be2941b2b08a403f9644,109,501,2026-09-01,2026-09-01,630.62,630.62,630.62,,,2026-09-11 22:29:06
a7dcd632b4eb468aa1ca,113,501,2026-09-02,2026-09-02,3144.92,3144.92,3144.92,,,2026-09-11 22:29:06
24a2b6218899484f828a,107,501,2026-09-03,2026-09-03,2335.18,2335.18,2335.18,,,2026-09-11 22:29:06
354c5572097c4bbb8899,110,501,2026-09-04,2026-09-04,136.81,136.81,136.81,,,2026-09-11 22:29:06
3c1ecf3e73da450dbd63,103,501,2026-09-05,2026-09-05,522.05,522.05,522.05,,,2026-09-11 22:29:06
41cbd583164e4b84a400,109,501,2026-09-06,2026-09-06,2544.48,2544.48,2544.48,,,2026-09-11 22:29:06
df0ac96c512e4d05a7c5,112,501,2026-09-07,2026-09-07,1397.01,1397.01,1397.01,,,2026-09-11 22:29:06
af603adb05654867b7b2,120,501,2026-09-08,2026-09-08,1658.31,1658.31,1658.31,,,2026-09-11 22:29:06
519eb84107cf4535aa6d,105,501,2026-09-09,2026-09-09,6307.77,6307.77,6307.77,,,2026-09-11 22:29:06
6fb1a3a84c484e97b405,101,501,2026-08-11,2026-08-11,4639.37,4639.37,4639.37,,,2026-09-11 22:29:06
30a4ef57fa6a4a478790,117,501,2026-08-12,2026-08-12,3493.39,3493.39,3493.39,,,2026-09-11 22:29:06
20785ddc3e40418c939f,117,501,2026-08-13,2026-08-13,4550.99,4550.99,4550.99,,,2026-09-11 22:29:06
d2a181ca6ac34168804e,105,501,2026-08-14,2026-08-14,5312.89,5312.89,5312.89,,,2026-09-11 22:29:06
524ff40913db48c3a55a,104,501,2026-08-15,2026-08-15,123.01,123.01,123.01,,,2026-09-11 22:29:06
dfb2b37e4e244c0bb1c3,114,501,2026-08-16,2026-08-16,4565.76,4565.76,4565.76,,,2026-09-11 22:29:06
aa6489e1a54b4f979fda,108,501,2026-08-17,2026-08-17,1703.07,1703.07,1703.07,,,2026-09-11 22:29:06
954fa30832bc4468bcc6,115,501,2026-08-18,2026-08-18,2231.13,2231.13,2231.13,,,2026-09-11 22:29:06
e728cf5e98a541cfa97c,106,501,2026-08-19,2026-08-19,1334.39,1334.39,1334.39,,,2026-09-11 22:29:06
eeae6ea755e64f0a9b95,114,501,2026-08-20,2026-08-20,3922.09,3922.09,3922.09,,,2026-09-11 22:29:06
90543b96022e4726a2c2,107,501,2026-08-21,2026-08-21,542.37,542.37,542.37,,,2026-09-11 22:29:06
d02909e204c14007b711,117,501,2026-08-22,2026-08-22,462.7,462.7,462.7,,,2026-09-11 22:29:06
5b4bd4c6ee9042b08dfc,112,501,2026-08-23,2026-08-23,2405.85,2405.85,2405.85,,,2026-09-11 22:29:06
cd7d82e81204426cbb32,103,501,2026-08-24,2026-08-24,1998.61,1998.61,1998.61,,,2026-09-11 22:29:06
7f7a33c6b0ac4ceea30c,101,501,2026-08-25,2026-08-25,1325,1325,1325,,,2026-09-11 22:29:06
a522e27d303e4e59ac66,110,501,2026-08-26,2026-08-26,5388.53,5388.53,5388.53,,,2026-09-11 22:29:06
91ce3252fcc3493d976d,101,501,2026-08-27,2026-08-27,2529.92,2529.92,2529.92,,,2026-09-11 22:29:06
d8d67f492e3e40e2a83f,103,501,2026-08-28,2026-08-28,140.58,140.58,140.58,,,2026-09-11 22:29:06
5b586642ce6a4536a538,108,501,2026-08-29,2026-08-29,795.67,795.67,795.67,,,2026-09-11 22:29:06
0703050458aa4a69ac70,101,501,2026-08-30,2026-08-30,2189.45,2189.45,2189.45,,,2026-09-11 22:29:06
fee13c7694fa4a3489f7,110,501,2026-08-31,2026-08-31,702.38,702.38,702.38,,,2026-09-11 22:29:06
d807938c9d374753b6d8,109,501,2026-09-01,2026-09-01,4324.34,4324.34,4324.34,,,2026-09-11 22:29:06
22f518354c764509bdb9,118,501,2026-09-02,2026-09-02,382.13,382.13,382.13,,,2026-09-11 22:29:06
7fa465b9a6d14b91bddc,120,501,2026-09-03,2026-09-03,2061.44,2061.44,2061.44,,,2026-09-11 22:29:06
27e9fa1d8a4c485a9181,115,501,2026-09-04,2026-09-04,2549.02,2549.02,2549.02,,,2026-09-11 22:29:06
2e4bfc6ec4a54aa5a5a2,117,501,2026-09-05,2026-09-05,5310.34,5310.34,5310.34,,,2026-09-11 22:29:06
7f360b6bd2634f00a493,114,501,2026-09-06,2026-09-06,1340.94,1340.94,1340.94,,,2026-09-11 22:29:06
73606706519649aa8428,107,501,2026-09-07,2026-09-07,917.42,917.42,917.42,,,2026-09-11 22:29:06
483d87427b564432b0df,115,501,2026-09-08,2026-09-08,235.35,235.35,235.35,,,2026-09-11 22:29:06
fc44dfac6e534b30b620,107,501,2026-09-09,2026-09-09,6226.81,6226.81,6226.81,,,2026-09-11 22:29:06
397d4862ef2d47638be1,118,501,2026-08-11,2026-08-11,940.82,940.82,940.82,,,2026-09-11 22:29:06
ac804016695044429d31,117,501,2026-08-12,2026-08-12,274.7,274.7,274.7,,,2026-09-11 22:29:06
91fc4cfb88e54e3895b9,118,501,2026-08-13,2026-08-13,2338.98,2338.98,2338.98,,,2026-09-11 22:29:06
65bfacd67e5247b4b6a3,101,501,2026-08-14,2026-08-14,4692.22,4692.22,4692.22,,,2026-09-11 22:29:06
c3e730504f984e44ba11,119,501,2026-08-15,2026-08-15,1475.96,1475.96,1475.96,,,2026-09-11 22:29:06
27bbc7514a814e7c9f91,111,501,2026-08-16,2026-08-16,1531.6,1531.6,1531.6,,,2026-09-11 22:29:06
9f19ebcabf0149f9aa20,114,501,2026-08-17,2026-08-17,252.19,252.19,252.19,,,2026-09-11 22:29:06
b9a472757f7f4ae9a128,115,501,2026-08-18,2026-08-18,888.24,888.24,888.24,,,2026-09-11 22:29:06
766ea257b9da44529b40,117,501,2026-08-19,2026-08-19,2830.83,2830.83,2830.83,,,2026-09-11 22:29:06
39f4e1d0d01943b39d58,111,501,2026-08-20,2026-08-20,57.06,57.06,57.06,,,2026-09-11 22:29:06
292a1938d8b74f9c9693,119,501,2026-08-21,2026-08-21,2612.21,2612.21,2612.21,,,2026-09-11 22:29:06
d37d1da8cdb54fe39e23,106,501,2026-08-22,2026-08-22,2206.75,2206.75,2206.75,,,2026-09-11 22:29:06
b943e402b9be43d1b5e2,109,501,2026-08-23,2026-08-23,928.13,928.13,928.13,,,2026-09-11 22:29:06
3ad8adf2cf80439eb73d,110,501,2026-08-24,2026-08-24,3201.51,3201.51,3201.51,,,2026-09-11 22:29:06
34b5f5e8c40040c6a515,105,501,2026-08-25,2026-08-25,4746.75,4746.75,4746.75,,,2026-09-11 22:29:06
66c58ec68bb141f9aa76,115,501,2026-08-26,2026-08-26,1941.31,1941.31,1941.31,,,2026-09-11 22:29:06
4094ccb4e7394c89af6e,101,501,2026-08-27,2026-08-27,601.91,601.91,601.91,,,2026-09-11 22:29:06
af4ef91b735b434f936c,119,501,2026-08-28,2026-08-28,104.36,104.36,104.36,,,2026-09-11 22:29:06
fdc7667f3c004b1cbf57,108,501,2026-08-29,2026-08-29,1153.64,1153.64,1153.64,,,2026-09-11 22:29:06
3fd6eb28ef14450a9982,110,501,2026-08-30,2026-08-30,6994.69,6994.69,6994.69,,,2026-09-11 22:29:06
7794ef1989c44fcca1ce,117,501,2026-08-31,2026-08-31,4030.93,4030.93,4030.93,,,2026-09-11 22:29:06
59261de7efc5491d9c81,109,501,2026-09-01,2026-09-01,4045.3,4045.3,4045.3,,,2026-09-11 22:29:06
2e5aee98b1034d9db72d,106,501,2026-09-02,2026-09-02,510.74,510.74,510.74,,,2026-09-11 22:29:06
67f92c926eab4524b743,119,501,2026-09-03,2026-09-03,1197.09,1197.09,1197.09,,,2026-09-11 22:29:06
ca9c617194cc4d559cd6,115,501,2026-09-04,2026-09-04,662.19,662.19,662.19,,,2026-09-11 22:29:06
061a8b7fc8a340248c18,112,501,2026-09-05,2026-09-05,6176.09,6176.09,6176.09,,,2026-09-11 22:29:06
3b35aae0c0424ce8b8bd,113,501,2026-09-06,2026-09-06,592.59,592.59,592.59,,,2026-09-11 22:29:06
522bea40d0bb4175a104,115,501,2026-09-07,2026-09-07,3652.56,3652.56,3652.56,,,2026-09-11 22:29:06
415f0c1855e64ba2a633,101,501,2026-09-08,2026-09-08,1948.17,1948.17,1948.17,,,2026-09-11 22:29:06
6d96f7269f934047b9b7,109,501,2026-09-09,2026-09-09,4014.2,4014.2,4014.2,,,2026-09-11 22:29:06
7cc62cb3d8fe47a09400,101,501,2026-08-11,2026-08-11,2128.21,2128.21,2128.21,,,2026-09-11 22:29:06
bda4d6a7acf449d692c4,116,501,2026-08-12,2026-08-12,6602.01,6602.01,6602.01,,,2026-09-11 22:29:06
a9d1eaa6bb204286814c,111,501,2026-08-13,2026-08-13,7373.6,7373.6,7373.6,,,2026-09-11 22:29:06
77b4a3d9c6f244318870,114,501,2026-08-14,2026-08-14,1864.14,1864.14,1864.14,,,2026-09-11 22:29:06
ce6b971ec59f4eaab96c,110,501,2026-08-15,2026-08-15,764.11,764.11,764.11,,,2026-09-11 22:29:06
9d54d5a8bce847bdb1af,107,501,2026-08-16,2026-08-16,16.76,16.76,16.76,,,2026-09-11 22:29:06
1de64ac1f085402482fe,105,501,2026-08-17,2026-08-17,4199.12,4199.12,4199.12,,,2026-09-11 22:29:06
cd40bb5460d044c1ac5b,117,501,2026-08-18,2026-08-18,578.37,578.37,578.37,,,2026-09-11 22:29:06
f0d4b1302c6b4f69a925,116,501,2026-08-19,2026-08-19,3427.56,3427.56,3427.56,,,2026-09-11 22:29:06
8213af85a5854b6a8e3d,101,501,2026-08-20,2026-08-20,568.76,568.76,568.76,,,2026-09-11 22:29:06
2dc3ec11d779470c82a7,101,501,2026-08-21,2026-08-21,54.12,54.12,54.12,,,2026-09-11 22:29:06
90d25e8429de4eefbd92,103,501,2026-08-22,2026-08-22,2414.02,2414.02,2414.02,,,2026-09-11 22:29:06
fe8ec07d968a4519aadf,120,501,2026-08-23,2026-08-23,821.09,821.09,821.09,,,2026-09-11 22:29:06
2f8b9178fe9a4046ac04,105,501,2026-08-24,2026-08-24,66.28,66.28,66.28,,,2026-09-11 22:29:06
1341996d87484deebfd2,105,501,2026-08-25,2026-08-25,3256.58,3256.58,3256.58,,,2026-09-11 22:29:06
106cf4d13dc345b1bb9e,117,501,2026-08-26,2026-08-26,1727.68,1727.68,1727.68,,,2026-09-11 22:29:06
c4df89ccf8e74fb1891e,102,501,2026-08-27,2026-08-27,1111.58,1111.58,1111.58,,,2026-09-11 22:29:06
7f1f6a15375d4bfebbad,112,501,2026-08-28,2026-08-28,1357.66,1357.66,1357.66,,,2026-09-11 22:29:06
c66e260542374b418fd2,112,501,2026-08-29,2026-08-29,777.99,777.99,777.99,,,2026-09-11 22:29:06
01fc32cb0f4747279d0c,101,501,2026-08-30,2026-08-30,5820.86,5820.86,5820.86,,,2026-09-11 22:29:06
e873036633ed49a7bfca,104,501,2026-08-31,2026-08-31,91.89,91.89,91.89,,,2026-09-11 22:29:06
56f942c5fe354458a6ff,117,501,2026-09-01,2026-09-01,3194.3,3194.3,3194.3,,,2026-09-11 22:29:06
873010e74943420c9945,108,501,2026-09-02,2026-09-02,176.6,176.6,176.6,,,2026-09-11 22:29:06
3c75c0c4c68b4df9a482,116,501,2026-09-03,2026-09-03,387.84,387.84,387.84,,,2026-09-11 22:29:06
b606787d51ed4c13a6b3,106,501,2026-09-04,2026-09-04,1036.59,1036.59,1036.59,,,2026-09-11 22:29:06
fc3e3031e5b8441b97e1,116,501,2026-09-05,2026-09-05,4613.14,4613.14,4613.14,,,2026-09-11 22:29:06
64bc5076a8da46c48b3f,115,501,2026-09-06,2026-09-06,3139.19,3139.19,3139.19,,,2026-09-11 22:29:06
74c7a99bc65f4792ab2c,108,501,2026-09-07,2026-09-07,7976.22,7976.22,7976.22,,,2026-09-11 22:29:06
ddd4f5e8fb03494dbe36,106,501,2026-09-08,2026-09-08,3348.09,3348.09,3348.09,,,2026-09-11 22:29:06
3784b319c0a04b68af97,102,501,2026-09-09,2026-09-09,148.47,148.47,148.47,,,2026-09-11 22:29:06
bc75928e2f4a4ed68fe9,106,501,2026-08-11,2026-08-11,5881.24,5881.24,5881.24,,,2026-09-11 22:29:06
7e27b08c5db643d18928,101,501,2026-08-12,2026-08-12,5728.36,5728.36,5728.36,,,2026-09-11 22:29:06
a2072b47fe53427a9e45,102,501,2026-08-13,2026-08-13,6832.31,6832.31,6832.31,,,2026-09-11 22:29:06
d7506be2a53c4510beaa,117,501,2026-08-14,2026-08-14,1190.71,1190.71,1190.71,,,2026-09-11 22:29:06
ba59df3b1bad41ab9dff,104,501,2026-08-15,2026-08-15,388.13,388.13,388.13,,,2026-09-11 22:29:06
6151296c51814720a0ca,119,501,2026-08-16,2026-08-16,496.45,496.45,496.45,,,2026-09-11 22:29:06
1c9d81afdcbb49dc8f03,116,501,2026-08-17,2026-08-17,1148.27,1148.27,1148.27,,,2026-09-11 22:29:06
99ae81af463f41e89948,108,501,2026-08-18,2026-08-18,574.52,574.52,574.52,,,2026-09-11 22:29:06
8c50800530014a1b9d9c,118,501,2026-08-19,2026-08-19,339.15,339.15,339.15,,,2026-09-11 22:29:06
2e9af78c6922490a8aa8,103,501,2026-08-20,2026-08-20,994.95,994.95,994.95,,,2026-09-11 22:29:06
039d2dc6b2e848f7b23c,103,501,2026-08-21,2026-08-21,4119.15,4119.15,4119.15,,,2026-09-11 22:29:06
1470c03c785d4f73913e,101,501,2026-08-22,2026-08-22,2814.63,2814.63,2814.63,,,2026-09-11 22:29:06
958786d5c6bb4a4ebadb,120,501,2026-08-23,2026-08-23,2428.15,2428.15,2428.15,,,2026-09-11 22:29:06
a9d1be44515b4f2ea146,111,501,2026-08-24,2026-08-24,1751.27,1751.27,1751.27,,,2026-09-11 22:29:06
9c7b79ee5b5b45f288ba,119,501,2026-08-25,2026-08-25,853.62,853.62,853.62,,,2026-09-11 22:29:06
97db4bd36d6947f1bbbd,111,501,2026-08-26,2026-08-26,6743.14,6743.14,6743.14,,,2026-09-11 22:29:06
f7470763b494468c8337,120,501,2026-08-27,2026-08-27,2540.91,2540.91,2540.91,,,2026-09-11 22:29:06
4645238b2db2477cb7c0,108,501,2026-08-28,2026-08-28,2288.14,2288.14,2288.14,,,2026-09-11 22:29:06
704437e256624e0fa268,115,501,2026-08-29,2026-08-29,651.85,651.85,651.85,,,2026-09-11 22:29:06
0ac583a1306c42e483fd,114,501,2026-08-30,2026-08-30,3473.21,3473.21,3473.21,,,2026-09-11 22:29:06
bb7f9658cc284bf3a732,109,501,2026-08-31,2026-08-31,1224.55,1224.55,1224.55,,,2026-09-11 22:29:06
fe383a0bc9a045358321,117,501,2026-09-01,2026-09-01,1548.88,1548.88,1548.88,,,2026-09-11 22:29:06
fa34fff3f5ef4650a6e1,116,501,2026-09-02,2026-09-02,1907.94,1907.94,1907.94,,,2026-09-11 22:29:06
b3427daf27fd4f8da65e,104,501,2026-09-03,2026-09-03,585.49,585.49,585.49,,,2026-09-11 22:29:06
b1c0811827094674b3fd,118,501,2026-09-04,2026-09-04,51.8,51.8,51.8,,,2026-09-11 22:29:06
afda8737f8b84659b056,110,501,2026-09-05,2026-09-05,2696.29,2696.29,2696.29,,,2026-09-11 22:29:06
88786b6c36384e74a82c,111,501,2026-09-06,2026-09-06,4301.47,4301.47,4301.47,,,2026-09-11 22:29:06
6c811fb90c79468fb66c,104,501,2026-09-07,2026-09-07,144.39,144.39,144.39,,,2026-09-11 22:29:06
aa9479c11d044871a98d,109,501,2026-09-08,2026-09-08,3479.14,3479.14,3479.14,,,2026-09-11 22:29:06
31fd719d3c134cd4ad7e,104,501,2026-09-09,2026-09-09,3215.94,3215.94,3215.94,,,2026-09-11 22:29:06
6affd8a6cbca491887ae,116,501,2026-08-11,2026-08-11,568.79,568.79,568.79,,,2026-09-11 22:29:06
b27d15b8775a4425974d,119,501,2026-08-12,2026-08-12,624.55,624.55,624.55,,,2026-09-11 22:29:06
cb995fee8c3841339fdb,113,501,2026-08-13,2026-08-13,2585.46,2585.46,2585.46,,,2026-09-11 22:29:06
17f676e97ba040fca970,103,501,2026-08-14,2026-08-14,5446.76,5446.76,5446.76,,,2026-09-11 22:29:06
bce16e6436d4408c8707,118,501,2026-08-15,2026-08-15,2469.95,2469.95,2469.95,,,2026-09-11 22:29:06
0d8b047415fd48418f22,108,501,2026-08-16,2026-08-16,1403.25,1403.25,1403.25,,,2026-09-11 22:29:06
67dbf16066984b41a494,113,501,2026-08-17,2026-08-17,5290.36,5290.36,5290.36,,,2026-09-11 22:29:06
4ce1bc65af384cd583c8,109,501,2026-08-18,2026-08-18,1699.77,1699.77,1699.77,,,2026-09-11 22:29:06
0a21612fc1744d86ab8c,114,501,2026-08-19,2026-08-19,16.14,16.14,16.14,,,2026-09-11 22:29:06
dbd023d110ce442f8401,119,501,2026-08-20,2026-08-20,3027.77,3027.77,3027.77,,,2026-09-11 22:29:06
79de5d9785124dbcba4a,118,501,2026-08-21,2026-08-21,2345.77,2345.77,2345.77,,,2026-09-11 22:29:06
e6b904c3c99f45508743,119,501,2026-08-22,2026-08-22,95.68,95.68,95.68,,,2026-09-11 22:29:06
96e073583295438da1d0,114,501,2026-08-23,2026-08-23,941.87,941.87,941.87,,,2026-09-11 22:29:06
4accd5243e194854a325,118,501,2026-08-24,2026-08-24,37.41,37.41,37.41,,,2026-09-11 22:29:06
2ef24f5afa894335a649,106,501,2026-08-25,2026-08-25,514.86,514.86,514.86,,,2026-09-11 22:29:06
b309b13dbfc44c0095ea,104,501,2026-08-26,2026-08-26,69.75,69.75,69.75,,,2026-09-11 22:29:06
fa7852873f0b4d84ba95,101,501,2026-08-27,2026-08-27,5324.74,5324.74,5324.74,,,2026-09-11 22:29:06
7afca403097d4c0484cd,111,501,2026-08-28,2026-08-28,688.39,688.39,688.39,,,2026-09-11 22:29:06
09a828118c6248a28d7c,116,501,2026-08-29,2026-08-29,3716.5,3716.5,3716.5,,,2026-09-11 22:29:06
f61bfab52297474b8cfb,113,501,2026-08-30,2026-08-30,2981.73,2981.73,2981.73,,,2026-09-11 22:29:06
15246b2e489242fb80b1,119,501,2026-08-31,2026-08-31,1764.78,1764.78,1764.78,,,2026-09-11 22:29:06
f227109cd09146458c85,110,501,2026-09-01,2026-09-01,5101.86,5101.86,5101.86,,,2026-09-11 22:29:06
ff26a77d984244b199c4,117,501,2026-09-02,2026-09-02,3114.85,3114.85,3114.85,,,2026-09-11 22:29:06
69448eefb9e14d89adee,116,501,2026-09-03,2026-09-03,4482.37,4482.37,4482.37,,,2026-09-11 22:29:06
bdcd4b6d939740309f55,117,501,2026-09-04,2026-09-04,2174.6,2174.6,2174.6,,,2026-09-11 22:29:06
b8ed9d6e4851419e921c,120,501,2026-09-05,2026-09-05,2283.28,2283.28,2283.28,,,2026-09-11 22:29:06
ab92eced88c74cb0aa36,110,501,2026-09-06,2026-09-06,2860.69,2860.69,2860.69,,,2026-09-11 22:29:06
f10e48acd61145da8db5,111,501,2026-09-07,2026-09-07,1723.5,1723.5,1723.5,,,2026-09-11 22:29:06
d0e0251b8fac402fb96f,104,501,2026-09-08,2026-09-08,1019.37,1019.37,1019.37,,,2026-09-11 22:29:06
1b257e2c3a3c4e478cac,101,501,2026-09-09,2026-09-09,7227.67,7227.67,7227.67,,,2026-09-11 22:29:06
8016d8e04ffe4d10b5ba,101,501,2026-08-11,2026-08-11,2522.51,2522.51,2522.51,,,2026-09-11 22:29:06
12513ee305e147869b33,110,501,2026-08-12,2026-08-12,757.32,757.32,757.32,,,2026-09-11 22:29:06
6853dc816b8e4cd9b54f,116,501,2026-08-13,2026-08-13,8093.76,8093.76,8093.76,,,2026-09-11 22:29:06
5b1d9523a0b74d37bd87,106,501,2026-08-14,2026-08-14,1647.71,1647.71,1647.71,,,2026-09-11 22:29:06
63fe3c2a69b446c89f73,114,501,2026-08-15,2026-08-15,719.28,719.28,719.28,,,2026-09-11 22:29:06
32019cd5224d4650aaa0,109,501,2026-08-16,2026-08-16,140.07,140.07,140.07,,,2026-09-11 22:29:06
51794dddc06d41ce80cc,112,501,2026-08-17,2026-08-17,719.99,719.99,719.99,,,2026-09-11 22:29:06
c8cf267ff316468db496,107,501,2026-08-18,2026-08-18,2579.86,2579.86,2579.86,,,2026-09-11 22:29:06
1577d69f313c423087c2,114,501,2026-08-19,2026-08-19,4231.66,4231.66,4231.66,,,2026-09-11 22:29:06
49a7e5d5f5a24ab39526,120,501,2026-08-20,2026-08-20,6653.77,6653.77,6653.77,,,2026-09-11 22:29:06
05153a2a0cab4c40992b,113,501,2026-08-21,2026-08-21,886.83,886.83,886.83,,,2026-09-11 22:29:06
914a594f0cbd4a208911,104,501,2026-08-22,2026-08-22,3493.23,3493.23,3493.23,,,2026-09-11 22:29:06
0ff214a2565149a791b8,108,501,2026-08-23,2026-08-23,6014.84,6014.84,6014.84,,,2026-09-11 22:29:06
7074e4af57ca493daf4b,118,501,2026-08-24,2026-08-24,456.19,456.19,456.19,,,2026-09-11 22:29:06
045c5553725a4bd1a015,120,501,2026-08-25,2026-08-25,393.26,393.26,393.26,,,2026-09-11 22:29:06
099dbcf3630c493db7d6,112,501,2026-08-26,2026-08-26,2605.84,2605.84,2605.84,,,2026-09-11 22:29:06
d3dab09116d449b8bb2d,108,501,2026-08-27,2026-08-27,106.81,106.81,106.81,,,2026-09-11 22:29:06
d824ba3d083140e396a9,118,501,2026-08-28,2026-08-28,2904,2904,2904,,,2026-09-11 22:29:06
e9055fa513cf42ab96d4,107,501,2026-08-29,2026-08-29,4300.86,4300.86,4300.86,,,2026-09-11 22:29:06
b0b045b6a7a545e3972f,117,501,2026-08-30,2026-08-30,6780.66,6780.66,6780.66,,,2026-09-11 22:29:06
55a4d6dbda3447a78251,118,501,2026-08-31,2026-08-31,503.11,503.11,503.11,,,2026-09-11 22:29:06
b03dc8012f774618be15,108,501,2026-09-01,2026-09-01,562.72,562.72,562.72,,,2026-09-11 22:29:06
0c62fbf0c87c476bbea3,106,501,2026-09-02,2026-09-02,1661.63,1661.63,1661.63,,,2026-09-11 22:29:06
1a7f29861a8f42f5916d,106,501,2026-09-03,2026-09-03,2899.07,2899.07,2899.07,,,2026-09-11 22:29:06
3f8d5480084e4c38aae6,112,501,2026-09-04,2026-09-04,3115.13,3115.13,3115.13,,,2026-09-11 22:29:06
d34c18322317439d94ca,114,501,2026-09-05,2026-09-05,584.98,584.98,584.98,,,2026-09-11 22:29:06
be31e372f7de434aa96c,108,501,2026-09-06,2026-09-06,5064,5064,5064,,,2026-09-11 22:29:06
2582adc39c8a4d59947b,114,501,2026-09-07,2026-09-07,489.16,489.16,489.16,,,2026-09-11 22:29:06
1924fd9b6a2741cdaf43,118,501,2026-09-08,2026-09-08,672.27,672.27,672.27,,,2026-09-11 22:29:06
25be17deaba84b1193d0,116,501,2026-09-09,2026-09-09,1900.39,1900.39,1900.39,,,2026-09-11 22:29:06
f7b490f23fcd4eeeadc9,112,502,2026-08-11,2026-08-11,936.31,936.31,936.31,,,2026-09-11 22:29:06
d26ce764052b4a04a1fe,110,502,2026-08-12,2026-08-12,1077.18,1077.18,1077.18,,,2026-09-11 22:29:06
be5860c5a160428aa0fd,118,502,2026-08-13,2026-08-13,304.62,304.62,304.62,,,2026-09-11 22:29:06
57010817c0da4314abc7,103,502,2026-08-14,2026-08-14,185,185,185,,,2026-09-11 22:29:06
c6ffc72d79f644a68876,109,502,2026-08-15,2026-08-15,973.45,973.45,973.45,,,2026-09-11 22:29:06
8698adbfc7844be4b211,117,502,2026-08-16,2026-08-16,1642.08,1642.08,1642.08,,,2026-09-11 22:29:06
bffab09a8d8145f690e5,106,502,2026-08-17,2026-08-17,27.76,27.76,27.76,,,2026-09-11 22:29:06
a4ca92003bf24f0abc58,103,502,2026-08-18,2026-08-18,1273.03,1273.03,1273.03,,,2026-09-11 22:29:06
a1fb10faa29a4f51883f,117,502,2026-08-19,2026-08-19,16.89,16.89,16.89,,,2026-09-11 22:29:06
ff731ee4cec64ff3a7f4,113,502,2026-08-20,2026-08-20,799.09,799.09,799.09,,,2026-09-11 22:29:06
ce1de491e59440c3a3e4,118,502,2026-08-21,2026-08-21,2335.29,2335.29,2335.29,,,2026-09-11 22:29:06
287cb88890954927bd85,116,502,2026-08-22,2026-08-22,425.58,425.58,425.58,,,2026-09-11 22:29:06
9b4d20c9f7c340609bb5,118,502,2026-08-23,2026-08-23,430.36,430.36,430.36,,,2026-09-11 22:29:06
f17a7f02f9454306887e,103,502,2026-08-24,2026-08-24,931.66,931.66,931.66,,,2026-09-11 22:29:06
23a4f54f7e8c49a5a14e,112,502,2026-08-25,2026-08-25,147.83,147.83,147.83,,,2026-09-11 22:29:06
095d7669b19e4931a815,107,502,2026-08-26,2026-08-26,559.31,559.31,559.31,,,2026-09-11 22:29:06
46288eca917e4ebfa277,104,502,2026-08-27,2026-08-27,2369.44,2369.44,2369.44,,,2026-09-11 22:29:06
0bb5c9edae0947cbb1db,103,502,2026-08-28,2026-08-28,467.05,467.05,467.05,,,2026-09-11 22:29:06
4ce38de9389746cd9b4a,120,502,2026-08-29,2026-08-29,101.1,101.1,101.1,,,2026-09-11 22:29:06
a5f495ecd04244fa8749,110,502,2026-08-30,2026-08-30,929.54,929.54,929.54,,,2026-09-11 22:29:06
3ca51527469240fc960d,103,502,2026-08-31,2026-08-31,243.32,243.32,243.32,,,2026-09-11 22:29:06
6cacf1fd14df4db8b3d3,108,502,2026-09-01,2026-09-01,246.66,246.66,246.66,,,2026-09-11 22:29:06
16403569bb254350a29e,106,502,2026-09-02,2026-09-02,33.76,33.76,33.76,,,2026-09-11 22:29:06
a901e25425274e01b15b,101,502,2026-09-03,2026-09-03,1207.86,1207.86,1207.86,,,2026-09-11 22:29:06
648357bf247b45d08cac,106,502,2026-09-04,2026-09-04,264.62,264.62,264.62,,,2026-09-11 22:29:06
f5821c580fbb40a693c0,103,502,2026-09-05,2026-09-05,27.73,27.73,27.73,,,2026-09-11 22:29:06
9a51cad5331a407caa22,119,502,2026-09-06,2026-09-06,513.83,513.83,513.83,,,2026-09-11 22:29:06
9aabb9fa5b9e459ea837,113,502,2026-09-07,2026-09-07,142.18,142.18,142.18,,,2026-09-11 22:29:06
fca1a95164284cf99951,106,502,2026-09-08,2026-09-08,354.68,354.68,354.68,,,2026-09-11 22:29:06
26c536f01cea42ea890b,101,502,2026-09-09,2026-09-09,1628.6,1628.6,1628.6,,,2026-09-11 22:29:06
83060459c2c04cd7a175,102,502,2026-08-11,2026-08-11,138.49,138.49,138.49,,,2026-09-11 22:29:06
b2b3eb9bf3e7492999b7,107,502,2026-08-12,2026-08-12,1251.78,1251.78,1251.78,,,2026-09-11 22:29:06
ab83b2bbda68402fa0b6,113,502,2026-08-13,2026-08-13,401.88,401.88,401.88,,,2026-09-11 22:29:06
5d78b0bf32134f359fc9,117,502,2026-08-14,2026-08-14,281,281,281,,,2026-09-11 22:29:06
8d55116571f74ed18fef,107,502,2026-08-15,2026-08-15,168.39,168.39,168.39,,,2026-09-11 22:29:06
1b6bd7fb44a84d5c9c48,115,502,2026-08-16,2026-08-16,1835.47,1835.47,1835.47,,,2026-09-11 22:29:06
e4d22844ec4b4ca88677,112,502,2026-08-17,2026-08-17,612.39,612.39,612.39,,,2026-09-11 22:29:06
c642db344fdb44b4803a,112,502,2026-08-18,2026-08-18,2777.56,2777.56,2777.56,,,2026-09-11 22:29:06
7b29dc30de494b728580,102,502,2026-08-19,2026-08-19,287.34,287.34,287.34,,,2026-09-11 22:29:06
0fe61f9778474488a33e,111,502,2026-08-20,2026-08-20,679.82,679.82,679.82,,,2026-09-11 22:29:06
8f66c2d8807b49ffb257,119,502,2026-08-21,2026-08-21,268.3,268.3,268.3,,,2026-09-11 22:29:06
bff10985d5b14899982d,107,502,2026-08-22,2026-08-22,148.56,148.56,148.56,,,2026-09-11 22:29:06
e6a72acb367a4b7b8b38,119,502,2026-08-23,2026-08-23,1805.55,1805.55,1805.55,,,2026-09-11 22:29:06
b5b9aa7fa5154cec9e28,107,502,2026-08-24,2026-08-24,72.63,72.63,72.63,,,2026-09-11 22:29:06
1a6f3525d3fd45ab9c9b,118,502,2026-08-25,2026-08-25,74.18,74.18,74.18,,,2026-09-11 22:29:06
4477a3308d154408bc29,114,502,2026-08-26,2026-08-26,873.14,873.14,873.14,,,2026-09-11 22:29:06
0259b4c33ab14eda94d2,114,502,2026-08-27,2026-08-27,1276.81,1276.81,1276.81,,,2026-09-11 22:29:06
5f0d230845fd4d27af6a,112,502,2026-08-28,2026-08-28,111.05,111.05,111.05,,,2026-09-11 22:29:06
cf3bbea29ccf4646a7f9,101,502,2026-08-29,2026-08-29,260.1,260.1,260.1,,,2026-09-11 22:29:06
a5564d6f363b4a838fed,114,502,2026-08-30,2026-08-30,6.13,6.13,6.13,,,2026-09-11 22:29:06
2e9db4dba936420ca83a,113,502,2026-08-31,2026-08-31,333.74,333.74,333.74,,,2026-09-11 22:29:06
e4454cb7d113404580c9,118,502,2026-09-01,2026-09-01,2536.67,2536.67,2536.67,,,2026-09-11 22:29:06
002dde5748c94a95ba10,107,502,2026-09-02,2026-09-02,2134.78,2134.78,2134.78,,,2026-09-11 22:29:06
40adaf140bd84abd9845,112,502,2026-09-03,2026-09-03,778.4,778.4,778.4,,,2026-09-11 22:29:06
6b1f87aceecd4112bd75,114,502,2026-09-04,2026-09-04,1319.79,1319.79,1319.79,,,2026-09-11 22:29:06
589bba041fa04e7a83b8,115,502,2026-09-05,2026-09-05,607.53,607.53,607.53,,,2026-09-11 22:29:06
be0d0b612cf14479aeb7,117,502,2026-09-06,2026-09-06,1332.74,1332.74,1332.74,,,2026-09-11 22:29:06
fda942f59d6d4adeafb7,102,502,2026-09-07,2026-09-07,1132.31,1132.31,1132.31,,,2026-09-11 22:29:06
91ec815f1a834e6fa347,120,502,2026-09-08,2026-09-08,273.47,273.47,273.47,,,2026-09-11 22:29:06
dff6eee6e7c84bec86d3,115,502,2026-09-09,2026-09-09,282.68,282.68,282.68,,,2026-09-11 22:29:06
893cba4004e2430ea78c,119,502,2026-08-11,2026-08-11,582.78,582.78,582.78,,,2026-09-11 22:29:06
42d411f37ff2477f9564,116,502,2026-08-12,2026-08-12,351.67,351.67,351.67,,,2026-09-11 22:29:06
0126ea49aaf340f3b9a9,111,502,2026-08-13,2026-08-13,1264.77,1264.77,1264.77,,,2026-09-11 22:29:06
8651a07d577e4e64a481,114,502,2026-08-14,2026-08-14,355.42,355.42,355.42,,,2026-09-11 22:29:06
d05097a6eb2548f4a9ad,117,502,2026-08-15,2026-08-15,2362.73,2362.73,2362.73,,,2026-09-11 22:29:06
bf7a2d9cb0ce4515a7c8,116,502,2026-08-16,2026-08-16,376.21,376.21,376.21,,,2026-09-11 22:29:06
21f5aaad10f14e83a91c,108,502,2026-08-17,2026-08-17,138.31,138.31,138.31,,,2026-09-11 22:29:06
d9b3dced827b4a15aa9b,113,502,2026-08-18,2026-08-18,978.49,978.49,978.49,,,2026-09-11 22:29:06
a3f4d8c3314f4463ae4b,120,502,2026-08-19,2026-08-19,1349.18,1349.18,1349.18,,,2026-09-11 22:29:06
a1ff13efc6cd4b70ad88,110,502,2026-08-20,2026-08-20,685.09,685.09,685.09,,,2026-09-11 22:29:06
bdd4d6e2aed24c71b187,114,502,2026-08-21,2026-08-21,557.69,557.69,557.69,,,2026-09-11 22:29:06
82453fc944b3494ca398,114,502,2026-08-22,2026-08-22,2134.49,2134.49,2134.49,,,2026-09-11 22:29:06
ed54c0944b2f4d6eb0e3,107,502,2026-08-23,2026-08-23,1008.19,1008.19,1008.19,,,2026-09-11 22:29:06
4b4350d2a2274dd58531,118,502,2026-08-24,2026-08-24,93.77,93.77,93.77,,,2026-09-11 22:29:06
f0d04873369645218425,107,502,2026-08-25,2026-08-25,54.08,54.08,54.08,,,2026-09-11 22:29:06
708535ac46eb437ca413,106,502,2026-08-26,2026-08-26,61.06,61.06,61.06,,,2026-09-11 22:29:06
d8065ef978ce4df48add,118,502,2026-08-27,2026-08-27,104.19,104.19,104.19,,,2026-09-11 22:29:06
6a06031603004c6cbf6d,109,502,2026-08-28,2026-08-28,1709.57,1709.57,1709.57,,,2026-09-11 22:29:06
46ab6b5d758f406aa30f,113,502,2026-08-29,2026-08-29,1147.13,1147.13,1147.13,,,2026-09-11 22:29:06
da53b580f60f4996b9d7,109,502,2026-08-30,2026-08-30,1163.82,1163.82,1163.82,,,2026-09-11 22:29:06
88583709ec264a15a537,115,502,2026-08-31,2026-08-31,147.45,147.45,147.45,,,2026-09-11 22:29:06
632d7369ae274f5b9a1f,110,502,2026-09-01,2026-09-01,1321.88,1321.88,1321.88,,,2026-09-11 22:29:06
dec064d7331140908ded,109,502,2026-09-02,2026-09-02,188.35,188.35,188.35,,,2026-09-11 22:29:06
0fd623c0d74540a0a551,106,502,2026-09-03,2026-09-03,2709.22,2709.22,2709.22,,,2026-09-11 22:29:06
06898d7520c9439ca405,111,502,2026-09-04,2026-09-04,1569.92,1569.92,1569.92,,,2026-09-11 22:29:06
a32992ce80d04e8f83df,118,502,2026-09-05,2026-09-05,1377.19,1377.19,1377.19,,,2026-09-11 22:29:06
f4ce4aaceb0942cebb98,103,502,2026-09-06,2026-09-06,651.73,651.73,651.73,,,2026-09-11 22:29:06
657dc7b23efb40d9a9ed,120,502,2026-09-07,2026-09-07,313.18,313.18,313.18,,,2026-09-11 22:29:06
0000c11b7c624bcd9ce7,113,502,2026-09-08,2026-09-08,489.72,489.72,489.72,,,2026-09-11 22:29:06
3b446464e651431ca6a7,105,502,2026-09-09,2026-09-09,538.01,538.01,538.01,,,2026-09-11 22:29:06
684ef0d647f644dcbcaf,119,502,2026-08-11,2026-08-11,226.8,226.8,226.8,,,2026-09-11 22:29:06
575d37dbac4b42e682eb,120,502,2026-08-12,2026-08-12,1954.65,1954.65,1954.65,,,2026-09-11 22:29:06
f354d8962a8344958c29,120,502,2026-08-13,2026-08-13,157.44,157.44,157.44,,,2026-09-11 22:29:06
a3e3e08b1ee84e059db1,104,502,2026-08-14,2026-08-14,668.44,668.44,668.44,,,2026-09-11 22:29:06
c053168e24ba416f901e,112,502,2026-08-15,2026-08-15,198.94,198.94,198.94,,,2026-09-11 22:29:06
cdecf518c07a401a8599,105,502,2026-08-16,2026-08-16,87.23,87.23,87.23,,,2026-09-11 22:29:06
a314d4a4c3ce43e58209,115,502,2026-08-17,2026-08-17,1329.36,1329.36,1329.36,,,2026-09-11 22:29:06
ca3141541a6a4b5a8fb2,113,502,2026-08-18,2026-08-18,685.82,685.82,685.82,,,2026-09-11 22:29:06
c4879231b82b4c568ce4,116,502,2026-08-19,2026-08-19,366.54,366.54,366.54,,,2026-09-11 22:29:06
d1e25f84116946199f48,115,502,2026-08-20,2026-08-20,344.69,344.69,344.69,,,2026-09-11 22:29:06
a0020521f58c4feb8f67,119,502,2026-08-21,2026-08-21,1295.03,1295.03,1295.03,,,2026-09-11 22:29:06
c60b4417932347dfa399,120,502,2026-08-22,2026-08-22,1990.07,1990.07,1990.07,,,2026-09-11 22:29:06
005f00eb8ae546db97c5,115,502,2026-08-23,2026-08-23,1327,1327,1327,,,2026-09-11 22:29:06
bb66b02c35c540fe869b,112,502,2026-08-24,2026-08-24,493.88,493.88,493.88,,,2026-09-11 22:29:06
2e433cecb6e544f199d2,114,502,2026-08-25,2026-08-25,1704.5,1704.5,1704.5,,,2026-09-11 22:29:06
f6a828e24d9a453ca16f,101,502,2026-08-26,2026-08-26,1238.38,1238.38,1238.38,,,2026-09-11 22:29:06
2f160dfe9e404cc28e48,102,502,2026-08-27,2026-08-27,2132.72,2132.72,2132.72,,,2026-09-11 22:29:06
82ad42365b8c4a6bb96f,106,502,2026-08-28,2026-08-28,1206.63,1206.63,1206.63,,,2026-09-11 22:29:06
843fb51770b845f9b62d,110,502,2026-08-29,2026-08-29,2153.11,2153.11,2153.11,,,2026-09-11 22:29:06
61c459dd0fda46bb8527,103,502,2026-08-30,2026-08-30,238.03,238.03,238.03,,,2026-09-11 22:29:06
5e3f8e3d35d64d8880c7,104,502,2026-08-31,2026-08-31,1020.7,1020.7,1020.7,,,2026-09-11 22:29:06
5b4ca6f53d3f48ddb953,101,502,2026-09-01,2026-09-01,721.4,721.4,721.4,,,2026-09-11 22:29:06
eaf2e5eec3d641008dc1,117,502,2026-09-02,2026-09-02,557.05,557.05,557.05,,,2026-09-11 22:29:06
933fad9e8c77454db5fc,110,502,2026-09-03,2026-09-03,560.2,560.2,560.2,,,2026-09-11 22:29:06
87e1c98f35574b7d92d2,102,502,2026-09-04,2026-09-04,764.12,764.12,764.12,,,2026-09-11 22:29:06
0e4b000acc6b49958646,116,502,2026-09-05,2026-09-05,608.01,608.01,608.01,,,2026-09-11 22:29:06
a7bd2632a64d446d91d8,119,502,2026-09-06,2026-09-06,2403.66,2403.66,2403.66,,,2026-09-11 22:29:06
0d58e014a2344a3c8082,114,502,2026-09-07,2026-09-07,208.47,208.47,208.47,,,2026-09-11 22:29:06
c82a0ce2f0254ffab33a,110,502,2026-09-08,2026-09-08,930.57,930.57,930.57,,,2026-09-11 22:29:06
41b5a7bd435948e0be8f,113,502,2026-09-09,2026-09-09,466.76,466.76,466.76,,,2026-09-11 22:29:06
26a0a14595984d0a88f0,102,502,2026-08-11,2026-08-11,267.7,267.7,267.7,,,2026-09-11 22:29:06
00e3e62e3a6a492dae88,109,502,2026-08-12,2026-08-12,1022.11,1022.11,1022.11,,,2026-09-11 22:29:06
febd39121cf64ee99675,115,502,2026-08-13,2026-08-13,637.59,637.59,637.59,,,2026-09-11 22:29:06
fbd216193c0d479ebda5,104,502,2026-08-14,2026-08-14,514.77,514.77,514.77,,,2026-09-11 22:29:06
a740561c3db84adfb505,108,502,2026-08-15,2026-08-15,2752.94,2752.94,2752.94,,,2026-09-11 22:29:06
b90af6dd6bd34e27b9ab,117,502,2026-08-16,2026-08-16,993.95,993.95,993.95,,,2026-09-11 22:29:06
5c4b7cd4942f4561b6cb,103,502,2026-08-17,2026-08-17,1470.37,1470.37,1470.37,,,2026-09-11 22:29:06
9979ea57144b4d9bb016,101,502,2026-08-18,2026-08-18,2231.36,2231.36,2231.36,,,2026-09-11 22:29:06
4532fc1f1b2e45caa8df,106,502,2026-08-19,2026-08-19,1780.01,1780.01,1780.01,,,2026-09-11 22:29:06
6264bd93a4714b24aa80,101,502,2026-08-20,2026-08-20,581.7,581.7,581.7,,,2026-09-11 22:29:06
303ef8f4b0294c4f9177,110,502,2026-08-21,2026-08-21,254.67,254.67,254.67,,,2026-09-11 22:29:06
ba9658c4c80f4ebe8951,110,502,2026-08-22,2026-08-22,1173.9,1173.9,1173.9,,,2026-09-11 22:29:06
bcebe53e5627428d8b07,102,502,2026-08-23,2026-08-23,897.77,897.77,897.77,,,2026-09-11 22:29:06
41cc78a2ed214f13b4cd,106,502,2026-08-24,2026-08-24,1877.37,1877.37,1877.37,,,2026-09-11 22:29:06
31bc0b413b2d44a5b2a4,109,502,2026-08-25,2026-08-25,47.91,47.91,47.91,,,2026-09-11 22:29:06
4115a964b9ac4923a0e0,112,502,2026-08-26,2026-08-26,2338.11,2338.11,2338.11,,,2026-09-11 22:29:06
950e90a0b4d24965b640,115,502,2026-08-27,2026-08-27,960.94,960.94,960.94,,,2026-09-11 22:29:06
550b6647a7b246ef9d0f,114,502,2026-08-28,2026-08-28,1951.77,1951.77,1951.77,,,2026-09-11 22:29:06
6e3ac6ca98ab41ce8980,105,502,2026-08-29,2026-08-29,616.66,616.66,616.66,,,2026-09-11 22:29:06
609b6cb6a0434d439b1d,107,502,2026-08-30,2026-08-30,1360.14,1360.14,1360.14,,,2026-09-11 22:29:06
a9f86a95c3ec4e42ae54,118,502,2026-08-31,2026-08-31,8.85,8.85,8.85,,,2026-09-11 22:29:06
3130270345b44ea6b318,111,502,2026-09-01,2026-09-01,2312,2312,2312,,,2026-09-11 22:29:06
e2c8e425f1a547c59adf,113,502,2026-09-02,2026-09-02,7.26,7.26,7.26,,,2026-09-11 22:29:06
8b0346caef1b4a1ba91f,117,502,2026-09-03,2026-09-03,504.88,504.88,504.88,,,2026-09-11 22:29:06
e957351fd5d341a2b67b,107,502,2026-09-04,2026-09-04,1154.74,1154.74,1154.74,,,2026-09-11 22:29:06
aa35eaea68d34a559c4d,102,502,2026-09-05,2026-09-05,191.57,191.57,191.57,,,2026-09-11 22:29:06
50a3f5be34c54a8da541,112,502,2026-09-06,2026-09-06,410.19,410.19,410.19,,,2026-09-11 22:29:06
2e6928704a5548b68c72,116,502,2026-09-07,2026-09-07,739.08,739.08,739.08,,,2026-09-11 22:29:06
b489327a189342639c48,116,502,2026-09-08,2026-09-08,1574.28,1574.28,1574.28,,,2026-09-11 22:29:06
ccee9fef7a1647f98790,108,502,2026-09-09,2026-09-09,808.26,808.26,808.26,,,2026-09-11 22:29:06
51199053e3de48d69b55,107,502,2026-08-11,2026-08-11,1113.52,1113.52,1113.52,,,2026-09-11 22:29:06
5e92b56e1ed04a95a00b,101,502,2026-08-12,2026-08-12,238.18,238.18,238.18,,,2026-09-11 22:29:06
9aab061610f34a17b7de,111,502,2026-08-13,2026-08-13,932.45,932.45,932.45,,,2026-09-11 22:29:06
10eae4746a1d44c0b24f,119,502,2026-08-14,2026-08-14,2532.86,2532.86,2532.86,,,2026-09-11 22:29:06
eba51f97e88e43c48022,101,502,2026-08-15,2026-08-15,1327.35,1327.35,1327.35,,,2026-09-11 22:29:06
03fdf87647574ba4a4f3,112,502,2026-08-16,2026-08-16,983.63,983.63,983.63,,,2026-09-11 22:29:06
079b0dfcbc6e4fb8b7cc,120,502,2026-08-17,2026-08-17,2866.24,2866.24,2866.24,,,2026-09-11 22:29:06
a490b5004dc64ed5b9f6,107,502,2026-08-18,2026-08-18,780.94,780.94,780.94,,,2026-09-11 22:29:06
d9ad8904e1884e5fb1bb,102,502,2026-08-19,2026-08-19,2316.39,2316.39,2316.39,,,2026-09-11 22:29:06
710a596bcca74ce28930,105,502,2026-08-20,2026-08-20,2319.58,2319.58,2319.58,,,2026-09-11 22:29:06
20c775f28dc64494b9d9,114,502,2026-08-21,2026-08-21,251.48,251.48,251.48,,,2026-09-11 22:29:06
b68ad58523fd4ebda3c1,114,502,2026-08-22,2026-08-22,606.7,606.7,606.7,,,2026-09-11 22:29:06
6fd1aa2f7e0d4fb394c0,114,502,2026-08-23,2026-08-23,1335.74,1335.74,1335.74,,,2026-09-11 22:29:06
0a5d5613656e49e688aa,104,502,2026-08-24,2026-08-24,754.77,754.77,754.77,,,2026-09-11 22:29:06
d062adc5c199413ca444,104,502,2026-08-25,2026-08-25,1565.27,1565.27,1565.27,,,2026-09-11 22:29:06
bd7121fd00154d7aa6a7,113,502,2026-08-26,2026-08-26,1077.68,1077.68,1077.68,,,2026-09-11 22:29:06
c6f4a27758fa45edbd8b,102,502,2026-08-27,2026-08-27,58.37,58.37,58.37,,,2026-09-11 22:29:06
2582e208019c4635939a,102,502,2026-08-28,2026-08-28,899.92,899.92,899.92,,,2026-09-11 22:29:06
7b29dd326d2940a6a12d,107,502,2026-08-29,2026-08-29,73.1,73.1,73.1,,,2026-09-11 22:29:06
6dee762a7c8a4d0a96d6,113,502,2026-08-30,2026-08-30,1215.03,1215.03,1215.03,,,2026-09-11 22:29:06
e70c2112a08048b0888f,118,502,2026-08-31,2026-08-31,72.88,72.88,72.88,,,2026-09-11 22:29:06
cc6ffcde85c64c2db597,106,502,2026-09-01,2026-09-01,2706.92,2706.92,2706.92,,,2026-09-11 22:29:06
5de3624ce43a4c3b9361,102,502,2026-09-02,2026-09-02,150.09,150.09,150.09,,,2026-09-11 22:29:06
ef648d51376547e993e4,112,502,2026-09-03,2026-09-03,162.57,162.57,162.57,,,2026-09-11 22:29:06
c01450e34faa45d88352,114,502,2026-09-04,2026-09-04,296.57,296.57,296.57,,,2026-09-11 22:29:06
257b0ae04c6242cc9819,118,502,2026-09-05,2026-09-05,110,110,110,,,2026-09-11 22:29:06
6830e30fe8f84a4796be,112,502,2026-09-06,2026-09-06,2430.69,2430.69,2430.69,,,2026-09-11 22:29:06
5593e5c360074bb1b24f,119,502,2026-09-07,2026-09-07,569.72,569.72,569.72,,,2026-09-11 22:29:06
073f4c7d6b8c4844a50d,107,502,2026-09-08,2026-09-08,370.39,370.39,370.39,,,2026-09-11 22:29:06
601880dd74ac4efcaf92,116,502,2026-09-09,2026-09-09,409.3,409.3,409.3,,,2026-09-11 22:29:06
d6d68129cd984bae9bf3,104,502,2026-08-11,2026-08-11,1773.38,1773.38,1773.38,,,2026-09-11 22:29:06
fb7e682120be4348bf72,105,502,2026-08-12,2026-08-12,642.75,642.75,642.75,,,2026-09-11 22:29:06
17a20c6bbe864a5b936d,108,502,2026-08-13,2026-08-13,72.74,72.74,72.74,,,2026-09-11 22:29:06
d5f0d728170b4178bb55,116,502,2026-08-14,2026-08-14,446.78,446.78,446.78,,,2026-09-11 22:29:06
3d34e57c5935462caec2,113,502,2026-08-15,2026-08-15,274.92,274.92,274.92,,,2026-09-11 22:29:06
7c306f8813e04555af6e,120,502,2026-08-16,2026-08-16,383.83,383.83,383.83,,,2026-09-11 22:29:06
75cb1f0b0a3644aaa9a5,101,502,2026-08-17,2026-08-17,19.8,19.8,19.8,,,2026-09-11 22:29:06
5d6c7ce9ecf24c4a8020,109,502,2026-08-18,2026-08-18,1907.79,1907.79,1907.79,,,2026-09-11 22:29:06
8a564ab037bb49c29381,116,502,2026-08-19,2026-08-19,2006.97,2006.97,2006.97,,,2026-09-11 22:29:06
9ee7fa92f8894005a4d2,110,502,2026-08-20,2026-08-20,895.83,895.83,895.83,,,2026-09-11 22:29:06
ba0441cf85bb4682bd18,113,502,2026-08-21,2026-08-21,1464.31,1464.31,1464.31,,,2026-09-11 22:29:06
1994baa7cdf74dfdbe01,111,502,2026-08-22,2026-08-22,187.21,187.21,187.21,,,2026-09-11 22:29:06
951a6b88aafd4e249aa1,117,502,2026-08-23,2026-08-23,1366.83,1366.83,1366.83,,,2026-09-11 22:29:06
c40fc6dd289c477c8358,114,502,2026-08-24,2026-08-24,237.74,237.74,237.74,,,2026-09-11 22:29:06
5d3e5419ea8f4108b93b,106,502,2026-08-25,2026-08-25,380.28,380.28,380.28,,,2026-09-11 22:29:06
246ddfbe2d624e61b644,105,502,2026-08-26,2026-08-26,561.64,561.64,561.64,,,2026-09-11 22:29:06
3cd217d779cc4573981e,102,502,2026-08-27,2026-08-27,276.32,276.32,276.32,,,2026-09-11 22:29:06
ace0211fb150458bab63,116,502,2026-08-28,2026-08-28,1834.85,1834.85,1834.85,,,2026-09-11 22:29:06
14ac45e34db74a2280d5,118,502,2026-08-29,2026-08-29,10.63,10.63,10.63,,,2026-09-11 22:29:06
c838710008794016a28d,107,502,2026-08-30,2026-08-30,502.75,502.75,502.75,,,2026-09-11 22:29:06
ac7a3efa613b4365b768,112,502,2026-08-31,2026-08-31,722.8,722.8,722.8,,,2026-09-11 22:29:06
6fe3ad3323c847569964,111,502,2026-09-01,2026-09-01,5.49,5.49,5.49,,,2026-09-11 22:29:06
484896f1e0974c1e8ee3,116,502,2026-09-02,2026-09-02,66.77,66.77,66.77,,,2026-09-11 22:29:06
f3503c6a9b1d41e395f1,118,502,2026-09-03,2026-09-03,741.8,741.8,741.8,,,2026-09-11 22:29:06
989e25f0c7a040aeaff3,117,502,2026-09-04,2026-09-04,537.99,537.99,537.99,,,2026-09-11 22:29:06
0b1773364e9844248fbb,113,502,2026-09-05,2026-09-05,388.26,388.26,388.26,,,2026-09-11 22:29:06
bacf1008a77247409241,111,502,2026-09-06,2026-09-06,1000.98,1000.98,1000.98,,,2026-09-11 22:29:06
0ae920cdf91946f0b6b6,104,502,2026-09-07,2026-09-07,208.87,208.87,208.87,,,2026-09-11 22:29:06
df629bff3c894be2a6b6,115,502,2026-09-08,2026-09-08,106.75,106.75,106.75,,,2026-09-11 22:29:06
96d306a74bdb4e1485d4,106,502,2026-09-09,2026-09-09,579.98,579.98,579.98,,,2026-09-11 22:29:06
f319386106f840ceb5e6,111,502,2026-08-11,2026-08-11,5.93,5.93,5.93,,,2026-09-11 22:29:06
321909c60d1b4bf1bd63,115,502,2026-08-12,2026-08-12,218.28,218.28,218.28,,,2026-09-11 22:29:06
ff5bde6c6e8a43029b8e,110,502,2026-08-13,2026-08-13,1210.1,1210.1,1210.1,,,2026-09-11 22:29:06
c8d390a2edb4464eb021,120,502,2026-08-14,2026-08-14,893.43,893.43,893.43,,,2026-09-11 22:29:06
078b91e49526413c98d5,103,502,2026-08-15,2026-08-15,499.58,499.58,499.58,,,2026-09-11 22:29:06
00f49980fa0545a6ad28,107,502,2026-08-16,2026-08-16,595.02,595.02,595.02,,,2026-09-11 22:29:06
c0c9a0dd5d244b08b946,108,502,2026-08-17,2026-08-17,1183.12,1183.12,1183.12,,,2026-09-11 22:29:06
80888706533f433fba7b,116,502,2026-08-18,2026-08-18,96.66,96.66,96.66,,,2026-09-11 22:29:06
f630e7adf97549e5931e,105,502,2026-08-19,2026-08-19,478.78,478.78,478.78,,,2026-09-11 22:29:06
4122a7edf9774c97bd76,111,502,2026-08-20,2026-08-20,284.58,284.58,284.58,,,2026-09-11 22:29:06
a8d53d0be26a4cbabeca,114,502,2026-08-21,2026-08-21,551.02,551.02,551.02,,,2026-09-11 22:29:06
983cfec5503440cea54f,106,502,2026-08-22,2026-08-22,81.21,81.21,81.21,,,2026-09-11 22:29:06
23855fdc48f746749df6,106,502,2026-08-23,2026-08-23,1491.94,1491.94,1491.94,,,2026-09-11 22:29:06
f77a0b7a887f413db9df,104,502,2026-08-24,2026-08-24,102.62,102.62,102.62,,,2026-09-11 22:29:06
8e6a1523c8424aa7a9c4,116,502,2026-08-25,2026-08-25,298.6,298.6,298.6,,,2026-09-11 22:29:06
94331fb1c42f4b8b8087,120,502,2026-08-26,2026-08-26,108.86,108.86,108.86,,,2026-09-11 22:29:06
4adfd09242bf4b1fb271,106,502,2026-08-27,2026-08-27,364.47,364.47,364.47,,,2026-09-11 22:29:06
ed14cb35a6a94a5b8ff9,117,502,2026-08-28,2026-08-28,2078.49,2078.49,2078.49,,,2026-09-11 22:29:06
a97c3255b6c845a29282,116,502,2026-08-29,2026-08-29,1123.37,1123.37,1123.37,,,2026-09-11 22:29:06
dc89ed53b9eb4fa1b0ad,118,502,2026-08-30,2026-08-30,2063.36,2063.36,2063.36,,,2026-09-11 22:29:06
5e336d08a30542cb8b88,111,502,2026-08-31,2026-08-31,1668.51,1668.51,1668.51,,,2026-09-11 22:29:06
d9688936e0484266b987,114,502,2026-09-01,2026-09-01,864.46,864.46,864.46,,,2026-09-11 22:29:06
3756619a200d4ccf81cb,104,502,2026-09-02,2026-09-02,263.56,263.56,263.56,,,2026-09-11 22:29:06
10e44d5b08fa4e6f8df8,112,502,2026-09-03,2026-09-03,2856.3,2856.3,2856.3,,,2026-09-11 22:29:06
6ee884cef36843c882b5,102,502,2026-09-04,2026-09-04,53.48,53.48,53.48,,,2026-09-11 22:29:06
fe485f9f0693471a8cd1,103,502,2026-09-05,2026-09-05,2171.71,2171.71,2171.71,,,2026-09-11 22:29:06
aea4404a04f34b6c8940,103,502,2026-09-06,2026-09-06,394.74,394.74,394.74,,,2026-09-11 22:29:06
9e7658460a1f42abad97,118,502,2026-09-07,2026-09-07,710.15,710.15,710.15,,,2026-09-11 22:29:06
78279d0dde0049088e21,104,502,2026-09-08,2026-09-08,1616.3,1616.3,1616.3,,,2026-09-11 22:29:06
4866a12a7ec443d08e13,114,502,2026-09-09,2026-09-09,1545.42,1545.42,1545.42,,,2026-09-11 22:29:06
f6524f46977640b2924c,116,502,2026-08-11,2026-08-11,471.18,471.18,471.18,,,2026-09-11 22:29:06
96a09fa7a1174556a1de,110,502,2026-08-12,2026-08-12,458.42,458.42,458.42,,,2026-09-11 22:29:06
1039a0b7ba304fe5b1cc,111,502,2026-08-13,2026-08-13,1684.64,1684.64,1684.64,,,2026-09-11 22:29:06
a0afcb078b2c4c85aee4,107,502,2026-08-14,2026-08-14,178.45,178.45,178.45,,,2026-09-11 22:29:06
af10b8fa15f641be8953,117,502,2026-08-15,2026-08-15,555.8,555.8,555.8,,,2026-09-11 22:29:06
0b5010eed6374821b9c4,105,502,2026-08-16,2026-08-16,1097.13,1097.13,1097.13,,,2026-09-11 22:29:06
ec056f2f063849689222,101,502,2026-08-17,2026-08-17,993.35,993.35,993.35,,,2026-09-11 22:29:06
459e49ffed2b44aaa99c,112,502,2026-08-18,2026-08-18,58.99,58.99,58.99,,,2026-09-11 22:29:06
889abb815aaa41d396ae,117,502,2026-08-19,2026-08-19,200.77,200.77,200.77,,,2026-09-11 22:29:06
8cedd5cb186246c3985c,118,502,2026-08-20,2026-08-20,1244.5,1244.5,1244.5,,,2026-09-11 22:29:06
d8964db8a3fa4806a758,106,502,2026-08-21,2026-08-21,1184.24,1184.24,1184.24,,,2026-09-11 22:29:06
3fc03004fc6848d08932,120,502,2026-08-22,2026-08-22,685.24,685.24,685.24,,,2026-09-11 22:29:06
965eb86c010945bc9f4e,114,502,2026-08-23,2026-08-23,319.13,319.13,319.13,,,2026-09-11 22:29:06
2f3e8a3d461645b7bec9,120,502,2026-08-24,2026-08-24,1377.74,1377.74,1377.74,,,2026-09-11 22:29:06
eef4e7c42c554bea8cb8,112,502,2026-08-25,2026-08-25,662.7,662.7,662.7,,,2026-09-11 22:29:06
8e7ef10e4c0a48a9a373,106,502,2026-08-26,2026-08-26,100.11,100.11,100.11,,,2026-09-11 22:29:06
48b4dfa579044143a0cf,114,502,2026-08-27,2026-08-27,1350.67,1350.67,1350.67,,,2026-09-11 22:29:06
7c540e1e26d747238ce8,101,502,2026-08-28,2026-08-28,184.75,184.75,184.75,,,2026-09-11 22:29:06
22929b75f7db4dbfa3fb,104,502,2026-08-29,2026-08-29,249.45,249.45,249.45,,,2026-09-11 22:29:06
c7c82341c0834b8cb653,109,502,2026-08-30,2026-08-30,1741.27,1741.27,1741.27,,,2026-09-11 22:29:06
db8a727445a44e7a94ce,108,502,2026-08-31,2026-08-31,760.55,760.55,760.55,,,2026-09-11 22:29:06
cd2864525bca44fab945,120,502,2026-09-01,2026-09-01,308.45,308.45,308.45,,,2026-09-11 22:29:06
b420201f45cf42e8be2a,106,502,2026-09-02,2026-09-02,1379.99,1379.99,1379.99,,,2026-09-11 22:29:06
14c59e76fe6a46369a79,117,502,2026-09-03,2026-09-03,1027.4,1027.4,1027.4,,,2026-09-11 22:29:06
109427c054814b5d9f53,119,502,2026-09-04,2026-09-04,847.84,847.84,847.84,,,2026-09-11 22:29:06
43e2385bd74e4e048c2d,103,502,2026-09-05,2026-09-05,748.48,748.48,748.48,,,2026-09-11 22:29:06
e56f01fe9a144e2cb8e3,112,502,2026-09-06,2026-09-06,222.58,222.58,222.58,,,2026-09-11 22:29:06
b20fa90aa87843939aa1,107,502,2026-09-07,2026-09-07,25.83,25.83,25.83,,,2026-09-11 22:29:06
8593e68bd8574d1d8fb2,116,502,2026-09-08,2026-09-08,434.99,434.99,434.99,,,2026-09-11 22:29:06
c8f3611d705a4b4bb35e,113,502,2026-09-09,2026-09-09,986.55,986.55,986.55,,,2026-09-11 22:29:06
dae883188e2a4a1dbd72,111,502,2026-08-11,2026-08-11,76.33,76.33,76.33,,,2026-09-11 22:29:06
1f27afe049ee4a799e1e,104,502,2026-08-12,2026-08-12,1080.72,1080.72,1080.72,,,2026-09-11 22:29:06
1f96ac7e34fa4b1ba927,113,502,2026-08-13,2026-08-13,657.97,657.97,657.97,,,2026-09-11 22:29:06
db40c97ee07e4cd79f3e,105,502,2026-08-14,2026-08-14,751.02,751.02,751.02,,,2026-09-11 22:29:06
2f3068d78b89421bbe6e,107,502,2026-08-15,2026-08-15,2848.97,2848.97,2848.97,,,2026-09-11 22:29:06
a8c6d3358c884951a658,111,502,2026-08-16,2026-08-16,852.89,852.89,852.89,,,2026-09-11 22:29:06
14c5f37c7e1a419e8266,107,502,2026-08-17,2026-08-17,158.73,158.73,158.73,,,2026-09-11 22:29:06
941cf00b82f3412c94bc,110,502,2026-08-18,2026-08-18,82.15,82.15,82.15,,,2026-09-11 22:29:06
a00b12ec493a48cd8827,119,502,2026-08-19,2026-08-19,49.07,49.07,49.07,,,2026-09-11 22:29:06
01421e756f88480bb9f2,101,502,2026-08-20,2026-08-20,1771.05,1771.05,1771.05,,,2026-09-11 22:29:06
9775c7463cb842e089b4,105,502,2026-08-21,2026-08-21,1553.16,1553.16,1553.16,,,2026-09-11 22:29:06
b5206624cece488e8c47,105,502,2026-08-22,2026-08-22,75.64,75.64,75.64,,,2026-09-11 22:29:06
7815ba0f3ffd4affb037,105,502,2026-08-23,2026-08-23,2058.18,2058.18,2058.18,,,2026-09-11 22:29:06
ad147da54e9a4a4a8a8e,111,502,2026-08-24,2026-08-24,248.05,248.05,248.05,,,2026-09-11 22:29:06
1f67f5b5c5254a18b61f,116,502,2026-08-25,2026-08-25,1749.01,1749.01,1749.01,,,2026-09-11 22:29:06
bb1f56f34e53472783f1,111,502,2026-08-26,2026-08-26,660.61,660.61,660.61,,,2026-09-11 22:29:06
b52fbc389b8e4c32a97d,105,502,2026-08-27,2026-08-27,609.65,609.65,609.65,,,2026-09-11 22:29:06
9b17077d2989434e8a28,104,502,2026-08-28,2026-08-28,494.93,494.93,494.93,,,2026-09-11 22:29:06
771c554965ea4b518355,102,502,2026-08-29,2026-08-29,856.38,856.38,856.38,,,2026-09-11 22:29:06
1caad7e89d6c49ba978e,106,502,2026-08-30,2026-08-30,1616.68,1616.68,1616.68,,,2026-09-11 22:29:06
96403c46dbf5411d9d1f,105,502,2026-08-31,2026-08-31,1030.01,1030.01,1030.01,,,2026-09-11 22:29:06
5541793569c3418da12b,112,502,2026-09-01,2026-09-01,104.14,104.14,104.14,,,2026-09-11 22:29:06
9c80c64554c84583ae54,107,502,2026-09-02,2026-09-02,68.41,68.41,68.41,,,2026-09-11 22:29:06
1a6ba1dc9f4a4c1aa1c8,113,502,2026-09-03,2026-09-03,2828.5,2828.5,2828.5,,,2026-09-11 22:29:06
e3e5ee95b2c24c25914f,117,502,2026-09-04,2026-09-04,1371.51,1371.51,1371.51,,,2026-09-11 22:29:06
b6e1942cf62d4ac28ffd,104,502,2026-09-05,2026-09-05,1345.97,1345.97,1345.97,,,2026-09-11 22:29:06
862162dc31c349eb9a7e,108,502,2026-09-06,2026-09-06,484.71,484.71,484.71,,,2026-09-11 22:29:06
3f814e9aaaa64ec4bc2e,116,502,2026-09-07,2026-09-07,131.71,131.71,131.71,,,2026-09-11 22:29:06
0f5f5187d9b1425086db,115,502,2026-09-08,2026-09-08,32.98,32.98,32.98,,,2026-09-11 22:29:06
ae8ffc7628994b5f87a5,101,502,2026-09-09,2026-09-09,140.27,140.27,140.27,,,2026-09-11 22:29:06
7267c95ccf884879bd3b,104,503,2026-08-11,2026-08-11,2910.09,2910.09,2910.09,,,2026-09-11 22:29:06
6713673e236744429632,108,503,2026-08-12,2026-08-12,439.38,439.38,439.38,,,2026-09-11 22:29:06
1d1d670dec984486887b,108,503,2026-08-13,2026-08-13,1903.72,1903.72,1903.72,,,2026-09-11 22:29:06
931bbb033a1b456a893b,102,503,2026-08-14,2026-08-14,4073.28,4073.28,4073.28,,,2026-09-11 22:29:06
132a279eef6844b6a96d,110,503,2026-08-15,2026-08-15,1477.44,1477.44,1477.44,,,2026-09-11 22:29:06
14ffa6f4590c4922b1ba,120,503,2026-08-16,2026-08-16,2345.92,2345.92,2345.92,,,2026-09-11 22:29:06
2254e49e65704374933a,111,503,2026-08-17,2026-08-17,345.89,345.89,345.89,,,2026-09-11 22:29:06
2d869228a485439180b4,110,503,2026-08-18,2026-08-18,1213.39,1213.39,1213.39,,,2026-09-11 22:29:06
486fc6eac5834b36b14e,106,503,2026-08-19,2026-08-19,691.07,691.07,691.07,,,2026-09-11 22:29:06
e1cfb3b26aed4fd68cd9,115,503,2026-08-20,2026-08-20,96.25,96.25,96.25,,,2026-09-11 22:29:06
4f5f5a3f2d0e4123a74c,113,503,2026-08-21,2026-08-21,681.93,681.93,681.93,,,2026-09-11 22:29:06
438920c2ede748caaf3c,101,503,2026-08-22,2026-08-22,72.02,72.02,72.02,,,2026-09-11 22:29:06
ddcf4273909d4e8cb5a0,112,503,2026-08-23,2026-08-23,1278.8,1278.8,1278.8,,,2026-09-11 22:29:06
9cb8b6e84a6a4c06b5e9,109,503,2026-08-24,2026-08-24,1057.56,1057.56,1057.56,,,2026-09-11 22:29:06
24faedf7c6814fc095b7,106,503,2026-08-25,2026-08-25,1380.02,1380.02,1380.02,,,2026-09-11 22:29:06
1f4d57b080da448b96f5,102,503,2026-08-26,2026-08-26,422.28,422.28,422.28,,,2026-09-11 22:29:06
8815ec2438d74ac3b484,120,503,2026-08-27,2026-08-27,1382.16,1382.16,1382.16,,,2026-09-11 22:29:06
583a6b9e37ec47179efb,110,503,2026-08-28,2026-08-28,63.75,63.75,63.75,,,2026-09-11 22:29:06
06d8ee110be84889b3dd,117,503,2026-08-29,2026-08-29,355.49,355.49,355.49,,,2026-09-11 22:29:06
51bd6027ebd6414aba5c,108,503,2026-08-30,2026-08-30,217.22,217.22,217.22,,,2026-09-11 22:29:06
5e2d78f9955e4516ab67,107,503,2026-08-31,2026-08-31,425.11,425.11,425.11,,,2026-09-11 22:29:06
4a789e4c141c4196ad1b,111,503,2026-09-01,2026-09-01,1379.65,1379.65,1379.65,,,2026-09-11 22:29:06
abb0130cf48f452f8389,111,503,2026-09-02,2026-09-02,3091.45,3091.45,3091.45,,,2026-09-11 22:29:06
e1860e4105e94ecb89bf,110,503,2026-09-03,2026-09-03,1845.52,1845.52,1845.52,,,2026-09-11 22:29:06
780c6e3d18784b27a0e4,110,503,2026-09-04,2026-09-04,45.88,45.88,45.88,,,2026-09-11 22:29:06
7d0ed53ed2ae4326bf5f,106,503,2026-09-05,2026-09-05,871.21,871.21,871.21,,,2026-09-11 22:29:06
d3c64a3b06b74e1c9090,119,503,2026-09-06,2026-09-06,110.35,110.35,110.35,,,2026-09-11 22:29:06
cd5307fb08bf4c1b9f83,113,503,2026-09-07,2026-09-07,1682.35,1682.35,1682.35,,,2026-09-11 22:29:06
b3e9c702672a4a4c9243,120,503,2026-09-08,2026-09-08,183.73,183.73,183.73,,,2026-09-11 22:29:06
2acbc20516e7418a8400,112,503,2026-09-09,2026-09-09,1090.66,1090.66,1090.66,,,2026-09-11 22:29:06
6de94f30b5bc4c11ba81,114,503,2026-08-11,2026-08-11,48.81,48.81,48.81,,,2026-09-11 22:29:06
433f9724198f44b7ae04,115,503,2026-08-12,2026-08-12,530.9,530.9,530.9,,,2026-09-11 22:29:06
334f45d3a9a24adea6c0,101,503,2026-08-13,2026-08-13,2324.82,2324.82,2324.82,,,2026-09-11 22:29:06
2acddf10c9244af4bc4e,102,503,2026-08-14,2026-08-14,313,313,313,,,2026-09-11 22:29:06
347a1fb6582645049533,119,503,2026-08-15,2026-08-15,3938,3938,3938,,,2026-09-11 22:29:06
c6bb7f10f8ad47bda6fd,107,503,2026-08-16,2026-08-16,858.9,858.9,858.9,,,2026-09-11 22:29:06
a7c200592f2144858ee0,105,503,2026-08-17,2026-08-17,325.86,325.86,325.86,,,2026-09-11 22:29:06
8c8398e5415548bcbdcc,101,503,2026-08-18,2026-08-18,1257.88,1257.88,1257.88,,,2026-09-11 22:29:06
5af34e761b1c4dcdac47,101,503,2026-08-19,2026-08-19,118.03,118.03,118.03,,,2026-09-11 22:29:06
196b8cd0346f4ec39d11,118,503,2026-08-20,2026-08-20,36.63,36.63,36.63,,,2026-09-11 22:29:06
3866c848ca4e47aa9b87,103,503,2026-08-21,2026-08-21,373.28,373.28,373.28,,,2026-09-11 22:29:06
fd0423e3f1394d3c9316,106,503,2026-08-22,2026-08-22,52.47,52.47,52.47,,,2026-09-11 22:29:06
04c1f05015a24e0a89aa,118,503,2026-08-23,2026-08-23,3590.13,3590.13,3590.13,,,2026-09-11 22:29:06
5a5be70ff7a74aa5a414,117,503,2026-08-24,2026-08-24,1529.31,1529.31,1529.31,,,2026-09-11 22:29:06
51bfc4699d974ba2b12a,112,503,2026-08-25,2026-08-25,581.23,581.23,581.23,,,2026-09-11 22:29:06
692f4e92382247e49b9f,114,503,2026-08-26,2026-08-26,1310.11,1310.11,1310.11,,,2026-09-11 22:29:06
3e24fa4b364e4d188cce,107,503,2026-08-27,2026-08-27,725.48,725.48,725.48,,,2026-09-11 22:29:06
4d8ef5e7aa104792bc2a,101,503,2026-08-28,2026-08-28,808.4,808.4,808.4,,,2026-09-11 22:29:06
aaa68a5a9f7c4c739a76,101,503,2026-08-29,2026-08-29,54.12,54.12,54.12,,,2026-09-11 22:29:06
8289f0d624fa43749385,120,503,2026-08-30,2026-08-30,101.98,101.98,101.98,,,2026-09-11 22:29:06
59cb64b2730042c6a017,119,503,2026-08-31,2026-08-31,843.62,843.62,843.62,,,2026-09-11 22:29:06
a8b8a19ab9e940c689e4,103,503,2026-09-01,2026-09-01,1841.68,1841.68,1841.68,,,2026-09-11 22:29:06
eb03767115bd4bddbda9,120,503,2026-09-02,2026-09-02,920.32,920.32,920.32,,,2026-09-11 22:29:06
d8b4176e0ced4a5db99a,111,503,2026-09-03,2026-09-03,243.68,243.68,243.68,,,2026-09-11 22:29:06
da80bee6d6274d729e9b,111,503,2026-09-04,2026-09-04,59.97,59.97,59.97,,,2026-09-11 22:29:06
73d0fec922fe414e88ba,103,503,2026-09-05,2026-09-05,1863.42,1863.42,1863.42,,,2026-09-11 22:29:06
54b3bdb3b54d4fe0806f,115,503,2026-09-06,2026-09-06,689.5,689.5,689.5,,,2026-09-11 22:29:06
a479682fe6274c58a68e,105,503,2026-09-07,2026-09-07,275.51,275.51,275.51,,,2026-09-11 22:29:06
8fd55c67fd0e4b63b86d,110,503,2026-09-08,2026-09-08,1784.66,1784.66,1784.66,,,2026-09-11 22:29:06
17bf25db503344efa682,118,503,2026-09-09,2026-09-09,953.17,953.17,953.17,,,2026-09-11 22:29:06
c30dea5a0ffc4a198b3c,116,503,2026-08-11,2026-08-11,3172.08,3172.08,3172.08,,,2026-09-11 22:29:06
b47388253dca4e9dbf2d,116,503,2026-08-12,2026-08-12,41.41,41.41,41.41,,,2026-09-11 22:29:06
1283b8f5cfcc4e24ad47,104,503,2026-08-13,2026-08-13,2866.01,2866.01,2866.01,,,2026-09-11 22:29:06
965539311b3447709a54,112,503,2026-08-14,2026-08-14,524.23,524.23,524.23,,,2026-09-11 22:29:06
0c276e0600cf4ac08600,119,503,2026-08-15,2026-08-15,3519.29,3519.29,3519.29,,,2026-09-11 22:29:06
2702be1331c149f9ac57,115,503,2026-08-16,2026-08-16,1633.14,1633.14,1633.14,,,2026-09-11 22:29:06
23876c05befc45abbd8f,116,503,2026-08-17,2026-08-17,876.31,876.31,876.31,,,2026-09-11 22:29:06
1902b946147c4d0ca4c0,116,503,2026-08-18,2026-08-18,507.79,507.79,507.79,,,2026-09-11 22:29:06
d5d602e2dced434ebbec,118,503,2026-08-19,2026-08-19,52.01,52.01,52.01,,,2026-09-11 22:29:06
a2fc310c840c4c65a53c,107,503,2026-08-20,2026-08-20,53.84,53.84,53.84,,,2026-09-11 22:29:06
a6c8509ffa11481ea9b9,116,503,2026-08-21,2026-08-21,1590.18,1590.18,1590.18,,,2026-09-11 22:29:06
42d936694a5847aeb355,110,503,2026-08-22,2026-08-22,94.9,94.9,94.9,,,2026-09-11 22:29:06
dfebc4ffb0984ed6a3bf,109,503,2026-08-23,2026-08-23,502.31,502.31,502.31,,,2026-09-11 22:29:06
e852aae5aff94b2ba5ce,116,503,2026-08-24,2026-08-24,917.8,917.8,917.8,,,2026-09-11 22:29:06
2e1de1bd4d25441fb74f,104,503,2026-08-25,2026-08-25,72.37,72.37,72.37,,,2026-09-11 22:29:06
3066bdae6b624919859f,117,503,2026-08-26,2026-08-26,725.69,725.69,725.69,,,2026-09-11 22:29:06
c11260d7ad3940d8b6da,112,503,2026-08-27,2026-08-27,61.49,61.49,61.49,,,2026-09-11 22:29:06
4d40f30c349947769678,108,503,2026-08-28,2026-08-28,479.92,479.92,479.92,,,2026-09-11 22:29:06
7ef51439a27e4bcdb267,109,503,2026-08-29,2026-08-29,1017.58,1017.58,1017.58,,,2026-09-11 22:29:06
e32d0c0d97764178915b,119,503,2026-08-30,2026-08-30,689.92,689.92,689.92,,,2026-09-11 22:29:06
417adaa3c003436ca881,109,503,2026-08-31,2026-08-31,587.91,587.91,587.91,,,2026-09-11 22:29:06
69ce19eb663a4c9197f3,111,503,2026-09-01,2026-09-01,2037.75,2037.75,2037.75,,,2026-09-11 22:29:06
109f97149fe24c95a5b7,102,503,2026-09-02,2026-09-02,190.74,190.74,190.74,,,2026-09-11 22:29:06
3f482e17bb5448bea88c,101,503,2026-09-03,2026-09-03,2707.7,2707.7,2707.7,,,2026-09-11 22:29:06
ef55a1efa0a4488a9683,120,503,2026-09-04,2026-09-04,99.25,99.25,99.25,,,2026-09-11 22:29:06
266c7e9f4c7746339536,110,503,2026-09-05,2026-09-05,256.68,256.68,256.68,,,2026-09-11 22:29:06
a5991e26e0644e80948a,102,503,2026-09-06,2026-09-06,140.7,140.7,140.7,,,2026-09-11 22:29:06
09279b2c92624ba0bc24,118,503,2026-09-07,2026-09-07,3056.71,3056.71,3056.71,,,2026-09-11 22:29:06
2b7df249f1d14ad18bc8,111,503,2026-09-08,2026-09-08,547.38,547.38,547.38,,,2026-09-11 22:29:06
103723c5166c45e1afb8,120,503,2026-09-09,2026-09-09,1742.18,1742.18,1742.18,,,2026-09-11 22:29:06
9474ff7d95444a578d40,102,503,2026-08-11,2026-08-11,615.19,615.19,615.19,,,2026-09-11 22:29:06
fb5752752e874855b1ad,110,503,2026-08-12,2026-08-12,754.01,754.01,754.01,,,2026-09-11 22:29:06
83b91ee0aa3c44e48d49,108,503,2026-08-13,2026-08-13,234.11,234.11,234.11,,,2026-09-11 22:29:06
c4b28b56c2ac4c70a590,119,503,2026-08-14,2026-08-14,3152.59,3152.59,3152.59,,,2026-09-11 22:29:06
3f2933bf661049b78164,109,503,2026-08-15,2026-08-15,3145.77,3145.77,3145.77,,,2026-09-11 22:29:06
a8d46efbecd74eb996a8,118,503,2026-08-16,2026-08-16,254.6,254.6,254.6,,,2026-09-11 22:29:06
35c1cddde33149c68a17,115,503,2026-08-17,2026-08-17,1775.18,1775.18,1775.18,,,2026-09-11 22:29:06
a0e6175853394cb4bc39,116,503,2026-08-18,2026-08-18,826.49,826.49,826.49,,,2026-09-11 22:29:06
4d18ba27f9f640f4bc04,117,503,2026-08-19,2026-08-19,1053.95,1053.95,1053.95,,,2026-09-11 22:29:06
fb6de04107994e7faf4d,104,503,2026-08-20,2026-08-20,75.15,75.15,75.15,,,2026-09-11 22:29:06
12c910570ac544438270,112,503,2026-08-21,2026-08-21,2183.77,2183.77,2183.77,,,2026-09-11 22:29:06
2314edb25d7343bbb2c0,111,503,2026-08-22,2026-08-22,1415.15,1415.15,1415.15,,,2026-09-11 22:29:06
5a3c8a412a184afaa64f,104,503,2026-08-23,2026-08-23,1767.15,1767.15,1767.15,,,2026-09-11 22:29:06
2de6c5e5e51b4fceb414,116,503,2026-08-24,2026-08-24,1274.1,1274.1,1274.1,,,2026-09-11 22:29:06
1a0a1e6963f14e918200,112,503,2026-08-25,2026-08-25,1313.45,1313.45,1313.45,,,2026-09-11 22:29:06
f2faf040777e4f04b20b,115,503,2026-08-26,2026-08-26,1589.02,1589.02,1589.02,,,2026-09-11 22:29:06
79eafce0593a4b3985df,110,503,2026-08-27,2026-08-27,1014.91,1014.91,1014.91,,,2026-09-11 22:29:06
937a300b08ed4704b118,119,503,2026-08-28,2026-08-28,891.35,891.35,891.35,,,2026-09-11 22:29:06
7f4af138db044eb9b80d,102,503,2026-08-29,2026-08-29,185.01,185.01,185.01,,,2026-09-11 22:29:06
4202c4d4d48b42abb45d,106,503,2026-08-30,2026-08-30,314.14,314.14,314.14,,,2026-09-11 22:29:06
6351502372fd4cf4985d,108,503,2026-08-31,2026-08-31,2492.36,2492.36,2492.36,,,2026-09-11 22:29:06
d6ce6dec75a44a8a8213,107,503,2026-09-01,2026-09-01,753.51,753.51,753.51,,,2026-09-11 22:29:06
9e87039d47b5400e8e18,102,503,2026-09-02,2026-09-02,3.4,3.4,3.4,,,2026-09-11 22:29:06
0080ca3d63a94b42bfba,106,503,2026-09-03,2026-09-03,610.77,610.77,610.77,,,2026-09-11 22:29:06
def0c2e3e71746858ad8,113,503,2026-09-04,2026-09-04,364.42,364.42,364.42,,,2026-09-11 22:29:06
f2332d361e474f8fb9f4,106,503,2026-09-05,2026-09-05,1297.46,1297.46,1297.46,,,2026-09-11 22:29:06
d9c4b54e476a4497a7eb,103,503,2026-09-06,2026-09-06,73.37,73.37,73.37,,,2026-09-11 22:29:06
085d227d01074b759ce9,106,503,2026-09-07,2026-09-07,2127,2127,2127,,,2026-09-11 22:29:06
0f977d054dd741dc8df6,116,503,2026-09-08,2026-09-08,1097.41,1097.41,1097.41,,,2026-09-11 22:29:06
b39737ab60144efabe21,101,503,2026-09-09,2026-09-09,2443.45,2443.45,2443.45,,,2026-09-11 22:29:06
e660b894e1924f129b79,119,503,2026-08-11,2026-08-11,1699.14,1699.14,1699.14,,,2026-09-11 22:29:06
f765697c0b5948e19a45,113,503,2026-08-12,2026-08-12,801.71,801.71,801.71,,,2026-09-11 22:29:06
bfcef8f9dd48446dadb4,101,503,2026-08-13,2026-08-13,3037.97,3037.97,3037.97,,,2026-09-11 22:29:06
538894bcddad410fb1b9,106,503,2026-08-14,2026-08-14,565.31,565.31,565.31,,,2026-09-11 22:29:06
2f3166fb3a1e44d4b386,117,503,2026-08-15,2026-08-15,50.74,50.74,50.74,,,2026-09-11 22:29:06
7653ff838e154cc6853c,111,503,2026-08-16,2026-08-16,94.45,94.45,94.45,,,2026-09-11 22:29:06
708e324633ab4212a18f,119,503,2026-08-17,2026-08-17,2294.87,2294.87,2294.87,,,2026-09-11 22:29:06
cdd630d841c74854aedb,105,503,2026-08-18,2026-08-18,2318.73,2318.73,2318.73,,,2026-09-11 22:29:06
344bc65b55d24a4bb452,105,503,2026-08-19,2026-08-19,511.25,511.25,511.25,,,2026-09-11 22:29:06
68acbc1d24c1450795d1,103,503,2026-08-20,2026-08-20,146.12,146.12,146.12,,,2026-09-11 22:29:06
0ac2334aea164f59a4ae,113,503,2026-08-21,2026-08-21,696.48,696.48,696.48,,,2026-09-11 22:29:06
94d89e7211e34ba69fb1,113,503,2026-08-22,2026-08-22,271.39,271.39,271.39,,,2026-09-11 22:29:06
3e9d5440f18e4f4ab799,102,503,2026-08-23,2026-08-23,563.37,563.37,563.37,,,2026-09-11 22:29:06
42da8c5358e64d689272,101,503,2026-08-24,2026-08-24,348.21,348.21,348.21,,,2026-09-11 22:29:06
6152be61f180450d8445,102,503,2026-08-25,2026-08-25,2936.88,2936.88,2936.88,,,2026-09-11 22:29:06
f2d08500febd42af9668,104,503,2026-08-26,2026-08-26,54.76,54.76,54.76,,,2026-09-11 22:29:06
53719aa3f8d64f5bb396,114,503,2026-08-27,2026-08-27,26.48,26.48,26.48,,,2026-09-11 22:29:06
63366b7522f44759b853,111,503,2026-08-28,2026-08-28,536.86,536.86,536.86,,,2026-09-11 22:29:06
ccf198ad65504b2c91e9,102,503,2026-08-29,2026-08-29,110.66,110.66,110.66,,,2026-09-11 22:29:06
5bac011fa7f547a596f6,101,503,2026-08-30,2026-08-30,1616.3,1616.3,1616.3,,,2026-09-11 22:29:06
c3aa00fba5094bf29f53,102,503,2026-08-31,2026-08-31,687.79,687.79,687.79,,,2026-09-11 22:29:06
5bfe5227a89d4b90ab9d,104,503,2026-09-01,2026-09-01,829.29,829.29,829.29,,,2026-09-11 22:29:06
be8b17f36c2942ba82ca,115,503,2026-09-02,2026-09-02,2424.89,2424.89,2424.89,,,2026-09-11 22:29:06
2bfc0ddc1a11458c8cee,105,503,2026-09-03,2026-09-03,613.89,613.89,613.89,,,2026-09-11 22:29:06
acdde9d277f045f4ad4f,120,503,2026-09-04,2026-09-04,121.78,121.78,121.78,,,2026-09-11 22:29:06
2d8c4b2fa04e4e56a6b4,115,503,2026-09-05,2026-09-05,245.68,245.68,245.68,,,2026-09-11 22:29:06
0166feb23d59469c9cfa,120,503,2026-09-06,2026-09-06,984.17,984.17,984.17,,,2026-09-11 22:29:06
7d11f82ed92e4ee6a1d3,112,503,2026-09-07,2026-09-07,69.19,69.19,69.19,,,2026-09-11 22:29:06
15868e0216b0490ab22b,116,503,2026-09-08,2026-09-08,265.79,265.79,265.79,,,2026-09-11 22:29:06
2e940b2807a749ab8cdf,106,503,2026-09-09,2026-09-09,171.63,171.63,171.63,,,2026-09-11 22:29:06
7815e67b03df44938efd,113,503,2026-08-11,2026-08-11,1339.22,1339.22,1339.22,,,2026-09-11 22:29:06
8fb29d63e3bb45a49da7,111,503,2026-08-12,2026-08-12,1676.85,1676.85,1676.85,,,2026-09-11 22:29:06
cf9ab53cb0534f90a9ab,117,503,2026-08-13,2026-08-13,1828.42,1828.42,1828.42,,,2026-09-11 22:29:06
31a6546cee05421fae9d,102,503,2026-08-14,2026-08-14,866.72,866.72,866.72,,,2026-09-11 22:29:06
d9600a85358d48ed9fed,105,503,2026-08-15,2026-08-15,1480.1,1480.1,1480.1,,,2026-09-11 22:29:06
193970fc3f5546c6a272,110,503,2026-08-16,2026-08-16,1738.72,1738.72,1738.72,,,2026-09-11 22:29:06
f80a3533ccdb413b8312,116,503,2026-08-17,2026-08-17,101.95,101.95,101.95,,,2026-09-11 22:29:06
3e8bc883dcc84362a637,108,503,2026-08-18,2026-08-18,2307.53,2307.53,2307.53,,,2026-09-11 22:29:06
749de22e8f5b48b88375,116,503,2026-08-19,2026-08-19,35.32,35.32,35.32,,,2026-09-11 22:29:06
c192a8723a2847599c8a,114,503,2026-08-20,2026-08-20,404.62,404.62,404.62,,,2026-09-11 22:29:06
6b599a033dc245efa2ac,109,503,2026-08-21,2026-08-21,475.35,475.35,475.35,,,2026-09-11 22:29:06
740fca5c75c2487cb2ef,112,503,2026-08-22,2026-08-22,2049.66,2049.66,2049.66,,,2026-09-11 22:29:06
8b711657c30249c794b7,112,503,2026-08-23,2026-08-23,1293.38,1293.38,1293.38,,,2026-09-11 22:29:06
5fa454cdfa5c4a36943c,115,503,2026-08-24,2026-08-24,1933.84,1933.84,1933.84,,,2026-09-11 22:29:06
5dca5d7fe0104d468f01,111,503,2026-08-25,2026-08-25,183.82,183.82,183.82,,,2026-09-11 22:29:06
c18881bb8ffa41f7a370,109,503,2026-08-26,2026-08-26,2358.83,2358.83,2358.83,,,2026-09-11 22:29:06
56cf2afdf9d34c5889e5,103,503,2026-08-27,2026-08-27,510.8,510.8,510.8,,,2026-09-11 22:29:06
bacd81cc4dc3467ca456,112,503,2026-08-28,2026-08-28,1073.11,1073.11,1073.11,,,2026-09-11 22:29:06
617031706bd44f999121,115,503,2026-08-29,2026-08-29,958.05,958.05,958.05,,,2026-09-11 22:29:06
436cb4550b164800ada8,102,503,2026-08-30,2026-08-30,1522.08,1522.08,1522.08,,,2026-09-11 22:29:06
1ecd45c6e4654719b463,104,503,2026-08-31,2026-08-31,82.19,82.19,82.19,,,2026-09-11 22:29:06
4b9f2b88d2f54c0f9c18,110,503,2026-09-01,2026-09-01,1060.78,1060.78,1060.78,,,2026-09-11 22:29:06
77b5d9f5b58f4fdb83cc,117,503,2026-09-02,2026-09-02,107.76,107.76,107.76,,,2026-09-11 22:29:06
bf1e38470af04424ad61,113,503,2026-09-03,2026-09-03,793.24,793.24,793.24,,,2026-09-11 22:29:06
410a8a7aeeb24185ba3f,107,503,2026-09-04,2026-09-04,3013.69,3013.69,3013.69,,,2026-09-11 22:29:06
ab221a425f1840a6ba37,104,503,2026-09-05,2026-09-05,3461.29,3461.29,3461.29,,,2026-09-11 22:29:06
c06ddcb262e94b61b475,107,503,2026-09-06,2026-09-06,1706.65,1706.65,1706.65,,,2026-09-11 22:29:06
47ebce9d672b4cc794d8,109,503,2026-09-07,2026-09-07,395.43,395.43,395.43,,,2026-09-11 22:29:06
1712fe64470c4963b7ae,120,503,2026-09-08,2026-09-08,809.15,809.15,809.15,,,2026-09-11 22:29:06
6e197537999248f0a78d,113,503,2026-09-09,2026-09-09,99.63,99.63,99.63,,,2026-09-11 22:29:06
690587eece7c49b5aa86,107,503,2026-08-11,2026-08-11,61.52,61.52,61.52,,,2026-09-11 22:29:06
7aca8619f36e4eacbbfa,104,503,2026-08-12,2026-08-12,115.57,115.57,115.57,,,2026-09-11 22:29:06
83ffa7a0d3a74a0ca061,115,503,2026-08-13,2026-08-13,452.61,452.61,452.61,,,2026-09-11 22:29:06
23c97ab76dcf4a0d999e,114,503,2026-08-14,2026-08-14,1726.68,1726.68,1726.68,,,2026-09-11 22:29:06
d01f81ec434f480d92d5,111,503,2026-08-15,2026-08-15,920.21,920.21,920.21,,,2026-09-11 22:29:06
ac8ae67f0754491e82f9,107,503,2026-08-16,2026-08-16,498.72,498.72,498.72,,,2026-09-11 22:29:06
b8bf9b80c6be41cd971b,104,503,2026-08-17,2026-08-17,2066.99,2066.99,2066.99,,,2026-09-11 22:29:06
204ab8fde8bf43cfaf35,110,503,2026-08-18,2026-08-18,195.65,195.65,195.65,,,2026-09-11 22:29:06
9bfde5c712e641b3ae97,109,503,2026-08-19,2026-08-19,367.7,367.7,367.7,,,2026-09-11 22:29:06
9443a7cdcd56480d819e,108,503,2026-08-20,2026-08-20,136.39,136.39,136.39,,,2026-09-11 22:29:06
34b9e0b0db6f402b927a,112,503,2026-08-21,2026-08-21,3306.05,3306.05,3306.05,,,2026-09-11 22:29:06
40361489f374489c8398,114,503,2026-08-22,2026-08-22,2366.73,2366.73,2366.73,,,2026-09-11 22:29:06
fa3ad723ef7e4c9ab415,105,503,2026-08-23,2026-08-23,1595.56,1595.56,1595.56,,,2026-09-11 22:29:06
ed43c1b2440345ae80df,119,503,2026-08-24,2026-08-24,89.79,89.79,89.79,,,2026-09-11 22:29:06
75b5c2b217e143b896b9,106,503,2026-08-25,2026-08-25,2145.29,2145.29,2145.29,,,2026-09-11 22:29:06
7e81578a8dd348edaa69,114,503,2026-08-26,2026-08-26,21.43,21.43,21.43,,,2026-09-11 22:29:06
3c2f101c8f4344eb9279,116,503,2026-08-27,2026-08-27,36.96,36.96,36.96,,,2026-09-11 22:29:06
1f03b8fd37924427be6b,104,503,2026-08-28,2026-08-28,175.94,175.94,175.94,,,2026-09-11 22:29:06
60022476a6764e9db970,117,503,2026-08-29,2026-08-29,940.46,940.46,940.46,,,2026-09-11 22:29:06
d4408926dfee48199cdd,101,503,2026-08-30,2026-08-30,2753.83,2753.83,2753.83,,,2026-09-11 22:29:06
3a64c34664434cd38219,105,503,2026-08-31,2026-08-31,163.43,163.43,163.43,,,2026-09-11 22:29:06
a023df938387440abbb0,118,503,2026-09-01,2026-09-01,2051.74,2051.74,2051.74,,,2026-09-11 22:29:06
a1bc7aaf6e7446388152,111,503,2026-09-02,2026-09-02,2203.02,2203.02,2203.02,,,2026-09-11 22:29:06
32a9bd9e4e4b43c1a55e,101,503,2026-09-03,2026-09-03,96.73,96.73,96.73,,,2026-09-11 22:29:06
ffc5380f7bf140d99d92,120,503,2026-09-04,2026-09-04,580.74,580.74,580.74,,,2026-09-11 22:29:06
93417555e6614590b36a,107,503,2026-09-05,2026-09-05,639.61,639.61,639.61,,,2026-09-11 22:29:06
0d31714f360c406bb014,116,503,2026-09-06,2026-09-06,547.16,547.16,547.16,,,2026-09-11 22:29:06
808bf212a5ca40cea365,114,503,2026-09-07,2026-09-07,135.51,135.51,135.51,,,2026-09-11 22:29:06
fcdda6ea29614fa78e9d,119,503,2026-09-08,2026-09-08,3046.5,3046.5,3046.5,,,2026-09-11 22:29:06
c388665b3a494826b9b3,108,503,2026-09-09,2026-09-09,790.41,790.41,790.41,,,2026-09-11 22:29:06
84f50e76821041eb836c,113,503,2026-08-11,2026-08-11,1078.5,1078.5,1078.5,,,2026-09-11 22:29:06
7ee394a0dc044cdfbef4,116,503,2026-08-12,2026-08-12,361.31,361.31,361.31,,,2026-09-11 22:29:06
3980d6f12a9e4eb1af0a,119,503,2026-08-13,2026-08-13,7.21,7.21,7.21,,,2026-09-11 22:29:06
ef8572314fdf41d4852e,102,503,2026-08-14,2026-08-14,1649.82,1649.82,1649.82,,,2026-09-11 22:29:06
17469dc5583f41298f80,105,503,2026-08-15,2026-08-15,2801.41,2801.41,2801.41,,,2026-09-11 22:29:06
e59327f7564a4661a675,114,503,2026-08-16,2026-08-16,678.47,678.47,678.47,,,2026-09-11 22:29:06
36696bbbfaed430aa0b2,117,503,2026-08-17,2026-08-17,7.97,7.97,7.97,,,2026-09-11 22:29:06
98b45e5225b445738a1a,103,503,2026-08-18,2026-08-18,1905.3,1905.3,1905.3,,,2026-09-11 22:29:06
024cca4909e043c9bbe7,101,503,2026-08-19,2026-08-19,1412.97,1412.97,1412.97,,,2026-09-11 22:29:06
fbeb80d1998e4a00b61f,117,503,2026-08-20,2026-08-20,208.13,208.13,208.13,,,2026-09-11 22:29:06
ee6008774d994bf19bb6,119,503,2026-08-21,2026-08-21,981.59,981.59,981.59,,,2026-09-11 22:29:06
772bf6f3978b4822bffc,110,503,2026-08-22,2026-08-22,295.82,295.82,295.82,,,2026-09-11 22:29:06
c206eaeb1bbb4a1d96ad,118,503,2026-08-23,2026-08-23,2214.97,2214.97,2214.97,,,2026-09-11 22:29:06
7d0cdf0ae49a4dbcb935,119,503,2026-08-24,2026-08-24,262.19,262.19,262.19,,,2026-09-11 22:29:06
30334bb6aebb42bfa1d7,102,503,2026-08-25,2026-08-25,347.45,347.45,347.45,,,2026-09-11 22:29:06
12b3739b68d042049c72,120,503,2026-08-26,2026-08-26,36.82,36.82,36.82,,,2026-09-11 22:29:06
ae6ccef1fcaf4a37b917,105,503,2026-08-27,2026-08-27,756.66,756.66,756.66,,,2026-09-11 22:29:06
a8e4a6148e7742d9a05b,109,503,2026-08-28,2026-08-28,589.38,589.38,589.38,,,2026-09-11 22:29:06
ae42f7f2b1594d74b841,120,503,2026-08-29,2026-08-29,65.16,65.16,65.16,,,2026-09-11 22:29:06
aaa75fa34d3d45b19864,101,503,2026-08-30,2026-08-30,2338.78,2338.78,2338.78,,,2026-09-11 22:29:06
683469073dfd4308940b,119,503,2026-08-31,2026-08-31,2412.95,2412.95,2412.95,,,2026-09-11 22:29:06
6bbf7edb559c46c29670,115,503,2026-09-01,2026-09-01,98.77,98.77,98.77,,,2026-09-11 22:29:06
4ce48f2a9c864c52b160,113,503,2026-09-02,2026-09-02,2861.07,2861.07,2861.07,,,2026-09-11 22:29:06
3875d181fe9849d39ac1,108,503,2026-09-03,2026-09-03,193.61,193.61,193.61,,,2026-09-11 22:29:06
a5a2f54a7cc540c0a044,112,503,2026-09-04,2026-09-04,112.39,112.39,112.39,,,2026-09-11 22:29:06
890b07f5b63d4eefaaa4,101,503,2026-09-05,2026-09-05,1761.85,1761.85,1761.85,,,2026-09-11 22:29:06
83b07d2fbfb845e08ebd,119,503,2026-09-06,2026-09-06,32.62,32.62,32.62,,,2026-09-11 22:29:06
4e8a3bc204b54e268883,118,503,2026-09-07,2026-09-07,556.27,556.27,556.27,,,2026-09-11 22:29:06
9c28e3df4bcd475ebd9b,111,503,2026-09-08,2026-09-08,69.11,69.11,69.11,,,2026-09-11 22:29:06
693f5e68cdf2494ba134,115,503,2026-09-09,2026-09-09,849.7,849.7,849.7,,,2026-09-11 22:29:06
fd0fb8eda7c4485fa204,112,503,2026-08-11,2026-08-11,760.72,760.72,760.72,,,2026-09-11 22:29:06
5849cfe70c0a430f9943,111,503,2026-08-12,2026-08-12,2105.4,2105.4,2105.4,,,2026-09-11 22:29:06
8df34f53f40b4fbd800f,102,503,2026-08-13,2026-08-13,351.19,351.19,351.19,,,2026-09-11 22:29:06
091a5de36f804f4bb260,110,503,2026-08-14,2026-08-14,919.48,919.48,919.48,,,2026-09-11 22:29:06
d4574022c8894686a12f,106,503,2026-08-15,2026-08-15,1001.07,1001.07,1001.07,,,2026-09-11 22:29:06
81d9f135291245f5b979,104,503,2026-08-16,2026-08-16,319.32,319.32,319.32,,,2026-09-11 22:29:06
d663eb20c0a54c508fdc,113,503,2026-08-17,2026-08-17,164.05,164.05,164.05,,,2026-09-11 22:29:06
f0d7d24a6ef84f548b46,114,503,2026-08-18,2026-08-18,1306.16,1306.16,1306.16,,,2026-09-11 22:29:06
8aa440edf8a54283a25b,115,503,2026-08-19,2026-08-19,1713.09,1713.09,1713.09,,,2026-09-11 22:29:06
0d8635fd8a4f4bc2999d,118,503,2026-08-20,2026-08-20,84.58,84.58,84.58,,,2026-09-11 22:29:06
5f12d96553ea48c68ac1,113,503,2026-08-21,2026-08-21,3765.82,3765.82,3765.82,,,2026-09-11 22:29:06
a940e0d6916d4b2da7f8,114,503,2026-08-22,2026-08-22,2504.63,2504.63,2504.63,,,2026-09-11 22:29:06
c7eb290f0a3a4af78d8a,109,503,2026-08-23,2026-08-23,778.79,778.79,778.79,,,2026-09-11 22:29:06
899b12196c034f748dda,111,503,2026-08-24,2026-08-24,359.13,359.13,359.13,,,2026-09-11 22:29:06
4234cf2a0f63409e9582,120,503,2026-08-25,2026-08-25,2035.03,2035.03,2035.03,,,2026-09-11 22:29:06
48d9fa31bed746eaa2c1,112,503,2026-08-26,2026-08-26,2139.6,2139.6,2139.6,,,2026-09-11 22:29:06
39e695ad26aa4b4c9e76,103,503,2026-08-27,2026-08-27,2317.75,2317.75,2317.75,,,2026-09-11 22:29:06
3cd91ab5d89e4eacba07,114,503,2026-08-28,2026-08-28,2503.45,2503.45,2503.45,,,2026-09-11 22:29:06
1311bdd76dde42068b72,104,503,2026-08-29,2026-08-29,39.86,39.86,39.86,,,2026-09-11 22:29:06
b95979f47eee4054ac9c,109,503,2026-08-30,2026-08-30,1852.88,1852.88,1852.88,,,2026-09-11 22:29:06
8ff3f656c492467aa04c,111,503,2026-08-31,2026-08-31,2024.78,2024.78,2024.78,,,2026-09-11 22:29:06
0a4094bbe1b749228c5f,113,503,2026-09-01,2026-09-01,2061.28,2061.28,2061.28,,,2026-09-11 22:29:06
9d15fa44310f4e6087a1,115,503,2026-09-02,2026-09-02,2816.84,2816.84,2816.84,,,2026-09-11 22:29:06
7cda39d9e479449b971a,115,503,2026-09-03,2026-09-03,359.47,359.47,359.47,,,2026-09-11 22:29:06
ebf05a224ccd40c29803,117,503,2026-09-04,2026-09-04,1858.22,1858.22,1858.22,,,2026-09-11 22:29:06
bf7bf410fb56404c968e,105,503,2026-09-05,2026-09-05,1483.3,1483.3,1483.3,,,2026-09-11 22:29:06
0235b056079e41c59873,104,503,2026-09-06,2026-09-06,847.84,847.84,847.84,,,2026-09-11 22:29:06
ee62f7b6797745cda164,116,503,2026-09-07,2026-09-07,49.45,49.45,49.45,,,2026-09-11 22:29:06
f8f31d9b9cad49a29bb0,109,503,2026-09-08,2026-09-08,461.34,461.34,461.34,,,2026-09-11 22:29:06
126665caccb148efa246,106,503,2026-09-09,2026-09-09,1964.59,1964.59,1964.59,,,2026-09-11 22:29:06
8009166085084cf481d3,106,503,2026-08-11,2026-08-11,3317.53,3317.53,3317.53,,,2026-09-11 22:29:06
e75086ab5f144a60a51b,101,503,2026-08-12,2026-08-12,988.3,988.3,988.3,,,2026-09-11 22:29:06
80fe6d471fbe4a1dae0c,113,503,2026-08-13,2026-08-13,716.26,716.26,716.26,,,2026-09-11 22:29:06
5e3a082bf1a7414691a3,113,503,2026-08-14,2026-08-14,2336.3,2336.3,2336.3,,,2026-09-11 22:29:06
fe83ed5cc8a74f7d80c0,117,503,2026-08-15,2026-08-15,1982.44,1982.44,1982.44,,,2026-09-11 22:29:06
8b4e073255aa4cc0bfb0,112,503,2026-08-16,2026-08-16,214.71,214.71,214.71,,,2026-09-11 22:29:06
4425a4341b634cccab55,109,503,2026-08-17,2026-08-17,298.01,298.01,298.01,,,2026-09-11 22:29:06
353552273cca4882aa80,111,503,2026-08-18,2026-08-18,20.03,20.03,20.03,,,2026-09-11 22:29:06
cde83116f8034cfdb8d4,113,503,2026-08-19,2026-08-19,743.83,743.83,743.83,,,2026-09-11 22:29:06
5f36d252f0e4486ea317,109,503,2026-08-20,2026-08-20,480.18,480.18,480.18,,,2026-09-11 22:29:06
e93e169995d044af8328,105,503,2026-08-21,2026-08-21,2662.63,2662.63,2662.63,,,2026-09-11 22:29:06
91de5a26d1ca44e387c9,101,503,2026-08-22,2026-08-22,509.04,509.04,509.04,,,2026-09-11 22:29:06
8a1f500293994bd8b9d1,103,503,2026-08-23,2026-08-23,2568.89,2568.89,2568.89,,,2026-09-11 22:29:06
3200dd52bdc74a01969c,101,503,2026-08-24,2026-08-24,495.72,495.72,495.72,,,2026-09-11 22:29:06
b2a32acf1f324e6883ac,106,503,2026-08-25,2026-08-25,230.19,230.19,230.19,,,2026-09-11 22:29:06
c84281bbe8c64e20b4bf,102,503,2026-08-26,2026-08-26,2723.06,2723.06,2723.06,,,2026-09-11 22:29:06
f35f476a3a74485d898f,110,503,2026-08-27,2026-08-27,3098.38,3098.38,3098.38,,,2026-09-11 22:29:06
ee38a45012ae46a68857,101,503,2026-08-28,2026-08-28,785.05,785.05,785.05,,,2026-09-11 22:29:06
ffa29ed263714d2fa254,101,503,2026-08-29,2026-08-29,197.59,197.59,197.59,,,2026-09-11 22:29:06
d9556a233f694a76bb3b,101,503,2026-08-30,2026-08-30,1961.49,1961.49,1961.49,,,2026-09-11 22:29:06
98d088289240499ba3b5,118,503,2026-08-31,2026-08-31,247.92,247.92,247.92,,,2026-09-11 22:29:06
84ceff501275456ab932,113,503,2026-09-01,2026-09-01,2957.36,2957.36,2957.36,,,2026-09-11 22:29:06
54e3e00124634a529755,109,503,2026-09-02,2026-09-02,3179.47,3179.47,3179.47,,,2026-09-11 22:29:06
9d615753016d478d9aa6,108,503,2026-09-03,2026-09-03,349.89,349.89,349.89,,,2026-09-11 22:29:06
dd8d08bcef80452dbe07,119,503,2026-09-04,2026-09-04,2944.31,2944.31,2944.31,,,2026-09-11 22:29:06
1937e0c1a36f4f23915c,119,503,2026-09-05,2026-09-05,1259.5,1259.5,1259.5,,,2026-09-11 22:29:06
fb5d5173dbba427e9a61,116,503,2026-09-06,2026-09-06,2158.93,2158.93,2158.93,,,2026-09-11 22:29:06
4482c82d8a0e45babafb,101,503,2026-09-07,2026-09-07,409.54,409.54,409.54,,,2026-09-11 22:29:06
0c57d13b064d47a1b89b,108,503,2026-09-08,2026-09-08,527.61,527.61,527.61,,,2026-09-11 22:29:06
d606ce4caad8491e80b1,118,503,2026-09-09,2026-09-09,1422.05,1422.05,1422.05,,,2026-09-11 22:29:06
a3338cfe7c044dfd8673,102,504,2026-08-11,2026-08-11,3335.68,3335.68,3335.68,,,2026-09-11 22:29:06
7c60161611fb4b078b6d,102,504,2026-08-12,2026-08-12,262.57,262.57,262.57,,,2026-09-11 22:29:06
921694b3ab98459abd2e,107,504,2026-08-13,2026-08-13,1922.58,1922.58,1922.58,,,2026-09-11 22:29:06
085a905eba894ee98e65,105,504,2026-08-14,2026-08-14,2270.63,2270.63,2270.63,,,2026-09-11 22:29:06
6c39e766816544c8bacc,111,504,2026-08-15,2026-08-15,137.8,137.8,137.8,,,2026-09-11 22:29:06
746dfd83a3b9409ea045,111,504,2026-08-16,2026-08-16,1497,1497,1497,,,2026-09-11 22:29:06
2ca48063479b428982d8,105,504,2026-08-17,2026-08-17,2521.73,2521.73,2521.73,,,2026-09-11 22:29:06
06c71709a0b341bcb0ef,117,504,2026-08-18,2026-08-18,2796.07,2796.07,2796.07,,,2026-09-11 22:29:06
1b546f323fd04f25be2b,120,504,2026-08-19,2026-08-19,216.19,216.19,216.19,,,2026-09-11 22:29:06
72763dcc2d5e4eec94f4,105,504,2026-08-20,2026-08-20,4511.77,4511.77,4511.77,,,2026-09-11 22:29:06
3db0844d86874e3ead6e,118,504,2026-08-21,2026-08-21,553,553,553,,,2026-09-11 22:29:06
bb3c481629ad46d59d8d,106,504,2026-08-22,2026-08-22,62.07,62.07,62.07,,,2026-09-11 22:29:06
90ef9eea1ee34bd68959,102,504,2026-08-23,2026-08-23,1658.72,1658.72,1658.72,,,2026-09-11 22:29:06
7a9952756646441e8d0b,115,504,2026-08-24,2026-08-24,2754.37,2754.37,2754.37,,,2026-09-11 22:29:06
724ae76262734c0e81ea,108,504,2026-08-25,2026-08-25,1324.93,1324.93,1324.93,,,2026-09-11 22:29:06
a7d1f0186e064728a814,120,504,2026-08-26,2026-08-26,1856.21,1856.21,1856.21,,,2026-09-11 22:29:06
0dcd91c2fec748cebd35,104,504,2026-08-27,2026-08-27,1103.45,1103.45,1103.45,,,2026-09-11 22:29:06
4078e290e3534faa82c0,109,504,2026-08-28,2026-08-28,1467.42,1467.42,1467.42,,,2026-09-11 22:29:06
2b60bb9f439c44d7a960,101,504,2026-08-29,2026-08-29,150.37,150.37,150.37,,,2026-09-11 22:29:06
01efcf7860f44218be81,117,504,2026-08-30,2026-08-30,206.18,206.18,206.18,,,2026-09-11 22:29:06
2bff3419a85748d5b842,116,504,2026-08-31,2026-08-31,354.3,354.3,354.3,,,2026-09-11 22:29:06
c2f88bfb9bdc4f458353,116,504,2026-09-01,2026-09-01,532.42,532.42,532.42,,,2026-09-11 22:29:06
0ca72aa366404bcab934,111,504,2026-09-02,2026-09-02,1360.2,1360.2,1360.2,,,2026-09-11 22:29:06
a33f336fdbd34bd5949f,103,504,2026-09-03,2026-09-03,1022.82,1022.82,1022.82,,,2026-09-11 22:29:06
3250b184e691423d84dd,108,504,2026-09-04,2026-09-04,1038.66,1038.66,1038.66,,,2026-09-11 22:29:06
57dbb57ac63c43d1aba5,102,504,2026-09-05,2026-09-05,682.27,682.27,682.27,,,2026-09-11 22:29:06
50e74471dee64fda9f44,119,504,2026-09-06,2026-09-06,183.6,183.6,183.6,,,2026-09-11 22:29:06
9ee2ec908b534772af3b,114,504,2026-09-07,2026-09-07,1790.53,1790.53,1790.53,,,2026-09-11 22:29:06
1e75501226ab461d83d9,106,504,2026-09-08,2026-09-08,3286.2,3286.2,3286.2,,,2026-09-11 22:29:06
20eae88aeb664a6b9ce0,110,504,2026-09-09,2026-09-09,1609.26,1609.26,1609.26,,,2026-09-11 22:29:06
9b88dae479634f40acf0,113,504,2026-08-11,2026-08-11,1577.62,1577.62,1577.62,,,2026-09-11 22:29:06
44ee97888d85420f8986,114,504,2026-08-12,2026-08-12,3151.4,3151.4,3151.4,,,2026-09-11 22:29:06
0c2c59eacea54a919b1b,119,504,2026-08-13,2026-08-13,27.48,27.48,27.48,,,2026-09-11 22:29:06
9156bb74cf4e4c7ab321,116,504,2026-08-14,2026-08-14,4801.69,4801.69,4801.69,,,2026-09-11 22:29:06
658fc46629904ee78250,106,504,2026-08-15,2026-08-15,287.06,287.06,287.06,,,2026-09-11 22:29:06
2cc192ac01f8400fb3ba,107,504,2026-08-16,2026-08-16,1768.47,1768.47,1768.47,,,2026-09-11 22:29:06
1ca76632df4246b2ad8e,113,504,2026-08-17,2026-08-17,2496.77,2496.77,2496.77,,,2026-09-11 22:29:06
ec7c0aeabe984aee8481,108,504,2026-08-18,2026-08-18,2321.42,2321.42,2321.42,,,2026-09-11 22:29:06
24b2e1abc52a48fc930b,103,504,2026-08-19,2026-08-19,43.92,43.92,43.92,,,2026-09-11 22:29:06
b10af97cf2ff489b9bfe,102,504,2026-08-20,2026-08-20,879.64,879.64,879.64,,,2026-09-11 22:29:06
70f3fb72b013441e8805,105,504,2026-08-21,2026-08-21,87.09,87.09,87.09,,,2026-09-11 22:29:06
631dd3211be74a9494e3,107,504,2026-08-22,2026-08-22,16.14,16.14,16.14,,,2026-09-11 22:29:06
dc32007272744f678e93,113,504,2026-08-23,2026-08-23,1396.08,1396.08,1396.08,,,2026-09-11 22:29:06
c18869b22a204d78b8b8,116,504,2026-08-24,2026-08-24,3260.26,3260.26,3260.26,,,2026-09-11 22:29:06
fba1af0c092c485786ae,105,504,2026-08-25,2026-08-25,5265.03,5265.03,5265.03,,,2026-09-11 22:29:06
abac63540e38439d87d7,108,504,2026-08-26,2026-08-26,664.58,664.58,664.58,,,2026-09-11 22:29:06
6a313311dcd34e97b17d,120,504,2026-08-27,2026-08-27,657.17,657.17,657.17,,,2026-09-11 22:29:06
b6435cd6da0346a880eb,104,504,2026-08-28,2026-08-28,236.45,236.45,236.45,,,2026-09-11 22:29:06
86f4887f064a4a56beba,116,504,2026-08-29,2026-08-29,1934.68,1934.68,1934.68,,,2026-09-11 22:29:06
32821655c4c0421b9565,113,504,2026-08-30,2026-08-30,1263.55,1263.55,1263.55,,,2026-09-11 22:29:06
bf0cc864d3df4e58b37c,105,504,2026-08-31,2026-08-31,710.6,710.6,710.6,,,2026-09-11 22:29:06
fffaf43850f64042a88b,112,504,2026-09-01,2026-09-01,947.46,947.46,947.46,,,2026-09-11 22:29:06
4bf89f691afa4fef9507,116,504,2026-09-02,2026-09-02,4458.35,4458.35,4458.35,,,2026-09-11 22:29:06
c8ce48e2ffa14968b88f,117,504,2026-09-03,2026-09-03,5239.84,5239.84,5239.84,,,2026-09-11 22:29:06
49f4abb42e56473da3ec,104,504,2026-09-04,2026-09-04,1232.73,1232.73,1232.73,,,2026-09-11 22:29:06
f99d80dbbe5044298b14,110,504,2026-09-05,2026-09-05,2837.37,2837.37,2837.37,,,2026-09-11 22:29:06
5a17e6a5f773417495e9,109,504,2026-09-06,2026-09-06,2221.2,2221.2,2221.2,,,2026-09-11 22:29:06
fc168958f48c4d80ba52,103,504,2026-09-07,2026-09-07,159.67,159.67,159.67,,,2026-09-11 22:29:06
5c36529b135b45bf914b,113,504,2026-09-08,2026-09-08,3375.43,3375.43,3375.43,,,2026-09-11 22:29:06
753888da952745ccae31,112,504,2026-09-09,2026-09-09,2570.5,2570.5,2570.5,,,2026-09-11 22:29:06
679f4cf69952471bb3e8,113,504,2026-08-11,2026-08-11,1569.43,1569.43,1569.43,,,2026-09-11 22:29:06
f4fed7af1d4949bcb113,115,504,2026-08-12,2026-08-12,4190.83,4190.83,4190.83,,,2026-09-11 22:29:06
45806c41619c4bc0b48a,119,504,2026-08-13,2026-08-13,198.15,198.15,198.15,,,2026-09-11 22:29:06
e340bff16c97488087ed,107,504,2026-08-14,2026-08-14,1169.05,1169.05,1169.05,,,2026-09-11 22:29:06
a49dcae9af7e463fb008,109,504,2026-08-15,2026-08-15,1828.27,1828.27,1828.27,,,2026-09-11 22:29:06
15092fabdc1844b8a2ea,118,504,2026-08-16,2026-08-16,1260.11,1260.11,1260.11,,,2026-09-11 22:29:06
e0cdb22b17734ed8bb8c,115,504,2026-08-17,2026-08-17,1979.43,1979.43,1979.43,,,2026-09-11 22:29:06
7384c7a9af844f93a0a3,119,504,2026-08-18,2026-08-18,989.24,989.24,989.24,,,2026-09-11 22:29:06
f8a142decf354f2e9cd3,101,504,2026-08-19,2026-08-19,445.96,445.96,445.96,,,2026-09-11 22:29:06
953030807bb840c89b1d,115,504,2026-08-20,2026-08-20,703.38,703.38,703.38,,,2026-09-11 22:29:06
c53377d6a90b4f9fa071,120,504,2026-08-21,2026-08-21,1765.28,1765.28,1765.28,,,2026-09-11 22:29:06
26b8adc6f60b41d2af2c,120,504,2026-08-22,2026-08-22,1370.36,1370.36,1370.36,,,2026-09-11 22:29:06
fb2c31b2eb3b4f0a8ff7,102,504,2026-08-23,2026-08-23,1370.34,1370.34,1370.34,,,2026-09-11 22:29:06
8d56d2790d7a4205be1d,112,504,2026-08-24,2026-08-24,4254.72,4254.72,4254.72,,,2026-09-11 22:29:06
d35a68ea0f70461e9433,107,504,2026-08-25,2026-08-25,125.15,125.15,125.15,,,2026-09-11 22:29:06
00b88dcbc05a40ed8d25,120,504,2026-08-26,2026-08-26,2389.62,2389.62,2389.62,,,2026-09-11 22:29:06
693d70a6a91b4bf39040,109,504,2026-08-27,2026-08-27,2010.08,2010.08,2010.08,,,2026-09-11 22:29:06
7fa24da217fb445cadfb,109,504,2026-08-28,2026-08-28,2076.7,2076.7,2076.7,,,2026-09-11 22:29:06
b04eed3d43814ba7a016,118,504,2026-08-29,2026-08-29,2055.73,2055.73,2055.73,,,2026-09-11 22:29:06
d8ad97236dde4927ac1c,107,504,2026-08-30,2026-08-30,44.74,44.74,44.74,,,2026-09-11 22:29:06
95fb5b6484cd4a73bb45,110,504,2026-08-31,2026-08-31,1459.71,1459.71,1459.71,,,2026-09-11 22:29:06
f98b74731c4a4b218ab6,118,504,2026-09-01,2026-09-01,1684.83,1684.83,1684.83,,,2026-09-11 22:29:06
10ca933e7f1e45799570,117,504,2026-09-02,2026-09-02,1336.58,1336.58,1336.58,,,2026-09-11 22:29:06
5714c2588124496bb4d8,120,504,2026-09-03,2026-09-03,1124.79,1124.79,1124.79,,,2026-09-11 22:29:06
7eaec275bcc54ba9a535,102,504,2026-09-04,2026-09-04,251.63,251.63,251.63,,,2026-09-11 22:29:06
2d7c7ba4c72e4cc3a51f,115,504,2026-09-05,2026-09-05,858.54,858.54,858.54,,,2026-09-11 22:29:06
91943a137484454ba0c0,104,504,2026-09-06,2026-09-06,279.04,279.04,279.04,,,2026-09-11 22:29:06
e943dd7a5abd4fbca350,120,504,2026-09-07,2026-09-07,1366.56,1366.56,1366.56,,,2026-09-11 22:29:06
a22f0c29cd32438aabc9,119,504,2026-09-08,2026-09-08,937.44,937.44,937.44,,,2026-09-11 22:29:06
dd2d0053a70a4e658e8f,117,504,2026-09-09,2026-09-09,1435.71,1435.71,1435.71,,,2026-09-11 22:29:06
5df1cf8f9f334c388b67,112,504,2026-08-11,2026-08-11,3497.48,3497.48,3497.48,,,2026-09-11 22:29:06
ae076f59ebef46d49d51,117,504,2026-08-12,2026-08-12,4679.67,4679.67,4679.67,,,2026-09-11 22:29:06
de411bb55f18457ebbb7,120,504,2026-08-13,2026-08-13,565.48,565.48,565.48,,,2026-09-11 22:29:06
49000b26b72343e5b631,118,504,2026-08-14,2026-08-14,234.92,234.92,234.92,,,2026-09-11 22:29:06
0debede7fa96402faaf2,118,504,2026-08-15,2026-08-15,1613.51,1613.51,1613.51,,,2026-09-11 22:29:06
111702a2c0e747db88ed,104,504,2026-08-16,2026-08-16,1805.48,1805.48,1805.48,,,2026-09-11 22:29:06
e9f0456f5fda41629d57,107,504,2026-08-17,2026-08-17,941.8,941.8,941.8,,,2026-09-11 22:29:06
96000711e6114dd7921d,113,504,2026-08-18,2026-08-18,2175.36,2175.36,2175.36,,,2026-09-11 22:29:06
16d663ee2f9e49a68ef3,120,504,2026-08-19,2026-08-19,1562.77,1562.77,1562.77,,,2026-09-11 22:29:06
37e6e3a189844658be5e,117,504,2026-08-20,2026-08-20,4544.24,4544.24,4544.24,,,2026-09-11 22:29:06
24f84028904c403b8637,111,504,2026-08-21,2026-08-21,256.43,256.43,256.43,,,2026-09-11 22:29:06
9e2d10ed93df4d6f91e6,109,504,2026-08-22,2026-08-22,142.49,142.49,142.49,,,2026-09-11 22:29:06
a876d0ac741f4e06b5f8,119,504,2026-08-23,2026-08-23,1744.7,1744.7,1744.7,,,2026-09-11 22:29:06
f9691c1790444c248fdb,111,504,2026-08-24,2026-08-24,1602.81,1602.81,1602.81,,,2026-09-11 22:29:06
fa3cfd8152214cc2bcc8,111,504,2026-08-25,2026-08-25,553.8,553.8,553.8,,,2026-09-11 22:29:06
ea261aa8eb6b42f7b94e,114,504,2026-08-26,2026-08-26,1648.2,1648.2,1648.2,,,2026-09-11 22:29:06
e52cc8cb02bf42e38764,103,504,2026-08-27,2026-08-27,236.14,236.14,236.14,,,2026-09-11 22:29:06
dc098311cb3e478eb3c6,114,504,2026-08-28,2026-08-28,69.17,69.17,69.17,,,2026-09-11 22:29:06
312c7a08e484448f887e,111,504,2026-08-29,2026-08-29,1383.77,1383.77,1383.77,,,2026-09-11 22:29:06
4ba6212ccc664f56bc30,119,504,2026-08-30,2026-08-30,2142.15,2142.15,2142.15,,,2026-09-11 22:29:06
c6e3588b4e414f8f8f53,119,504,2026-08-31,2026-08-31,661.22,661.22,661.22,,,2026-09-11 22:29:06
99c457f463e34e36b7cb,101,504,2026-09-01,2026-09-01,1205.96,1205.96,1205.96,,,2026-09-11 22:29:06
aaed847654664d7682c2,107,504,2026-09-02,2026-09-02,1996.79,1996.79,1996.79,,,2026-09-11 22:29:06
ebaef68495da466e861d,111,504,2026-09-03,2026-09-03,411.67,411.67,411.67,,,2026-09-11 22:29:06
4936c646d7d244ebad45,110,504,2026-09-04,2026-09-04,1354.09,1354.09,1354.09,,,2026-09-11 22:29:06
078de35752b84b4f8621,108,504,2026-09-05,2026-09-05,1719.38,1719.38,1719.38,,,2026-09-11 22:29:06
adc556644cd7448db1f5,109,504,2026-09-06,2026-09-06,844.17,844.17,844.17,,,2026-09-11 22:29:06
64fe4d9c004f46dc808e,108,504,2026-09-07,2026-09-07,3523.67,3523.67,3523.67,,,2026-09-11 22:29:06
f56fe0386c4243a6801d,119,504,2026-09-08,2026-09-08,1525.78,1525.78,1525.78,,,2026-09-11 22:29:06
cbb3ea7ca60b4beba19d,115,504,2026-09-09,2026-09-09,127.26,127.26,127.26,,,2026-09-11 22:29:06
73650e55ed5d4b4a821b,118,504,2026-08-11,2026-08-11,162.09,162.09,162.09,,,2026-09-11 22:29:06
b9306e19c7fe4f3bb614,116,504,2026-08-12,2026-08-12,1679.75,1679.75,1679.75,,,2026-09-11 22:29:06
316c5be0ddc040aa9eaf,107,504,2026-08-13,2026-08-13,522.88,522.88,522.88,,,2026-09-11 22:29:06
855bcf16b2224b1586ef,108,504,2026-08-14,2026-08-14,2389.33,2389.33,2389.33,,,2026-09-11 22:29:06
43ed06ae02dc4a06be54,111,504,2026-08-15,2026-08-15,716.26,716.26,716.26,,,2026-09-11 22:29:06
edab044ab60945f58ce9,103,504,2026-08-16,2026-08-16,2467.36,2467.36,2467.36,,,2026-09-11 22:29:06
77c91e208c844909a80c,119,504,2026-08-17,2026-08-17,289.77,289.77,289.77,,,2026-09-11 22:29:06
5b7f64a2a32d4a29b6bb,118,504,2026-08-18,2026-08-18,605.19,605.19,605.19,,,2026-09-11 22:29:06
23d7dcf92bdb4040b78b,110,504,2026-08-19,2026-08-19,852.03,852.03,852.03,,,2026-09-11 22:29:06
8d31baef82cd41e39630,104,504,2026-08-20,2026-08-20,1710.1,1710.1,1710.1,,,2026-09-11 22:29:06
154da0bc2792412ca5aa,115,504,2026-08-21,2026-08-21,543.69,543.69,543.69,,,2026-09-11 22:29:06
2bdff2c2622e4e3182bd,102,504,2026-08-22,2026-08-22,580.54,580.54,580.54,,,2026-09-11 22:29:06
e079aed811544b6ab5da,108,504,2026-08-23,2026-08-23,1349.39,1349.39,1349.39,,,2026-09-11 22:29:06
21a517c953344cf5b107,106,504,2026-08-24,2026-08-24,770.83,770.83,770.83,,,2026-09-11 22:29:06
dddc9650b34244a1a606,108,504,2026-08-25,2026-08-25,3168,3168,3168,,,2026-09-11 22:29:06
b2355ace6bb6428f8ff9,115,504,2026-08-26,2026-08-26,617.84,617.84,617.84,,,2026-09-11 22:29:06
c0eb4abd443f42abb426,104,504,2026-08-27,2026-08-27,141.7,141.7,141.7,,,2026-09-11 22:29:06
1f38d602b4534fb1b507,110,504,2026-08-28,2026-08-28,2414.34,2414.34,2414.34,,,2026-09-11 22:29:06
048b0182722642d5aa1a,103,504,2026-08-29,2026-08-29,2471.74,2471.74,2471.74,,,2026-09-11 22:29:06
729d6ad1df5c4f6d9658,107,504,2026-08-30,2026-08-30,1700.75,1700.75,1700.75,,,2026-09-11 22:29:06
20ffa94c24bd462e835c,103,504,2026-08-31,2026-08-31,1614.84,1614.84,1614.84,,,2026-09-11 22:29:06
93529330461d45c099fb,119,504,2026-09-01,2026-09-01,963.58,963.58,963.58,,,2026-09-11 22:29:06
66174e61b7074b87a5aa,110,504,2026-09-02,2026-09-02,2602.58,2602.58,2602.58,,,2026-09-11 22:29:06
e57ea92a023144338856,111,504,2026-09-03,2026-09-03,3356.99,3356.99,3356.99,,,2026-09-11 22:29:06
eeee59551dfb46049cdf,101,504,2026-09-04,2026-09-04,218.79,218.79,218.79,,,2026-09-11 22:29:06
02e2957fd12b42c7b3d5,111,504,2026-09-05,2026-09-05,225.32,225.32,225.32,,,2026-09-11 22:29:06
28743aa5c5f94312b3be,105,504,2026-09-06,2026-09-06,965.71,965.71,965.71,,,2026-09-11 22:29:06
74c7303824d3486c8406,115,504,2026-09-07,2026-09-07,1219.36,1219.36,1219.36,,,2026-09-11 22:29:06
9adbd6a1d87243de8ca8,113,504,2026-09-08,2026-09-08,993.14,993.14,993.14,,,2026-09-11 22:29:06
04b9f71a43794ad58325,116,504,2026-09-09,2026-09-09,114.89,114.89,114.89,,,2026-09-11 22:29:06
77535ea6a98b4e4683e9,108,504,2026-08-11,2026-08-11,343.69,343.69,343.69,,,2026-09-11 22:29:06
8f999c7fda324caab0c4,113,504,2026-08-12,2026-08-12,173.31,173.31,173.31,,,2026-09-11 22:29:06
a687c7192fe24e37a771,101,504,2026-08-13,2026-08-13,870.65,870.65,870.65,,,2026-09-11 22:29:06
b632ec8602714188a1b3,109,504,2026-08-14,2026-08-14,2970.73,2970.73,2970.73,,,2026-09-11 22:29:06
9aeded98277342758314,113,504,2026-08-15,2026-08-15,252.81,252.81,252.81,,,2026-09-11 22:29:06
3018152a787e47b2b05c,114,504,2026-08-16,2026-08-16,230.26,230.26,230.26,,,2026-09-11 22:29:06
0bb6993dfc84463fa1a8,101,504,2026-08-17,2026-08-17,901.41,901.41,901.41,,,2026-09-11 22:29:06
7b34835a3acf4f50a343,102,504,2026-08-18,2026-08-18,162.63,162.63,162.63,,,2026-09-11 22:29:06
8ff61d4d6caa4214a0ac,112,504,2026-08-19,2026-08-19,500.47,500.47,500.47,,,2026-09-11 22:29:06
e52c4642527142e6a4cb,115,504,2026-08-20,2026-08-20,4324.32,4324.32,4324.32,,,2026-09-11 22:29:06
f74f369d3fce4a8ca4bc,114,504,2026-08-21,2026-08-21,778.62,778.62,778.62,,,2026-09-11 22:29:06
4f461aa5c0024a59a8f0,109,504,2026-08-22,2026-08-22,259.45,259.45,259.45,,,2026-09-11 22:29:06
5ba4a0f26d464c73bb0b,118,504,2026-08-23,2026-08-23,2765.43,2765.43,2765.43,,,2026-09-11 22:29:06
26032093ed8347539a76,110,504,2026-08-24,2026-08-24,3006.87,3006.87,3006.87,,,2026-09-11 22:29:06
87ab91a466a54fa8a460,112,504,2026-08-25,2026-08-25,2442.2,2442.2,2442.2,,,2026-09-11 22:29:06
c0891416d344456bbd84,111,504,2026-08-26,2026-08-26,455.06,455.06,455.06,,,2026-09-11 22:29:06
72b8eba918e44d23ba13,112,504,2026-08-27,2026-08-27,3730.99,3730.99,3730.99,,,2026-09-11 22:29:06
5ebb4e8ebc634f73b1a0,101,504,2026-08-28,2026-08-28,2086.51,2086.51,2086.51,,,2026-09-11 22:29:06
2664a9a74fea484abb7d,103,504,2026-08-29,2026-08-29,651.39,651.39,651.39,,,2026-09-11 22:29:06
4a744f6e249e4c95a27b,107,504,2026-08-30,2026-08-30,2732.59,2732.59,2732.59,,,2026-09-11 22:29:06
ca17820d1eb54d4c900f,118,504,2026-08-31,2026-08-31,825.71,825.71,825.71,,,2026-09-11 22:29:06
4f565ce84a324f22b155,112,504,2026-09-01,2026-09-01,260.49,260.49,260.49,,,2026-09-11 22:29:06
ca580d86cffd471b8092,108,504,2026-09-02,2026-09-02,621.56,621.56,621.56,,,2026-09-11 22:29:06
4c01fac478814509b51e,110,504,2026-09-03,2026-09-03,811.53,811.53,811.53,,,2026-09-11 22:29:06
bd8ec4cf3b1d44bb9da5,117,504,2026-09-04,2026-09-04,144.12,144.12,144.12,,,2026-09-11 22:29:06
272b89f8e51f46639db0,101,504,2026-09-05,2026-09-05,5812.36,5812.36,5812.36,,,2026-09-11 22:29:06
6110a6fd6d7c495283e3,110,504,2026-09-06,2026-09-06,723.26,723.26,723.26,,,2026-09-11 22:29:06
bd7291c8e66e4b948810,120,504,2026-09-07,2026-09-07,982.99,982.99,982.99,,,2026-09-11 22:29:06
47421cc7821d4cf4abfe,106,504,2026-09-08,2026-09-08,2023.78,2023.78,2023.78,,,2026-09-11 22:29:06
eb9a04a4e40047ddb235,117,504,2026-09-09,2026-09-09,1917.12,1917.12,1917.12,,,2026-09-11 22:29:06
61eb80826e2d40508b5a,103,504,2026-08-11,2026-08-11,388.26,388.26,388.26,,,2026-09-11 22:29:06
6c4b0ed844704845b3da,102,504,2026-08-12,2026-08-12,90.68,90.68,90.68,,,2026-09-11 22:29:06
79a0ab6afa6f4233a255,111,504,2026-08-13,2026-08-13,1887.89,1887.89,1887.89,,,2026-09-11 22:29:06
c1db352e724f47c3a425,112,504,2026-08-14,2026-08-14,2162.46,2162.46,2162.46,,,2026-09-11 22:29:06
55d1977425fe40c28b32,120,504,2026-08-15,2026-08-15,1667,1667,1667,,,2026-09-11 22:29:06
ae5deef86e9b497f8412,115,504,2026-08-16,2026-08-16,598.24,598.24,598.24,,,2026-09-11 22:29:06
b1291dfc3bec41a0a864,119,504,2026-08-17,2026-08-17,2569.43,2569.43,2569.43,,,2026-09-11 22:29:06
358757324de6445ca376,120,504,2026-08-18,2026-08-18,3468.5,3468.5,3468.5,,,2026-09-11 22:29:06
7f0be6e2b9094a669bcc,111,504,2026-08-19,2026-08-19,5823.04,5823.04,5823.04,,,2026-09-11 22:29:06
55e9c02aa01546bd94e5,109,504,2026-08-20,2026-08-20,2804.68,2804.68,2804.68,,,2026-09-11 22:29:06
23d78eb574254e3798a3,120,504,2026-08-21,2026-08-21,4378.96,4378.96,4378.96,,,2026-09-11 22:29:06
6909eefea4ca45af998e,107,504,2026-08-22,2026-08-22,2799.55,2799.55,2799.55,,,2026-09-11 22:29:06
6fab6686739347579039,105,504,2026-08-23,2026-08-23,3453.76,3453.76,3453.76,,,2026-09-11 22:29:06
4f6a66a6837244d88fdb,109,504,2026-08-24,2026-08-24,4368.84,4368.84,4368.84,,,2026-09-11 22:29:06
c47d640ee772401196e8,113,504,2026-08-25,2026-08-25,709.62,709.62,709.62,,,2026-09-11 22:29:06
552bef5f102e4758b963,114,504,2026-08-26,2026-08-26,3397.55,3397.55,3397.55,,,2026-09-11 22:29:06
f7f3d56c5ed54368ad6b,104,504,2026-08-27,2026-08-27,768.8,768.8,768.8,,,2026-09-11 22:29:06
8f52172cd9b94eb4a49a,118,504,2026-08-28,2026-08-28,134.51,134.51,134.51,,,2026-09-11 22:29:06
970f06b92b1e40f79b5b,106,504,2026-08-29,2026-08-29,152.45,152.45,152.45,,,2026-09-11 22:29:06
1b519e802621468e86ef,103,504,2026-08-30,2026-08-30,4844.04,4844.04,4844.04,,,2026-09-11 22:29:06
979d816cfa4a4d63b9ab,115,504,2026-08-31,2026-08-31,323.94,323.94,323.94,,,2026-09-11 22:29:06
93c7c269cc074e0a97b0,101,504,2026-09-01,2026-09-01,184.47,184.47,184.47,,,2026-09-11 22:29:06
e8784e2b24f643758522,113,504,2026-09-02,2026-09-02,1310.95,1310.95,1310.95,,,2026-09-11 22:29:06
913ea343465c44bcbfe6,111,504,2026-09-03,2026-09-03,512.08,512.08,512.08,,,2026-09-11 22:29:06
e23dbf5d038e4ed6b459,116,504,2026-09-04,2026-09-04,1510.87,1510.87,1510.87,,,2026-09-11 22:29:06
edc669b80a50467fb394,117,504,2026-09-05,2026-09-05,584.63,584.63,584.63,,,2026-09-11 22:29:06
c083a0ecb995474880dc,119,504,2026-09-06,2026-09-06,5841.15,5841.15,5841.15,,,2026-09-11 22:29:06
a6aabae2a5d24d599d47,118,504,2026-09-07,2026-09-07,609.12,609.12,609.12,,,2026-09-11 22:29:06
5d5d5e6505fa46bbb9ba,107,504,2026-09-08,2026-09-08,5267.33,5267.33,5267.33,,,2026-09-11 22:29:06
b84e34a055d74f1baeea,101,504,2026-09-09,2026-09-09,3628.24,3628.24,3628.24,,,2026-09-11 22:29:06
3dc7f1fc6bbb4272bb23,119,504,2026-08-11,2026-08-11,568.9,568.9,568.9,,,2026-09-11 22:29:06
5163d4b4bed341e5997c,112,504,2026-08-12,2026-08-12,1085.36,1085.36,1085.36,,,2026-09-11 22:29:06
5afda196764848ed8d91,110,504,2026-08-13,2026-08-13,265.07,265.07,265.07,,,2026-09-11 22:29:06
9d2a7e9d2b0248be9d60,117,504,2026-08-14,2026-08-14,1518.46,1518.46,1518.46,,,2026-09-11 22:29:06
c33132a84fd64633b8c4,110,504,2026-08-15,2026-08-15,5769.66,5769.66,5769.66,,,2026-09-11 22:29:06
a9bc02040a3b4e73b053,107,504,2026-08-16,2026-08-16,2954,2954,2954,,,2026-09-11 22:29:06
842af2e00fc24ef6a7a0,120,504,2026-08-17,2026-08-17,1962.74,1962.74,1962.74,,,2026-09-11 22:29:06
9936840a7d3c48dbb9a9,119,504,2026-08-18,2026-08-18,977.59,977.59,977.59,,,2026-09-11 22:29:06
09006117f39e468abac2,112,504,2026-08-19,2026-08-19,603.15,603.15,603.15,,,2026-09-11 22:29:06
4943d3cd5e5843e1a859,118,504,2026-08-20,2026-08-20,407.08,407.08,407.08,,,2026-09-11 22:29:06
2dfcb566f00d4eaa8b3a,114,504,2026-08-21,2026-08-21,1152.03,1152.03,1152.03,,,2026-09-11 22:29:06
d6ba406c04a8402787f3,103,504,2026-08-22,2026-08-22,2094.88,2094.88,2094.88,,,2026-09-11 22:29:06
43cfef13433f43d1a498,106,504,2026-08-23,2026-08-23,2506.64,2506.64,2506.64,,,2026-09-11 22:29:06
81634b74862b4ef3882f,119,504,2026-08-24,2026-08-24,5.35,5.35,5.35,,,2026-09-11 22:29:06
e511de5cbb614b11a245,110,504,2026-08-25,2026-08-25,541.57,541.57,541.57,,,2026-09-11 22:29:06
902dcafb9da448dc99f7,119,504,2026-08-26,2026-08-26,427.46,427.46,427.46,,,2026-09-11 22:29:06
c1cd4ca0a1e8455bae75,114,504,2026-08-27,2026-08-27,354.15,354.15,354.15,,,2026-09-11 22:29:06
8375a40f31834454a806,112,504,2026-08-28,2026-08-28,247.46,247.46,247.46,,,2026-09-11 22:29:06
075ce402643440d3bf01,102,504,2026-08-29,2026-08-29,321.84,321.84,321.84,,,2026-09-11 22:29:06
3596bd9afdad46f8a4ae,120,504,2026-08-30,2026-08-30,930.42,930.42,930.42,,,2026-09-11 22:29:06
535bbc06eff54a92b57c,105,504,2026-08-31,2026-08-31,1912.79,1912.79,1912.79,,,2026-09-11 22:29:06
f66a1880f50547568dd8,114,504,2026-09-01,2026-09-01,1569.99,1569.99,1569.99,,,2026-09-11 22:29:06
3c6d60a74da640edaf55,103,504,2026-09-02,2026-09-02,92.88,92.88,92.88,,,2026-09-11 22:29:06
790ef6cbe20e44adb993,108,504,2026-09-03,2026-09-03,22.43,22.43,22.43,,,2026-09-11 22:29:06
c1d579b07d504cc68bd3,107,504,2026-09-04,2026-09-04,3355.61,3355.61,3355.61,,,2026-09-11 22:29:06
2622f2f0dedb43c49f11,114,504,2026-09-05,2026-09-05,1126.34,1126.34,1126.34,,,2026-09-11 22:29:06
59dca0cb7a5e4b8b851b,108,504,2026-09-06,2026-09-06,676.05,676.05,676.05,,,2026-09-11 22:29:06
a00d0424dc334c51858d,111,504,2026-09-07,2026-09-07,2209.95,2209.95,2209.95,,,2026-09-11 22:29:06
2754218c136c47ae874b,103,504,2026-09-08,2026-09-08,306.04,306.04,306.04,,,2026-09-11 22:29:06
248cb4850d3b4b7dadb4,103,504,2026-09-09,2026-09-09,1426.34,1426.34,1426.34,,,2026-09-11 22:29:06
456fd82953af4895844b,101,504,2026-08-11,2026-08-11,1673.78,1673.78,1673.78,,,2026-09-11 22:29:06
43dd57469e854361a69c,114,504,2026-08-12,2026-08-12,880.19,880.19,880.19,,,2026-09-11 22:29:06
919fe6eeaf4b4769a4aa,116,504,2026-08-13,2026-08-13,192.32,192.32,192.32,,,2026-09-11 22:29:06
be1685d5e42f4e2d97c8,120,504,2026-08-14,2026-08-14,3082.16,3082.16,3082.16,,,2026-09-11 22:29:06
360ac767378047f6a7a2,104,504,2026-08-15,2026-08-15,2540.46,2540.46,2540.46,,,2026-09-11 22:29:06
1c3bc2309d6847e794aa,118,504,2026-08-16,2026-08-16,3076.61,3076.61,3076.61,,,2026-09-11 22:29:06
8069ae9834104854bbee,119,504,2026-08-17,2026-08-17,4272.18,4272.18,4272.18,,,2026-09-11 22:29:06
25552cc584f04b4eb99d,112,504,2026-08-18,2026-08-18,552.96,552.96,552.96,,,2026-09-11 22:29:06
2cb8ea49846347588409,105,504,2026-08-19,2026-08-19,352.41,352.41,352.41,,,2026-09-11 22:29:06
3b02faafd1514611bcda,105,504,2026-08-20,2026-08-20,5383.82,5383.82,5383.82,,,2026-09-11 22:29:06
76ee81b0922f40a99cc5,111,504,2026-08-21,2026-08-21,6188.24,6188.24,6188.24,,,2026-09-11 22:29:06
7831b9dbbd464d1085cf,113,504,2026-08-22,2026-08-22,21.89,21.89,21.89,,,2026-09-11 22:29:06
8a42f81c83a149498bde,103,504,2026-08-23,2026-08-23,594.03,594.03,594.03,,,2026-09-11 22:29:06
0f034038bd7e40c28561,106,504,2026-08-24,2026-08-24,2252.18,2252.18,2252.18,,,2026-09-11 22:29:06
2c846ce80e94400c82cd,104,504,2026-08-25,2026-08-25,365.58,365.58,365.58,,,2026-09-11 22:29:06
061911b01b4c48cd90e6,111,504,2026-08-26,2026-08-26,5310.14,5310.14,5310.14,,,2026-09-11 22:29:06
ad17282dae7c42558a6c,101,504,2026-08-27,2026-08-27,3768.29,3768.29,3768.29,,,2026-09-11 22:29:06
f2599f3bee9f4fdc8263,118,504,2026-08-28,2026-08-28,3441.89,3441.89,3441.89,,,2026-09-11 22:29:06
f04cb78a091a4a3680f3,119,504,2026-08-29,2026-08-29,2118.79,2118.79,2118.79,,,2026-09-11 22:29:06
925336681cd9489390b6,120,504,2026-08-30,2026-08-30,885.86,885.86,885.86,,,2026-09-11 22:29:06
d7c4b334d2e345df9447,118,504,2026-08-31,2026-08-31,2115.05,2115.05,2115.05,,,2026-09-11 22:29:06
ceaaf83adc9a469d9f7d,112,504,2026-09-01,2026-09-01,694.39,694.39,694.39,,,2026-09-11 22:29:06
e9ba80a0727d4402ad77,107,504,2026-09-02,2026-09-02,2654.73,2654.73,2654.73,,,2026-09-11 22:29:06
999f9a3d5bae4da5904c,115,504,2026-09-03,2026-09-03,6629.52,6629.52,6629.52,,,2026-09-11 22:29:06
07061080321040eb9f6d,115,504,2026-09-04,2026-09-04,235.1,235.1,235.1,,,2026-09-11 22:29:06
97672d0db0d74de2b826,106,504,2026-09-05,2026-09-05,2381.41,2381.41,2381.41,,,2026-09-11 22:29:06
9a7a6cac2e084692aa81,118,504,2026-09-06,2026-09-06,339.13,339.13,339.13,,,2026-09-11 22:29:06
2a467d20537c43cc8d17,110,504,2026-09-07,2026-09-07,2109.11,2109.11,2109.11,,,2026-09-11 22:29:06
92054e8bd95a42d592e0,109,504,2026-09-08,2026-09-08,2554.9,2554.9,2554.9,,,2026-09-11 22:29:06
913040681fd34f12b24f,116,504,2026-09-09,2026-09-09,2226.03,2226.03,2226.03,,,2026-09-11 22:29:06
b9406772c97141a9a301,117,504,2026-08-11,2026-08-11,4552.37,4552.37,4552.37,,,2026-09-11 22:29:06
c97f7e3ce0e44b60bb34,112,504,2026-08-12,2026-08-12,463.11,463.11,463.11,,,2026-09-11 22:29:06
6672cb97befe49f08e18,106,504,2026-08-13,2026-08-13,2480.2,2480.2,2480.2,,,2026-09-11 22:29:06
48f4b7ba40664523943e,114,504,2026-08-14,2026-08-14,746.54,746.54,746.54,,,2026-09-11 22:29:06
9151e73e77b7489ca0ac,111,504,2026-08-15,2026-08-15,137.14,137.14,137.14,,,2026-09-11 22:29:06
8234da7cc0cd4579a328,116,504,2026-08-16,2026-08-16,297.98,297.98,297.98,,,2026-09-11 22:29:06
d61192e02b044fe894ae,108,504,2026-08-17,2026-08-17,2562.99,2562.99,2562.99,,,2026-09-11 22:29:06
b5f05c039b574a6a972e,107,504,2026-08-18,2026-08-18,3450.7,3450.7,3450.7,,,2026-09-11 22:29:06
9af89804726f49b0ae0e,104,504,2026-08-19,2026-08-19,3528.17,3528.17,3528.17,,,2026-09-11 22:29:06
bc675caa38a74ddd8045,117,504,2026-08-20,2026-08-20,3717.6,3717.6,3717.6,,,2026-09-11 22:29:06
d6c8db288d0148ad847f,119,504,2026-08-21,2026-08-21,3264.89,3264.89,3264.89,,,2026-09-11 22:29:06
3305cf19d5914a71b513,102,504,2026-08-22,2026-08-22,3602.28,3602.28,3602.28,,,2026-09-11 22:29:06
8726733cdb5e4ff1bcb5,114,504,2026-08-23,2026-08-23,5762.56,5762.56,5762.56,,,2026-09-11 22:29:06
be8d6dd1dfd24d85bf03,105,504,2026-08-24,2026-08-24,1442.68,1442.68,1442.68,,,2026-09-11 22:29:06
c429ba1d98104f2298aa,118,504,2026-08-25,2026-08-25,906.77,906.77,906.77,,,2026-09-11 22:29:06
0b82bc4618d744c8bdf6,107,504,2026-08-26,2026-08-26,31.57,31.57,31.57,,,2026-09-11 22:29:06
aa3d04cbe8c34ea8ad3d,112,504,2026-08-27,2026-08-27,539.83,539.83,539.83,,,2026-09-11 22:29:06
9bab26df064c4ca8a89f,101,504,2026-08-28,2026-08-28,70.18,70.18,70.18,,,2026-09-11 22:29:06
f7907d2b728446babbe3,114,504,2026-08-29,2026-08-29,2019.9,2019.9,2019.9,,,2026-09-11 22:29:06
3b14eb0415844437a428,108,504,2026-08-30,2026-08-30,1390.63,1390.63,1390.63,,,2026-09-11 22:29:06
a084e4746270469d87d4,118,504,2026-08-31,2026-08-31,4146.54,4146.54,4146.54,,,2026-09-11 22:29:06
8ef53c5755b24014ba0f,112,504,2026-09-01,2026-09-01,2339.09,2339.09,2339.09,,,2026-09-11 22:29:06
0883a1ae42f14d6da42d,109,504,2026-09-02,2026-09-02,2846.33,2846.33,2846.33,,,2026-09-11 22:29:06
945fc30ae3b245ab941e,118,504,2026-09-03,2026-09-03,1270.99,1270.99,1270.99,,,2026-09-11 22:29:06
d2f5e38da3c94bf49fe6,105,504,2026-09-04,2026-09-04,2766.22,2766.22,2766.22,,,2026-09-11 22:29:06
dfcf970e8bd24b2a9e7c,105,504,2026-09-05,2026-09-05,2172.31,2172.31,2172.31,,,2026-09-11 22:29:06
7eae66e1df444bd8912e,107,504,2026-09-06,2026-09-06,4029.6,4029.6,4029.6,,,2026-09-11 22:29:06
e9999032ff544f28955e,111,504,2026-09-07,2026-09-07,4049.24,4049.24,4049.24,,,2026-09-11 22:29:06
776ae898a69342aaa92b,105,504,2026-09-08,2026-09-08,4979.98,4979.98,4979.98,,,2026-09-11 22:29:06
65b00f0abe604bdb8367,105,504,2026-09-09,2026-09-09,119.03,119.03,119.03,,,2026-09-11 22:29:06
5cd65e98437e47b3b042,111,505,2026-08-11,2026-08-11,902.91,902.91,902.91,,,2026-09-11 22:29:06
41cabb25846b4665a226,106,505,2026-08-12,2026-08-12,1760.47,1760.47,1760.47,,,2026-09-11 22:29:06
25309b8c4f5443229d09,116,505,2026-08-13,2026-08-13,347.17,347.17,347.17,,,2026-09-11 22:29:06
b3aa138d46124513b40e,114,505,2026-08-14,2026-08-14,3866.97,3866.97,3866.97,,,2026-09-11 22:29:06
7376be84717f429f9552,106,505,2026-08-15,2026-08-15,900.17,900.17,900.17,,,2026-09-11 22:29:06
278c237aca0e4105b2cc,111,505,2026-08-16,2026-08-16,301.51,301.51,301.51,,,2026-09-11 22:29:06
4ce5c2e5844749039f51,110,505,2026-08-17,2026-08-17,998.26,998.26,998.26,,,2026-09-11 22:29:06
b6023592329f4fa9a97a,103,505,2026-08-18,2026-08-18,1760.64,1760.64,1760.64,,,2026-09-11 22:29:06
de3ee7824af748b4b8d6,103,505,2026-08-19,2026-08-19,3327.5,3327.5,3327.5,,,2026-09-11 22:29:06
4bdaf085cc014d96b3d6,118,505,2026-08-20,2026-08-20,257.28,257.28,257.28,,,2026-09-11 22:29:06
aa14d5590ad74f84ae79,119,505,2026-08-21,2026-08-21,639.48,639.48,639.48,,,2026-09-11 22:29:06
11cd6249c4584bb9a1a1,104,505,2026-08-22,2026-08-22,1458.25,1458.25,1458.25,,,2026-09-11 22:29:06
9bc5a3a728b143b2b73b,115,505,2026-08-23,2026-08-23,4150.28,4150.28,4150.28,,,2026-09-11 22:29:06
ce1e4dc6b95c4d86ab47,104,505,2026-08-24,2026-08-24,358.24,358.24,358.24,,,2026-09-11 22:29:06
a0e5fb19547749ae8fdd,109,505,2026-08-25,2026-08-25,1051.22,1051.22,1051.22,,,2026-09-11 22:29:06
8d980c652db745f4a271,103,505,2026-08-26,2026-08-26,2665.47,2665.47,2665.47,,,2026-09-11 22:29:06
48e0ca13667f4ebf8590,118,505,2026-08-27,2026-08-27,502.23,502.23,502.23,,,2026-09-11 22:29:06
8933e91e449c42729b9d,117,505,2026-08-28,2026-08-28,1128.54,1128.54,1128.54,,,2026-09-11 22:29:06
2d63a23a5db540ca9a28,120,505,2026-08-29,2026-08-29,41.66,41.66,41.66,,,2026-09-11 22:29:06
1b8e354014cd4045acc7,104,505,2026-08-30,2026-08-30,1972.48,1972.48,1972.48,,,2026-09-11 22:29:06
e1138cf6e4764e3db60e,113,505,2026-08-31,2026-08-31,800.51,800.51,800.51,,,2026-09-11 22:29:06
9270d700a96c4901b323,101,505,2026-09-01,2026-09-01,2203.82,2203.82,2203.82,,,2026-09-11 22:29:06
8746801390c34942b8d6,112,505,2026-09-02,2026-09-02,3571.84,3571.84,3571.84,,,2026-09-11 22:29:06
a94d42cde8c6454690c7,108,505,2026-09-03,2026-09-03,320.89,320.89,320.89,,,2026-09-11 22:29:06
3f514825a6674329b527,107,505,2026-09-04,2026-09-04,1438.65,1438.65,1438.65,,,2026-09-11 22:29:06
967c2ee270d24b1c8850,109,505,2026-09-05,2026-09-05,8.22,8.22,8.22,,,2026-09-11 22:29:06
b56fb22beddf46e6a0cb,111,505,2026-09-06,2026-09-06,40.71,40.71,40.71,,,2026-09-11 22:29:06
8afa68460da24f53976c,105,505,2026-09-07,2026-09-07,45.16,45.16,45.16,,,2026-09-11 22:29:06
2f47ceea15324c4e8554,115,505,2026-09-08,2026-09-08,538.3,538.3,538.3,,,2026-09-11 22:29:06
9f8a0591ffbe46fc9c14,109,505,2026-09-09,2026-09-09,375.55,375.55,375.55,,,2026-09-11 22:29:06
b11d7e1ab9104b0a9877,113,505,2026-08-11,2026-08-11,880.08,880.08,880.08,,,2026-09-11 22:29:06
eb33f45c2a104ef58a34,107,505,2026-08-12,2026-08-12,342.11,342.11,342.11,,,2026-09-11 22:29:06
907843dfb5c34b408635,104,505,2026-08-13,2026-08-13,96.73,96.73,96.73,,,2026-09-11 22:29:06
5bc702baff154400a4c0,115,505,2026-08-14,2026-08-14,557.7,557.7,557.7,,,2026-09-11 22:29:06
4b683291b8ec4c9182a0,105,505,2026-08-15,2026-08-15,1444.55,1444.55,1444.55,,,2026-09-11 22:29:06
5a603e4560dc4beea93e,104,505,2026-08-16,2026-08-16,962.45,962.45,962.45,,,2026-09-11 22:29:06
3a71cfe725f64e23b91f,118,505,2026-08-17,2026-08-17,218.51,218.51,218.51,,,2026-09-11 22:29:06
3e381786b7f24a7490c9,103,505,2026-08-18,2026-08-18,710.06,710.06,710.06,,,2026-09-11 22:29:06
ba8b00a633af4d64b55b,111,505,2026-08-19,2026-08-19,565.32,565.32,565.32,,,2026-09-11 22:29:06
63bc0cc3f99f448ea36e,104,505,2026-08-20,2026-08-20,1195.76,1195.76,1195.76,,,2026-09-11 22:29:06
05a2e355d8d749b18190,113,505,2026-08-21,2026-08-21,291.47,291.47,291.47,,,2026-09-11 22:29:06
1095152b0b5c4bb48f8f,101,505,2026-08-22,2026-08-22,1780.14,1780.14,1780.14,,,2026-09-11 22:29:06
9dd7094162914969a818,101,505,2026-08-23,2026-08-23,3440.99,3440.99,3440.99,,,2026-09-11 22:29:06
6efe16495c5345b39b1f,104,505,2026-08-24,2026-08-24,1213.09,1213.09,1213.09,,,2026-09-11 22:29:06
b1fc02ff0dd54939ad13,119,505,2026-08-25,2026-08-25,1387.59,1387.59,1387.59,,,2026-09-11 22:29:06
df0b68edb29549c5ac6c,102,505,2026-08-26,2026-08-26,415.02,415.02,415.02,,,2026-09-11 22:29:06
6d40237693684fc7b917,119,505,2026-08-27,2026-08-27,2013.16,2013.16,2013.16,,,2026-09-11 22:29:06
7cfd16353d384a5da035,120,505,2026-08-28,2026-08-28,3087.42,3087.42,3087.42,,,2026-09-11 22:29:06
9e4828a3adea4cd59067,110,505,2026-08-29,2026-08-29,651.37,651.37,651.37,,,2026-09-11 22:29:06
1c2909d0f5904e639d5e,108,505,2026-08-30,2026-08-30,351.03,351.03,351.03,,,2026-09-11 22:29:06
59a73d96680941d5b5df,119,505,2026-08-31,2026-08-31,678.84,678.84,678.84,,,2026-09-11 22:29:06
884545953652454fab43,108,505,2026-09-01,2026-09-01,23.35,23.35,23.35,,,2026-09-11 22:29:06
32402b81c6df4b74a85f,111,505,2026-09-02,2026-09-02,1669.39,1669.39,1669.39,,,2026-09-11 22:29:06
3a1b4fdb49b7494598f7,120,505,2026-09-03,2026-09-03,1363.38,1363.38,1363.38,,,2026-09-11 22:29:06
53a9f839a0aa4c2fb2b4,106,505,2026-09-04,2026-09-04,453.4,453.4,453.4,,,2026-09-11 22:29:06
5a3d6f004ce142f5bd19,114,505,2026-09-05,2026-09-05,3240.3,3240.3,3240.3,,,2026-09-11 22:29:06
1846660b9bdc4f1292ae,108,505,2026-09-06,2026-09-06,635.49,635.49,635.49,,,2026-09-11 22:29:06
d7d0d81fe05e4fa78e22,109,505,2026-09-07,2026-09-07,195.87,195.87,195.87,,,2026-09-11 22:29:06
b21b30bfdfd9481291c2,107,505,2026-09-08,2026-09-08,608.1,608.1,608.1,,,2026-09-11 22:29:06
6842c611157341e9bca2,117,505,2026-09-09,2026-09-09,2857.69,2857.69,2857.69,,,2026-09-11 22:29:06
a65425d4639e416bb977,120,505,2026-08-11,2026-08-11,1608.85,1608.85,1608.85,,,2026-09-11 22:29:06
81391456be214497be28,116,505,2026-08-12,2026-08-12,2667.18,2667.18,2667.18,,,2026-09-11 22:29:06
3d5c1eab7ff84a449a62,113,505,2026-08-13,2026-08-13,87.94,87.94,87.94,,,2026-09-11 22:29:06
edc3897f94694319ac10,103,505,2026-08-14,2026-08-14,777.52,777.52,777.52,,,2026-09-11 22:29:06
16492ddbb7f54b8ea3c6,117,505,2026-08-15,2026-08-15,2409.87,2409.87,2409.87,,,2026-09-11 22:29:06
573d6ff0d1b246298eb4,108,505,2026-08-16,2026-08-16,891.81,891.81,891.81,,,2026-09-11 22:29:06
a8a802c1b1ea4fd59477,103,505,2026-08-17,2026-08-17,2325.16,2325.16,2325.16,,,2026-09-11 22:29:06
905954040f8c4354a25c,120,505,2026-08-18,2026-08-18,811.81,811.81,811.81,,,2026-09-11 22:29:06
8e31320f0b5e4d3a8cba,108,505,2026-08-19,2026-08-19,2548.18,2548.18,2548.18,,,2026-09-11 22:29:06
85aaf260cdff4862b9ba,109,505,2026-08-20,2026-08-20,1037.5,1037.5,1037.5,,,2026-09-11 22:29:06
1281eaac4f4343b2ae12,120,505,2026-08-21,2026-08-21,1604.65,1604.65,1604.65,,,2026-09-11 22:29:06
7f5d72db7216498aa371,105,505,2026-08-22,2026-08-22,911.96,911.96,911.96,,,2026-09-11 22:29:06
e2a318fb140246cd835a,104,505,2026-08-23,2026-08-23,1519.3,1519.3,1519.3,,,2026-09-11 22:29:06
76977fbc61db4cc69d66,108,505,2026-08-24,2026-08-24,1301.4,1301.4,1301.4,,,2026-09-11 22:29:06
9b0ceb1ad0864c768b5d,108,505,2026-08-25,2026-08-25,782.19,782.19,782.19,,,2026-09-11 22:29:06
9f5fe778a02645d4bdf3,119,505,2026-08-26,2026-08-26,2735.74,2735.74,2735.74,,,2026-09-11 22:29:06
447a76fc27464a3985c7,101,505,2026-08-27,2026-08-27,1009.83,1009.83,1009.83,,,2026-09-11 22:29:06
352697d37caa4a31af17,108,505,2026-08-28,2026-08-28,1664.45,1664.45,1664.45,,,2026-09-11 22:29:06
8de58959f03640e38468,116,505,2026-08-29,2026-08-29,241.17,241.17,241.17,,,2026-09-11 22:29:06
d46aeb1f558241fd973a,113,505,2026-08-30,2026-08-30,564.38,564.38,564.38,,,2026-09-11 22:29:06
6b3c8d49deaf49fda4a0,106,505,2026-08-31,2026-08-31,204.56,204.56,204.56,,,2026-09-11 22:29:06
8a8f2496cebb4a7eb6b4,115,505,2026-09-01,2026-09-01,1812.04,1812.04,1812.04,,,2026-09-11 22:29:06
2be72416b48e48f29237,101,505,2026-09-02,2026-09-02,47.69,47.69,47.69,,,2026-09-11 22:29:06
84c3a439606a44f49c25,101,505,2026-09-03,2026-09-03,932.68,932.68,932.68,,,2026-09-11 22:29:06
0fb1b9cec0044c85ae04,103,505,2026-09-04,2026-09-04,525.04,525.04,525.04,,,2026-09-11 22:29:06
8e1a94bc562147049103,111,505,2026-09-05,2026-09-05,102.16,102.16,102.16,,,2026-09-11 22:29:06
32e97ad5cb8c45c6b39d,114,505,2026-09-06,2026-09-06,3456.14,3456.14,3456.14,,,2026-09-11 22:29:06
e3f91f7d3bc149dc9ad1,105,505,2026-09-07,2026-09-07,260.3,260.3,260.3,,,2026-09-11 22:29:06
6c4983bee5c349e9874b,112,505,2026-09-08,2026-09-08,1578.34,1578.34,1578.34,,,2026-09-11 22:29:06
2203392166b24a3a8289,114,505,2026-09-09,2026-09-09,192.88,192.88,192.88,,,2026-09-11 22:29:06
00c818c7782245dd89ef,118,505,2026-08-11,2026-08-11,234.66,234.66,234.66,,,2026-09-11 22:29:06
1f75a5e3df5343cb8357,119,505,2026-08-12,2026-08-12,323.08,323.08,323.08,,,2026-09-11 22:29:06
71355490586046899299,113,505,2026-08-13,2026-08-13,421.75,421.75,421.75,,,2026-09-11 22:29:06
d91f6b1793724dcaafaa,106,505,2026-08-14,2026-08-14,2578.39,2578.39,2578.39,,,2026-09-11 22:29:06
0fa7fb3a8dc04fa9a187,116,505,2026-08-15,2026-08-15,1237.31,1237.31,1237.31,,,2026-09-11 22:29:06
68a14f9641aa4ba0b4ae,109,505,2026-08-16,2026-08-16,856.28,856.28,856.28,,,2026-09-11 22:29:06
24b50b9117dc49c08f48,104,505,2026-08-17,2026-08-17,590,590,590,,,2026-09-11 22:29:06
5aafdb957c2840ee98fc,116,505,2026-08-18,2026-08-18,2543.47,2543.47,2543.47,,,2026-09-11 22:29:06
bf60f64dda65475da6aa,115,505,2026-08-19,2026-08-19,3028.49,3028.49,3028.49,,,2026-09-11 22:29:06
8dd24fe1886f42faa588,111,505,2026-08-20,2026-08-20,1754.89,1754.89,1754.89,,,2026-09-11 22:29:06
a426c9bcd08643a39975,101,505,2026-08-21,2026-08-21,206.89,206.89,206.89,,,2026-09-11 22:29:06
022b1cb0cc92448ca015,108,505,2026-08-22,2026-08-22,3517.41,3517.41,3517.41,,,2026-09-11 22:29:06
0cda8a5d3cc04c0a97a4,113,505,2026-08-23,2026-08-23,64.02,64.02,64.02,,,2026-09-11 22:29:06
1956cbd78e6f47428bd1,104,505,2026-08-24,2026-08-24,2509.81,2509.81,2509.81,,,2026-09-11 22:29:06
c640a47cee024a3fa506,116,505,2026-08-25,2026-08-25,2286.52,2286.52,2286.52,,,2026-09-11 22:29:06
bc838c627604484fb4e8,113,505,2026-08-26,2026-08-26,495.48,495.48,495.48,,,2026-09-11 22:29:06
880508fe409743ee8825,115,505,2026-08-27,2026-08-27,4132.68,4132.68,4132.68,,,2026-09-11 22:29:06
88808de65e4644a68f3e,114,505,2026-08-28,2026-08-28,150.61,150.61,150.61,,,2026-09-11 22:29:06
7d779f7afd044c96bd71,101,505,2026-08-29,2026-08-29,143.55,143.55,143.55,,,2026-09-11 22:29:06
08de138913b34ee58585,109,505,2026-08-30,2026-08-30,152.81,152.81,152.81,,,2026-09-11 22:29:06
a38b1a3375974b3793b6,112,505,2026-08-31,2026-08-31,1983.41,1983.41,1983.41,,,2026-09-11 22:29:06
d0b002d938e343849981,106,505,2026-09-01,2026-09-01,2121.87,2121.87,2121.87,,,2026-09-11 22:29:06
39fb0214141e41e590fd,111,505,2026-09-02,2026-09-02,360.5,360.5,360.5,,,2026-09-11 22:29:06
9b8d677ffdb84a6890da,107,505,2026-09-03,2026-09-03,804.69,804.69,804.69,,,2026-09-11 22:29:06
41876987464246c3a521,102,505,2026-09-04,2026-09-04,497.73,497.73,497.73,,,2026-09-11 22:29:06
25167b9800f84d14a30d,120,505,2026-09-05,2026-09-05,1993.2,1993.2,1993.2,,,2026-09-11 22:29:06
aefb05e107de4ab6a16d,106,505,2026-09-06,2026-09-06,2343.17,2343.17,2343.17,,,2026-09-11 22:29:06
a80fa06198b940a3abe7,118,505,2026-09-07,2026-09-07,1831.97,1831.97,1831.97,,,2026-09-11 22:29:06
4bb9c6d5834c4926a4f3,110,505,2026-09-08,2026-09-08,989.54,989.54,989.54,,,2026-09-11 22:29:06
c6396b07f16d4868b8dd,108,505,2026-09-09,2026-09-09,2431.4,2431.4,2431.4,,,2026-09-11 22:29:06
831db8c1151d4f2a9f8e,109,505,2026-08-11,2026-08-11,127.54,127.54,127.54,,,2026-09-11 22:29:06
aaedf577243242838da9,112,505,2026-08-12,2026-08-12,1700.53,1700.53,1700.53,,,2026-09-11 22:29:06
70896aac3cdf44a5b805,117,505,2026-08-13,2026-08-13,49.01,49.01,49.01,,,2026-09-11 22:29:06
00107d56678c40e59466,117,505,2026-08-14,2026-08-14,484.13,484.13,484.13,,,2026-09-11 22:29:06
7478f8b4c80e47ab87fb,102,505,2026-08-15,2026-08-15,1439.84,1439.84,1439.84,,,2026-09-11 22:29:06
65cb715943e44a5f82d2,116,505,2026-08-16,2026-08-16,157.29,157.29,157.29,,,2026-09-11 22:29:06
821c2e702ad54decb496,120,505,2026-08-17,2026-08-17,254.41,254.41,254.41,,,2026-09-11 22:29:06
53fe02c951f846248c75,102,505,2026-08-18,2026-08-18,1555.36,1555.36,1555.36,,,2026-09-11 22:29:06
5638ab813c494284a53d,105,505,2026-08-19,2026-08-19,2114.3,2114.3,2114.3,,,2026-09-11 22:29:06
71bedef601224f13847e,105,505,2026-08-20,2026-08-20,412.98,412.98,412.98,,,2026-09-11 22:29:06
3f65a54b30bb486d85cf,120,505,2026-08-21,2026-08-21,676.53,676.53,676.53,,,2026-09-11 22:29:06
a6a9643e74544649a163,114,505,2026-08-22,2026-08-22,262.62,262.62,262.62,,,2026-09-11 22:29:06
b9a27787ca6d464c8f0e,112,505,2026-08-23,2026-08-23,388.83,388.83,388.83,,,2026-09-11 22:29:06
fdfe458bd8514b45b8b7,115,505,2026-08-24,2026-08-24,1347.72,1347.72,1347.72,,,2026-09-11 22:29:06
6a410ca669df41328b97,101,505,2026-08-25,2026-08-25,197.81,197.81,197.81,,,2026-09-11 22:29:06
81b0b500c49245c1a59d,105,505,2026-08-26,2026-08-26,110.29,110.29,110.29,,,2026-09-11 22:29:06
df93fe0514e946db9abb,103,505,2026-08-27,2026-08-27,919.24,919.24,919.24,,,2026-09-11 22:29:06
fddbc836fa5342daaef0,117,505,2026-08-28,2026-08-28,171.35,171.35,171.35,,,2026-09-11 22:29:06
f75760cd1ba94e2dac64,114,505,2026-08-29,2026-08-29,900.01,900.01,900.01,,,2026-09-11 22:29:06
122740145a0d4ae9b790,119,505,2026-08-30,2026-08-30,1632.91,1632.91,1632.91,,,2026-09-11 22:29:06
d17034699f524721ac8c,108,505,2026-08-31,2026-08-31,15.04,15.04,15.04,,,2026-09-11 22:29:06
dfe284880517441a957f,111,505,2026-09-01,2026-09-01,62.84,62.84,62.84,,,2026-09-11 22:29:06
8a16e85ffc0940f69314,115,505,2026-09-02,2026-09-02,1938.05,1938.05,1938.05,,,2026-09-11 22:29:06
c6e61a28bfb64840a008,107,505,2026-09-03,2026-09-03,112.61,112.61,112.61,,,2026-09-11 22:29:06
03dc2b6b5aeb448398ac,111,505,2026-09-04,2026-09-04,457.87,457.87,457.87,,,2026-09-11 22:29:06
2f13656d079743ccb736,103,505,2026-09-05,2026-09-05,809.89,809.89,809.89,,,2026-09-11 22:29:06
ff1e063780d347418dae,115,505,2026-09-06,2026-09-06,422.55,422.55,422.55,,,2026-09-11 22:29:06
5183e2c2b1b543afa050,105,505,2026-09-07,2026-09-07,661.75,661.75,661.75,,,2026-09-11 22:29:06
f1c1ddfa3ba544aa97fc,114,505,2026-09-08,2026-09-08,761.01,761.01,761.01,,,2026-09-11 22:29:06
99d41582de384453b6a9,109,505,2026-09-09,2026-09-09,26.15,26.15,26.15,,,2026-09-11 22:29:06
ad7ccf80717340cfab4e,106,505,2026-08-11,2026-08-11,1825.19,1825.19,1825.19,,,2026-09-11 22:29:06
005866bf282646f3b54a,101,505,2026-08-12,2026-08-12,1054.01,1054.01,1054.01,,,2026-09-11 22:29:06
aa4d9bebf7814adfb9b8,109,505,2026-08-13,2026-08-13,81.39,81.39,81.39,,,2026-09-11 22:29:06
5d541ad6da3f408090ef,103,505,2026-08-14,2026-08-14,1388.54,1388.54,1388.54,,,2026-09-11 22:29:06
a092047c74964e0e8737,106,505,2026-08-15,2026-08-15,2419.17,2419.17,2419.17,,,2026-09-11 22:29:06
b2503c9907f245009abf,119,505,2026-08-16,2026-08-16,495.77,495.77,495.77,,,2026-09-11 22:29:06
2191ca99b78b4f08afc2,116,505,2026-08-17,2026-08-17,2854.53,2854.53,2854.53,,,2026-09-11 22:29:06
afebbe721a1b4d9da27c,119,505,2026-08-18,2026-08-18,1872.14,1872.14,1872.14,,,2026-09-11 22:29:06
6ec0598f273c4c77b731,114,505,2026-08-19,2026-08-19,731.83,731.83,731.83,,,2026-09-11 22:29:06
f814e59da8e24b1e9527,101,505,2026-08-20,2026-08-20,4295.92,4295.92,4295.92,,,2026-09-11 22:29:06
6aee50000c1942959714,111,505,2026-08-21,2026-08-21,1749.89,1749.89,1749.89,,,2026-09-11 22:29:06
da7c7af9afe9400ea846,108,505,2026-08-22,2026-08-22,1120.81,1120.81,1120.81,,,2026-09-11 22:29:06
b56ef85d1eca4cd89816,105,505,2026-08-23,2026-08-23,1862.17,1862.17,1862.17,,,2026-09-11 22:29:06
8ffb2544f60d4feb8878,105,505,2026-08-24,2026-08-24,2707.32,2707.32,2707.32,,,2026-09-11 22:29:06
9a03e1cd26d04a54b866,118,505,2026-08-25,2026-08-25,3207.78,3207.78,3207.78,,,2026-09-11 22:29:06
031aaea46d9a46f5b88d,110,505,2026-08-26,2026-08-26,477.33,477.33,477.33,,,2026-09-11 22:29:06
ce8805a0e6564b57ab37,120,505,2026-08-27,2026-08-27,322.5,322.5,322.5,,,2026-09-11 22:29:06
1e0b073102254fbb9ee5,112,505,2026-08-28,2026-08-28,13.09,13.09,13.09,,,2026-09-11 22:29:06
3928930c15624c8594bc,114,505,2026-08-29,2026-08-29,1201.49,1201.49,1201.49,,,2026-09-11 22:29:06
fe65e2eb083f4eb2b25e,107,505,2026-08-30,2026-08-30,2732.58,2732.58,2732.58,,,2026-09-11 22:29:06
ceebd3a32ed04214acb9,120,505,2026-08-31,2026-08-31,247.51,247.51,247.51,,,2026-09-11 22:29:06
e2d8714fc2bc4ee6bfab,116,505,2026-09-01,2026-09-01,2853.26,2853.26,2853.26,,,2026-09-11 22:29:06
23c2182788d34f42b3a8,116,505,2026-09-02,2026-09-02,767.13,767.13,767.13,,,2026-09-11 22:29:06
18fdbf610b5a472db6dd,103,505,2026-09-03,2026-09-03,963.33,963.33,963.33,,,2026-09-11 22:29:06
093c4573ca434b28a176,110,505,2026-09-04,2026-09-04,2432.52,2432.52,2432.52,,,2026-09-11 22:29:06
97decee7acff4323b8bd,112,505,2026-09-05,2026-09-05,561.62,561.62,561.62,,,2026-09-11 22:29:06
153446aa84654ed799ad,114,505,2026-09-06,2026-09-06,1210.62,1210.62,1210.62,,,2026-09-11 22:29:06
3f82238afefa416db0cb,108,505,2026-09-07,2026-09-07,2003.86,2003.86,2003.86,,,2026-09-11 22:29:06
6cf2b2eefc3d4be5aa90,106,505,2026-09-08,2026-09-08,1431.78,1431.78,1431.78,,,2026-09-11 22:29:06
b19c8c8b4c474f618e73,114,505,2026-09-09,2026-09-09,964.67,964.67,964.67,,,2026-09-11 22:29:06
bec850bafce645cf88ad,105,505,2026-08-11,2026-08-11,1135.02,1135.02,1135.02,,,2026-09-11 22:29:06
6935a5d7474e4591a84d,109,505,2026-08-12,2026-08-12,427.96,427.96,427.96,,,2026-09-11 22:29:06
0925d7eb45db467b9acd,117,505,2026-08-13,2026-08-13,1840.14,1840.14,1840.14,,,2026-09-11 22:29:06
bb5d96dfa5c3493dbf62,120,505,2026-08-14,2026-08-14,1332.9,1332.9,1332.9,,,2026-09-11 22:29:06
5a2cf537251b421893d1,101,505,2026-08-15,2026-08-15,516.23,516.23,516.23,,,2026-09-11 22:29:06
ecf1d2a572494b55a4dc,102,505,2026-08-16,2026-08-16,1326.25,1326.25,1326.25,,,2026-09-11 22:29:06
d1964feef7154a5abe1d,110,505,2026-08-17,2026-08-17,2621.91,2621.91,2621.91,,,2026-09-11 22:29:06
5a8f257dcb8f42399d7b,115,505,2026-08-18,2026-08-18,299.18,299.18,299.18,,,2026-09-11 22:29:06
6eb20c8f8be04b448c15,111,505,2026-08-19,2026-08-19,316.15,316.15,316.15,,,2026-09-11 22:29:06
1f687dec39134a6b99ad,117,505,2026-08-20,2026-08-20,923.63,923.63,923.63,,,2026-09-11 22:29:06
f827de1ea4f4469d881e,107,505,2026-08-21,2026-08-21,1335.43,1335.43,1335.43,,,2026-09-11 22:29:06
cf651374bd83441e9379,103,505,2026-08-22,2026-08-22,2420.73,2420.73,2420.73,,,2026-09-11 22:29:06
3ea6fc4de6234b3b9573,116,505,2026-08-23,2026-08-23,2283.21,2283.21,2283.21,,,2026-09-11 22:29:06
f4bd38f44f4a422fb9ec,116,505,2026-08-24,2026-08-24,3162.56,3162.56,3162.56,,,2026-09-11 22:29:06
80151963227c467c996b,103,505,2026-08-25,2026-08-25,319.95,319.95,319.95,,,2026-09-11 22:29:06
bdfd75e1d0334937ac57,109,505,2026-08-26,2026-08-26,1448.49,1448.49,1448.49,,,2026-09-11 22:29:06
f81f0c6577ed4d2abc86,113,505,2026-08-27,2026-08-27,4457.23,4457.23,4457.23,,,2026-09-11 22:29:06
f9047d17a38c4cc2a42c,114,505,2026-08-28,2026-08-28,755.83,755.83,755.83,,,2026-09-11 22:29:06
4b9132175f7f4b988148,111,505,2026-08-29,2026-08-29,230.35,230.35,230.35,,,2026-09-11 22:29:06
c65840b0c95742cd9b0e,112,505,2026-08-30,2026-08-30,553.71,553.71,553.71,,,2026-09-11 22:29:06
f8e45e05a71b433fa0fb,119,505,2026-08-31,2026-08-31,819.34,819.34,819.34,,,2026-09-11 22:29:06
463b42130a954e9fa91b,118,505,2026-09-01,2026-09-01,1829.53,1829.53,1829.53,,,2026-09-11 22:29:06
64ac3703555444f0b93c,105,505,2026-09-02,2026-09-02,811.47,811.47,811.47,,,2026-09-11 22:29:06
1e0f0b39935a48c79acd,111,505,2026-09-03,2026-09-03,2332.69,2332.69,2332.69,,,2026-09-11 22:29:06
c0e64706c0bb4a029e08,119,505,2026-09-04,2026-09-04,88.82,88.82,88.82,,,2026-09-11 22:29:06
1c5b21d058d84ef2b5f4,105,505,2026-09-05,2026-09-05,1246.15,1246.15,1246.15,,,2026-09-11 22:29:06
6b302cb8c73042349af2,117,505,2026-09-06,2026-09-06,1000.12,1000.12,1000.12,,,2026-09-11 22:29:06
016d064a38744ef4bacc,107,505,2026-09-07,2026-09-07,2184.29,2184.29,2184.29,,,2026-09-11 22:29:06
40293228f7ae427985c0,109,505,2026-09-08,2026-09-08,3514.31,3514.31,3514.31,,,2026-09-11 22:29:06
57a6bc9ee3a8400e8c0c,105,505,2026-09-09,2026-09-09,1924.27,1924.27,1924.27,,,2026-09-11 22:29:06
44996a55fc624960be09,102,505,2026-08-11,2026-08-11,3228.52,3228.52,3228.52,,,2026-09-11 22:29:06
91d2b6f916f842ec8e2d,109,505,2026-08-12,2026-08-12,1247.38,1247.38,1247.38,,,2026-09-11 22:29:06
ff19476cf7944356a191,116,505,2026-08-13,2026-08-13,72.73,72.73,72.73,,,2026-09-11 22:29:06
4b59ef2ec987428e8832,113,505,2026-08-14,2026-08-14,1197.9,1197.9,1197.9,,,2026-09-11 22:29:06
417227a2d9e6425cbfed,105,505,2026-08-15,2026-08-15,2020.99,2020.99,2020.99,,,2026-09-11 22:29:06
d2f0b47eb41d416b8582,113,505,2026-08-16,2026-08-16,1957.1,1957.1,1957.1,,,2026-09-11 22:29:06
558c6c0f201140a1991d,112,505,2026-08-17,2026-08-17,390.19,390.19,390.19,,,2026-09-11 22:29:06
c4efc94c023b42f9accd,111,505,2026-08-18,2026-08-18,1709.91,1709.91,1709.91,,,2026-09-11 22:29:06
a9630ff2f3434274b7d0,106,505,2026-08-19,2026-08-19,637.88,637.88,637.88,,,2026-09-11 22:29:06
285aae7935db4b4fae52,118,505,2026-08-20,2026-08-20,3066.46,3066.46,3066.46,,,2026-09-11 22:29:06
9eb780c4ae494d908ed7,103,505,2026-08-21,2026-08-21,48.17,48.17,48.17,,,2026-09-11 22:29:06
52c74b78d8fa45e1968b,102,505,2026-08-22,2026-08-22,315.58,315.58,315.58,,,2026-09-11 22:29:06
5b3d68b1cd9649e5b529,105,505,2026-08-23,2026-08-23,687.21,687.21,687.21,,,2026-09-11 22:29:06
a263fa71c9ec4a718820,110,505,2026-08-24,2026-08-24,330.68,330.68,330.68,,,2026-09-11 22:29:06
00c82e3cca2645ed9a0a,112,505,2026-08-25,2026-08-25,58.13,58.13,58.13,,,2026-09-11 22:29:06
40714dde5f254ed6b4e6,102,505,2026-08-26,2026-08-26,37.64,37.64,37.64,,,2026-09-11 22:29:06
7188ee75a3174a0cbc11,114,505,2026-08-27,2026-08-27,92.31,92.31,92.31,,,2026-09-11 22:29:06
1aa5c432d2414ceb8695,108,505,2026-08-28,2026-08-28,1001.39,1001.39,1001.39,,,2026-09-11 22:29:06
782d795b0eea4dec8b51,120,505,2026-08-29,2026-08-29,3287.06,3287.06,3287.06,,,2026-09-11 22:29:06
41fa3bc01551468294ff,110,505,2026-08-30,2026-08-30,303.88,303.88,303.88,,,2026-09-11 22:29:06
f304392661f945cfa6b5,115,505,2026-08-31,2026-08-31,2113.08,2113.08,2113.08,,,2026-09-11 22:29:06
13ee6651801a4a5fa5dc,111,505,2026-09-01,2026-09-01,37.81,37.81,37.81,,,2026-09-11 22:29:06
496fd38e35e2421bba51,104,505,2026-09-02,2026-09-02,4088.73,4088.73,4088.73,,,2026-09-11 22:29:06
2043371e7be74533a5f5,118,505,2026-09-03,2026-09-03,984.1,984.1,984.1,,,2026-09-11 22:29:06
cb132aeb20a4409db1f6,106,505,2026-09-04,2026-09-04,249.58,249.58,249.58,,,2026-09-11 22:29:06
f23ab4f3b7034468bf69,111,505,2026-09-05,2026-09-05,661.43,661.43,661.43,,,2026-09-11 22:29:06
e780ea0e764f46ddaf66,105,505,2026-09-06,2026-09-06,950.39,950.39,950.39,,,2026-09-11 22:29:06
1c08562893f7478dafbe,105,505,2026-09-07,2026-09-07,2543.54,2543.54,2543.54,,,2026-09-11 22:29:06
6e2cd0556b4c44ebba1e,117,505,2026-09-08,2026-09-08,150.98,150.98,150.98,,,2026-09-11 22:29:06
801219d50e964f3197b6,111,505,2026-09-09,2026-09-09,512.89,512.89,512.89,,,2026-09-11 22:29:06
02b39a3aba0c4a57b362,107,505,2026-08-11,2026-08-11,833.17,833.17,833.17,,,2026-09-11 22:29:06
6e5fe798bad3446292b9,117,505,2026-08-12,2026-08-12,278.5,278.5,278.5,,,2026-09-11 22:29:06
6bf21ab1d9bb43e4a636,117,505,2026-08-13,2026-08-13,708.45,708.45,708.45,,,2026-09-11 22:29:06
aa3b5d123af3434684c7,108,505,2026-08-14,2026-08-14,392.35,392.35,392.35,,,2026-09-11 22:29:06
8b8a5a4a8cca43b6b35b,106,505,2026-08-15,2026-08-15,408.39,408.39,408.39,,,2026-09-11 22:29:06
c57e680eb0ed4c509628,119,505,2026-08-16,2026-08-16,280.43,280.43,280.43,,,2026-09-11 22:29:06
2f8c56cc589d47e7a02a,119,505,2026-08-17,2026-08-17,626.26,626.26,626.26,,,2026-09-11 22:29:06
27e215ac0a044017a40b,115,505,2026-08-18,2026-08-18,1632.98,1632.98,1632.98,,,2026-09-11 22:29:06
8ff5a13175384717a5c2,116,505,2026-08-19,2026-08-19,422.59,422.59,422.59,,,2026-09-11 22:29:06
4be5840560c245e89858,103,505,2026-08-20,2026-08-20,1190.4,1190.4,1190.4,,,2026-09-11 22:29:06
542c6885a0eb42a98557,117,505,2026-08-21,2026-08-21,39.19,39.19,39.19,,,2026-09-11 22:29:06
bb4bf094679a48369a14,105,505,2026-08-22,2026-08-22,104.48,104.48,104.48,,,2026-09-11 22:29:06
f3185d94928146c8a953,112,505,2026-08-23,2026-08-23,180.7,180.7,180.7,,,2026-09-11 22:29:06
bf183ada79624335aa65,115,505,2026-08-24,2026-08-24,3794.98,3794.98,3794.98,,,2026-09-11 22:29:06
8035bed5d9564ef69b10,104,505,2026-08-25,2026-08-25,607.73,607.73,607.73,,,2026-09-11 22:29:06
10371d1375e3452caa72,112,505,2026-08-26,2026-08-26,1397.61,1397.61,1397.61,,,2026-09-11 22:29:06
625ba5f910474ef7a54f,111,505,2026-08-27,2026-08-27,812.44,812.44,812.44,,,2026-09-11 22:29:06
1c243b0ce69845dda886,106,505,2026-08-28,2026-08-28,549.25,549.25,549.25,,,2026-09-11 22:29:06
54cb004c690540fb8169,114,505,2026-08-29,2026-08-29,99.03,99.03,99.03,,,2026-09-11 22:29:06
1fc85d90a2d8440e99e1,118,505,2026-08-30,2026-08-30,143.1,143.1,143.1,,,2026-09-11 22:29:06
5588e5b9e1c94f63aef9,110,505,2026-08-31,2026-08-31,686.64,686.64,686.64,,,2026-09-11 22:29:06
bba7328fbabb4e42aee5,114,505,2026-09-01,2026-09-01,209.34,209.34,209.34,,,2026-09-11 22:29:06
e4675cd970be40cbbdf6,117,505,2026-09-02,2026-09-02,911.73,911.73,911.73,,,2026-09-11 22:29:06
21da75a771034860a6fa,115,505,2026-09-03,2026-09-03,216.84,216.84,216.84,,,2026-09-11 22:29:06
340732b0d14148f4b555,112,505,2026-09-04,2026-09-04,266.86,266.86,266.86,,,2026-09-11 22:29:06
58b405517de14f829f7a,109,505,2026-09-05,2026-09-05,3312.67,3312.67,3312.67,,,2026-09-11 22:29:06
be3896bafb074510a3e0,108,505,2026-09-06,2026-09-06,137.81,137.81,137.81,,,2026-09-11 22:29:06
e311c959a15147cfbd1f,119,505,2026-09-07,2026-09-07,1033.59,1033.59,1033.59,,,2026-09-11 22:29:06
b6527a483f564e3f9163,114,505,2026-09-08,2026-09-08,293.61,293.61,293.61,,,2026-09-11 22:29:06
f2cb882f4c294f2c9f9e,115,505,2026-09-09,2026-09-09,1871.35,1871.35,1871.35,,,2026-09-11 22:29:06
a34e88f0d74746b38687,120,505,2026-08-11,2026-08-11,450.33,450.33,450.33,,,2026-09-11 22:29:06
eea5efb61c4143e0b14a,103,505,2026-08-12,2026-08-12,2047.69,2047.69,2047.69,,,2026-09-11 22:29:06
ae13ca195d894b97a223,107,505,2026-08-13,2026-08-13,3228.86,3228.86,3228.86,,,2026-09-11 22:29:06
77cf1bde354548d8af70,108,505,2026-08-14,2026-08-14,85.87,85.87,85.87,,,2026-09-11 22:29:06
e0bbfcfaa30d4331a155,115,505,2026-08-15,2026-08-15,89.34,89.34,89.34,,,2026-09-11 22:29:06
0f9668f8817f472c8d58,111,505,2026-08-16,2026-08-16,2375.79,2375.79,2375.79,,,2026-09-11 22:29:06
9337a8c971154bc38c5c,101,505,2026-08-17,2026-08-17,1268.27,1268.27,1268.27,,,2026-09-11 22:29:06
08a6445f271545b380a7,119,505,2026-08-18,2026-08-18,1553.42,1553.42,1553.42,,,2026-09-11 22:29:06
a31d5e914a49471b8aba,108,505,2026-08-19,2026-08-19,2178.36,2178.36,2178.36,,,2026-09-11 22:29:06
e901d053fc8c4956a809,104,505,2026-08-20,2026-08-20,856.94,856.94,856.94,,,2026-09-11 22:29:06
067162acdfdd42fda271,115,505,2026-08-21,2026-08-21,224.04,224.04,224.04,,,2026-09-11 22:29:06
47f1d01777874ee092cc,110,505,2026-08-22,2026-08-22,2260.33,2260.33,2260.33,,,2026-09-11 22:29:06
f1cec1b9f9c2412bad01,116,505,2026-08-23,2026-08-23,225.08,225.08,225.08,,,2026-09-11 22:29:06
a9bb6b18ee7e4eac823f,105,505,2026-08-24,2026-08-24,1086.39,1086.39,1086.39,,,2026-09-11 22:29:06
3465bae451d94e9b94c5,111,505,2026-08-25,2026-08-25,60.02,60.02,60.02,,,2026-09-11 22:29:06
05b72e496c154778a4d3,116,505,2026-08-26,2026-08-26,858.32,858.32,858.32,,,2026-09-11 22:29:06
fa21d1c1ec104591b02d,117,505,2026-08-27,2026-08-27,1484.21,1484.21,1484.21,,,2026-09-11 22:29:06
f17f30d04f9d47acbd4a,119,505,2026-08-28,2026-08-28,146.03,146.03,146.03,,,2026-09-11 22:29:06
a45d665edaa24649bc74,117,505,2026-08-29,2026-08-29,144.13,144.13,144.13,,,2026-09-11 22:29:06
2b8534372361456da780,101,505,2026-08-30,2026-08-30,993.94,993.94,993.94,,,2026-09-11 22:29:06
cb8d51be0a9046fb854b,115,505,2026-08-31,2026-08-31,343.7,343.7,343.7,,,2026-09-11 22:29:06
dc9fd9c2c5b8443ab7e0,120,505,2026-09-01,2026-09-01,48.86,48.86,48.86,,,2026-09-11 22:29:06
aefd3f7f8bcc40c1bf40,118,505,2026-09-02,2026-09-02,1646.84,1646.84,1646.84,,,2026-09-11 22:29:06
6f5e9ffa4ab94b888c52,118,505,2026-09-03,2026-09-03,1649.25,1649.25,1649.25,,,2026-09-11 22:29:06
7669b578f5e74f09944b,115,505,2026-09-04,2026-09-04,3595,3595,3595,,,2026-09-11 22:29:06
6db4130865534df9866d,111,505,2026-09-05,2026-09-05,118.39,118.39,118.39,,,2026-09-11 22:29:06
24a8883f7aa446dca9bc,104,505,2026-09-06,2026-09-06,74.36,74.36,74.36,,,2026-09-11 22:29:06
ffbf2e837ff94ff490f5,112,505,2026-09-07,2026-09-07,487.95,487.95,487.95,,,2026-09-11 22:29:06
f93f3346f0764574ac1f,111,505,2026-09-08,2026-09-08,2249.26,2249.26,2249.26,,,2026-09-11 22:29:06
40741ab5c65b4e4cb39f,109,505,2026-09-09,2026-09-09,241.19,241.19,241.19,,,2026-09-11 22:29:06
a20a115e340749938a90,118,506,2026-08-11,2026-08-11,2344.72,2344.72,2344.72,,,2026-09-11 22:29:06
20244b53b7314932a3a2,112,506,2026-08-12,2026-08-12,2499.49,2499.49,2499.49,,,2026-09-11 22:29:06
b6645fed54a6477b96c3,119,506,2026-08-13,2026-08-13,2402.04,2402.04,2402.04,,,2026-09-11 22:29:06
4a2202914bcb4e8a8722,101,506,2026-08-14,2026-08-14,734.47,734.47,734.47,,,2026-09-11 22:29:06
e8a25c60527e470ba0e4,113,506,2026-08-15,2026-08-15,588.8,588.8,588.8,,,2026-09-11 22:29:06
d4d4b31fb1a94267b852,110,506,2026-08-16,2026-08-16,19.24,19.24,19.24,,,2026-09-11 22:29:06
e06bb944543f4eab8ea4,101,506,2026-08-17,2026-08-17,1498.89,1498.89,1498.89,,,2026-09-11 22:29:06
4ba777ea82ae4fd0ab33,114,506,2026-08-18,2026-08-18,967.62,967.62,967.62,,,2026-09-11 22:29:06
b11beda712004dd08dab,104,506,2026-08-19,2026-08-19,4974.01,4974.01,4974.01,,,2026-09-11 22:29:06
306eadb8972a4349a089,102,506,2026-08-20,2026-08-20,4564.39,4564.39,4564.39,,,2026-09-11 22:29:06
e93e5f44d4c7461e89a3,104,506,2026-08-21,2026-08-21,534.94,534.94,534.94,,,2026-09-11 22:29:06
41f9b4e516674905b7bf,120,506,2026-08-22,2026-08-22,4135.44,4135.44,4135.44,,,2026-09-11 22:29:06
1bd7a78689394cc38683,116,506,2026-08-23,2026-08-23,2029.41,2029.41,2029.41,,,2026-09-11 22:29:06
da71985f89b54bde9d61,110,506,2026-08-24,2026-08-24,868.85,868.85,868.85,,,2026-09-11 22:29:06
1acc523d61be4f3099e1,106,506,2026-08-25,2026-08-25,3605.95,3605.95,3605.95,,,2026-09-11 22:29:06
8b62e439ec83484a9ccc,115,506,2026-08-26,2026-08-26,461.64,461.64,461.64,,,2026-09-11 22:29:06
3e3ee53a4ea945068b38,118,506,2026-08-27,2026-08-27,101.77,101.77,101.77,,,2026-09-11 22:29:06
030b74710f54428692ce,116,506,2026-08-28,2026-08-28,218.71,218.71,218.71,,,2026-09-11 22:29:06
e8b5c3ac48e54c1aad4c,116,506,2026-08-29,2026-08-29,1323.12,1323.12,1323.12,,,2026-09-11 22:29:06
5272f2b5b3bf4b07b0cd,105,506,2026-08-30,2026-08-30,2324.84,2324.84,2324.84,,,2026-09-11 22:29:06
2927ab51871d43249cfa,103,506,2026-08-31,2026-08-31,1103.72,1103.72,1103.72,,,2026-09-11 22:29:06
a643f0b12122490c8639,112,506,2026-09-01,2026-09-01,1123.98,1123.98,1123.98,,,2026-09-11 22:29:06
38f7cb46a6554199b368,116,506,2026-09-02,2026-09-02,1521.08,1521.08,1521.08,,,2026-09-11 22:29:06
bcb752a876a44410bc95,120,506,2026-09-03,2026-09-03,3034.65,3034.65,3034.65,,,2026-09-11 22:29:06
1d0453e4384e49e286f1,105,506,2026-09-04,2026-09-04,6.28,6.28,6.28,,,2026-09-11 22:29:06
3e6aa8fd607242b5a162,110,506,2026-09-05,2026-09-05,1085.66,1085.66,1085.66,,,2026-09-11 22:29:06
d98fa38459f44e16a7af,113,506,2026-09-06,2026-09-06,872.41,872.41,872.41,,,2026-09-11 22:29:06
b2468891b34940e482a8,116,506,2026-09-07,2026-09-07,2405.16,2405.16,2405.16,,,2026-09-11 22:29:06
115ec7eb2b0940b58a3e,117,506,2026-09-08,2026-09-08,2256.12,2256.12,2256.12,,,2026-09-11 22:29:06
c06de87323764c6cb4cf,105,506,2026-09-09,2026-09-09,368.59,368.59,368.59,,,2026-09-11 22:29:06
5c889b850ddf48dc946d,115,506,2026-08-11,2026-08-11,1153.29,1153.29,1153.29,,,2026-09-11 22:29:06
6e659a8012594b2caea3,120,506,2026-08-12,2026-08-12,940.5,940.5,940.5,,,2026-09-11 22:29:06
7903d56d29fb4a24b007,117,506,2026-08-13,2026-08-13,761.8,761.8,761.8,,,2026-09-11 22:29:06
54620235ad2441f0ae36,104,506,2026-08-14,2026-08-14,943.99,943.99,943.99,,,2026-09-11 22:29:06
fcc31db38a7144d0b893,104,506,2026-08-15,2026-08-15,5124.38,5124.38,5124.38,,,2026-09-11 22:29:06
97ffc9cf7c9044abae8d,119,506,2026-08-16,2026-08-16,5790.11,5790.11,5790.11,,,2026-09-11 22:29:06
96c2eeb825524ef79857,119,506,2026-08-17,2026-08-17,1345.1,1345.1,1345.1,,,2026-09-11 22:29:06
39e6a511e0b14aa88bee,103,506,2026-08-18,2026-08-18,247.48,247.48,247.48,,,2026-09-11 22:29:06
eafddf51ea654f9487eb,107,506,2026-08-19,2026-08-19,1580.76,1580.76,1580.76,,,2026-09-11 22:29:06
af4f3b529fa744f4bc8f,116,506,2026-08-20,2026-08-20,14.75,14.75,14.75,,,2026-09-11 22:29:06
90130e06de79452389b6,115,506,2026-08-21,2026-08-21,3462.67,3462.67,3462.67,,,2026-09-11 22:29:06
bf6262dc803744a69f39,115,506,2026-08-22,2026-08-22,389.25,389.25,389.25,,,2026-09-11 22:29:06
f0fa0374638f452cb11c,104,506,2026-08-23,2026-08-23,988.16,988.16,988.16,,,2026-09-11 22:29:06
f3cc6921c0e24219b276,106,506,2026-08-24,2026-08-24,879.79,879.79,879.79,,,2026-09-11 22:29:06
fdf761c8a52344249d0d,119,506,2026-08-25,2026-08-25,3163,3163,3163,,,2026-09-11 22:29:06
3362b3367c6543fbac59,110,506,2026-08-26,2026-08-26,738.89,738.89,738.89,,,2026-09-11 22:29:06
6b506ca17dea4d899b63,118,506,2026-08-27,2026-08-27,1621.51,1621.51,1621.51,,,2026-09-11 22:29:06
c5652801454f40cc9bf2,109,506,2026-08-28,2026-08-28,1392.81,1392.81,1392.81,,,2026-09-11 22:29:06
4b00ecf4d5ce459e9cac,108,506,2026-08-29,2026-08-29,3296.35,3296.35,3296.35,,,2026-09-11 22:29:06
3478d8a68e5d4cf4903c,109,506,2026-08-30,2026-08-30,408.85,408.85,408.85,,,2026-09-11 22:29:06
1718dd2c0ed54b4a8512,111,506,2026-08-31,2026-08-31,1072.1,1072.1,1072.1,,,2026-09-11 22:29:06
de4b0959b7914b8f94ea,105,506,2026-09-01,2026-09-01,622.49,622.49,622.49,,,2026-09-11 22:29:06
6a7384fd3e994c7f8de3,116,506,2026-09-02,2026-09-02,1238.2,1238.2,1238.2,,,2026-09-11 22:29:06
d5b58a37b42b430f90ea,120,506,2026-09-03,2026-09-03,1400.66,1400.66,1400.66,,,2026-09-11 22:29:06
e513dce690974b1682f8,103,506,2026-09-04,2026-09-04,871.95,871.95,871.95,,,2026-09-11 22:29:06
5cf571174bde4d909302,108,506,2026-09-05,2026-09-05,540.28,540.28,540.28,,,2026-09-11 22:29:06
09b925f9afde46dda9ec,105,506,2026-09-06,2026-09-06,2202.13,2202.13,2202.13,,,2026-09-11 22:29:06
a8ab03538c794914aece,104,506,2026-09-07,2026-09-07,219.82,219.82,219.82,,,2026-09-11 22:29:06
2d125b47d7c34eb9afe2,113,506,2026-09-08,2026-09-08,159.16,159.16,159.16,,,2026-09-11 22:29:06
62f65536abae48089ede,102,506,2026-09-09,2026-09-09,1216.29,1216.29,1216.29,,,2026-09-11 22:29:06
1d7291063fc54ddebbeb,119,506,2026-08-11,2026-08-11,1253.76,1253.76,1253.76,,,2026-09-11 22:29:06
32a5fa7dfd3a4598ae2e,101,506,2026-08-12,2026-08-12,2852.66,2852.66,2852.66,,,2026-09-11 22:29:06
fc6e01007be64f2689ec,111,506,2026-08-13,2026-08-13,27.1,27.1,27.1,,,2026-09-11 22:29:06
06fc356317c842e58ffb,109,506,2026-08-14,2026-08-14,386.27,386.27,386.27,,,2026-09-11 22:29:06
aa69c8b8817747f49589,117,506,2026-08-15,2026-08-15,497.96,497.96,497.96,,,2026-09-11 22:29:06
0034ee3ac48d4b5fbe9c,118,506,2026-08-16,2026-08-16,1213.85,1213.85,1213.85,,,2026-09-11 22:29:06
843a53ebed1c4a8197f0,105,506,2026-08-17,2026-08-17,66.32,66.32,66.32,,,2026-09-11 22:29:06
10ffe46306dd4cf297f8,111,506,2026-08-18,2026-08-18,3807.09,3807.09,3807.09,,,2026-09-11 22:29:06
183400dce9264cc2ba1d,102,506,2026-08-19,2026-08-19,152.97,152.97,152.97,,,2026-09-11 22:29:06
92d02a098323461bb076,111,506,2026-08-20,2026-08-20,781.93,781.93,781.93,,,2026-09-11 22:29:06
735c6a00a6e249009014,103,506,2026-08-21,2026-08-21,507.89,507.89,507.89,,,2026-09-11 22:29:06
4e67685263044c59a2b0,108,506,2026-08-22,2026-08-22,2537.24,2537.24,2537.24,,,2026-09-11 22:29:06
531cac2a41084a8db42f,116,506,2026-08-23,2026-08-23,23,23,23,,,2026-09-11 22:29:06
21f2854f4d2341439220,111,506,2026-08-24,2026-08-24,2263.26,2263.26,2263.26,,,2026-09-11 22:29:06
cf0df6a882b244cf8519,116,506,2026-08-25,2026-08-25,287.53,287.53,287.53,,,2026-09-11 22:29:06
77a287b24cfa46b3b851,114,506,2026-08-26,2026-08-26,4720.77,4720.77,4720.77,,,2026-09-11 22:29:06
82f2fba51a2f4d62a756,101,506,2026-08-27,2026-08-27,1384.66,1384.66,1384.66,,,2026-09-11 22:29:06
73a429f8979a443e872b,112,506,2026-08-28,2026-08-28,4938.87,4938.87,4938.87,,,2026-09-11 22:29:06
b2cac355aabb4e10a2e0,110,506,2026-08-29,2026-08-29,5639.01,5639.01,5639.01,,,2026-09-11 22:29:06
c3a9f43b2ed8429ea215,104,506,2026-08-30,2026-08-30,262.03,262.03,262.03,,,2026-09-11 22:29:06
8fca4588a9364d2e9e5d,109,506,2026-08-31,2026-08-31,1978.38,1978.38,1978.38,,,2026-09-11 22:29:06
561a31375df74354b5b5,102,506,2026-09-01,2026-09-01,221.23,221.23,221.23,,,2026-09-11 22:29:06
964f4203489d4226b624,117,506,2026-09-02,2026-09-02,135.68,135.68,135.68,,,2026-09-11 22:29:06
37a5655103984c5295a2,117,506,2026-09-03,2026-09-03,2085.59,2085.59,2085.59,,,2026-09-11 22:29:06
8f6beea0424948a7b2bc,118,506,2026-09-04,2026-09-04,2447.92,2447.92,2447.92,,,2026-09-11 22:29:06
2d007cca21384f3e904b,109,506,2026-09-05,2026-09-05,4243.61,4243.61,4243.61,,,2026-09-11 22:29:06
056ef374d6b849bbb424,112,506,2026-09-06,2026-09-06,864.9,864.9,864.9,,,2026-09-11 22:29:06
a68da6e8a3dc477c8097,110,506,2026-09-07,2026-09-07,1911.52,1911.52,1911.52,,,2026-09-11 22:29:06
bf30ef87c9a1489d8c16,107,506,2026-09-08,2026-09-08,7.52,7.52,7.52,,,2026-09-11 22:29:06
e1f8d92174ff41f6983c,106,506,2026-09-09,2026-09-09,396.27,396.27,396.27,,,2026-09-11 22:29:06
3c83c497a7f941ab8314,116,506,2026-08-11,2026-08-11,2965.89,2965.89,2965.89,,,2026-09-11 22:29:06
11cab11629784f6c9461,120,506,2026-08-12,2026-08-12,761.03,761.03,761.03,,,2026-09-11 22:29:06
8d3da1c3a3004fa3a405,104,506,2026-08-13,2026-08-13,1596.43,1596.43,1596.43,,,2026-09-11 22:29:06
a9fe47de57304b8bb027,102,506,2026-08-14,2026-08-14,2810.35,2810.35,2810.35,,,2026-09-11 22:29:06
f1c1806bd9e945feaf13,101,506,2026-08-15,2026-08-15,3272.95,3272.95,3272.95,,,2026-09-11 22:29:06
f01e42fd2d384e3f8c30,103,506,2026-08-16,2026-08-16,2146.05,2146.05,2146.05,,,2026-09-11 22:29:06
9538e4edc6f948c19cd7,107,506,2026-08-17,2026-08-17,2016.98,2016.98,2016.98,,,2026-09-11 22:29:06
91612cc2ee2c4c62b822,119,506,2026-08-18,2026-08-18,1564.6,1564.6,1564.6,,,2026-09-11 22:29:06
cd52fa91c9674aa08025,114,506,2026-08-19,2026-08-19,2580.93,2580.93,2580.93,,,2026-09-11 22:29:06
97b2699e455f425ea1e9,119,506,2026-08-20,2026-08-20,2446.12,2446.12,2446.12,,,2026-09-11 22:29:06
5d3938c455e747d0bd73,114,506,2026-08-21,2026-08-21,1672.25,1672.25,1672.25,,,2026-09-11 22:29:06
a6dcbc56afb94cb19b76,112,506,2026-08-22,2026-08-22,4451.44,4451.44,4451.44,,,2026-09-11 22:29:06
86be8f40fe924bf4bbe3,109,506,2026-08-23,2026-08-23,239.29,239.29,239.29,,,2026-09-11 22:29:06
3b497202c50e433eba8a,112,506,2026-08-24,2026-08-24,1668.46,1668.46,1668.46,,,2026-09-11 22:29:06
c9efe0f3f36a4ec7b078,113,506,2026-08-25,2026-08-25,2360.64,2360.64,2360.64,,,2026-09-11 22:29:06
3729115a29c84b53887b,115,506,2026-08-26,2026-08-26,3441.17,3441.17,3441.17,,,2026-09-11 22:29:06
4b594042762649ebb9ab,119,506,2026-08-27,2026-08-27,1180.32,1180.32,1180.32,,,2026-09-11 22:29:06
60b082bbe4324462aae8,112,506,2026-08-28,2026-08-28,254.64,254.64,254.64,,,2026-09-11 22:29:06
07926e6200e54d12b78b,104,506,2026-08-29,2026-08-29,145.43,145.43,145.43,,,2026-09-11 22:29:06
af6789c705e24d42bbb4,119,506,2026-08-30,2026-08-30,1737.06,1737.06,1737.06,,,2026-09-11 22:29:06
4c2cd0b4dc784bec8981,101,506,2026-08-31,2026-08-31,684.88,684.88,684.88,,,2026-09-11 22:29:06
22d254eaafe9424399a0,114,506,2026-09-01,2026-09-01,1588.38,1588.38,1588.38,,,2026-09-11 22:29:06
45c244b9b71443a18f26,113,506,2026-09-02,2026-09-02,2013.25,2013.25,2013.25,,,2026-09-11 22:29:06
11ca7b3d884141a180b9,104,506,2026-09-03,2026-09-03,509.8,509.8,509.8,,,2026-09-11 22:29:06
ac1161fc35f34265a8dd,117,506,2026-09-04,2026-09-04,2348.24,2348.24,2348.24,,,2026-09-11 22:29:06
5e30fb330fee4fd69a3d,115,506,2026-09-05,2026-09-05,3119.75,3119.75,3119.75,,,2026-09-11 22:29:06
625a0150e4a845d893bf,117,506,2026-09-06,2026-09-06,518.5,518.5,518.5,,,2026-09-11 22:29:06
1b308309973b452a941f,107,506,2026-09-07,2026-09-07,114.18,114.18,114.18,,,2026-09-11 22:29:06
0b26a88a4dbb4995a12b,119,506,2026-09-08,2026-09-08,400.08,400.08,400.08,,,2026-09-11 22:29:06
20c9628b12e340a98c70,112,506,2026-09-09,2026-09-09,78.24,78.24,78.24,,,2026-09-11 22:29:06
61ab830d71834d94a4b7,112,506,2026-08-11,2026-08-11,18.22,18.22,18.22,,,2026-09-11 22:29:06
5201c8dda9e1488b8b30,101,506,2026-08-12,2026-08-12,4440.69,4440.69,4440.69,,,2026-09-11 22:29:06
6292555469004b1e8893,112,506,2026-08-13,2026-08-13,1736.73,1736.73,1736.73,,,2026-09-11 22:29:06
89c5361f68664cf49633,110,506,2026-08-14,2026-08-14,443.3,443.3,443.3,,,2026-09-11 22:29:06
20a86e2687f74c19b265,114,506,2026-08-15,2026-08-15,4423.47,4423.47,4423.47,,,2026-09-11 22:29:06
827ea25416064f7689fe,120,506,2026-08-16,2026-08-16,3685.64,3685.64,3685.64,,,2026-09-11 22:29:06
a9b45c8de318417b8ab5,105,506,2026-08-17,2026-08-17,1979.7,1979.7,1979.7,,,2026-09-11 22:29:06
be47ee84935d439a9447,110,506,2026-08-18,2026-08-18,431.99,431.99,431.99,,,2026-09-11 22:29:06
c0dbe13c220842b1a132,112,506,2026-08-19,2026-08-19,797.33,797.33,797.33,,,2026-09-11 22:29:06
1aea8422be9448498060,109,506,2026-08-20,2026-08-20,2319.35,2319.35,2319.35,,,2026-09-11 22:29:06
b355b31a17074883b8a3,106,506,2026-08-21,2026-08-21,5391.26,5391.26,5391.26,,,2026-09-11 22:29:06
e50f89e7254246749bf7,110,506,2026-08-22,2026-08-22,2294.35,2294.35,2294.35,,,2026-09-11 22:29:06
1f8c56afa14040058d9d,115,506,2026-08-23,2026-08-23,1524.64,1524.64,1524.64,,,2026-09-11 22:29:06
4a9f053984794dcd86d8,112,506,2026-08-24,2026-08-24,1351.78,1351.78,1351.78,,,2026-09-11 22:29:06
de46711ccfa945aab6c2,116,506,2026-08-25,2026-08-25,1006.36,1006.36,1006.36,,,2026-09-11 22:29:06
eec089f9d13a44ffb20b,107,506,2026-08-26,2026-08-26,3657.09,3657.09,3657.09,,,2026-09-11 22:29:06
cf1ebaaaf74c44dc8d3f,108,506,2026-08-27,2026-08-27,413.57,413.57,413.57,,,2026-09-11 22:29:06
30e2fd49d6a44df4905a,120,506,2026-08-28,2026-08-28,1026.14,1026.14,1026.14,,,2026-09-11 22:29:06
dfd4fa7a29334154aa0b,120,506,2026-08-29,2026-08-29,664.92,664.92,664.92,,,2026-09-11 22:29:06
42c97eb490474240ac09,107,506,2026-08-30,2026-08-30,1926.92,1926.92,1926.92,,,2026-09-11 22:29:06
7f71f7effbb241f2969c,117,506,2026-08-31,2026-08-31,77.96,77.96,77.96,,,2026-09-11 22:29:06
1f46d09a19d949d596c6,108,506,2026-09-01,2026-09-01,2877.83,2877.83,2877.83,,,2026-09-11 22:29:06
37c9a26647734212a264,115,506,2026-09-02,2026-09-02,3873.65,3873.65,3873.65,,,2026-09-11 22:29:06
4488b2f0b8604d1fb1af,120,506,2026-09-03,2026-09-03,73.08,73.08,73.08,,,2026-09-11 22:29:06
62c8f832ad2f4526ac4f,106,506,2026-09-04,2026-09-04,112.77,112.77,112.77,,,2026-09-11 22:29:06
2deaf37d72cb41378715,108,506,2026-09-05,2026-09-05,3156.02,3156.02,3156.02,,,2026-09-11 22:29:06
b46c4c06917143f196db,119,506,2026-09-06,2026-09-06,1995.85,1995.85,1995.85,,,2026-09-11 22:29:06
cb67a08a21a44df7a055,110,506,2026-09-07,2026-09-07,23.95,23.95,23.95,,,2026-09-11 22:29:06
c4eb6ada26e749e08064,103,506,2026-09-08,2026-09-08,529.74,529.74,529.74,,,2026-09-11 22:29:06
023f16c2b4554d2fb6e3,103,506,2026-09-09,2026-09-09,98.1,98.1,98.1,,,2026-09-11 22:29:06
7d27ef065c3647a58aa0,102,506,2026-08-11,2026-08-11,296.57,296.57,296.57,,,2026-09-11 22:29:06
ed62f13c16ce496b8ef9,120,506,2026-08-12,2026-08-12,911.18,911.18,911.18,,,2026-09-11 22:29:06
0a2136258ee34f7fb308,111,506,2026-08-13,2026-08-13,176.09,176.09,176.09,,,2026-09-11 22:29:06
5ce10a06d3994706b379,106,506,2026-08-14,2026-08-14,2055.07,2055.07,2055.07,,,2026-09-11 22:29:06
4cbdc5b39c03455c8e20,112,506,2026-08-15,2026-08-15,1596.7,1596.7,1596.7,,,2026-09-11 22:29:06
f282fd831b0141208690,113,506,2026-08-16,2026-08-16,1813.11,1813.11,1813.11,,,2026-09-11 22:29:06
6be77cac1ca24ffc9205,103,506,2026-08-17,2026-08-17,221.36,221.36,221.36,,,2026-09-11 22:29:06
709c04fae8d64d65aba2,106,506,2026-08-18,2026-08-18,2102.63,2102.63,2102.63,,,2026-09-11 22:29:06
583e090a2e204d8fa318,103,506,2026-08-19,2026-08-19,178.37,178.37,178.37,,,2026-09-11 22:29:06
bd099c80f6544e4b9bce,114,506,2026-08-20,2026-08-20,268.43,268.43,268.43,,,2026-09-11 22:29:06
412c37fb8c274a15859f,109,506,2026-08-21,2026-08-21,1086.72,1086.72,1086.72,,,2026-09-11 22:29:06
a0701bc0fe6f42a1b115,102,506,2026-08-22,2026-08-22,3440.45,3440.45,3440.45,,,2026-09-11 22:29:06
24b12292de754a0b9694,115,506,2026-08-23,2026-08-23,744.35,744.35,744.35,,,2026-09-11 22:29:06
6d57ba26cb2d45cb9fe0,109,506,2026-08-24,2026-08-24,2468.84,2468.84,2468.84,,,2026-09-11 22:29:06
3f4846945b074dad9678,111,506,2026-08-25,2026-08-25,129.75,129.75,129.75,,,2026-09-11 22:29:06
a520ea0a15c949848749,108,506,2026-08-26,2026-08-26,232.11,232.11,232.11,,,2026-09-11 22:29:06
a5d25b28bd914a1fa6e6,108,506,2026-08-27,2026-08-27,211,211,211,,,2026-09-11 22:29:06
0e4a489fd1c9462e969f,105,506,2026-08-28,2026-08-28,196.14,196.14,196.14,,,2026-09-11 22:29:06
568bf06478074bc099da,111,506,2026-08-29,2026-08-29,1922.33,1922.33,1922.33,,,2026-09-11 22:29:06
6f36280151c44d748f61,117,506,2026-08-30,2026-08-30,767.54,767.54,767.54,,,2026-09-11 22:29:06
8c04f772afbf4fd5bbde,118,506,2026-08-31,2026-08-31,226.22,226.22,226.22,,,2026-09-11 22:29:06
10588a60cece41899e2e,109,506,2026-09-01,2026-09-01,2419.05,2419.05,2419.05,,,2026-09-11 22:29:06
20ff81a2d0d641ad8ea8,104,506,2026-09-02,2026-09-02,2571.53,2571.53,2571.53,,,2026-09-11 22:29:06
a7091f8b0c8e48ac9536,118,506,2026-09-03,2026-09-03,1114.96,1114.96,1114.96,,,2026-09-11 22:29:06
bced4bd2b13947af9776,104,506,2026-09-04,2026-09-04,1959.83,1959.83,1959.83,,,2026-09-11 22:29:06
110aec705a1a49c78073,120,506,2026-09-05,2026-09-05,30.77,30.77,30.77,,,2026-09-11 22:29:06
a1d1f699bc37469c80d9,115,506,2026-09-06,2026-09-06,168.29,168.29,168.29,,,2026-09-11 22:29:06
d81d62e750c041b0ac00,101,506,2026-09-07,2026-09-07,611.28,611.28,611.28,,,2026-09-11 22:29:06
bfe5729be02942a4a936,113,506,2026-09-08,2026-09-08,698.12,698.12,698.12,,,2026-09-11 22:29:06
a622045739f34f81b30d,111,506,2026-09-09,2026-09-09,2096.64,2096.64,2096.64,,,2026-09-11 22:29:06
055ef2d8ae4348b9833c,116,506,2026-08-11,2026-08-11,2487.37,2487.37,2487.37,,,2026-09-11 22:29:06
fe5bd5b17c6f4b7a8d7f,113,506,2026-08-12,2026-08-12,308.47,308.47,308.47,,,2026-09-11 22:29:06
9eaca46ab2c04d58a044,102,506,2026-08-13,2026-08-13,4332.77,4332.77,4332.77,,,2026-09-11 22:29:06
cf3c17a8a07748698073,119,506,2026-08-14,2026-08-14,766.15,766.15,766.15,,,2026-09-11 22:29:06
42085a8f3ddb421eb197,117,506,2026-08-15,2026-08-15,158.81,158.81,158.81,,,2026-09-11 22:29:06
e8d56cc4c7c844c3a54d,120,506,2026-08-16,2026-08-16,509.83,509.83,509.83,,,2026-09-11 22:29:06
75868b37d13046bda620,113,506,2026-08-17,2026-08-17,331.15,331.15,331.15,,,2026-09-11 22:29:06
0a89defdb7eb4c8696dc,120,506,2026-08-18,2026-08-18,1699.8,1699.8,1699.8,,,2026-09-11 22:29:06
92e03b994b194fc2891f,116,506,2026-08-19,2026-08-19,1382.7,1382.7,1382.7,,,2026-09-11 22:29:06
59ae48091d734f6ca1d0,107,506,2026-08-20,2026-08-20,1117.24,1117.24,1117.24,,,2026-09-11 22:29:06
7b72c79e41e6497f8596,110,506,2026-08-21,2026-08-21,1115.62,1115.62,1115.62,,,2026-09-11 22:29:06
6f364b03605945da842d,107,506,2026-08-22,2026-08-22,342.85,342.85,342.85,,,2026-09-11 22:29:06
dc04fb4b81a44cdcb49d,112,506,2026-08-23,2026-08-23,128.14,128.14,128.14,,,2026-09-11 22:29:06
67eed104aef14219aceb,103,506,2026-08-24,2026-08-24,3656.38,3656.38,3656.38,,,2026-09-11 22:29:06
bd9b5f14c84141189596,110,506,2026-08-25,2026-08-25,241.94,241.94,241.94,,,2026-09-11 22:29:06
edf3ef1afca044ebbb35,101,506,2026-08-26,2026-08-26,1389.03,1389.03,1389.03,,,2026-09-11 22:29:06
74e04e89c44c421aaa6d,101,506,2026-08-27,2026-08-27,1441.03,1441.03,1441.03,,,2026-09-11 22:29:06
357b92f8e95e48c5bac9,103,506,2026-08-28,2026-08-28,1959.59,1959.59,1959.59,,,2026-09-11 22:29:06
13aab9da7543424b81e9,111,506,2026-08-29,2026-08-29,5567.74,5567.74,5567.74,,,2026-09-11 22:29:06
cb6d30a0be504279b5a3,101,506,2026-08-30,2026-08-30,17.19,17.19,17.19,,,2026-09-11 22:29:06
10322a6a9c894d469d8e,119,506,2026-08-31,2026-08-31,2749.98,2749.98,2749.98,,,2026-09-11 22:29:06
956b3dd09d14424fbfbc,110,506,2026-09-01,2026-09-01,952.72,952.72,952.72,,,2026-09-11 22:29:06
86996b90f7f74c33a4a5,101,506,2026-09-02,2026-09-02,961.42,961.42,961.42,,,2026-09-11 22:29:06
d6ca9df00bd24bd0bc13,116,506,2026-09-03,2026-09-03,182.72,182.72,182.72,,,2026-09-11 22:29:06
6d95fd3df11341c38352,105,506,2026-09-04,2026-09-04,3785.1,3785.1,3785.1,,,2026-09-11 22:29:06
ca2b95e299bf424d84d3,101,506,2026-09-05,2026-09-05,1748.47,1748.47,1748.47,,,2026-09-11 22:29:06
3a57ea792a2a4216b2ba,105,506,2026-09-06,2026-09-06,31.86,31.86,31.86,,,2026-09-11 22:29:06
d9a7000b9e564112ba9d,120,506,2026-09-07,2026-09-07,243.03,243.03,243.03,,,2026-09-11 22:29:06
55d1ff1e60334ec58dd7,120,506,2026-09-08,2026-09-08,4968.98,4968.98,4968.98,,,2026-09-11 22:29:06
a427b8326bb047cf97f5,105,506,2026-09-09,2026-09-09,1891.51,1891.51,1891.51,,,2026-09-11 22:29:06
5fd214b494ae4565ac59,104,506,2026-08-11,2026-08-11,120.9,120.9,120.9,,,2026-09-11 22:29:06
2c398c1c277a4087803d,112,506,2026-08-12,2026-08-12,2214.57,2214.57,2214.57,,,2026-09-11 22:29:06
84995f8909db409c8a91,118,506,2026-08-13,2026-08-13,689.32,689.32,689.32,,,2026-09-11 22:29:06
d0b53462f56e4f7a8c85,114,506,2026-08-14,2026-08-14,2221.73,2221.73,2221.73,,,2026-09-11 22:29:06
645683e36d834a0498c8,115,506,2026-08-15,2026-08-15,384.1,384.1,384.1,,,2026-09-11 22:29:06
08628b96c4884447b5c0,101,506,2026-08-16,2026-08-16,3524.34,3524.34,3524.34,,,2026-09-11 22:29:06
4f0a9f0890464187a3ef,108,506,2026-08-17,2026-08-17,3012.04,3012.04,3012.04,,,2026-09-11 22:29:06
93fdb89e97db41a0903a,117,506,2026-08-18,2026-08-18,5353.12,5353.12,5353.12,,,2026-09-11 22:29:06
7809eba4690240f68ac1,102,506,2026-08-19,2026-08-19,198.44,198.44,198.44,,,2026-09-11 22:29:06
6cf171f2013a40cf9708,107,506,2026-08-20,2026-08-20,2832.88,2832.88,2832.88,,,2026-09-11 22:29:06
1a8f7cf0a9bb43e981b8,110,506,2026-08-21,2026-08-21,32.35,32.35,32.35,,,2026-09-11 22:29:06
dfe88fcb915148048776,108,506,2026-08-22,2026-08-22,196.48,196.48,196.48,,,2026-09-11 22:29:06
d12a2a8a8acc46a2b594,116,506,2026-08-23,2026-08-23,1238.69,1238.69,1238.69,,,2026-09-11 22:29:06
3a8a4eb9c9c84f2483b8,115,506,2026-08-24,2026-08-24,84.48,84.48,84.48,,,2026-09-11 22:29:06
70f1b2d8341f4bb1b740,112,506,2026-08-25,2026-08-25,62.32,62.32,62.32,,,2026-09-11 22:29:06
14a282053dcc4082a9ba,112,506,2026-08-26,2026-08-26,344.65,344.65,344.65,,,2026-09-11 22:29:06
2e6dcf1f18f943948811,103,506,2026-08-27,2026-08-27,928.2,928.2,928.2,,,2026-09-11 22:29:06
c5dfd32b5fc54017bc11,120,506,2026-08-28,2026-08-28,2488.75,2488.75,2488.75,,,2026-09-11 22:29:06
50c4c41971044480ab1e,102,506,2026-08-29,2026-08-29,1365.41,1365.41,1365.41,,,2026-09-11 22:29:06
08d0ee27850e43718518,106,506,2026-08-30,2026-08-30,779.58,779.58,779.58,,,2026-09-11 22:29:06
b3172b5e15d849ff883a,104,506,2026-08-31,2026-08-31,1020.14,1020.14,1020.14,,,2026-09-11 22:29:06
9086980238ba4360aed5,120,506,2026-09-01,2026-09-01,632.4,632.4,632.4,,,2026-09-11 22:29:06
88ca7042f66f418aab3b,110,506,2026-09-02,2026-09-02,2043.83,2043.83,2043.83,,,2026-09-11 22:29:06
0fcce4a2a35e4d39b9c5,106,506,2026-09-03,2026-09-03,104.56,104.56,104.56,,,2026-09-11 22:29:06
70cdce6e83844681b1e7,102,506,2026-09-04,2026-09-04,3121.11,3121.11,3121.11,,,2026-09-11 22:29:06
d9587f1633b3426e88d6,106,506,2026-09-05,2026-09-05,378.86,378.86,378.86,,,2026-09-11 22:29:06
01723509f5c14b868430,111,506,2026-09-06,2026-09-06,5684.5,5684.5,5684.5,,,2026-09-11 22:29:06
a6c22fed46bc41ed8c94,113,506,2026-09-07,2026-09-07,1156.16,1156.16,1156.16,,,2026-09-11 22:29:06
5d5f503c09444f99acbe,115,506,2026-09-08,2026-09-08,1023.15,1023.15,1023.15,,,2026-09-11 22:29:06
95dcd77d60fc4e8b800d,114,506,2026-09-09,2026-09-09,970.99,970.99,970.99,,,2026-09-11 22:29:06
cfb9738dfd7f427c813b,107,506,2026-08-11,2026-08-11,2282.29,2282.29,2282.29,,,2026-09-11 22:29:06
8d04893de1814e9eb56f,106,506,2026-08-12,2026-08-12,994.98,994.98,994.98,,,2026-09-11 22:29:06
0f8f5edbe09c40fbb9d9,119,506,2026-08-13,2026-08-13,1166.98,1166.98,1166.98,,,2026-09-11 22:29:06
816b73e6a9494871acaa,109,506,2026-08-14,2026-08-14,44.57,44.57,44.57,,,2026-09-11 22:29:06
db2123b1e778448f91ab,117,506,2026-08-15,2026-08-15,1685.99,1685.99,1685.99,,,2026-09-11 22:29:06
b4633f93720948be9dd3,119,506,2026-08-16,2026-08-16,1802.12,1802.12,1802.12,,,2026-09-11 22:29:06
5109d3bb21844e21bd61,113,506,2026-08-17,2026-08-17,77.27,77.27,77.27,,,2026-09-11 22:29:06
be225affe0a141bf8295,110,506,2026-08-18,2026-08-18,373.43,373.43,373.43,,,2026-09-11 22:29:06
3b91c943a3e3460a8b35,120,506,2026-08-19,2026-08-19,1548.73,1548.73,1548.73,,,2026-09-11 22:29:06
1e7c50e743d140a49e45,115,506,2026-08-20,2026-08-20,568.2,568.2,568.2,,,2026-09-11 22:29:06
97363127e18d41de9004,120,506,2026-08-21,2026-08-21,5292.9,5292.9,5292.9,,,2026-09-11 22:29:06
84990444835d4ec985d3,112,506,2026-08-22,2026-08-22,24.05,24.05,24.05,,,2026-09-11 22:29:06
60711b67efa34fa19874,108,506,2026-08-23,2026-08-23,3154.39,3154.39,3154.39,,,2026-09-11 22:29:06
336a512261004139a758,101,506,2026-08-24,2026-08-24,16.6,16.6,16.6,,,2026-09-11 22:29:06
caa164852e84422aafe0,108,506,2026-08-25,2026-08-25,40.21,40.21,40.21,,,2026-09-11 22:29:06
667f2de06ebe4a30a954,112,506,2026-08-26,2026-08-26,647.5,647.5,647.5,,,2026-09-11 22:29:06
2fe273a4ff124117b700,112,506,2026-08-27,2026-08-27,356.07,356.07,356.07,,,2026-09-11 22:29:06
5d347446c4c84c9e8f79,113,506,2026-08-28,2026-08-28,1360.61,1360.61,1360.61,,,2026-09-11 22:29:06
eb453c4372874159b3b4,112,506,2026-08-29,2026-08-29,4099.05,4099.05,4099.05,,,2026-09-11 22:29:06
ea591bbf0c914e6d8dea,105,506,2026-08-30,2026-08-30,3774.96,3774.96,3774.96,,,2026-09-11 22:29:06
e636c2f4665443d7a354,117,506,2026-08-31,2026-08-31,377.19,377.19,377.19,,,2026-09-11 22:29:06
6ca755481c1b4a598779,116,506,2026-09-01,2026-09-01,1478.18,1478.18,1478.18,,,2026-09-11 22:29:06
dd08c86b461748218109,101,506,2026-09-02,2026-09-02,5073.86,5073.86,5073.86,,,2026-09-11 22:29:06
5954fb4e9e474d11b17b,113,506,2026-09-03,2026-09-03,1104.21,1104.21,1104.21,,,2026-09-11 22:29:06
79d7ec17559b4df6b05d,112,506,2026-09-04,2026-09-04,944.06,944.06,944.06,,,2026-09-11 22:29:06
93ba1159338d45af98c6,111,506,2026-09-05,2026-09-05,2439.42,2439.42,2439.42,,,2026-09-11 22:29:06
6f6148fa290b4de2858d,115,506,2026-09-06,2026-09-06,31.29,31.29,31.29,,,2026-09-11 22:29:06
9b3d70c1c32647acb75d,117,506,2026-09-07,2026-09-07,1284.53,1284.53,1284.53,,,2026-09-11 22:29:06
05673c4a55a641189f63,114,506,2026-09-08,2026-09-08,903.03,903.03,903.03,,,2026-09-11 22:29:06
4ee2cbaa177b4e73b9db,112,506,2026-09-09,2026-09-09,956.6,956.6,956.6,,,2026-09-11 22:29:06
62d6aff59af442b19069,118,506,2026-08-11,2026-08-11,5217.6,5217.6,5217.6,,,2026-09-11 22:29:06
20c4f8218970419283dc,116,506,2026-08-12,2026-08-12,2525.07,2525.07,2525.07,,,2026-09-11 22:29:06
fb2de28786fd4bfbb048,109,506,2026-08-13,2026-08-13,1707.44,1707.44,1707.44,,,2026-09-11 22:29:06
92d7c2b314d740c2ae79,116,506,2026-08-14,2026-08-14,5094.13,5094.13,5094.13,,,2026-09-11 22:29:06
f64d73382fcc47a4b2c8,102,506,2026-08-15,2026-08-15,2270.75,2270.75,2270.75,,,2026-09-11 22:29:06
4e9c7d74b58f4d378bb0,107,506,2026-08-16,2026-08-16,1974.28,1974.28,1974.28,,,2026-09-11 22:29:06
16ac6390b8bd475cb9ab,115,506,2026-08-17,2026-08-17,2765.54,2765.54,2765.54,,,2026-09-11 22:29:06
838caec271074a679100,102,506,2026-08-18,2026-08-18,1640.7,1640.7,1640.7,,,2026-09-11 22:29:06
f1d7fe1be67c46049ef1,107,506,2026-08-19,2026-08-19,1991.37,1991.37,1991.37,,,2026-09-11 22:29:06
bf01dd245fcd4e3aa644,119,506,2026-08-20,2026-08-20,2883.72,2883.72,2883.72,,,2026-09-11 22:29:06
bfac1336ab424a029d54,106,506,2026-08-21,2026-08-21,949.67,949.67,949.67,,,2026-09-11 22:29:06
5e34b52d4ef346f38b76,103,506,2026-08-22,2026-08-22,1030.23,1030.23,1030.23,,,2026-09-11 22:29:06
1cd2e240fc8a46a6a354,108,506,2026-08-23,2026-08-23,23.08,23.08,23.08,,,2026-09-11 22:29:06
b5b9c6cb58ee4c65bdb9,101,506,2026-08-24,2026-08-24,1787.61,1787.61,1787.61,,,2026-09-11 22:29:06
c02e111c943045ebb417,115,506,2026-08-25,2026-08-25,3186.78,3186.78,3186.78,,,2026-09-11 22:29:06
564a3a6623ac4b639eec,106,506,2026-08-26,2026-08-26,1046.15,1046.15,1046.15,,,2026-09-11 22:29:06
e3f7a25bedb043cdb1dd,109,506,2026-08-27,2026-08-27,290.61,290.61,290.61,,,2026-09-11 22:29:06
a55607cfc91c46c4b156,105,506,2026-08-28,2026-08-28,525.6,525.6,525.6,,,2026-09-11 22:29:06
643ebfebc49b475c97e9,106,506,2026-08-29,2026-08-29,310.16,310.16,310.16,,,2026-09-11 22:29:06
948130648a9149c68899,101,506,2026-08-30,2026-08-30,597.14,597.14,597.14,,,2026-09-11 22:29:06
0e4021774faa4f64862f,114,506,2026-08-31,2026-08-31,4836.84,4836.84,4836.84,,,2026-09-11 22:29:06
91d821f2e99142218c5e,109,506,2026-09-01,2026-09-01,2935.81,2935.81,2935.81,,,2026-09-11 22:29:06
cfc199a66a7d4495a4d0,116,506,2026-09-02,2026-09-02,2675.02,2675.02,2675.02,,,2026-09-11 22:29:06
14626585001f4c5c911f,106,506,2026-09-03,2026-09-03,833.1,833.1,833.1,,,2026-09-11 22:29:06
652c60b7f0454831bee3,114,506,2026-09-04,2026-09-04,5092.76,5092.76,5092.76,,,2026-09-11 22:29:06
3f5c197479c04b09b37b,116,506,2026-09-05,2026-09-05,658.65,658.65,658.65,,,2026-09-11 22:29:06
41a4a88254c54d459440,104,506,2026-09-06,2026-09-06,729.85,729.85,729.85,,,2026-09-11 22:29:06
190e748a4a5d4856973c,120,506,2026-09-07,2026-09-07,1454.8,1454.8,1454.8,,,2026-09-11 22:29:06
5142c5d34f7b4b01a887,107,506,2026-09-08,2026-09-08,91.03,91.03,91.03,,,2026-09-11 22:29:06
14b37dc26afd43b788fb,112,506,2026-09-09,2026-09-09,3243.47,3243.47,3243.47,,,2026-09-11 22:29:06
155d9693435142689188,114,507,2026-08-11,2026-08-11,792.22,792.22,792.22,,,2026-09-11 22:29:06
9c3a364b9487429480b2,109,507,2026-08-12,2026-08-12,629.69,629.69,629.69,,,2026-09-11 22:29:06
2a8aef3764ce4a658f71,118,507,2026-08-13,2026-08-13,303.27,303.27,303.27,,,2026-09-11 22:29:06
a2150ac62445462f8f1b,110,507,2026-08-14,2026-08-14,248.66,248.66,248.66,,,2026-09-11 22:29:06
3a38fa205e58401688ab,119,507,2026-08-15,2026-08-15,1448.53,1448.53,1448.53,,,2026-09-11 22:29:06
78f296879543460cbb62,113,507,2026-08-16,2026-08-16,5265.61,5265.61,5265.61,,,2026-09-11 22:29:06
7abcf207dc58447aacbb,107,507,2026-08-17,2026-08-17,3658.31,3658.31,3658.31,,,2026-09-11 22:29:06
2e60037d0b534f3f98dc,101,507,2026-08-18,2026-08-18,3103.07,3103.07,3103.07,,,2026-09-11 22:29:06
057cdc0bc99d4a9ab9db,117,507,2026-08-19,2026-08-19,1855.63,1855.63,1855.63,,,2026-09-11 22:29:06
a38257ed70394612b7e1,119,507,2026-08-20,2026-08-20,1086.77,1086.77,1086.77,,,2026-09-11 22:29:06
e3b1f74e96df4b0b8f85,117,507,2026-08-21,2026-08-21,1696.47,1696.47,1696.47,,,2026-09-11 22:29:06
2d85837ffebb4ec497ef,119,507,2026-08-22,2026-08-22,438.33,438.33,438.33,,,2026-09-11 22:29:06
3a995b8bb4a24a7b9a01,101,507,2026-08-23,2026-08-23,431.54,431.54,431.54,,,2026-09-11 22:29:06
cb9436dda4b14f20b800,118,507,2026-08-24,2026-08-24,89.99,89.99,89.99,,,2026-09-11 22:29:06
6d9f94b9b13048c18be3,109,507,2026-08-25,2026-08-25,138.34,138.34,138.34,,,2026-09-11 22:29:06
d8ff1d3a53434a12a604,111,507,2026-08-26,2026-08-26,4939.38,4939.38,4939.38,,,2026-09-11 22:29:06
3c0f07774f7e4df6b461,110,507,2026-08-27,2026-08-27,1681.07,1681.07,1681.07,,,2026-09-11 22:29:06
34b23348a0574921b6c3,110,507,2026-08-28,2026-08-28,751.79,751.79,751.79,,,2026-09-11 22:29:06
f8c13e36e994400c8bdb,102,507,2026-08-29,2026-08-29,3094.81,3094.81,3094.81,,,2026-09-11 22:29:06
5b84e216cf2947e88ddd,120,507,2026-08-30,2026-08-30,380.17,380.17,380.17,,,2026-09-11 22:29:06
a1ebc38a9bd545aab28a,113,507,2026-08-31,2026-08-31,1819.08,1819.08,1819.08,,,2026-09-11 22:29:06
188c0deaa78148a3a1ad,104,507,2026-09-01,2026-09-01,553.17,553.17,553.17,,,2026-09-11 22:29:06
7be385434ce04d6fb622,102,507,2026-09-02,2026-09-02,2082.73,2082.73,2082.73,,,2026-09-11 22:29:06
62f1e6da0db843debe87,113,507,2026-09-03,2026-09-03,568.32,568.32,568.32,,,2026-09-11 22:29:06
44b776ca758f41d98266,112,507,2026-09-04,2026-09-04,1469.31,1469.31,1469.31,,,2026-09-11 22:29:06
3566383183364f0da7b7,104,507,2026-09-05,2026-09-05,253.85,253.85,253.85,,,2026-09-11 22:29:06
0dbba5da5286450a9fb3,109,507,2026-09-06,2026-09-06,563.5,563.5,563.5,,,2026-09-11 22:29:06
87e462d18b4b464f8398,101,507,2026-09-07,2026-09-07,1345.96,1345.96,1345.96,,,2026-09-11 22:29:06
f74ec3505a864450ac88,116,507,2026-09-08,2026-09-08,965.33,965.33,965.33,,,2026-09-11 22:29:06
3f2a4630b0d14f12a927,107,507,2026-09-09,2026-09-09,479.63,479.63,479.63,,,2026-09-11 22:29:06
60782f4a04aa43cc9571,110,507,2026-08-11,2026-08-11,1404.38,1404.38,1404.38,,,2026-09-11 22:29:06
8bb218a9f7b741bda6d5,116,507,2026-08-12,2026-08-12,3159.65,3159.65,3159.65,,,2026-09-11 22:29:06
f65909f0b6a845f6a049,114,507,2026-08-13,2026-08-13,237.86,237.86,237.86,,,2026-09-11 22:29:06
c33f5593977148f6a18e,113,507,2026-08-14,2026-08-14,190.85,190.85,190.85,,,2026-09-11 22:29:06
5fac2b7ef09f47efad7e,114,507,2026-08-15,2026-08-15,2138.44,2138.44,2138.44,,,2026-09-11 22:29:06
72e2b8fa09e44575b928,120,507,2026-08-16,2026-08-16,743.37,743.37,743.37,,,2026-09-11 22:29:06
dab8617839eb438ca283,112,507,2026-08-17,2026-08-17,1123.69,1123.69,1123.69,,,2026-09-11 22:29:06
e706414b7b84493c8d05,115,507,2026-08-18,2026-08-18,2307.4,2307.4,2307.4,,,2026-09-11 22:29:06
de1e2f4432924112866e,104,507,2026-08-19,2026-08-19,40.75,40.75,40.75,,,2026-09-11 22:29:06
26e36828c6d5450faa34,109,507,2026-08-20,2026-08-20,2374.87,2374.87,2374.87,,,2026-09-11 22:29:06
f139bef4fe8e437d9769,120,507,2026-08-21,2026-08-21,3313.3,3313.3,3313.3,,,2026-09-11 22:29:06
5fca12bfda3c4a15813a,102,507,2026-08-22,2026-08-22,229.81,229.81,229.81,,,2026-09-11 22:29:06
97a494e4b9e84600b3fd,113,507,2026-08-23,2026-08-23,658.37,658.37,658.37,,,2026-09-11 22:29:06
6f0dfa6ef0a84c6d8a08,103,507,2026-08-24,2026-08-24,965.15,965.15,965.15,,,2026-09-11 22:29:06
79cba2e15be74529b5d2,102,507,2026-08-25,2026-08-25,507,507,507,,,2026-09-11 22:29:06
24ea36caff1147baab2c,118,507,2026-08-26,2026-08-26,66.05,66.05,66.05,,,2026-09-11 22:29:06
05d8ab24626445a7bdf9,111,507,2026-08-27,2026-08-27,1761.75,1761.75,1761.75,,,2026-09-11 22:29:06
fed5c324b1ff4f6383b8,105,507,2026-08-28,2026-08-28,99.2,99.2,99.2,,,2026-09-11 22:29:06
273a99be520f4bb18a9c,105,507,2026-08-29,2026-08-29,397.55,397.55,397.55,,,2026-09-11 22:29:06
6b90f1c51a494d46a87d,106,507,2026-08-30,2026-08-30,2148.87,2148.87,2148.87,,,2026-09-11 22:29:06
78e65bd4776145e09c36,112,507,2026-08-31,2026-08-31,741.12,741.12,741.12,,,2026-09-11 22:29:06
3d22339c10584deea9b2,107,507,2026-09-01,2026-09-01,5390.14,5390.14,5390.14,,,2026-09-11 22:29:06
8ff7e76c702c4d018344,104,507,2026-09-02,2026-09-02,889.05,889.05,889.05,,,2026-09-11 22:29:06
362f3d10076145988ecc,117,507,2026-09-03,2026-09-03,2099.76,2099.76,2099.76,,,2026-09-11 22:29:06
4862f84323ba438796c3,101,507,2026-09-04,2026-09-04,753.48,753.48,753.48,,,2026-09-11 22:29:06
4c609b11fc9e46749c01,103,507,2026-09-05,2026-09-05,7.89,7.89,7.89,,,2026-09-11 22:29:06
8e014fbc32e34df299e4,114,507,2026-09-06,2026-09-06,493.99,493.99,493.99,,,2026-09-11 22:29:06
caa3f6197bf644f0b856,108,507,2026-09-07,2026-09-07,2235.56,2235.56,2235.56,,,2026-09-11 22:29:06
379ee55c0688469486dc,110,507,2026-09-08,2026-09-08,629.34,629.34,629.34,,,2026-09-11 22:29:06
39bf0936bb894f26bafe,106,507,2026-09-09,2026-09-09,112.76,112.76,112.76,,,2026-09-11 22:29:06
d132f979710446e6b48b,116,507,2026-08-11,2026-08-11,125.68,125.68,125.68,,,2026-09-11 22:29:06
f95ab364f827417cbfb5,114,507,2026-08-12,2026-08-12,3255.45,3255.45,3255.45,,,2026-09-11 22:29:06
4c70b33d3075419fa30a,116,507,2026-08-13,2026-08-13,4407.62,4407.62,4407.62,,,2026-09-11 22:29:06
684aaecbaac04ebd8d27,120,507,2026-08-14,2026-08-14,1659.83,1659.83,1659.83,,,2026-09-11 22:29:06
8204b8f1736548e798f7,116,507,2026-08-15,2026-08-15,1498.48,1498.48,1498.48,,,2026-09-11 22:29:06
72cb694706da4d00b8d5,105,507,2026-08-16,2026-08-16,895.28,895.28,895.28,,,2026-09-11 22:29:06
c24f94908f0d4faaa6b6,108,507,2026-08-17,2026-08-17,3195.75,3195.75,3195.75,,,2026-09-11 22:29:06
75b66d089b83433ea7e6,109,507,2026-08-18,2026-08-18,511.86,511.86,511.86,,,2026-09-11 22:29:06
c7a7e38a8cbd4f91a2ec,104,507,2026-08-19,2026-08-19,681.7,681.7,681.7,,,2026-09-11 22:29:06
b3c4f1279f9149d09d1e,107,507,2026-08-20,2026-08-20,2881.34,2881.34,2881.34,,,2026-09-11 22:29:06
33a2e6b0654d4b67a01c,120,507,2026-08-21,2026-08-21,992.57,992.57,992.57,,,2026-09-11 22:29:06
e021fcbde03541f3b0cc,111,507,2026-08-22,2026-08-22,1121.53,1121.53,1121.53,,,2026-09-11 22:29:06
63aa4f11b0424289ab4f,102,507,2026-08-23,2026-08-23,1388.24,1388.24,1388.24,,,2026-09-11 22:29:06
cbb697ce87d84dcb9088,116,507,2026-08-24,2026-08-24,203.56,203.56,203.56,,,2026-09-11 22:29:06
156b89f3d66442569bc2,110,507,2026-08-25,2026-08-25,146.8,146.8,146.8,,,2026-09-11 22:29:06
0ae6d3593175479b828d,106,507,2026-08-26,2026-08-26,363.55,363.55,363.55,,,2026-09-11 22:29:06
1b663143067846239370,106,507,2026-08-27,2026-08-27,128.63,128.63,128.63,,,2026-09-11 22:29:06
c3fab1834b5048f2a7e0,117,507,2026-08-28,2026-08-28,151.48,151.48,151.48,,,2026-09-11 22:29:06
74dbb6c4da414f4cbb71,104,507,2026-08-29,2026-08-29,705.57,705.57,705.57,,,2026-09-11 22:29:06
064035d83f944e5fa854,120,507,2026-08-30,2026-08-30,155.03,155.03,155.03,,,2026-09-11 22:29:06
88896dac4ded484fa63c,115,507,2026-08-31,2026-08-31,200.24,200.24,200.24,,,2026-09-11 22:29:06
1eb504177f334bfc9dee,120,507,2026-09-01,2026-09-01,460.19,460.19,460.19,,,2026-09-11 22:29:06
6e2acddd000943c6a0a7,119,507,2026-09-02,2026-09-02,2166.18,2166.18,2166.18,,,2026-09-11 22:29:06
7f49e3a3228846bbabeb,102,507,2026-09-03,2026-09-03,3101.75,3101.75,3101.75,,,2026-09-11 22:29:06
13965d2f84744e228649,120,507,2026-09-04,2026-09-04,468.7,468.7,468.7,,,2026-09-11 22:29:06
b727997111694953ba41,117,507,2026-09-05,2026-09-05,2223.88,2223.88,2223.88,,,2026-09-11 22:29:06
19c9e8f9745444828ed2,118,507,2026-09-06,2026-09-06,2951.68,2951.68,2951.68,,,2026-09-11 22:29:06
f184103cad0d4f5bb43b,106,507,2026-09-07,2026-09-07,3145.79,3145.79,3145.79,,,2026-09-11 22:29:06
3c28897f788a4e1e86c4,113,507,2026-09-08,2026-09-08,147.13,147.13,147.13,,,2026-09-11 22:29:06
c0379b22b47444b9abbe,104,507,2026-09-09,2026-09-09,1771.82,1771.82,1771.82,,,2026-09-11 22:29:06
3e0118f51184440b9d41,109,507,2026-08-11,2026-08-11,1125.24,1125.24,1125.24,,,2026-09-11 22:29:06
367c68972e904bfc88ff,103,507,2026-08-12,2026-08-12,771.55,771.55,771.55,,,2026-09-11 22:29:06
b8a239228fa14d3eb866,104,507,2026-08-13,2026-08-13,527.54,527.54,527.54,,,2026-09-11 22:29:06
e12ecca54b014725ba4b,118,507,2026-08-14,2026-08-14,3906.84,3906.84,3906.84,,,2026-09-11 22:29:06
cb931640a83340cb8ec8,116,507,2026-08-15,2026-08-15,681.34,681.34,681.34,,,2026-09-11 22:29:06
bf6fbea6f9b94aaa8f3d,106,507,2026-08-16,2026-08-16,646.72,646.72,646.72,,,2026-09-11 22:29:06
a63f12e941b94c6e8cf6,106,507,2026-08-17,2026-08-17,2964.37,2964.37,2964.37,,,2026-09-11 22:29:06
d9e981de3c734795916f,109,507,2026-08-18,2026-08-18,1007.15,1007.15,1007.15,,,2026-09-11 22:29:06
ca4d8cca92144cc58a49,110,507,2026-08-19,2026-08-19,473.56,473.56,473.56,,,2026-09-11 22:29:06
50c665a582cd49cca569,118,507,2026-08-20,2026-08-20,76.58,76.58,76.58,,,2026-09-11 22:29:06
0a664d25ead74bed993b,117,507,2026-08-21,2026-08-21,44.43,44.43,44.43,,,2026-09-11 22:29:06
fba514e81b37435a983e,120,507,2026-08-22,2026-08-22,855.05,855.05,855.05,,,2026-09-11 22:29:06
c44e8f58fc7946dd8d2a,110,507,2026-08-23,2026-08-23,2513.85,2513.85,2513.85,,,2026-09-11 22:29:06
a312fe7c66b649c08d46,104,507,2026-08-24,2026-08-24,804.81,804.81,804.81,,,2026-09-11 22:29:06
865052e13ed54eaaac81,118,507,2026-08-25,2026-08-25,526.19,526.19,526.19,,,2026-09-11 22:29:06
a47ffbdc218f405e87d4,111,507,2026-08-26,2026-08-26,990.05,990.05,990.05,,,2026-09-11 22:29:06
5ed23d51b9514673860f,106,507,2026-08-27,2026-08-27,3732.93,3732.93,3732.93,,,2026-09-11 22:29:06
a860a3ab6d8a4a99920e,111,507,2026-08-28,2026-08-28,1674.82,1674.82,1674.82,,,2026-09-11 22:29:06
30938dd765254c3f8a41,120,507,2026-08-29,2026-08-29,3183.21,3183.21,3183.21,,,2026-09-11 22:29:06
570d28ff9f3b4f97af69,113,507,2026-08-30,2026-08-30,2344.11,2344.11,2344.11,,,2026-09-11 22:29:06
df8395f3f620490faf0d,114,507,2026-08-31,2026-08-31,1807.96,1807.96,1807.96,,,2026-09-11 22:29:06
6435ba6c608e4abfb9ed,118,507,2026-09-01,2026-09-01,802.04,802.04,802.04,,,2026-09-11 22:29:06
e67a31157d574c5693d8,102,507,2026-09-02,2026-09-02,3906.64,3906.64,3906.64,,,2026-09-11 22:29:06
9a9c63dd516041c88c5b,117,507,2026-09-03,2026-09-03,849.41,849.41,849.41,,,2026-09-11 22:29:06
47231f7013a94f16b017,103,507,2026-09-04,2026-09-04,1387.94,1387.94,1387.94,,,2026-09-11 22:29:06
94f3706415af444f9b6c,117,507,2026-09-05,2026-09-05,302.59,302.59,302.59,,,2026-09-11 22:29:06
3a26c8dc7dea4882b374,114,507,2026-09-06,2026-09-06,524.1,524.1,524.1,,,2026-09-11 22:29:06
006ad735a3704bd2937f,110,507,2026-09-07,2026-09-07,4617.13,4617.13,4617.13,,,2026-09-11 22:29:06
eb317a907468470abc90,120,507,2026-09-08,2026-09-08,396.64,396.64,396.64,,,2026-09-11 22:29:06
18d4c4d639b24ef4942e,108,507,2026-09-09,2026-09-09,3141.34,3141.34,3141.34,,,2026-09-11 22:29:06
0e93070ee10b4575acdd,107,507,2026-08-11,2026-08-11,76.87,76.87,76.87,,,2026-09-11 22:29:06
1952770359ec4d6f8945,117,507,2026-08-12,2026-08-12,138.72,138.72,138.72,,,2026-09-11 22:29:06
591b35ee42da4b7a9a5e,112,507,2026-08-13,2026-08-13,52.54,52.54,52.54,,,2026-09-11 22:29:06
b4f9b892ead74b2eae8e,107,507,2026-08-14,2026-08-14,854.2,854.2,854.2,,,2026-09-11 22:29:06
fc2938f16e30485fb41b,102,507,2026-08-15,2026-08-15,3359.13,3359.13,3359.13,,,2026-09-11 22:29:06
4f14df30e0d444a287ef,107,507,2026-08-16,2026-08-16,831.32,831.32,831.32,,,2026-09-11 22:29:06
e25dc72f6c7c449aa36f,111,507,2026-08-17,2026-08-17,1397.76,1397.76,1397.76,,,2026-09-11 22:29:06
13e04a6096254dbebebe,117,507,2026-08-18,2026-08-18,1061.49,1061.49,1061.49,,,2026-09-11 22:29:06
12778b006a4a482c883e,114,507,2026-08-19,2026-08-19,225.3,225.3,225.3,,,2026-09-11 22:29:06
a8f91d68b2294d1f9a7f,107,507,2026-08-20,2026-08-20,608.48,608.48,608.48,,,2026-09-11 22:29:06
98f4c2ecb55b4d899d81,118,507,2026-08-21,2026-08-21,473.48,473.48,473.48,,,2026-09-11 22:29:06
2d444e0259004172a607,119,507,2026-08-22,2026-08-22,1190.3,1190.3,1190.3,,,2026-09-11 22:29:06
7d158f092db64b3cbf92,110,507,2026-08-23,2026-08-23,1568.78,1568.78,1568.78,,,2026-09-11 22:29:06
9d19d5d1c7c54cf3b398,106,507,2026-08-24,2026-08-24,1827.41,1827.41,1827.41,,,2026-09-11 22:29:06
fd88a5bf15dc45cb8776,108,507,2026-08-25,2026-08-25,210.73,210.73,210.73,,,2026-09-11 22:29:06
ea733aa5a5c04ee68c85,107,507,2026-08-26,2026-08-26,1074.73,1074.73,1074.73,,,2026-09-11 22:29:06
dee6325ad8af4d60813f,110,507,2026-08-27,2026-08-27,1542.43,1542.43,1542.43,,,2026-09-11 22:29:06
8f4177dcad584f50b1f4,109,507,2026-08-28,2026-08-28,644.97,644.97,644.97,,,2026-09-11 22:29:06
729fe26fe75147918c75,114,507,2026-08-29,2026-08-29,4189.6,4189.6,4189.6,,,2026-09-11 22:29:06
9edb14b9c24a4637a20f,105,507,2026-08-30,2026-08-30,207.05,207.05,207.05,,,2026-09-11 22:29:06
f2431bc189f64c77beaf,104,507,2026-08-31,2026-08-31,2151.24,2151.24,2151.24,,,2026-09-11 22:29:06
d16fa3784dae4db3aa69,101,507,2026-09-01,2026-09-01,3897.3,3897.3,3897.3,,,2026-09-11 22:29:06
d8529cf063724fc6b35b,104,507,2026-09-02,2026-09-02,849.68,849.68,849.68,,,2026-09-11 22:29:06
9a54086687094d46999b,117,507,2026-09-03,2026-09-03,577.34,577.34,577.34,,,2026-09-11 22:29:06
cddddf7938c24cc68347,103,507,2026-09-04,2026-09-04,2078.12,2078.12,2078.12,,,2026-09-11 22:29:06
df827b55750745dd867b,109,507,2026-09-05,2026-09-05,1708.85,1708.85,1708.85,,,2026-09-11 22:29:06
498fe71b4bb444b59870,115,507,2026-09-06,2026-09-06,1060.09,1060.09,1060.09,,,2026-09-11 22:29:06
d107aa345a464588a896,106,507,2026-09-07,2026-09-07,402.8,402.8,402.8,,,2026-09-11 22:29:06
037b13a2385840388fec,118,507,2026-09-08,2026-09-08,1770.09,1770.09,1770.09,,,2026-09-11 22:29:06
2e196bfdc2b74b54a7cf,109,507,2026-09-09,2026-09-09,1259.72,1259.72,1259.72,,,2026-09-11 22:29:06
830e6dbed77a4c9f9d5c,107,507,2026-08-11,2026-08-11,906.72,906.72,906.72,,,2026-09-11 22:29:06
051c323a32c84450ad34,107,507,2026-08-12,2026-08-12,1573.99,1573.99,1573.99,,,2026-09-11 22:29:06
374eb3915c7e409290dc,104,507,2026-08-13,2026-08-13,330.32,330.32,330.32,,,2026-09-11 22:29:06
a724175f83474c21ad0d,118,507,2026-08-14,2026-08-14,2679.08,2679.08,2679.08,,,2026-09-11 22:29:06
3b66f4f152814c2783ef,117,507,2026-08-15,2026-08-15,1966.39,1966.39,1966.39,,,2026-09-11 22:29:06
ecedf21ca2a840beacb0,108,507,2026-08-16,2026-08-16,2781.05,2781.05,2781.05,,,2026-09-11 22:29:06
5364e91e848746289860,109,507,2026-08-17,2026-08-17,3460.11,3460.11,3460.11,,,2026-09-11 22:29:06
8f5c92bdcead436ba82b,113,507,2026-08-18,2026-08-18,138.47,138.47,138.47,,,2026-09-11 22:29:06
a1a17f38ec144704823e,120,507,2026-08-19,2026-08-19,2083.72,2083.72,2083.72,,,2026-09-11 22:29:06
a551c4a41485465faf89,112,507,2026-08-20,2026-08-20,1567.66,1567.66,1567.66,,,2026-09-11 22:29:06
3be62ad1689d473db462,115,507,2026-08-21,2026-08-21,1030.24,1030.24,1030.24,,,2026-09-11 22:29:06
a7e55318d9b9447ebb2f,112,507,2026-08-22,2026-08-22,4011.66,4011.66,4011.66,,,2026-09-11 22:29:06
bb9eb50abecf416a9ccb,104,507,2026-08-23,2026-08-23,1236.88,1236.88,1236.88,,,2026-09-11 22:29:06
224c63134c524b6da04a,118,507,2026-08-24,2026-08-24,115.22,115.22,115.22,,,2026-09-11 22:29:06
05809fa8ed0d47a1af57,118,507,2026-08-25,2026-08-25,1155.86,1155.86,1155.86,,,2026-09-11 22:29:06
d1ed5d4da2284f05b808,116,507,2026-08-26,2026-08-26,784.13,784.13,784.13,,,2026-09-11 22:29:06
ae1c7a21aa894fc2b440,111,507,2026-08-27,2026-08-27,1086.59,1086.59,1086.59,,,2026-09-11 22:29:06
f0a6df525c9f42e8ad7a,111,507,2026-08-28,2026-08-28,3656.83,3656.83,3656.83,,,2026-09-11 22:29:06
71011bc7551c4a34b8eb,107,507,2026-08-29,2026-08-29,501.81,501.81,501.81,,,2026-09-11 22:29:06
554987740e7d4c38a0c2,103,507,2026-08-30,2026-08-30,156.36,156.36,156.36,,,2026-09-11 22:29:06
0546193a1c214c159c69,118,507,2026-08-31,2026-08-31,3229.46,3229.46,3229.46,,,2026-09-11 22:29:06
b09a0b875d124a20a045,111,507,2026-09-01,2026-09-01,1471.26,1471.26,1471.26,,,2026-09-11 22:29:06
e5b8a479df1e4eee9711,103,507,2026-09-02,2026-09-02,656.41,656.41,656.41,,,2026-09-11 22:29:06
03f1e919a2fc41d586c1,113,507,2026-09-03,2026-09-03,241.69,241.69,241.69,,,2026-09-11 22:29:06
e84ce50c19d747539503,114,507,2026-09-04,2026-09-04,400.57,400.57,400.57,,,2026-09-11 22:29:06
b4e4fd26f9dd41fa9a20,116,507,2026-09-05,2026-09-05,986.41,986.41,986.41,,,2026-09-11 22:29:06
866211bab24146b48c04,101,507,2026-09-06,2026-09-06,2963.63,2963.63,2963.63,,,2026-09-11 22:29:06
4446ffedf4e043eabd98,112,507,2026-09-07,2026-09-07,2205.7,2205.7,2205.7,,,2026-09-11 22:29:06
e25d04d88a0b4c89ad34,115,507,2026-09-08,2026-09-08,912.32,912.32,912.32,,,2026-09-11 22:29:06
6e65dc2068104ddda343,107,507,2026-09-09,2026-09-09,1152.03,1152.03,1152.03,,,2026-09-11 22:29:06
637497287d0549eba736,118,507,2026-08-11,2026-08-11,1250.2,1250.2,1250.2,,,2026-09-11 22:29:06
2fee01dd7d7d44df89d3,114,507,2026-08-12,2026-08-12,530.47,530.47,530.47,,,2026-09-11 22:29:06
31a5ba0050ca43eb8dfb,106,507,2026-08-13,2026-08-13,4846.45,4846.45,4846.45,,,2026-09-11 22:29:06
c089488906d04a219940,120,507,2026-08-14,2026-08-14,302.73,302.73,302.73,,,2026-09-11 22:29:06
45ee0fd0f36b4ab7a77c,120,507,2026-08-15,2026-08-15,3046.89,3046.89,3046.89,,,2026-09-11 22:29:06
fc72435015104130a844,115,507,2026-08-16,2026-08-16,1100.34,1100.34,1100.34,,,2026-09-11 22:29:06
c1db3148dc0849469f1d,118,507,2026-08-17,2026-08-17,386.16,386.16,386.16,,,2026-09-11 22:29:06
dc617b0288d8476e934a,112,507,2026-08-18,2026-08-18,3094.44,3094.44,3094.44,,,2026-09-11 22:29:06
cd420a5b34274e14b086,106,507,2026-08-19,2026-08-19,2318.76,2318.76,2318.76,,,2026-09-11 22:29:06
174324f8a5f74f2ba85f,112,507,2026-08-20,2026-08-20,2274.26,2274.26,2274.26,,,2026-09-11 22:29:06
1c602f6f5b584e908396,107,507,2026-08-21,2026-08-21,199.16,199.16,199.16,,,2026-09-11 22:29:06
d29288cd0dc74ba5b019,114,507,2026-08-22,2026-08-22,1528.86,1528.86,1528.86,,,2026-09-11 22:29:06
05fa6e22dcb24b1a8b3b,117,507,2026-08-23,2026-08-23,1701.03,1701.03,1701.03,,,2026-09-11 22:29:06
55b2763bacab41989434,101,507,2026-08-24,2026-08-24,1443.11,1443.11,1443.11,,,2026-09-11 22:29:06
b6ea1dbe2ce747c5a767,113,507,2026-08-25,2026-08-25,621.27,621.27,621.27,,,2026-09-11 22:29:06
06afbe17abcd444ebc53,116,507,2026-08-26,2026-08-26,2417.03,2417.03,2417.03,,,2026-09-11 22:29:06
64a5c9113e3b4aaf8308,120,507,2026-08-27,2026-08-27,48.88,48.88,48.88,,,2026-09-11 22:29:06
46fcac36a9134eacaf1d,109,507,2026-08-28,2026-08-28,524.05,524.05,524.05,,,2026-09-11 22:29:06
1748bfca04e44b48bca0,110,507,2026-08-29,2026-08-29,783.6,783.6,783.6,,,2026-09-11 22:29:06
7e914610c7744ac283bb,118,507,2026-08-30,2026-08-30,1624.93,1624.93,1624.93,,,2026-09-11 22:29:06
a5156da3be6d4873864d,111,507,2026-08-31,2026-08-31,1196.03,1196.03,1196.03,,,2026-09-11 22:29:06
312817df19274c0084ff,107,507,2026-09-01,2026-09-01,260.61,260.61,260.61,,,2026-09-11 22:29:06
5a49caaa09324b559b87,119,507,2026-09-02,2026-09-02,4391.75,4391.75,4391.75,,,2026-09-11 22:29:06
41ee584ceb344b04899f,118,507,2026-09-03,2026-09-03,129.3,129.3,129.3,,,2026-09-11 22:29:06
c2cb37dab9d74c579064,115,507,2026-09-04,2026-09-04,625.66,625.66,625.66,,,2026-09-11 22:29:06
18d8fb1b4254472cbd9d,103,507,2026-09-05,2026-09-05,559.39,559.39,559.39,,,2026-09-11 22:29:06
5691b5a369d3481cad94,108,507,2026-09-06,2026-09-06,601.83,601.83,601.83,,,2026-09-11 22:29:06
4e316818874042aea992,120,507,2026-09-07,2026-09-07,65.55,65.55,65.55,,,2026-09-11 22:29:06
0c61d7b24e9749bd8ab4,106,507,2026-09-08,2026-09-08,2926.07,2926.07,2926.07,,,2026-09-11 22:29:06
64c5a7fda0344006a6dd,102,507,2026-09-09,2026-09-09,3335.83,3335.83,3335.83,,,2026-09-11 22:29:06
30a64c81f051475886ed,118,507,2026-08-11,2026-08-11,759.13,759.13,759.13,,,2026-09-11 22:29:06
60f9931d35a34827a49e,115,507,2026-08-12,2026-08-12,1431.51,1431.51,1431.51,,,2026-09-11 22:29:06
8eabe4e38def4a49b452,116,507,2026-08-13,2026-08-13,340.22,340.22,340.22,,,2026-09-11 22:29:06
f2d62be56e7440179e5f,118,507,2026-08-14,2026-08-14,1429.2,1429.2,1429.2,,,2026-09-11 22:29:06
3a9ae08b4cf440aa9b83,113,507,2026-08-15,2026-08-15,763.31,763.31,763.31,,,2026-09-11 22:29:06
4d9764c2bd894217a78a,109,507,2026-08-16,2026-08-16,96.97,96.97,96.97,,,2026-09-11 22:29:06
c94c0d00fa7b44359693,102,507,2026-08-17,2026-08-17,2493.8,2493.8,2493.8,,,2026-09-11 22:29:06
5205e48fb3094db7b63f,101,507,2026-08-18,2026-08-18,175.74,175.74,175.74,,,2026-09-11 22:29:06
b1736d4aa3d14be4bdfb,108,507,2026-08-19,2026-08-19,141.09,141.09,141.09,,,2026-09-11 22:29:06
7f0f51fe8a6241b48d5e,120,507,2026-08-20,2026-08-20,1212.61,1212.61,1212.61,,,2026-09-11 22:29:06
6760724e28734c778183,104,507,2026-08-21,2026-08-21,2414.01,2414.01,2414.01,,,2026-09-11 22:29:06
64c74907d09944deab2b,115,507,2026-08-22,2026-08-22,801.79,801.79,801.79,,,2026-09-11 22:29:06
514a37e4b11e4b23a0e4,120,507,2026-08-23,2026-08-23,379.81,379.81,379.81,,,2026-09-11 22:29:06
73fcfbe8bdd84cdcbc2d,108,507,2026-08-24,2026-08-24,2733.94,2733.94,2733.94,,,2026-09-11 22:29:06
c596e2bdf0364076be7a,106,507,2026-08-25,2026-08-25,3464.87,3464.87,3464.87,,,2026-09-11 22:29:06
23a91facdca74a9090ce,104,507,2026-08-26,2026-08-26,789.93,789.93,789.93,,,2026-09-11 22:29:06
c64089ec07384cd1ad33,104,507,2026-08-27,2026-08-27,732.29,732.29,732.29,,,2026-09-11 22:29:06
f578b5eca4844cafa304,104,507,2026-08-28,2026-08-28,2578.09,2578.09,2578.09,,,2026-09-11 22:29:06
b33160694c724634860e,106,507,2026-08-29,2026-08-29,833.93,833.93,833.93,,,2026-09-11 22:29:06
440ce33b95524ff6a574,102,507,2026-08-30,2026-08-30,202.08,202.08,202.08,,,2026-09-11 22:29:06
686228114e7c4ee689de,109,507,2026-08-31,2026-08-31,1178.05,1178.05,1178.05,,,2026-09-11 22:29:06
8e8a404d36714706b9ca,102,507,2026-09-01,2026-09-01,285.59,285.59,285.59,,,2026-09-11 22:29:06
5e378502ebb4472aabea,119,507,2026-09-02,2026-09-02,1455.46,1455.46,1455.46,,,2026-09-11 22:29:06
9aa75bec41574000afc2,104,507,2026-09-03,2026-09-03,1123.83,1123.83,1123.83,,,2026-09-11 22:29:06
1bf5c1a2f8af4d66bae1,117,507,2026-09-04,2026-09-04,436.32,436.32,436.32,,,2026-09-11 22:29:06
07f7ea33dea841a6a104,112,507,2026-09-05,2026-09-05,1390.97,1390.97,1390.97,,,2026-09-11 22:29:06
37a41a8d13b7439e8fef,114,507,2026-09-06,2026-09-06,4124.44,4124.44,4124.44,,,2026-09-11 22:29:06
44a859ac806b4ac589dd,120,507,2026-09-07,2026-09-07,291.74,291.74,291.74,,,2026-09-11 22:29:06
f56e929201224e469abf,110,507,2026-09-08,2026-09-08,3328.73,3328.73,3328.73,,,2026-09-11 22:29:06
a1aa8e8700854e23a3f8,103,507,2026-09-09,2026-09-09,741.76,741.76,741.76,,,2026-09-11 22:29:06
4bd8ee24359e4480885e,102,507,2026-08-11,2026-08-11,330.29,330.29,330.29,,,2026-09-11 22:29:06
959597e52db44510b91c,118,507,2026-08-12,2026-08-12,61.9,61.9,61.9,,,2026-09-11 22:29:06
0b52d67236c54ad49015,108,507,2026-08-13,2026-08-13,383.49,383.49,383.49,,,2026-09-11 22:29:06
bc5e85c1b7604a9db7bd,120,507,2026-08-14,2026-08-14,208.58,208.58,208.58,,,2026-09-11 22:29:06
6b9502fb291e44fba23b,103,507,2026-08-15,2026-08-15,786.95,786.95,786.95,,,2026-09-11 22:29:06
5d8009f70a2841768266,106,507,2026-08-16,2026-08-16,287.84,287.84,287.84,,,2026-09-11 22:29:06
f7d55bab3d0f4b219f22,119,507,2026-08-17,2026-08-17,3655.79,3655.79,3655.79,,,2026-09-11 22:29:06
d2bf926c7f204b419c23,113,507,2026-08-18,2026-08-18,1333.58,1333.58,1333.58,,,2026-09-11 22:29:06
43e57c2b76c245248fa1,112,507,2026-08-19,2026-08-19,2200.82,2200.82,2200.82,,,2026-09-11 22:29:06
a13a63380d3d4221b55f,120,507,2026-08-20,2026-08-20,331.47,331.47,331.47,,,2026-09-11 22:29:06
96c90ecc86704c8da6eb,110,507,2026-08-21,2026-08-21,260.09,260.09,260.09,,,2026-09-11 22:29:06
ed93b90d76ce41f8bcdc,117,507,2026-08-22,2026-08-22,2963.29,2963.29,2963.29,,,2026-09-11 22:29:06
0f53908d083d4ffe8e35,104,507,2026-08-23,2026-08-23,334.59,334.59,334.59,,,2026-09-11 22:29:06
51e5906aa520440aa26b,115,507,2026-08-24,2026-08-24,305.4,305.4,305.4,,,2026-09-11 22:29:06
88017d2d517a4d11a1e7,102,507,2026-08-25,2026-08-25,1306.06,1306.06,1306.06,,,2026-09-11 22:29:06
107cff6a1c19478bbc62,120,507,2026-08-26,2026-08-26,3886.89,3886.89,3886.89,,,2026-09-11 22:29:06
443ac6344e494e7a9305,114,507,2026-08-27,2026-08-27,1074.7,1074.7,1074.7,,,2026-09-11 22:29:06
7b512955f353444eb16a,105,507,2026-08-28,2026-08-28,409.87,409.87,409.87,,,2026-09-11 22:29:06
9d814930f6c44377bd69,111,507,2026-08-29,2026-08-29,3174.38,3174.38,3174.38,,,2026-09-11 22:29:06
6afaeacd053d46d68d18,114,507,2026-08-30,2026-08-30,352.43,352.43,352.43,,,2026-09-11 22:29:06
d1aec1f463484deebdad,111,507,2026-08-31,2026-08-31,2060.73,2060.73,2060.73,,,2026-09-11 22:29:06
1833e97890d840f285a7,104,507,2026-09-01,2026-09-01,847.86,847.86,847.86,,,2026-09-11 22:29:06
66bde759781549a09759,114,507,2026-09-02,2026-09-02,813.65,813.65,813.65,,,2026-09-11 22:29:06
dadc4e79a2044a088b2b,110,507,2026-09-03,2026-09-03,445.01,445.01,445.01,,,2026-09-11 22:29:06
2a5e674b736c41c88e82,116,507,2026-09-04,2026-09-04,1581.13,1581.13,1581.13,,,2026-09-11 22:29:06
953dd699b99747e8b50f,116,507,2026-09-05,2026-09-05,35.66,35.66,35.66,,,2026-09-11 22:29:06
a8a3f604889f4789bfba,102,507,2026-09-06,2026-09-06,911.67,911.67,911.67,,,2026-09-11 22:29:06
da558f5d0cfa4c538fe3,118,507,2026-09-07,2026-09-07,548.3,548.3,548.3,,,2026-09-11 22:29:06
56284b4949b24bf6be70,116,507,2026-09-08,2026-09-08,300.49,300.49,300.49,,,2026-09-11 22:29:06
792fb8862665410da753,116,507,2026-09-09,2026-09-09,498.72,498.72,498.72,,,2026-09-11 22:29:06
043cb80de0aa44aab478,108,507,2026-08-11,2026-08-11,1461.39,1461.39,1461.39,,,2026-09-11 22:29:06
7e14f06b92ec458ebbf4,104,507,2026-08-12,2026-08-12,686.28,686.28,686.28,,,2026-09-11 22:29:06
1705dd18de1045a48ed7,101,507,2026-08-13,2026-08-13,435.91,435.91,435.91,,,2026-09-11 22:29:06
a969965cabb145439841,110,507,2026-08-14,2026-08-14,5.93,5.93,5.93,,,2026-09-11 22:29:06
74f796f96f674765ba90,108,507,2026-08-15,2026-08-15,36.21,36.21,36.21,,,2026-09-11 22:29:06
6ed5a7bb16cf4404b7d2,115,507,2026-08-16,2026-08-16,625.22,625.22,625.22,,,2026-09-11 22:29:06
c71dee5b3cb641e29699,116,507,2026-08-17,2026-08-17,2514.91,2514.91,2514.91,,,2026-09-11 22:29:06
a6bb610efd76438bb894,102,507,2026-08-18,2026-08-18,4142.85,4142.85,4142.85,,,2026-09-11 22:29:06
09183ad7047f4cb78be8,104,507,2026-08-19,2026-08-19,1877.38,1877.38,1877.38,,,2026-09-11 22:29:06
f738d65fd8144871b732,120,507,2026-08-20,2026-08-20,765.17,765.17,765.17,,,2026-09-11 22:29:06
cc2b3575b5e74f60bb72,116,507,2026-08-21,2026-08-21,2679.83,2679.83,2679.83,,,2026-09-11 22:29:06
7447f7c6b2ce4c89b2b5,114,507,2026-08-22,2026-08-22,421.15,421.15,421.15,,,2026-09-11 22:29:06
11c12facd830416a90d2,115,507,2026-08-23,2026-08-23,184.75,184.75,184.75,,,2026-09-11 22:29:06
83818399459f43b7baf4,104,507,2026-08-24,2026-08-24,415.81,415.81,415.81,,,2026-09-11 22:29:06
981f0436d5924803a069,113,507,2026-08-25,2026-08-25,666.93,666.93,666.93,,,2026-09-11 22:29:06
f095954863874a359c07,119,507,2026-08-26,2026-08-26,918.94,918.94,918.94,,,2026-09-11 22:29:06
ab80306356c041289e09,116,507,2026-08-27,2026-08-27,918.07,918.07,918.07,,,2026-09-11 22:29:06
4f8ee8d720d941829930,115,507,2026-08-28,2026-08-28,1898.84,1898.84,1898.84,,,2026-09-11 22:29:06
d5672803748e4f39b671,110,507,2026-08-29,2026-08-29,1731.38,1731.38,1731.38,,,2026-09-11 22:29:06
360a433ac9eb43d2b0d3,111,507,2026-08-30,2026-08-30,96.18,96.18,96.18,,,2026-09-11 22:29:06
4e88607356694c37b54c,104,507,2026-08-31,2026-08-31,4984.02,4984.02,4984.02,,,2026-09-11 22:29:06
156ddec2204348e3bd53,112,507,2026-09-01,2026-09-01,3368.8,3368.8,3368.8,,,2026-09-11 22:29:06
3db5ee7091b945ea8cb7,101,507,2026-09-02,2026-09-02,1972.3,1972.3,1972.3,,,2026-09-11 22:29:06
790bdca85e5041f6ad14,103,507,2026-09-03,2026-09-03,1946.79,1946.79,1946.79,,,2026-09-11 22:29:06
913fa3ddc0674315a47b,104,507,2026-09-04,2026-09-04,2418.5,2418.5,2418.5,,,2026-09-11 22:29:06
7f1006d290ea4763b60d,112,507,2026-09-05,2026-09-05,2188.17,2188.17,2188.17,,,2026-09-11 22:29:06
61bf698981c64d22b78b,111,507,2026-09-06,2026-09-06,672.8,672.8,672.8,,,2026-09-11 22:29:06
3aac906892e54d3b8b08,117,507,2026-09-07,2026-09-07,53.89,53.89,53.89,,,2026-09-11 22:29:06
fba077e97bb44f9ab0a3,120,507,2026-09-08,2026-09-08,1968.21,1968.21,1968.21,,,2026-09-11 22:29:06
c0e9f28bb2d24f0a8008,120,507,2026-09-09,2026-09-09,3187.85,3187.85,3187.85,,,2026-09-11 22:29:06
3f0498e099d74f7ca029,108,508,2026-08-11,2026-08-11,4643.09,4643.09,4643.09,,,2026-09-11 22:29:06
41b3b795056648f1b638,119,508,2026-08-12,2026-08-12,289.52,289.52,289.52,,,2026-09-11 22:29:06
3870631beb6445118e93,102,508,2026-08-13,2026-08-13,310.66,310.66,310.66,,,2026-09-11 22:29:06
1fa8297ad4ba4b5587d8,113,508,2026-08-14,2026-08-14,6400.98,6400.98,6400.98,,,2026-09-11 22:29:06
7c6fada7fcd84b768315,112,508,2026-08-15,2026-08-15,3868.33,3868.33,3868.33,,,2026-09-11 22:29:06
d4e33bc713374ac59af2,102,508,2026-08-16,2026-08-16,2246.41,2246.41,2246.41,,,2026-09-11 22:29:06
863a7c22be474b0a8671,111,508,2026-08-17,2026-08-17,119.51,119.51,119.51,,,2026-09-11 22:29:06
a9af93d96b134c8fa02d,105,508,2026-08-18,2026-08-18,616.23,616.23,616.23,,,2026-09-11 22:29:06
cb9189e5c61e47f88665,105,508,2026-08-19,2026-08-19,255.22,255.22,255.22,,,2026-09-11 22:29:06
d837825a1d87473f9c97,106,508,2026-08-20,2026-08-20,1274.31,1274.31,1274.31,,,2026-09-11 22:29:06
c9165c611c444a1daebe,103,508,2026-08-21,2026-08-21,163.15,163.15,163.15,,,2026-09-11 22:29:06
1a809f17f27441739345,108,508,2026-08-22,2026-08-22,4621.75,4621.75,4621.75,,,2026-09-11 22:29:06
f7a462f382dd4ce195a2,116,508,2026-08-23,2026-08-23,6342.25,6342.25,6342.25,,,2026-09-11 22:29:06
aacec7b701bd43d78bf7,113,508,2026-08-24,2026-08-24,1992.98,1992.98,1992.98,,,2026-09-11 22:29:06
edd91fbe63604fd387de,115,508,2026-08-25,2026-08-25,814,814,814,,,2026-09-11 22:29:06
02981a7dc0b542929a9b,109,508,2026-08-26,2026-08-26,3213,3213,3213,,,2026-09-11 22:29:06
b39a393fd31e4c6ab419,103,508,2026-08-27,2026-08-27,3913.93,3913.93,3913.93,,,2026-09-11 22:29:06
45b5fc55fa6045269071,106,508,2026-08-28,2026-08-28,2842.68,2842.68,2842.68,,,2026-09-11 22:29:06
e4bbc3e82fc846fb82ff,118,508,2026-08-29,2026-08-29,693.69,693.69,693.69,,,2026-09-11 22:29:06
341f625a3625491f942c,107,508,2026-08-30,2026-08-30,772.76,772.76,772.76,,,2026-09-11 22:29:06
284869536a73493f8bdd,108,508,2026-08-31,2026-08-31,1227.18,1227.18,1227.18,,,2026-09-11 22:29:06
012da25fd2cf4f2a991c,109,508,2026-09-01,2026-09-01,809.58,809.58,809.58,,,2026-09-11 22:29:06
814681c2662545da8b8f,103,508,2026-09-02,2026-09-02,119.65,119.65,119.65,,,2026-09-11 22:29:06
8b6a135f044649199287,119,508,2026-09-03,2026-09-03,3488.55,3488.55,3488.55,,,2026-09-11 22:29:06
87c8c8a68c394fe9becd,108,508,2026-09-04,2026-09-04,174.46,174.46,174.46,,,2026-09-11 22:29:06
5ee2cc4fb95a485c8705,109,508,2026-09-05,2026-09-05,1767.23,1767.23,1767.23,,,2026-09-11 22:29:06
f09b78445ec94f03a4d6,109,508,2026-09-06,2026-09-06,3176.25,3176.25,3176.25,,,2026-09-11 22:29:06
4d3ee33f740b4a0685f9,109,508,2026-09-07,2026-09-07,4800.51,4800.51,4800.51,,,2026-09-11 22:29:06
2e6d5a23078f49bcb9f9,108,508,2026-09-08,2026-09-08,5427.1,5427.1,5427.1,,,2026-09-11 22:29:06
ed858ff2f20f459991e3,120,508,2026-09-09,2026-09-09,3609.08,3609.08,3609.08,,,2026-09-11 22:29:06
61630a9300cf4eecaefa,118,508,2026-08-11,2026-08-11,1859.19,1859.19,1859.19,,,2026-09-11 22:29:06
b010b8b297ca44d2ad98,115,508,2026-08-12,2026-08-12,999.91,999.91,999.91,,,2026-09-11 22:29:06
6ce4fd71edce45b6aba2,104,508,2026-08-13,2026-08-13,1751.97,1751.97,1751.97,,,2026-09-11 22:29:06
e79072e72af54b5a9dd2,116,508,2026-08-14,2026-08-14,34.57,34.57,34.57,,,2026-09-11 22:29:06
6610fe232f8344f39d9c,110,508,2026-08-15,2026-08-15,9.82,9.82,9.82,,,2026-09-11 22:29:06
c7adfb528901480cb7c0,109,508,2026-08-16,2026-08-16,858.02,858.02,858.02,,,2026-09-11 22:29:06
3d0ba6d2f50542e3b065,119,508,2026-08-17,2026-08-17,4079.66,4079.66,4079.66,,,2026-09-11 22:29:06
d53c9d8d4dd845c5a9c9,112,508,2026-08-18,2026-08-18,356.45,356.45,356.45,,,2026-09-11 22:29:06
d768bed1229d4a3b8f63,107,508,2026-08-19,2026-08-19,3217.48,3217.48,3217.48,,,2026-09-11 22:29:06
b5066735a8d342b2a6a3,114,508,2026-08-20,2026-08-20,7135.96,7135.96,7135.96,,,2026-09-11 22:29:06
ff670928d6ce451285ce,105,508,2026-08-21,2026-08-21,357.28,357.28,357.28,,,2026-09-11 22:29:06
9b7f882f95d74924a49e,103,508,2026-08-22,2026-08-22,4476.4,4476.4,4476.4,,,2026-09-11 22:29:06
659235d940b0475f9ef8,116,508,2026-08-23,2026-08-23,2837.2,2837.2,2837.2,,,2026-09-11 22:29:06
f1b2305c396f46de871c,103,508,2026-08-24,2026-08-24,3361.37,3361.37,3361.37,,,2026-09-11 22:29:06
47337bec6e4047849596,109,508,2026-08-25,2026-08-25,730.7,730.7,730.7,,,2026-09-11 22:29:06
b72f69831ccf473a9b07,105,508,2026-08-26,2026-08-26,1468.45,1468.45,1468.45,,,2026-09-11 22:29:06
33a9aa038c6c4b8db872,103,508,2026-08-27,2026-08-27,5081.29,5081.29,5081.29,,,2026-09-11 22:29:06
b81933bcd72a45b984fe,104,508,2026-08-28,2026-08-28,911.28,911.28,911.28,,,2026-09-11 22:29:06
a831aba6ae994b1cb969,109,508,2026-08-29,2026-08-29,535.07,535.07,535.07,,,2026-09-11 22:29:06
cc3871da49f646fab3bc,101,508,2026-08-30,2026-08-30,692.94,692.94,692.94,,,2026-09-11 22:29:06
f0a4ec98137f40018a5f,112,508,2026-08-31,2026-08-31,2781.93,2781.93,2781.93,,,2026-09-11 22:29:06
b813caf200c84f2383d5,119,508,2026-09-01,2026-09-01,754.46,754.46,754.46,,,2026-09-11 22:29:06
46fac220bdd14dd5b88c,112,508,2026-09-02,2026-09-02,3422.5,3422.5,3422.5,,,2026-09-11 22:29:06
b90cf34fec7741e098f7,110,508,2026-09-03,2026-09-03,1599.15,1599.15,1599.15,,,2026-09-11 22:29:06
e8380733c23f4ff29310,114,508,2026-09-04,2026-09-04,740.83,740.83,740.83,,,2026-09-11 22:29:06
d4eb9b46f2ae4d8f8af6,102,508,2026-09-05,2026-09-05,60.81,60.81,60.81,,,2026-09-11 22:29:06
85d356a80da749efb8da,110,508,2026-09-06,2026-09-06,1378.48,1378.48,1378.48,,,2026-09-11 22:29:06
0397ffdc099d4b188e05,103,508,2026-09-07,2026-09-07,2152.82,2152.82,2152.82,,,2026-09-11 22:29:06
e846e30673884da38432,112,508,2026-09-08,2026-09-08,897.6,897.6,897.6,,,2026-09-11 22:29:06
f266fe37b5be40d1a699,117,508,2026-09-09,2026-09-09,3403.25,3403.25,3403.25,,,2026-09-11 22:29:06
3f2d5b3042134a1cb4ef,108,508,2026-08-11,2026-08-11,136.74,136.74,136.74,,,2026-09-11 22:29:06
3bb63c278a994c8a9d4a,108,508,2026-08-12,2026-08-12,1438.13,1438.13,1438.13,,,2026-09-11 22:29:06
01875bf77b534cbebdb9,117,508,2026-08-13,2026-08-13,2835.37,2835.37,2835.37,,,2026-09-11 22:29:06
36fee9298d5f49cca794,118,508,2026-08-14,2026-08-14,2535.64,2535.64,2535.64,,,2026-09-11 22:29:06
a2c5cf3109ce46a3ab52,115,508,2026-08-15,2026-08-15,1785.28,1785.28,1785.28,,,2026-09-11 22:29:06
99bd65ea5a9442b08c5a,109,508,2026-08-16,2026-08-16,312.99,312.99,312.99,,,2026-09-11 22:29:06
294e9058023b4d6da662,112,508,2026-08-17,2026-08-17,516.77,516.77,516.77,,,2026-09-11 22:29:06
13e89385b7eb4f65b489,106,508,2026-08-18,2026-08-18,1001.97,1001.97,1001.97,,,2026-09-11 22:29:06
80d30325eb704a1a9a64,112,508,2026-08-19,2026-08-19,1563.89,1563.89,1563.89,,,2026-09-11 22:29:06
7ece16ffb00a47e8a19f,116,508,2026-08-20,2026-08-20,2056.57,2056.57,2056.57,,,2026-09-11 22:29:06
44c2daea160c4e34b307,105,508,2026-08-21,2026-08-21,771.97,771.97,771.97,,,2026-09-11 22:29:06
652e37563038469b9a88,109,508,2026-08-22,2026-08-22,7202.01,7202.01,7202.01,,,2026-09-11 22:29:06
252e73db08714096891f,105,508,2026-08-23,2026-08-23,2836.22,2836.22,2836.22,,,2026-09-11 22:29:06
3686f37d3e124447b79f,106,508,2026-08-24,2026-08-24,7093.05,7093.05,7093.05,,,2026-09-11 22:29:06
4489b2cd394443e092d5,111,508,2026-08-25,2026-08-25,3864.71,3864.71,3864.71,,,2026-09-11 22:29:06
cb728948de1d4500900d,103,508,2026-08-26,2026-08-26,1959.67,1959.67,1959.67,,,2026-09-11 22:29:06
25981b6d46de4041a388,102,508,2026-08-27,2026-08-27,102.23,102.23,102.23,,,2026-09-11 22:29:06
bf2884456c974edd8b9c,102,508,2026-08-28,2026-08-28,2536.14,2536.14,2536.14,,,2026-09-11 22:29:06
99944a25f0c74ecda352,102,508,2026-08-29,2026-08-29,7247.11,7247.11,7247.11,,,2026-09-11 22:29:06
81dad41c0d3e464ea7f2,115,508,2026-08-30,2026-08-30,2516.71,2516.71,2516.71,,,2026-09-11 22:29:06
4ad4d45933fe4249a3f4,107,508,2026-08-31,2026-08-31,752.79,752.79,752.79,,,2026-09-11 22:29:06
5c3e9f358f0b494caa6e,113,508,2026-09-01,2026-09-01,727.71,727.71,727.71,,,2026-09-11 22:29:06
cc5f6af1513442c1ba9f,109,508,2026-09-02,2026-09-02,1283.42,1283.42,1283.42,,,2026-09-11 22:29:06
3a6c350c43424bd6b2c6,120,508,2026-09-03,2026-09-03,3563.69,3563.69,3563.69,,,2026-09-11 22:29:06
7f02029d595f4591a255,117,508,2026-09-04,2026-09-04,1038.3,1038.3,1038.3,,,2026-09-11 22:29:06
bc4da2cc2f3c4b46acd7,108,508,2026-09-05,2026-09-05,1003.84,1003.84,1003.84,,,2026-09-11 22:29:06
8002c6b94e68488fbdf6,108,508,2026-09-06,2026-09-06,1253.1,1253.1,1253.1,,,2026-09-11 22:29:06
339809656aa24e7c9dcc,109,508,2026-09-07,2026-09-07,1567.05,1567.05,1567.05,,,2026-09-11 22:29:06
109ae6e905a54d01bbf6,116,508,2026-09-08,2026-09-08,2460.2,2460.2,2460.2,,,2026-09-11 22:29:06
140d41b4280d418f84b3,104,508,2026-09-09,2026-09-09,2451.86,2451.86,2451.86,,,2026-09-11 22:29:06
943c515a31994197a43a,111,508,2026-08-11,2026-08-11,47.03,47.03,47.03,,,2026-09-11 22:29:06
5a669bedb06448baad6e,110,508,2026-08-12,2026-08-12,1076.64,1076.64,1076.64,,,2026-09-11 22:29:06
d052fbbe97c143f6b123,113,508,2026-08-13,2026-08-13,5243.01,5243.01,5243.01,,,2026-09-11 22:29:06
01cf15056c754f76a2bd,101,508,2026-08-14,2026-08-14,3343.74,3343.74,3343.74,,,2026-09-11 22:29:06
dc53ebcf880d4a12b9ab,109,508,2026-08-15,2026-08-15,81.02,81.02,81.02,,,2026-09-11 22:29:06
3d45388733b749919601,107,508,2026-08-16,2026-08-16,1058.94,1058.94,1058.94,,,2026-09-11 22:29:06
baa7585d66fc4c329111,101,508,2026-08-17,2026-08-17,1625.82,1625.82,1625.82,,,2026-09-11 22:29:06
1d367da6c6b2430c9222,104,508,2026-08-18,2026-08-18,249.54,249.54,249.54,,,2026-09-11 22:29:06
ac50167d385f44659017,113,508,2026-08-19,2026-08-19,4510.19,4510.19,4510.19,,,2026-09-11 22:29:06
5bfeb76ab18a4f9493d8,112,508,2026-08-20,2026-08-20,578.76,578.76,578.76,,,2026-09-11 22:29:06
02ed098196844c5da1ec,110,508,2026-08-21,2026-08-21,2344.42,2344.42,2344.42,,,2026-09-11 22:29:06
d6af40fd23d34fccbc6e,110,508,2026-08-22,2026-08-22,867.76,867.76,867.76,,,2026-09-11 22:29:06
d86e63dd5abe47408859,109,508,2026-08-23,2026-08-23,307.52,307.52,307.52,,,2026-09-11 22:29:06
62ac7e08fa2b4752aa01,117,508,2026-08-24,2026-08-24,2115.76,2115.76,2115.76,,,2026-09-11 22:29:06
8d1552f13bd34ec5ada8,116,508,2026-08-25,2026-08-25,1121.96,1121.96,1121.96,,,2026-09-11 22:29:06
2e1a0d43332041d3afab,111,508,2026-08-26,2026-08-26,625.94,625.94,625.94,,,2026-09-11 22:29:06
8f5c7b0f9fbe4999b452,102,508,2026-08-27,2026-08-27,352.32,352.32,352.32,,,2026-09-11 22:29:06
b4e5a36e24ea4e2ca4cc,103,508,2026-08-28,2026-08-28,5770.28,5770.28,5770.28,,,2026-09-11 22:29:06
88298facfd0a4630901c,106,508,2026-08-29,2026-08-29,4412.13,4412.13,4412.13,,,2026-09-11 22:29:06
69e7ae9e49a54aa9a0cf,108,508,2026-08-30,2026-08-30,686.9,686.9,686.9,,,2026-09-11 22:29:06
88900e895b6c423c88da,117,508,2026-08-31,2026-08-31,744.1,744.1,744.1,,,2026-09-11 22:29:06
65cb342c4dcd42499e84,110,508,2026-09-01,2026-09-01,4393.31,4393.31,4393.31,,,2026-09-11 22:29:06
b81f86771b8c42499eed,104,508,2026-09-02,2026-09-02,497.39,497.39,497.39,,,2026-09-11 22:29:06
bd0aa8625fd64bfba069,120,508,2026-09-03,2026-09-03,1243.51,1243.51,1243.51,,,2026-09-11 22:29:06
9aca04c5d3cb4fe49a87,106,508,2026-09-04,2026-09-04,3474.58,3474.58,3474.58,,,2026-09-11 22:29:06
7a5c5f8eca564d5882c2,117,508,2026-09-05,2026-09-05,4335.8,4335.8,4335.8,,,2026-09-11 22:29:06
0fdc487d982e48888358,101,508,2026-09-06,2026-09-06,131.79,131.79,131.79,,,2026-09-11 22:29:06
41254f6029394058aeb2,118,508,2026-09-07,2026-09-07,4316.09,4316.09,4316.09,,,2026-09-11 22:29:06
b48a24f8281c4bc5bc7c,105,508,2026-09-08,2026-09-08,130.69,130.69,130.69,,,2026-09-11 22:29:06
828a03b21613498ea0d3,107,508,2026-09-09,2026-09-09,935.62,935.62,935.62,,,2026-09-11 22:29:06
9ae0ca8396c84255b763,102,508,2026-08-11,2026-08-11,4295.6,4295.6,4295.6,,,2026-09-11 22:29:06
5f021db4a03a492ba8b3,116,508,2026-08-12,2026-08-12,3578.19,3578.19,3578.19,,,2026-09-11 22:29:06
cdce03ca14f245548d16,119,508,2026-08-13,2026-08-13,2715.93,2715.93,2715.93,,,2026-09-11 22:29:06
c5a3496ceeb747f3a4ad,111,508,2026-08-14,2026-08-14,295.98,295.98,295.98,,,2026-09-11 22:29:06
c737fc4ef2c145699c91,110,508,2026-08-15,2026-08-15,154.64,154.64,154.64,,,2026-09-11 22:29:06
c4ea6aa7f1614a009219,105,508,2026-08-16,2026-08-16,299.44,299.44,299.44,,,2026-09-11 22:29:06
c1132f1c68e948a8b567,110,508,2026-08-17,2026-08-17,122.53,122.53,122.53,,,2026-09-11 22:29:06
187f53ed04db49a99f35,118,508,2026-08-18,2026-08-18,558.16,558.16,558.16,,,2026-09-11 22:29:06
bdd6700bc90d42ea934b,118,508,2026-08-19,2026-08-19,2149.12,2149.12,2149.12,,,2026-09-11 22:29:06
3f20ac68c80c4b65ba24,114,508,2026-08-20,2026-08-20,894.56,894.56,894.56,,,2026-09-11 22:29:06
c0cbd08150a14e38a134,105,508,2026-08-21,2026-08-21,2049.11,2049.11,2049.11,,,2026-09-11 22:29:06
611dc44483034d1c8a85,120,508,2026-08-22,2026-08-22,4411.21,4411.21,4411.21,,,2026-09-11 22:29:06
2a8b07e71fe748949673,107,508,2026-08-23,2026-08-23,1029.7,1029.7,1029.7,,,2026-09-11 22:29:06
d7161211550c4b759714,118,508,2026-08-24,2026-08-24,2264.09,2264.09,2264.09,,,2026-09-11 22:29:06
a6d47466cade40868f08,111,508,2026-08-25,2026-08-25,2255.35,2255.35,2255.35,,,2026-09-11 22:29:06
9fecd8f073344c78ae00,107,508,2026-08-26,2026-08-26,440.49,440.49,440.49,,,2026-09-11 22:29:06
1af14772d9cd426f940d,115,508,2026-08-27,2026-08-27,2512.44,2512.44,2512.44,,,2026-09-11 22:29:06
b158e88cf8df4f75aa0a,114,508,2026-08-28,2026-08-28,6046.37,6046.37,6046.37,,,2026-09-11 22:29:06
b3acef7f56eb4835b90c,111,508,2026-08-29,2026-08-29,348.31,348.31,348.31,,,2026-09-11 22:29:06
96dd6739594745ee84a2,105,508,2026-08-30,2026-08-30,2211.17,2211.17,2211.17,,,2026-09-11 22:29:06
03a3a34003dd4c9fb125,118,508,2026-08-31,2026-08-31,4314.61,4314.61,4314.61,,,2026-09-11 22:29:06
1ec1f5285f41487dabab,120,508,2026-09-01,2026-09-01,3403.11,3403.11,3403.11,,,2026-09-11 22:29:06
c8cf19683c714baba864,113,508,2026-09-02,2026-09-02,2206.77,2206.77,2206.77,,,2026-09-11 22:29:06
3150e903d0144ec3ad80,103,508,2026-09-03,2026-09-03,862.1,862.1,862.1,,,2026-09-11 22:29:06
55bf7c0a40594fd1a61b,120,508,2026-09-04,2026-09-04,508.75,508.75,508.75,,,2026-09-11 22:29:06
382570428dc7474b8c53,113,508,2026-09-05,2026-09-05,5219.15,5219.15,5219.15,,,2026-09-11 22:29:06
cc3b3e3edc0946778e64,116,508,2026-09-06,2026-09-06,410.67,410.67,410.67,,,2026-09-11 22:29:06
512c4d5f3ef9485a9af7,116,508,2026-09-07,2026-09-07,5215.61,5215.61,5215.61,,,2026-09-11 22:29:06
dd122122ddf54f6db4f6,116,508,2026-09-08,2026-09-08,2289.97,2289.97,2289.97,,,2026-09-11 22:29:06
7a1632e0ffea48d58c90,119,508,2026-09-09,2026-09-09,3980.46,3980.46,3980.46,,,2026-09-11 22:29:06
4309a45745d44496a263,103,508,2026-08-11,2026-08-11,132.22,132.22,132.22,,,2026-09-11 22:29:06
25c2576864164ac4937a,115,508,2026-08-12,2026-08-12,253.23,253.23,253.23,,,2026-09-11 22:29:06
b2a8fbce71044204b6ca,120,508,2026-08-13,2026-08-13,1063.94,1063.94,1063.94,,,2026-09-11 22:29:06
ff02513fe12449acb334,108,508,2026-08-14,2026-08-14,2618.75,2618.75,2618.75,,,2026-09-11 22:29:06
de8bea8d18e74f369ef0,112,508,2026-08-15,2026-08-15,811.29,811.29,811.29,,,2026-09-11 22:29:06
b1014b7a1c204b709216,117,508,2026-08-16,2026-08-16,1032.33,1032.33,1032.33,,,2026-09-11 22:29:06
3b62aeaf452548d18db8,113,508,2026-08-17,2026-08-17,3324.12,3324.12,3324.12,,,2026-09-11 22:29:06
033975c36d1e45fd8fc8,101,508,2026-08-18,2026-08-18,640.13,640.13,640.13,,,2026-09-11 22:29:06
a425d637db9d4a129065,111,508,2026-08-19,2026-08-19,469.94,469.94,469.94,,,2026-09-11 22:29:06
9043bffae0a049f4b24c,118,508,2026-08-20,2026-08-20,2970.35,2970.35,2970.35,,,2026-09-11 22:29:06
3060e1ddd5c44ea499dc,103,508,2026-08-21,2026-08-21,1318.89,1318.89,1318.89,,,2026-09-11 22:29:06
ff14f5ec7b2749a8bee4,120,508,2026-08-22,2026-08-22,2601.2,2601.2,2601.2,,,2026-09-11 22:29:06
e7702c2c00764b608f86,105,508,2026-08-23,2026-08-23,2959.24,2959.24,2959.24,,,2026-09-11 22:29:06
e45829f833be4ab7af42,115,508,2026-08-24,2026-08-24,3746.42,3746.42,3746.42,,,2026-09-11 22:29:06
17a1f30a1f9d4942bd26,116,508,2026-08-25,2026-08-25,224.17,224.17,224.17,,,2026-09-11 22:29:06
65b6f996e6e74c4ea031,111,508,2026-08-26,2026-08-26,1172.82,1172.82,1172.82,,,2026-09-11 22:29:06
24c7e6dde3e440c286b9,108,508,2026-08-27,2026-08-27,96.49,96.49,96.49,,,2026-09-11 22:29:06
8d5af6fe04884ff2b100,115,508,2026-08-28,2026-08-28,4601.82,4601.82,4601.82,,,2026-09-11 22:29:06
091a381c6dba47d08d06,116,508,2026-08-29,2026-08-29,207.32,207.32,207.32,,,2026-09-11 22:29:06
cc93db05976f4641a9bd,112,508,2026-08-30,2026-08-30,3695.74,3695.74,3695.74,,,2026-09-11 22:29:06
1f25553964b2401f9e91,101,508,2026-08-31,2026-08-31,2531.23,2531.23,2531.23,,,2026-09-11 22:29:06
110f95f6a4d147b19339,117,508,2026-09-01,2026-09-01,2039.72,2039.72,2039.72,,,2026-09-11 22:29:06
1290ffb6672847b69fb2,115,508,2026-09-02,2026-09-02,1006.22,1006.22,1006.22,,,2026-09-11 22:29:06
60b128c49ecc4f35ab5d,115,508,2026-09-03,2026-09-03,1970.27,1970.27,1970.27,,,2026-09-11 22:29:06
9325b858c40a4a8ab22d,119,508,2026-09-04,2026-09-04,3210.45,3210.45,3210.45,,,2026-09-11 22:29:06
dc41f2657b924a1db657,105,508,2026-09-05,2026-09-05,4082.46,4082.46,4082.46,,,2026-09-11 22:29:06
0804d1d8cac348bfa8c2,111,508,2026-09-06,2026-09-06,4.49,4.49,4.49,,,2026-09-11 22:29:06
e21ac6bda2e54e85a87d,113,508,2026-09-07,2026-09-07,3462.01,3462.01,3462.01,,,2026-09-11 22:29:06
76e6e3a1b22241dc96dc,111,508,2026-09-08,2026-09-08,926.99,926.99,926.99,,,2026-09-11 22:29:06
08f547f1552c4cd2afc6,117,508,2026-09-09,2026-09-09,536,536,536,,,2026-09-11 22:29:06
0718bf28f92a445b8ee2,104,508,2026-08-11,2026-08-11,1377.6,1377.6,1377.6,,,2026-09-11 22:29:06
ac43f5b1d50c4c67ae85,113,508,2026-08-12,2026-08-12,2993.33,2993.33,2993.33,,,2026-09-11 22:29:06
f8a93a6daea445b2a522,111,508,2026-08-13,2026-08-13,914.63,914.63,914.63,,,2026-09-11 22:29:06
6ba20eb5450f47aba856,104,508,2026-08-14,2026-08-14,2125.25,2125.25,2125.25,,,2026-09-11 22:29:06
797ce261ca2b4939b171,114,508,2026-08-15,2026-08-15,4636.18,4636.18,4636.18,,,2026-09-11 22:29:06
98e991c5fd6d451f91cb,110,508,2026-08-16,2026-08-16,895.89,895.89,895.89,,,2026-09-11 22:29:06
67bf47020c3e4688af55,117,508,2026-08-17,2026-08-17,120.36,120.36,120.36,,,2026-09-11 22:29:06
4f6b036234264ee7aeaa,118,508,2026-08-18,2026-08-18,913.71,913.71,913.71,,,2026-09-11 22:29:06
263cd24fbfa44ec0a425,103,508,2026-08-19,2026-08-19,493.22,493.22,493.22,,,2026-09-11 22:29:06
1ea79623ac4e454696cf,115,508,2026-08-20,2026-08-20,856.29,856.29,856.29,,,2026-09-11 22:29:06
65e45a8d44e74a1e9131,114,508,2026-08-21,2026-08-21,2146.42,2146.42,2146.42,,,2026-09-11 22:29:06
b6beaf607f7b44bcaa9b,103,508,2026-08-22,2026-08-22,51.85,51.85,51.85,,,2026-09-11 22:29:06
538b04810c55458f80f7,104,508,2026-08-23,2026-08-23,589.3,589.3,589.3,,,2026-09-11 22:29:06
54266ff8364d4b858157,115,508,2026-08-24,2026-08-24,1192.83,1192.83,1192.83,,,2026-09-11 22:29:06
a5dc0fb4899e4025877f,102,508,2026-08-25,2026-08-25,2126.16,2126.16,2126.16,,,2026-09-11 22:29:06
58e9c45d4c4f4b29be25,120,508,2026-08-26,2026-08-26,45.25,45.25,45.25,,,2026-09-11 22:29:06
eee58b1a47364d0a9dff,112,508,2026-08-27,2026-08-27,1456.39,1456.39,1456.39,,,2026-09-11 22:29:06
284245b834d04178bcd5,114,508,2026-08-28,2026-08-28,281.4,281.4,281.4,,,2026-09-11 22:29:06
f819ef7be4374b858d9f,106,508,2026-08-29,2026-08-29,815.5,815.5,815.5,,,2026-09-11 22:29:06
3d765722acc145a0b74c,105,508,2026-08-30,2026-08-30,2077.06,2077.06,2077.06,,,2026-09-11 22:29:06
bc77e614ba964e88bdb7,112,508,2026-08-31,2026-08-31,1559.23,1559.23,1559.23,,,2026-09-11 22:29:06
21f38e5794a24134a4a3,119,508,2026-09-01,2026-09-01,3429.25,3429.25,3429.25,,,2026-09-11 22:29:06
3dc22c113f15449293c9,116,508,2026-09-02,2026-09-02,3077.67,3077.67,3077.67,,,2026-09-11 22:29:06
95032e08b14d4652a360,112,508,2026-09-03,2026-09-03,1582.89,1582.89,1582.89,,,2026-09-11 22:29:06
91896b1dce284faf8964,114,508,2026-09-04,2026-09-04,2087.64,2087.64,2087.64,,,2026-09-11 22:29:06
1738ee27e2144dd48182,105,508,2026-09-05,2026-09-05,7259.56,7259.56,7259.56,,,2026-09-11 22:29:06
f0034a0598c94eb8b0db,114,508,2026-09-06,2026-09-06,6617.45,6617.45,6617.45,,,2026-09-11 22:29:06
22cd8eec182844eb87da,112,508,2026-09-07,2026-09-07,1215.32,1215.32,1215.32,,,2026-09-11 22:29:06
55e7249e5c5a4b65aa08,102,508,2026-09-08,2026-09-08,3992.7,3992.7,3992.7,,,2026-09-11 22:29:06
a82d7445e8e34b2eb855,104,508,2026-09-09,2026-09-09,1127.49,1127.49,1127.49,,,2026-09-11 22:29:06
1869d720275e419fa1e3,111,508,2026-08-11,2026-08-11,1734.73,1734.73,1734.73,,,2026-09-11 22:29:06
4d0655bca28f4fe980a7,115,508,2026-08-12,2026-08-12,3608.24,3608.24,3608.24,,,2026-09-11 22:29:06
69718c6cafa245b39781,108,508,2026-08-13,2026-08-13,3558.59,3558.59,3558.59,,,2026-09-11 22:29:06
5427458041c94521b9fd,110,508,2026-08-14,2026-08-14,1120.43,1120.43,1120.43,,,2026-09-11 22:29:06
d3be65b8d3cc46d88a04,111,508,2026-08-15,2026-08-15,1852.52,1852.52,1852.52,,,2026-09-11 22:29:06
aecf151df554401db3ae,114,508,2026-08-16,2026-08-16,1660.02,1660.02,1660.02,,,2026-09-11 22:29:06
14f62f06208644f39963,114,508,2026-08-17,2026-08-17,1810.83,1810.83,1810.83,,,2026-09-11 22:29:06
f2d840a289184fb19c7e,111,508,2026-08-18,2026-08-18,4358.74,4358.74,4358.74,,,2026-09-11 22:29:06
baa0df1d0dd54a8e87bd,112,508,2026-08-19,2026-08-19,2629.17,2629.17,2629.17,,,2026-09-11 22:29:06
9fc88a120e924eb08325,113,508,2026-08-20,2026-08-20,5292.73,5292.73,5292.73,,,2026-09-11 22:29:06
d8d4c2385e254bf69ec9,111,508,2026-08-21,2026-08-21,75.02,75.02,75.02,,,2026-09-11 22:29:06
1bb1a6befbac4d4b853d,118,508,2026-08-22,2026-08-22,5739.37,5739.37,5739.37,,,2026-09-11 22:29:06
b655b820f1a149c68414,120,508,2026-08-23,2026-08-23,1361.45,1361.45,1361.45,,,2026-09-11 22:29:06
7cc6d277c13a472ca3ce,104,508,2026-08-24,2026-08-24,1329.23,1329.23,1329.23,,,2026-09-11 22:29:06
adfb47d1ea1f47a2be5a,120,508,2026-08-25,2026-08-25,4095.59,4095.59,4095.59,,,2026-09-11 22:29:06
61072151b07d4124b986,101,508,2026-08-26,2026-08-26,1359.83,1359.83,1359.83,,,2026-09-11 22:29:06
cc341236b82f498d9703,116,508,2026-08-27,2026-08-27,225.4,225.4,225.4,,,2026-09-11 22:29:06
74f408b2ad2146c18b45,114,508,2026-08-28,2026-08-28,133.76,133.76,133.76,,,2026-09-11 22:29:06
2480d89582584a5da0bc,104,508,2026-08-29,2026-08-29,644.94,644.94,644.94,,,2026-09-11 22:29:06
576159609ea644f886cd,102,508,2026-08-30,2026-08-30,1704.65,1704.65,1704.65,,,2026-09-11 22:29:06
075ccb3ec8ea4c1ca9b8,101,508,2026-08-31,2026-08-31,3162.26,3162.26,3162.26,,,2026-09-11 22:29:06
16c92fba9a0f46d7b845,114,508,2026-09-01,2026-09-01,1588.76,1588.76,1588.76,,,2026-09-11 22:29:06
5117c326aea140388d87,106,508,2026-09-02,2026-09-02,42.14,42.14,42.14,,,2026-09-11 22:29:06
458af150c5744c57b328,116,508,2026-09-03,2026-09-03,1835.82,1835.82,1835.82,,,2026-09-11 22:29:06
40c9a16b47264d3dbff2,103,508,2026-09-04,2026-09-04,5258.55,5258.55,5258.55,,,2026-09-11 22:29:06
75b8a3e33ac04c66b84f,103,508,2026-09-05,2026-09-05,2702.66,2702.66,2702.66,,,2026-09-11 22:29:06
95ad965f42cb4e07ac83,105,508,2026-09-06,2026-09-06,3152.29,3152.29,3152.29,,,2026-09-11 22:29:06
011d2ddff0574c86acc6,117,508,2026-09-07,2026-09-07,664.63,664.63,664.63,,,2026-09-11 22:29:06
5ec1814f07e747748256,120,508,2026-09-08,2026-09-08,384.36,384.36,384.36,,,2026-09-11 22:29:06
6ab0df5e3499425ea578,115,508,2026-09-09,2026-09-09,4524.6,4524.6,4524.6,,,2026-09-11 22:29:06
d3395e26484d4277ab92,113,508,2026-08-11,2026-08-11,185.39,185.39,185.39,,,2026-09-11 22:29:06
f98528998e0948e5adae,104,508,2026-08-12,2026-08-12,2054.73,2054.73,2054.73,,,2026-09-11 22:29:06
d24e8a87247f47da9504,114,508,2026-08-13,2026-08-13,3306.12,3306.12,3306.12,,,2026-09-11 22:29:06
5ea6658919884ccdbede,109,508,2026-08-14,2026-08-14,2906.89,2906.89,2906.89,,,2026-09-11 22:29:06
4b7a4c9bf4084a7c8d34,106,508,2026-08-15,2026-08-15,107.71,107.71,107.71,,,2026-09-11 22:29:06
9595ea668ee2466bb35d,114,508,2026-08-16,2026-08-16,1610.64,1610.64,1610.64,,,2026-09-11 22:29:06
6014f5c47a8648c7b25e,115,508,2026-08-17,2026-08-17,323.62,323.62,323.62,,,2026-09-11 22:29:06
3e4ddd2bb3154ffd8202,111,508,2026-08-18,2026-08-18,191.44,191.44,191.44,,,2026-09-11 22:29:06
0694289e5c964dc4bbe7,101,508,2026-08-19,2026-08-19,4653.62,4653.62,4653.62,,,2026-09-11 22:29:06
e988a6c84e82490888f8,118,508,2026-08-20,2026-08-20,1352.89,1352.89,1352.89,,,2026-09-11 22:29:06
7643b573114242c4b14d,108,508,2026-08-21,2026-08-21,3737.68,3737.68,3737.68,,,2026-09-11 22:29:06
6e0c0428bf35477a9f1b,118,508,2026-08-22,2026-08-22,3897.21,3897.21,3897.21,,,2026-09-11 22:29:06
435c3cac50794c3b8f5b,113,508,2026-08-23,2026-08-23,3996.93,3996.93,3996.93,,,2026-09-11 22:29:06
792a88f34e054761a285,114,508,2026-08-24,2026-08-24,1142.55,1142.55,1142.55,,,2026-09-11 22:29:06
16274ba5b8214bc0bffe,101,508,2026-08-25,2026-08-25,213.63,213.63,213.63,,,2026-09-11 22:29:06
47a95cdae95046e787ac,109,508,2026-08-26,2026-08-26,3906.78,3906.78,3906.78,,,2026-09-11 22:29:06
a09c659ed9644f228f54,108,508,2026-08-27,2026-08-27,6707.28,6707.28,6707.28,,,2026-09-11 22:29:06
e172b93308b04a06ba32,119,508,2026-08-28,2026-08-28,5576.46,5576.46,5576.46,,,2026-09-11 22:29:06
1ecc5e3e3a1d4ba1adc1,118,508,2026-08-29,2026-08-29,781.19,781.19,781.19,,,2026-09-11 22:29:06
b3ce22011bda4124a73f,102,508,2026-08-30,2026-08-30,344.42,344.42,344.42,,,2026-09-11 22:29:06
3decb9a1a6354a5e8f6b,102,508,2026-08-31,2026-08-31,1715.12,1715.12,1715.12,,,2026-09-11 22:29:06
2b0badfa4ee94440bfcf,102,508,2026-09-01,2026-09-01,118.42,118.42,118.42,,,2026-09-11 22:29:06
e95a17128eab44279129,111,508,2026-09-02,2026-09-02,2060.49,2060.49,2060.49,,,2026-09-11 22:29:06
ec5ec576962847dba0ea,108,508,2026-09-03,2026-09-03,1002.61,1002.61,1002.61,,,2026-09-11 22:29:06
d1507608f77048479bda,118,508,2026-09-04,2026-09-04,335.63,335.63,335.63,,,2026-09-11 22:29:06
7079e9adaf2b4b6081f1,105,508,2026-09-05,2026-09-05,1603.01,1603.01,1603.01,,,2026-09-11 22:29:06
89537b6d36a74c03a365,106,508,2026-09-06,2026-09-06,795.8,795.8,795.8,,,2026-09-11 22:29:06
8938e8a02d2b4c1bbf56,112,508,2026-09-07,2026-09-07,4425.39,4425.39,4425.39,,,2026-09-11 22:29:06
9d2c81cfe772446ba969,112,508,2026-09-08,2026-09-08,393.49,393.49,393.49,,,2026-09-11 22:29:06
6e4606cdfd9c4f4e99be,117,508,2026-09-09,2026-09-09,70.34,70.34,70.34,,,2026-09-11 22:29:06
223a02daa1794b7abaf8,116,508,2026-08-11,2026-08-11,5308.34,5308.34,5308.34,,,2026-09-11 22:29:06
6182781206144a4aba29,115,508,2026-08-12,2026-08-12,2702.07,2702.07,2702.07,,,2026-09-11 22:29:06
1e58846a1aa548c5a668,104,508,2026-08-13,2026-08-13,6299.05,6299.05,6299.05,,,2026-09-11 22:29:06
4da0bae53c494bdaa85a,110,508,2026-08-14,2026-08-14,699.82,699.82,699.82,,,2026-09-11 22:29:06
36267d8c20804fa4b68e,105,508,2026-08-15,2026-08-15,2379.69,2379.69,2379.69,,,2026-09-11 22:29:06
049f03277499488b90f0,115,508,2026-08-16,2026-08-16,4744.48,4744.48,4744.48,,,2026-09-11 22:29:06
e1c5d08202fa4449bd44,103,508,2026-08-17,2026-08-17,2087.25,2087.25,2087.25,,,2026-09-11 22:29:06
19b0a6391ae94bf89d37,115,508,2026-08-18,2026-08-18,2497.44,2497.44,2497.44,,,2026-09-11 22:29:06
81e573f85a2542da9a3c,108,508,2026-08-19,2026-08-19,59.73,59.73,59.73,,,2026-09-11 22:29:06
80a5056e55314b08a618,113,508,2026-08-20,2026-08-20,4075.25,4075.25,4075.25,,,2026-09-11 22:29:06
f6712a1dcf9444f89010,114,508,2026-08-21,2026-08-21,1448.35,1448.35,1448.35,,,2026-09-11 22:29:06
1188bb716074447abc31,103,508,2026-08-22,2026-08-22,596.44,596.44,596.44,,,2026-09-11 22:29:06
f4ddf3e0522a491a9b97,116,508,2026-08-23,2026-08-23,275.47,275.47,275.47,,,2026-09-11 22:29:06
141fff58a7da4d2b8474,113,508,2026-08-24,2026-08-24,4687.3,4687.3,4687.3,,,2026-09-11 22:29:06
840281ecf0c4440b9e00,117,508,2026-08-25,2026-08-25,1778.49,1778.49,1778.49,,,2026-09-11 22:29:06
c9eb36a6477f477c9980,108,508,2026-08-26,2026-08-26,4749.26,4749.26,4749.26,,,2026-09-11 22:29:06
230c1b50ac1e45a4b77b,115,508,2026-08-27,2026-08-27,6085.29,6085.29,6085.29,,,2026-09-11 22:29:06
7bebb84330064356ba08,120,508,2026-08-28,2026-08-28,2163.19,2163.19,2163.19,,,2026-09-11 22:29:06
68888f0f9ca54671b83b,117,508,2026-08-29,2026-08-29,493.09,493.09,493.09,,,2026-09-11 22:29:06
0e56a598853d4987bf0f,102,508,2026-08-30,2026-08-30,2279.8,2279.8,2279.8,,,2026-09-11 22:29:06
a66c879495584c1d9b1a,108,508,2026-08-31,2026-08-31,5277.38,5277.38,5277.38,,,2026-09-11 22:29:06
53b9a04b47b649bcb964,108,508,2026-09-01,2026-09-01,2412.41,2412.41,2412.41,,,2026-09-11 22:29:06
33826af8804c4cceb597,112,508,2026-09-02,2026-09-02,771.56,771.56,771.56,,,2026-09-11 22:29:06
2c784ebb8399412eaa9b,103,508,2026-09-03,2026-09-03,381.08,381.08,381.08,,,2026-09-11 22:29:06
70788a5baefa47cba7bd,111,508,2026-09-04,2026-09-04,1736.51,1736.51,1736.51,,,2026-09-11 22:29:06
d8d817d2c79547b09101,115,508,2026-09-05,2026-09-05,1179.72,1179.72,1179.72,,,2026-09-11 22:29:06
36a503396e734b978e48,112,508,2026-09-06,2026-09-06,1412.39,1412.39,1412.39,,,2026-09-11 22:29:06
00f55f6a14734cfdb8e1,120,508,2026-09-07,2026-09-07,3563.64,3563.64,3563.64,,,2026-09-11 22:29:06
37bee00828c24f11a29d,109,508,2026-09-08,2026-09-08,975.13,975.13,975.13,,,2026-09-11 22:29:06
ea98325e7b9541efbbb9,113,508,2026-09-09,2026-09-09,2304.44,2304.44,2304.44,,,2026-09-11 22:29:06
74709b6372d64e16a0ec,115,509,2026-08-11,2026-08-11,6794.45,6794.45,6794.45,,,2026-09-11 22:29:06
0465b9a53d0d4f83ae0b,109,509,2026-08-12,2026-08-12,262.87,262.87,262.87,,,2026-09-11 22:29:06
4f8be600472449c7a6f9,117,509,2026-08-13,2026-08-13,1361.9,1361.9,1361.9,,,2026-09-11 22:29:06
93f80ae5656d4e75adc6,120,509,2026-08-14,2026-08-14,2684.89,2684.89,2684.89,,,2026-09-11 22:29:06
38a29702d9c540caad12,117,509,2026-08-15,2026-08-15,5870.93,5870.93,5870.93,,,2026-09-11 22:29:06
b45bcca36f564ff6ad9b,113,509,2026-08-16,2026-08-16,4397.82,4397.82,4397.82,,,2026-09-11 22:29:06
ac8f00c5264d42368464,104,509,2026-08-17,2026-08-17,132.36,132.36,132.36,,,2026-09-11 22:29:06
5df9823a9f3a4d21918e,117,509,2026-08-18,2026-08-18,2589.36,2589.36,2589.36,,,2026-09-11 22:29:06
59a9250d2f2b4d86a1d0,107,509,2026-08-19,2026-08-19,8873.69,8873.69,8873.69,,,2026-09-11 22:29:06
d1c31766bcea493fae7f,104,509,2026-08-20,2026-08-20,6246.52,6246.52,6246.52,,,2026-09-11 22:29:06
ac91962fd2f045d18037,113,509,2026-08-21,2026-08-21,4938.93,4938.93,4938.93,,,2026-09-11 22:29:06
fdf725f8992f44f39259,114,509,2026-08-22,2026-08-22,97.64,97.64,97.64,,,2026-09-11 22:29:06
30ecc5d4529c49a8bee0,111,509,2026-08-23,2026-08-23,157.38,157.38,157.38,,,2026-09-11 22:29:06
60988a702809412e813c,120,509,2026-08-24,2026-08-24,8820,8820,8820,,,2026-09-11 22:29:06
ed2dfe169e3848be8f2b,117,509,2026-08-25,2026-08-25,4921.31,4921.31,4921.31,,,2026-09-11 22:29:06
4a515eda911c46558d95,117,509,2026-08-26,2026-08-26,1735.71,1735.71,1735.71,,,2026-09-11 22:29:06
b928a5a6d8f1462a823f,111,509,2026-08-27,2026-08-27,2297.62,2297.62,2297.62,,,2026-09-11 22:29:06
b10c1e2aeb0147efa12d,117,509,2026-08-28,2026-08-28,3745.96,3745.96,3745.96,,,2026-09-11 22:29:06
86472a996479408ab201,113,509,2026-08-29,2026-08-29,9112.54,9112.54,9112.54,,,2026-09-11 22:29:06
4a1e8942bf58437b8cff,120,509,2026-08-30,2026-08-30,6765,6765,6765,,,2026-09-11 22:29:06
b99f6cee32e84bee95fb,118,509,2026-08-31,2026-08-31,4241.16,4241.16,4241.16,,,2026-09-11 22:29:06
ca0b9a1a2efe4159bdec,108,509,2026-09-01,2026-09-01,755.63,755.63,755.63,,,2026-09-11 22:29:06
713df46259e44556828d,118,509,2026-09-02,2026-09-02,8928.38,8928.38,8928.38,,,2026-09-11 22:29:06
3e7727384cad4959a7f2,102,509,2026-09-03,2026-09-03,5145.99,5145.99,5145.99,,,2026-09-11 22:29:06
9fc21db1508948f984a4,105,509,2026-09-04,2026-09-04,782.54,782.54,782.54,,,2026-09-11 22:29:06
fb3b062b7f684650b174,104,509,2026-09-05,2026-09-05,131.1,131.1,131.1,,,2026-09-11 22:29:06
6f89733861d54819b810,108,509,2026-09-06,2026-09-06,10826.22,10826.22,10826.22,,,2026-09-11 22:29:06
e0a662dcbdda4e62a7a7,107,509,2026-09-07,2026-09-07,939.5,939.5,939.5,,,2026-09-11 22:29:06
7a055310c4ee428dbf8c,106,509,2026-09-08,2026-09-08,8115.15,8115.15,8115.15,,,2026-09-11 22:29:06
3d5b98a3584b4012af71,110,509,2026-09-09,2026-09-09,6392.13,6392.13,6392.13,,,2026-09-11 22:29:06
c62947b668624391b636,115,509,2026-08-11,2026-08-11,6770.97,6770.97,6770.97,,,2026-09-11 22:29:06
51f166bfda6944fc8cb9,102,509,2026-08-12,2026-08-12,2103.13,2103.13,2103.13,,,2026-09-11 22:29:06
16926da60e26482d8675,104,509,2026-08-13,2026-08-13,3286.16,3286.16,3286.16,,,2026-09-11 22:29:06
4c76c7cfa482485abe67,113,509,2026-08-14,2026-08-14,1855.26,1855.26,1855.26,,,2026-09-11 22:29:06
e4631af0bfb14ab78667,116,509,2026-08-15,2026-08-15,2418.23,2418.23,2418.23,,,2026-09-11 22:29:06
19896516cf9749a991b9,117,509,2026-08-16,2026-08-16,218.09,218.09,218.09,,,2026-09-11 22:29:06
e0602d4e1e5d4b41a51b,112,509,2026-08-17,2026-08-17,6287.59,6287.59,6287.59,,,2026-09-11 22:29:06
7507a8e1a7dd44dfaa85,114,509,2026-08-18,2026-08-18,3012.7,3012.7,3012.7,,,2026-09-11 22:29:06
9ab0bf08387042ca8d37,109,509,2026-08-19,2026-08-19,2884.37,2884.37,2884.37,,,2026-09-11 22:29:06
761323c89a0645a183cc,102,509,2026-08-20,2026-08-20,2901.61,2901.61,2901.61,,,2026-09-11 22:29:06
4be15f17eb6c41e5b62d,105,509,2026-08-21,2026-08-21,2061.23,2061.23,2061.23,,,2026-09-11 22:29:06
ba14d4c913454136a383,119,509,2026-08-22,2026-08-22,2544.59,2544.59,2544.59,,,2026-09-11 22:29:06
afc486b27b1c42809ee0,107,509,2026-08-23,2026-08-23,1916.61,1916.61,1916.61,,,2026-09-11 22:29:06
302f40fa6e984bdf86ff,118,509,2026-08-24,2026-08-24,823.6,823.6,823.6,,,2026-09-11 22:29:06
bb62eb2926d04ff2a0a9,112,509,2026-08-25,2026-08-25,507.93,507.93,507.93,,,2026-09-11 22:29:06
c5e13c03e42847ed92d0,105,509,2026-08-26,2026-08-26,3096.45,3096.45,3096.45,,,2026-09-11 22:29:06
519a0858efd1454aaccd,103,509,2026-08-27,2026-08-27,995.37,995.37,995.37,,,2026-09-11 22:29:06
0f39cb96964a48fb9142,110,509,2026-08-28,2026-08-28,5153.19,5153.19,5153.19,,,2026-09-11 22:29:06
c3ae5f3a404d494486a5,120,509,2026-08-29,2026-08-29,4514.23,4514.23,4514.23,,,2026-09-11 22:29:06
0b2ba0ad79fb428eab04,105,509,2026-08-30,2026-08-30,3062.84,3062.84,3062.84,,,2026-09-11 22:29:06
c6eb7f90bf6d47ef82ba,111,509,2026-08-31,2026-08-31,272.83,272.83,272.83,,,2026-09-11 22:29:06
ed792b37b4ec422ea997,108,509,2026-09-01,2026-09-01,5819.15,5819.15,5819.15,,,2026-09-11 22:29:06
6bf91be08987472b9aa5,115,509,2026-09-02,2026-09-02,864.96,864.96,864.96,,,2026-09-11 22:29:06
2293b940a6ae4eb78be2,108,509,2026-09-03,2026-09-03,7969.16,7969.16,7969.16,,,2026-09-11 22:29:06
4a8c9aa669ab441d9f6a,101,509,2026-09-04,2026-09-04,812.31,812.31,812.31,,,2026-09-11 22:29:06
6a9a335e73ad4d3baade,117,509,2026-09-05,2026-09-05,327.46,327.46,327.46,,,2026-09-11 22:29:06
09a14c460b244e2d82a7,106,509,2026-09-06,2026-09-06,315.92,315.92,315.92,,,2026-09-11 22:29:06
782421416d4845c78c89,104,509,2026-09-07,2026-09-07,559.83,559.83,559.83,,,2026-09-11 22:29:06
0e412c7a2c4c4abdb50f,111,509,2026-09-08,2026-09-08,1406.23,1406.23,1406.23,,,2026-09-11 22:29:06
9220633f74ff44b3b098,105,509,2026-09-09,2026-09-09,9128.12,9128.12,9128.12,,,2026-09-11 22:29:06
0570e541912740a19c00,101,509,2026-08-11,2026-08-11,3257.88,3257.88,3257.88,,,2026-09-11 22:29:06
175108449e41458eac6a,111,509,2026-08-12,2026-08-12,4608.46,4608.46,4608.46,,,2026-09-11 22:29:06
7db3f7fe4a864d9bac65,107,509,2026-08-13,2026-08-13,1902.47,1902.47,1902.47,,,2026-09-11 22:29:06
670790a3c30f40f1867d,109,509,2026-08-14,2026-08-14,3915.75,3915.75,3915.75,,,2026-09-11 22:29:06
ded3e471f4d0468c817c,102,509,2026-08-15,2026-08-15,3901.32,3901.32,3901.32,,,2026-09-11 22:29:06
15b1122619d344f99246,103,509,2026-08-16,2026-08-16,4593.94,4593.94,4593.94,,,2026-09-11 22:29:06
2c12ab2590314b2188b5,115,509,2026-08-17,2026-08-17,1646.53,1646.53,1646.53,,,2026-09-11 22:29:06
90d060d4707f44579d4d,109,509,2026-08-18,2026-08-18,3072.62,3072.62,3072.62,,,2026-09-11 22:29:06
ba09efe587664e6683ba,120,509,2026-08-19,2026-08-19,1042.64,1042.64,1042.64,,,2026-09-11 22:29:06
53af4d7eac4c43328bfe,119,509,2026-08-20,2026-08-20,65.99,65.99,65.99,,,2026-09-11 22:29:06
77b4b8526b8e41dca8b8,102,509,2026-08-21,2026-08-21,573.22,573.22,573.22,,,2026-09-11 22:29:06
cd773fdc20cc4167bade,112,509,2026-08-22,2026-08-22,7040.8,7040.8,7040.8,,,2026-09-11 22:29:06
5ef75d9879db4962a335,109,509,2026-08-23,2026-08-23,848.09,848.09,848.09,,,2026-09-11 22:29:06
1a2c531ed49743cf9c1c,119,509,2026-08-24,2026-08-24,2298.58,2298.58,2298.58,,,2026-09-11 22:29:06
864e93bcee294624a6b8,113,509,2026-08-25,2026-08-25,3978.72,3978.72,3978.72,,,2026-09-11 22:29:06
897910dfe2d84b7ba49a,120,509,2026-08-26,2026-08-26,67.13,67.13,67.13,,,2026-09-11 22:29:06
a54e52b798974b4b8b14,109,509,2026-08-27,2026-08-27,436.3,436.3,436.3,,,2026-09-11 22:29:06
ee14928f096749bd8ada,110,509,2026-08-28,2026-08-28,2214.02,2214.02,2214.02,,,2026-09-11 22:29:06
bc9ffa0840a34668ad73,118,509,2026-08-29,2026-08-29,6091.83,6091.83,6091.83,,,2026-09-11 22:29:06
26918d1acda647bb8dca,111,509,2026-08-30,2026-08-30,241.27,241.27,241.27,,,2026-09-11 22:29:06
a3cf4d7c344f4946a6ea,119,509,2026-08-31,2026-08-31,4475.85,4475.85,4475.85,,,2026-09-11 22:29:06
4594f27e035b4651831c,120,509,2026-09-01,2026-09-01,5250.37,5250.37,5250.37,,,2026-09-11 22:29:06
072eee9472f6496fb9bd,115,509,2026-09-02,2026-09-02,2837.32,2837.32,2837.32,,,2026-09-11 22:29:06
faf2431a3b66464fb7c6,112,509,2026-09-03,2026-09-03,3455.87,3455.87,3455.87,,,2026-09-11 22:29:06
254be12067b343a5a236,102,509,2026-09-04,2026-09-04,7376.07,7376.07,7376.07,,,2026-09-11 22:29:06
ac33f750b435418f9610,102,509,2026-09-05,2026-09-05,9706.85,9706.85,9706.85,,,2026-09-11 22:29:06
c805fa3cbf7f4852ad8b,120,509,2026-09-06,2026-09-06,1922.94,1922.94,1922.94,,,2026-09-11 22:29:06
76ce23476b5848898028,101,509,2026-09-07,2026-09-07,1555.74,1555.74,1555.74,,,2026-09-11 22:29:06
e32024096cad4ec7af61,115,509,2026-09-08,2026-09-08,521.97,521.97,521.97,,,2026-09-11 22:29:06
f47ad60a4d6d4374a9ea,113,509,2026-09-09,2026-09-09,585.14,585.14,585.14,,,2026-09-11 22:29:06
c0d9adfc098b436c9fa6,102,509,2026-08-11,2026-08-11,1531.87,1531.87,1531.87,,,2026-09-11 22:29:06
b1a8498ef29f4aab9aaf,117,509,2026-08-12,2026-08-12,1385.68,1385.68,1385.68,,,2026-09-11 22:29:06
14e09b03b3ca48fbae79,110,509,2026-08-13,2026-08-13,906.43,906.43,906.43,,,2026-09-11 22:29:06
cfbed333780f4e6a88b9,109,509,2026-08-14,2026-08-14,5629.89,5629.89,5629.89,,,2026-09-11 22:29:06
d8d9f29186404770802d,106,509,2026-08-15,2026-08-15,908.19,908.19,908.19,,,2026-09-11 22:29:06
fb0e2d7f9e324c13a047,105,509,2026-08-16,2026-08-16,9426.64,9426.64,9426.64,,,2026-09-11 22:29:06
fc1e1d5617a744689d92,115,509,2026-08-17,2026-08-17,815.04,815.04,815.04,,,2026-09-11 22:29:06
530e10925e1f4b3486ab,109,509,2026-08-18,2026-08-18,2644.1,2644.1,2644.1,,,2026-09-11 22:29:06
8d61cefc19df4827b521,118,509,2026-08-19,2026-08-19,699.07,699.07,699.07,,,2026-09-11 22:29:06
cf0cb59ea34748f78417,106,509,2026-08-20,2026-08-20,1917.19,1917.19,1917.19,,,2026-09-11 22:29:06
ae9e70896ec1458ca43e,110,509,2026-08-21,2026-08-21,4978.26,4978.26,4978.26,,,2026-09-11 22:29:06
41a396c9bd8647449755,120,509,2026-08-22,2026-08-22,4202.55,4202.55,4202.55,,,2026-09-11 22:29:06
7b6f29696aac4df0a63c,104,509,2026-08-23,2026-08-23,512.7,512.7,512.7,,,2026-09-11 22:29:06
51e4c92655954a5ab99a,111,509,2026-08-24,2026-08-24,2198.18,2198.18,2198.18,,,2026-09-11 22:29:06
1117c0f3f798435ab360,109,509,2026-08-25,2026-08-25,935.51,935.51,935.51,,,2026-09-11 22:29:06
f29a24c845f8475b9553,117,509,2026-08-26,2026-08-26,114.2,114.2,114.2,,,2026-09-11 22:29:06
d68750b2a7f64b9398e3,103,509,2026-08-27,2026-08-27,651.83,651.83,651.83,,,2026-09-11 22:29:06
aebdc6a0b974499285c0,108,509,2026-08-28,2026-08-28,1494.89,1494.89,1494.89,,,2026-09-11 22:29:06
c3ddd4b5ed464d0eb225,108,509,2026-08-29,2026-08-29,889.71,889.71,889.71,,,2026-09-11 22:29:06
07e126a47ff04896aaf6,109,509,2026-08-30,2026-08-30,2153.89,2153.89,2153.89,,,2026-09-11 22:29:06
8b3713d3ffdc416f8810,108,509,2026-08-31,2026-08-31,8248.82,8248.82,8248.82,,,2026-09-11 22:29:06
daa333adf4ef46528180,113,509,2026-09-01,2026-09-01,6976.43,6976.43,6976.43,,,2026-09-11 22:29:06
8b8dd1b3596e421f95b8,118,509,2026-09-02,2026-09-02,508.12,508.12,508.12,,,2026-09-11 22:29:06
7f0183ad07de4599b17a,112,509,2026-09-03,2026-09-03,2814.77,2814.77,2814.77,,,2026-09-11 22:29:06
e22ff95b93e941ca9489,113,509,2026-09-04,2026-09-04,6838.21,6838.21,6838.21,,,2026-09-11 22:29:06
04d703b356cf400cb2d4,105,509,2026-09-05,2026-09-05,7571.85,7571.85,7571.85,,,2026-09-11 22:29:06
cce8facb537a4d68b793,115,509,2026-09-06,2026-09-06,42.68,42.68,42.68,,,2026-09-11 22:29:06
b0e58af952ef4beb94d5,103,509,2026-09-07,2026-09-07,5765.96,5765.96,5765.96,,,2026-09-11 22:29:06
37410a0ea8104fed9ca9,111,509,2026-09-08,2026-09-08,6194.87,6194.87,6194.87,,,2026-09-11 22:29:06
066f98ac487341d7ba96,116,509,2026-09-09,2026-09-09,245.98,245.98,245.98,,,2026-09-11 22:29:06
c40e0a95307e4979a283,114,509,2026-08-11,2026-08-11,256.41,256.41,256.41,,,2026-09-11 22:29:06
77f89ebbb23246c7b0db,120,509,2026-08-12,2026-08-12,4814.45,4814.45,4814.45,,,2026-09-11 22:29:06
33f80bbae6f847698b5e,105,509,2026-08-13,2026-08-13,1064.24,1064.24,1064.24,,,2026-09-11 22:29:06
a8b3dbbe1a744e61b542,120,509,2026-08-14,2026-08-14,3305.53,3305.53,3305.53,,,2026-09-11 22:29:06
9006a0dfc9f44aceb328,106,509,2026-08-15,2026-08-15,488.8,488.8,488.8,,,2026-09-11 22:29:06
5069cf21c9a54ddbaf39,103,509,2026-08-16,2026-08-16,354.71,354.71,354.71,,,2026-09-11 22:29:06
c86fdfe0a13f456aaea9,120,509,2026-08-17,2026-08-17,1080.44,1080.44,1080.44,,,2026-09-11 22:29:06
31470917c36447808021,119,509,2026-08-18,2026-08-18,3381.11,3381.11,3381.11,,,2026-09-11 22:29:06
ced47695206a4994a4bb,117,509,2026-08-19,2026-08-19,151.76,151.76,151.76,,,2026-09-11 22:29:06
05feb23049ad4c588910,117,509,2026-08-20,2026-08-20,3056.95,3056.95,3056.95,,,2026-09-11 22:29:06
99bdc40e32994fe7af66,106,509,2026-08-21,2026-08-21,2500.16,2500.16,2500.16,,,2026-09-11 22:29:06
d808a43a49f541a19bfe,102,509,2026-08-22,2026-08-22,1078.27,1078.27,1078.27,,,2026-09-11 22:29:06
cf4367a3b81247f5af92,115,509,2026-08-23,2026-08-23,281.99,281.99,281.99,,,2026-09-11 22:29:06
87e4cb8cfcf742f0baf0,108,509,2026-08-24,2026-08-24,842.13,842.13,842.13,,,2026-09-11 22:29:06
ec8f651b5e47432c98c0,109,509,2026-08-25,2026-08-25,3480.22,3480.22,3480.22,,,2026-09-11 22:29:06
353d961dcd214f49974f,120,509,2026-08-26,2026-08-26,3138.18,3138.18,3138.18,,,2026-09-11 22:29:06
72ed2b8cc92243428e5c,116,509,2026-08-27,2026-08-27,3621.12,3621.12,3621.12,,,2026-09-11 22:29:06
a14576e93dea46a5970f,104,509,2026-08-28,2026-08-28,3202.8,3202.8,3202.8,,,2026-09-11 22:29:06
295b0b87fd2e4d79a669,120,509,2026-08-29,2026-08-29,1659.86,1659.86,1659.86,,,2026-09-11 22:29:06
422bb606d96f46518ba0,102,509,2026-08-30,2026-08-30,2038.79,2038.79,2038.79,,,2026-09-11 22:29:06
810f839e39124a59b4dc,110,509,2026-08-31,2026-08-31,8959,8959,8959,,,2026-09-11 22:29:06
ee68661746414a4ba46c,107,509,2026-09-01,2026-09-01,1313.7,1313.7,1313.7,,,2026-09-11 22:29:06
0aa693bd201e4fcc8f89,107,509,2026-09-02,2026-09-02,9602.8,9602.8,9602.8,,,2026-09-11 22:29:06
3647c7fe022c4a02b421,101,509,2026-09-03,2026-09-03,3366.43,3366.43,3366.43,,,2026-09-11 22:29:06
dcbce79c007e4b1fad83,104,509,2026-09-04,2026-09-04,4836.64,4836.64,4836.64,,,2026-09-11 22:29:06
80808e60de2e44059eae,118,509,2026-09-05,2026-09-05,4371.48,4371.48,4371.48,,,2026-09-11 22:29:06
1e906a1d2d454581b597,106,509,2026-09-06,2026-09-06,2909.3,2909.3,2909.3,,,2026-09-11 22:29:06
d20bdf689c4046529128,107,509,2026-09-07,2026-09-07,5205.97,5205.97,5205.97,,,2026-09-11 22:29:06
191355ee73dd4bacb940,114,509,2026-09-08,2026-09-08,63.6,63.6,63.6,,,2026-09-11 22:29:06
a530dcf03e29445eaca2,112,509,2026-09-09,2026-09-09,197.78,197.78,197.78,,,2026-09-11 22:29:06
f45ac6f1a01146448464,120,509,2026-08-11,2026-08-11,779.88,779.88,779.88,,,2026-09-11 22:29:06
632eb33025b946039816,117,509,2026-08-12,2026-08-12,597.47,597.47,597.47,,,2026-09-11 22:29:06
23fe1f91ae464ce5a82c,115,509,2026-08-13,2026-08-13,1316.98,1316.98,1316.98,,,2026-09-11 22:29:06
0e346706d1ca41acbb59,115,509,2026-08-14,2026-08-14,3899.24,3899.24,3899.24,,,2026-09-11 22:29:06
58f73f4220874493bbd6,118,509,2026-08-15,2026-08-15,6184.84,6184.84,6184.84,,,2026-09-11 22:29:06
f2fc3c43a9d64fdeb071,106,509,2026-08-16,2026-08-16,1152.15,1152.15,1152.15,,,2026-09-11 22:29:06
24549537bad743af92e5,117,509,2026-08-17,2026-08-17,439.98,439.98,439.98,,,2026-09-11 22:29:06
f3cb666725db446c9fff,106,509,2026-08-18,2026-08-18,3640.72,3640.72,3640.72,,,2026-09-11 22:29:06
eff51f21cad64a21bc23,107,509,2026-08-19,2026-08-19,1365.15,1365.15,1365.15,,,2026-09-11 22:29:06
8f88cd10bb4b4c209d39,105,509,2026-08-20,2026-08-20,18.94,18.94,18.94,,,2026-09-11 22:29:06
cdebf672f1ba4e1eb614,107,509,2026-08-21,2026-08-21,433.26,433.26,433.26,,,2026-09-11 22:29:06
d44ff1862236434baacd,111,509,2026-08-22,2026-08-22,2050.66,2050.66,2050.66,,,2026-09-11 22:29:06
6ffe6f4d6233434494e6,107,509,2026-08-23,2026-08-23,650.05,650.05,650.05,,,2026-09-11 22:29:06
6c01ca74246a450eb248,101,509,2026-08-24,2026-08-24,1268.22,1268.22,1268.22,,,2026-09-11 22:29:06
64ff398c94d34fd7b8b5,108,509,2026-08-25,2026-08-25,2134.15,2134.15,2134.15,,,2026-09-11 22:29:06
60a0dec0c0fb47f99d4c,111,509,2026-08-26,2026-08-26,716.77,716.77,716.77,,,2026-09-11 22:29:06
bf276a841bcf4a90903e,120,509,2026-08-27,2026-08-27,5525.02,5525.02,5525.02,,,2026-09-11 22:29:06
c8207095a3ac4bc99989,115,509,2026-08-28,2026-08-28,191.62,191.62,191.62,,,2026-09-11 22:29:06
45e35a38fba748c79e78,117,509,2026-08-29,2026-08-29,262.79,262.79,262.79,,,2026-09-11 22:29:06
7d05e549dbac479cac30,110,509,2026-08-30,2026-08-30,1062.31,1062.31,1062.31,,,2026-09-11 22:29:06
814734a54f204bc6a4fe,120,509,2026-08-31,2026-08-31,2658.22,2658.22,2658.22,,,2026-09-11 22:29:06
13b9c13b93024a58a135,119,509,2026-09-01,2026-09-01,1281.67,1281.67,1281.67,,,2026-09-11 22:29:06
acb65f224ff9421db290,101,509,2026-09-02,2026-09-02,3543.47,3543.47,3543.47,,,2026-09-11 22:29:06
b752b10c520a41c7859a,109,509,2026-09-03,2026-09-03,2086.18,2086.18,2086.18,,,2026-09-11 22:29:06
8b86a03445d341309326,106,509,2026-09-04,2026-09-04,4045.8,4045.8,4045.8,,,2026-09-11 22:29:06
c6315458ad674144b3d8,119,509,2026-09-05,2026-09-05,1748.89,1748.89,1748.89,,,2026-09-11 22:29:06
b7aeb2e8bafd46069e5a,120,509,2026-09-06,2026-09-06,2827.43,2827.43,2827.43,,,2026-09-11 22:29:06
062be08da97648b2a241,110,509,2026-09-07,2026-09-07,3025.98,3025.98,3025.98,,,2026-09-11 22:29:06
688cdc41be944af080b2,106,509,2026-09-08,2026-09-08,9851.55,9851.55,9851.55,,,2026-09-11 22:29:06
5c5751ec515d44e1b725,113,509,2026-09-09,2026-09-09,1947.35,1947.35,1947.35,,,2026-09-11 22:29:06
5a217b4dbe3e45eda348,104,509,2026-08-11,2026-08-11,1413.34,1413.34,1413.34,,,2026-09-11 22:29:06
47b61d95dc654366a235,102,509,2026-08-12,2026-08-12,1940.39,1940.39,1940.39,,,2026-09-11 22:29:06
f271f768c91a4fd486f6,117,509,2026-08-13,2026-08-13,872.11,872.11,872.11,,,2026-09-11 22:29:06
cdd3f73015d548ca9a3a,101,509,2026-08-14,2026-08-14,3844.11,3844.11,3844.11,,,2026-09-11 22:29:06
7555d60f791e4f488a89,118,509,2026-08-15,2026-08-15,400.24,400.24,400.24,,,2026-09-11 22:29:06
4555f32f22284083ab31,102,509,2026-08-16,2026-08-16,1012.02,1012.02,1012.02,,,2026-09-11 22:29:06
d113291ac1594316a758,111,509,2026-08-17,2026-08-17,194.65,194.65,194.65,,,2026-09-11 22:29:06
92137d0601cc4717b8af,117,509,2026-08-18,2026-08-18,3335.01,3335.01,3335.01,,,2026-09-11 22:29:06
f54f71626d2042aa9e60,108,509,2026-08-19,2026-08-19,2262.3,2262.3,2262.3,,,2026-09-11 22:29:06
f2c9407607b94943b0eb,101,509,2026-08-20,2026-08-20,4443.16,4443.16,4443.16,,,2026-09-11 22:29:06
52fe2eb5aef644ca81ae,114,509,2026-08-21,2026-08-21,5097.74,5097.74,5097.74,,,2026-09-11 22:29:06
e8374a9d794c47bb82b1,120,509,2026-08-22,2026-08-22,2626.87,2626.87,2626.87,,,2026-09-11 22:29:06
f2c1863bc0414133829a,116,509,2026-08-23,2026-08-23,1486.27,1486.27,1486.27,,,2026-09-11 22:29:06
7a2ee62a12d8477d871f,104,509,2026-08-24,2026-08-24,2176.61,2176.61,2176.61,,,2026-09-11 22:29:06
7803a1c14c764efa8340,110,509,2026-08-25,2026-08-25,865.36,865.36,865.36,,,2026-09-11 22:29:06
cf2f6d8e99344ba9a0e0,115,509,2026-08-26,2026-08-26,2334.34,2334.34,2334.34,,,2026-09-11 22:29:06
08345c6ea1f44d028ecd,107,509,2026-08-27,2026-08-27,8980.86,8980.86,8980.86,,,2026-09-11 22:29:06
97d16eb19cdd4c29b15f,105,509,2026-08-28,2026-08-28,8442.84,8442.84,8442.84,,,2026-09-11 22:29:06
de78d3cfb7ca4a2fa41f,107,509,2026-08-29,2026-08-29,2429.59,2429.59,2429.59,,,2026-09-11 22:29:06
8e98b97cae974835a696,119,509,2026-08-30,2026-08-30,3537.41,3537.41,3537.41,,,2026-09-11 22:29:06
f47cca9e81574681b879,115,509,2026-08-31,2026-08-31,4732.12,4732.12,4732.12,,,2026-09-11 22:29:06
2d6f846516e94e878253,110,509,2026-09-01,2026-09-01,6936.05,6936.05,6936.05,,,2026-09-11 22:29:06
f7c68b8f5b4f4b7298c9,103,509,2026-09-02,2026-09-02,5003.64,5003.64,5003.64,,,2026-09-11 22:29:06
f5b25c99f484489490fb,118,509,2026-09-03,2026-09-03,3092.63,3092.63,3092.63,,,2026-09-11 22:29:06
8ea7048fc834407983b4,114,509,2026-09-04,2026-09-04,1838.16,1838.16,1838.16,,,2026-09-11 22:29:06
859f484b42e44d66aeae,101,509,2026-09-05,2026-09-05,6826.47,6826.47,6826.47,,,2026-09-11 22:29:06
8095c74e2cc643aaba89,117,509,2026-09-06,2026-09-06,1333.93,1333.93,1333.93,,,2026-09-11 22:29:06
5daa04d312e744019fb1,105,509,2026-09-07,2026-09-07,8050.75,8050.75,8050.75,,,2026-09-11 22:29:06
9c186f92d57145409222,104,509,2026-09-08,2026-09-08,274.61,274.61,274.61,,,2026-09-11 22:29:06
f4c65f3012a44d60a187,109,509,2026-09-09,2026-09-09,3105.99,3105.99,3105.99,,,2026-09-11 22:29:06
acd1b44145d7442396c7,112,509,2026-08-11,2026-08-11,1820.51,1820.51,1820.51,,,2026-09-11 22:29:06
de4f4960d6d240b28f98,117,509,2026-08-12,2026-08-12,7652.38,7652.38,7652.38,,,2026-09-11 22:29:06
4db3e5a5df514ff79018,109,509,2026-08-13,2026-08-13,5567.07,5567.07,5567.07,,,2026-09-11 22:29:06
6468c50c8d1b49b98048,104,509,2026-08-14,2026-08-14,726.54,726.54,726.54,,,2026-09-11 22:29:06
6bbb31a1ac3842a18189,116,509,2026-08-15,2026-08-15,221.03,221.03,221.03,,,2026-09-11 22:29:06
db3eef14bfd24c0e9cad,116,509,2026-08-16,2026-08-16,2521.22,2521.22,2521.22,,,2026-09-11 22:29:06
5cccf21b862a4669b4e0,108,509,2026-08-17,2026-08-17,859.65,859.65,859.65,,,2026-09-11 22:29:06
dd69409f36e64506ae74,113,509,2026-08-18,2026-08-18,1200.77,1200.77,1200.77,,,2026-09-11 22:29:06
a7fa8d7cbb5144439dc6,116,509,2026-08-19,2026-08-19,2259.37,2259.37,2259.37,,,2026-09-11 22:29:06
c145bf6a43b3484a8716,114,509,2026-08-20,2026-08-20,779.04,779.04,779.04,,,2026-09-11 22:29:06
3bcfb580ed2d422f8c17,113,509,2026-08-21,2026-08-21,262.74,262.74,262.74,,,2026-09-11 22:29:06
f50469a31a4c4bc2b97a,111,509,2026-08-22,2026-08-22,8724.58,8724.58,8724.58,,,2026-09-11 22:29:06
054e3d48be664ab6b3a7,111,509,2026-08-23,2026-08-23,8878.95,8878.95,8878.95,,,2026-09-11 22:29:06
5c9806ebd22b4748af9d,118,509,2026-08-24,2026-08-24,3556.39,3556.39,3556.39,,,2026-09-11 22:29:06
df9c6606ae114db49298,120,509,2026-08-25,2026-08-25,196.82,196.82,196.82,,,2026-09-11 22:29:06
6cc8d869ef874471b859,114,509,2026-08-26,2026-08-26,8141.95,8141.95,8141.95,,,2026-09-11 22:29:06
62fe8bfc886842cf9f33,105,509,2026-08-27,2026-08-27,3369.67,3369.67,3369.67,,,2026-09-11 22:29:06
7e28d233610a4067bc6b,116,509,2026-08-28,2026-08-28,327.53,327.53,327.53,,,2026-09-11 22:29:06
68b36886af0543769035,112,509,2026-08-29,2026-08-29,9899.34,9899.34,9899.34,,,2026-09-11 22:29:06
1e6a15171a2a4d899430,103,509,2026-08-30,2026-08-30,1130.7,1130.7,1130.7,,,2026-09-11 22:29:06
8d2fbb660a504119805f,101,509,2026-08-31,2026-08-31,2528.12,2528.12,2528.12,,,2026-09-11 22:29:06
46d560c227324cbcb27e,118,509,2026-09-01,2026-09-01,702.75,702.75,702.75,,,2026-09-11 22:29:06
7f01581a057b45fb84d8,110,509,2026-09-02,2026-09-02,932.58,932.58,932.58,,,2026-09-11 22:29:06
4c8212cbd35d43ba8399,106,509,2026-09-03,2026-09-03,2934.89,2934.89,2934.89,,,2026-09-11 22:29:06
c0a98d1af49c4d86b7c6,109,509,2026-09-04,2026-09-04,2252.44,2252.44,2252.44,,,2026-09-11 22:29:06
a98c7c06d4f64978aaf0,108,509,2026-09-05,2026-09-05,4391.03,4391.03,4391.03,,,2026-09-11 22:29:06
c74dbe98474d4ae69316,105,509,2026-09-06,2026-09-06,2165.86,2165.86,2165.86,,,2026-09-11 22:29:06
b36246dc74104224a635,118,509,2026-09-07,2026-09-07,3059.7,3059.7,3059.7,,,2026-09-11 22:29:06
dbb0a1fe30e84b95b724,120,509,2026-09-08,2026-09-08,488.16,488.16,488.16,,,2026-09-11 22:29:06
69c48abb68c54ea9b652,104,509,2026-09-09,2026-09-09,2851.91,2851.91,2851.91,,,2026-09-11 22:29:06
5cb87920dc3d4bf3b06e,116,509,2026-08-11,2026-08-11,5514.26,5514.26,5514.26,,,2026-09-11 22:29:06
d914382a33bb408d9ed0,106,509,2026-08-12,2026-08-12,1574.72,1574.72,1574.72,,,2026-09-11 22:29:06
ef6f036f74384245a9e7,119,509,2026-08-13,2026-08-13,415.34,415.34,415.34,,,2026-09-11 22:29:06
51cc09dcb63b48b4892b,102,509,2026-08-14,2026-08-14,4084.75,4084.75,4084.75,,,2026-09-11 22:29:06
8c74f6ee7ea146c0ac59,111,509,2026-08-15,2026-08-15,1911.3,1911.3,1911.3,,,2026-09-11 22:29:06
d6e97a0916d64e7d8da4,109,509,2026-08-16,2026-08-16,2121.82,2121.82,2121.82,,,2026-09-11 22:29:06
46e5c6719c4a4a4aa68b,108,509,2026-08-17,2026-08-17,2315.55,2315.55,2315.55,,,2026-09-11 22:29:06
e6cbb5a4b43b4c6b8b8f,120,509,2026-08-18,2026-08-18,1412.52,1412.52,1412.52,,,2026-09-11 22:29:06
36867d7231b6431fa075,119,509,2026-08-19,2026-08-19,457.54,457.54,457.54,,,2026-09-11 22:29:06
545ab6e53c814d94bca0,105,509,2026-08-20,2026-08-20,2928.21,2928.21,2928.21,,,2026-09-11 22:29:06
1f1aac0cda744f41b41e,103,509,2026-08-21,2026-08-21,2405.73,2405.73,2405.73,,,2026-09-11 22:29:06
4b05b20949fb4fa79708,109,509,2026-08-22,2026-08-22,1768.33,1768.33,1768.33,,,2026-09-11 22:29:06
8a0c49d94c3c4f178ede,105,509,2026-08-23,2026-08-23,5234.83,5234.83,5234.83,,,2026-09-11 22:29:06
f3ffaffb5a5c4d5fa943,115,509,2026-08-24,2026-08-24,455.9,455.9,455.9,,,2026-09-11 22:29:06
dbedd7a742d442fc8c0f,109,509,2026-08-25,2026-08-25,788.84,788.84,788.84,,,2026-09-11 22:29:06
47140e56425841ad9490,113,509,2026-08-26,2026-08-26,6315.5,6315.5,6315.5,,,2026-09-11 22:29:06
7be350b7f103487bb6e7,119,509,2026-08-27,2026-08-27,1072.16,1072.16,1072.16,,,2026-09-11 22:29:06
c73393c9a045450b80c5,118,509,2026-08-28,2026-08-28,54.06,54.06,54.06,,,2026-09-11 22:29:06
1584f07cccc54af1ac2f,108,509,2026-08-29,2026-08-29,5946.19,5946.19,5946.19,,,2026-09-11 22:29:06
976b59108e77443bb141,118,509,2026-08-30,2026-08-30,907.36,907.36,907.36,,,2026-09-11 22:29:06
5eef09c5598a4408895b,107,509,2026-08-31,2026-08-31,5648.8,5648.8,5648.8,,,2026-09-11 22:29:06
292f047376e445118a54,101,509,2026-09-01,2026-09-01,565.34,565.34,565.34,,,2026-09-11 22:29:06
06efbc8053684e16b25a,112,509,2026-09-02,2026-09-02,1796.5,1796.5,1796.5,,,2026-09-11 22:29:06
4d294b5ae3a443c88b93,115,509,2026-09-03,2026-09-03,5652.13,5652.13,5652.13,,,2026-09-11 22:29:06
1e4a9d6bc0b94149a227,104,509,2026-09-04,2026-09-04,1521.3,1521.3,1521.3,,,2026-09-11 22:29:06
37f7fdec4e514f7a8481,107,509,2026-09-05,2026-09-05,3837.37,3837.37,3837.37,,,2026-09-11 22:29:06
3f2f1d5c972641daa945,110,509,2026-09-06,2026-09-06,9586.87,9586.87,9586.87,,,2026-09-11 22:29:06
1f30df445318407381a4,114,509,2026-09-07,2026-09-07,1821.09,1821.09,1821.09,,,2026-09-11 22:29:06
9b46c992e6d1472aa88f,108,509,2026-09-08,2026-09-08,1246.05,1246.05,1246.05,,,2026-09-11 22:29:06
6c9def6792bb41f783c3,119,509,2026-09-09,2026-09-09,2292.97,2292.97,2292.97,,,2026-09-11 22:29:06
6cadf79d271742059d1f,110,509,2026-08-11,2026-08-11,2714.85,2714.85,2714.85,,,2026-09-11 22:29:06
4ebff8dd731e411fa7fe,110,509,2026-08-12,2026-08-12,4854.87,4854.87,4854.87,,,2026-09-11 22:29:06
b4c57eaa049b4ec0a1f7,108,509,2026-08-13,2026-08-13,3372.23,3372.23,3372.23,,,2026-09-11 22:29:06
a72815d3d22b4152b968,118,509,2026-08-14,2026-08-14,927.41,927.41,927.41,,,2026-09-11 22:29:06
9aeeec680d704c4c8f12,103,509,2026-08-15,2026-08-15,2719.14,2719.14,2719.14,,,2026-09-11 22:29:06
0d7915a7602d41f19621,109,509,2026-08-16,2026-08-16,2885.69,2885.69,2885.69,,,2026-09-11 22:29:06
0d44854472284eda9788,120,509,2026-08-17,2026-08-17,133.94,133.94,133.94,,,2026-09-11 22:29:06
948837b7dc9a44a99cd5,107,509,2026-08-18,2026-08-18,2887.28,2887.28,2887.28,,,2026-09-11 22:29:06
16fa6ca10b8a494781e2,104,509,2026-08-19,2026-08-19,442.78,442.78,442.78,,,2026-09-11 22:29:06
aee45b980f2342adb395,109,509,2026-08-20,2026-08-20,1160.18,1160.18,1160.18,,,2026-09-11 22:29:06
d0159ebb267248d7b6d3,102,509,2026-08-21,2026-08-21,7240.36,7240.36,7240.36,,,2026-09-11 22:29:06
a0d350175e1347b898d1,106,509,2026-08-22,2026-08-22,1949.68,1949.68,1949.68,,,2026-09-11 22:29:06
084e193721cf4423aa4c,107,509,2026-08-23,2026-08-23,1170.7,1170.7,1170.7,,,2026-09-11 22:29:06
841080c7285148d2b6e2,118,509,2026-08-24,2026-08-24,1092.51,1092.51,1092.51,,,2026-09-11 22:29:06
5d69add6a88f4462ae50,109,509,2026-08-25,2026-08-25,766.5,766.5,766.5,,,2026-09-11 22:29:06
dabff2d55b2941dd9f99,117,509,2026-08-26,2026-08-26,97.72,97.72,97.72,,,2026-09-11 22:29:06
7c918ec514414f6aa476,111,509,2026-08-27,2026-08-27,2797.13,2797.13,2797.13,,,2026-09-11 22:29:06
feba4693e3d1484a9166,109,509,2026-08-28,2026-08-28,655.46,655.46,655.46,,,2026-09-11 22:29:06
6edd1cd6a1c341f29e50,117,509,2026-08-29,2026-08-29,4101.94,4101.94,4101.94,,,2026-09-11 22:29:06
0ef1848c926542108d37,106,509,2026-08-30,2026-08-30,8759.51,8759.51,8759.51,,,2026-09-11 22:29:06
f1ff81d08b394201b69d,109,509,2026-08-31,2026-08-31,345,345,345,,,2026-09-11 22:29:06
510756349f2541ef972a,120,509,2026-09-01,2026-09-01,167.26,167.26,167.26,,,2026-09-11 22:29:06
1b940c6a4ce94833be4b,117,509,2026-09-02,2026-09-02,1311.39,1311.39,1311.39,,,2026-09-11 22:29:06
d5c4b6bbeab9407eb84a,114,509,2026-09-03,2026-09-03,6187.38,6187.38,6187.38,,,2026-09-11 22:29:06
a2e70d17d6c942e08269,104,509,2026-09-04,2026-09-04,331.74,331.74,331.74,,,2026-09-11 22:29:06
272167930e8245168174,115,509,2026-09-05,2026-09-05,3671.25,3671.25,3671.25,,,2026-09-11 22:29:06
2bf999568311407f8797,104,509,2026-09-06,2026-09-06,1601.79,1601.79,1601.79,,,2026-09-11 22:29:06
ec62ebd35afe4feeaaa1,110,509,2026-09-07,2026-09-07,2245.49,2245.49,2245.49,,,2026-09-11 22:29:06
f09821d2b1d44f75beeb,110,509,2026-09-08,2026-09-08,6314.45,6314.45,6314.45,,,2026-09-11 22:29:06
69b774aaba5e4566a93c,116,509,2026-09-09,2026-09-09,142.22,142.22,142.22,,,2026-09-11 22:29:06
7c28896dffaa4cd68f4b,116,510,2026-08-11,2026-08-11,60.83,60.83,60.83,,,2026-09-11 22:29:06
a11bd79372ec46199926,103,510,2026-08-12,2026-08-12,788.02,788.02,788.02,,,2026-09-11 22:29:06
a186ba46093746229137,104,510,2026-08-13,2026-08-13,3706.9,3706.9,3706.9,,,2026-09-11 22:29:06
7515180e247d4f16b643,120,510,2026-08-14,2026-08-14,4621.28,4621.28,4621.28,,,2026-09-11 22:29:06
4834d52678fe4eb1ab08,106,510,2026-08-15,2026-08-15,1241.98,1241.98,1241.98,,,2026-09-11 22:29:06
d68dd1442d7843a1aff8,104,510,2026-08-16,2026-08-16,1811.11,1811.11,1811.11,,,2026-09-11 22:29:06
9493762b95844497a2d5,106,510,2026-08-17,2026-08-17,344.87,344.87,344.87,,,2026-09-11 22:29:06
53f30f133399436b9e86,120,510,2026-08-18,2026-08-18,96.96,96.96,96.96,,,2026-09-11 22:29:06
61078e246ed94558be16,111,510,2026-08-19,2026-08-19,3946.45,3946.45,3946.45,,,2026-09-11 22:29:06
90e955f15b684d3385f6,114,510,2026-08-20,2026-08-20,500.82,500.82,500.82,,,2026-09-11 22:29:06
2dd70afd7d9e4e66b283,101,510,2026-08-21,2026-08-21,124.24,124.24,124.24,,,2026-09-11 22:29:06
b7b1ba8b3bf44afb818c,114,510,2026-08-22,2026-08-22,88.45,88.45,88.45,,,2026-09-11 22:29:06
4b87af4789ad45a48c4b,109,510,2026-08-23,2026-08-23,2302.29,2302.29,2302.29,,,2026-09-11 22:29:06
a215e9210ca84fb89a99,112,510,2026-08-24,2026-08-24,2181.4,2181.4,2181.4,,,2026-09-11 22:29:06
3863fde353bf4e8da599,110,510,2026-08-25,2026-08-25,1045.2,1045.2,1045.2,,,2026-09-11 22:29:06
c23f9214bb0142e68f0a,113,510,2026-08-26,2026-08-26,95.84,95.84,95.84,,,2026-09-11 22:29:06
82e51af8970a4da5bdab,104,510,2026-08-27,2026-08-27,466.86,466.86,466.86,,,2026-09-11 22:29:06
c58d910a676548839b91,117,510,2026-08-28,2026-08-28,22.71,22.71,22.71,,,2026-09-11 22:29:06
051f00d7377f4148be9c,112,510,2026-08-29,2026-08-29,65.89,65.89,65.89,,,2026-09-11 22:29:06
45a723592cff4818bf9b,101,510,2026-08-30,2026-08-30,426.37,426.37,426.37,,,2026-09-11 22:29:06
5fd99a43e64f47b38a30,104,510,2026-08-31,2026-08-31,76.1,76.1,76.1,,,2026-09-11 22:29:06
e3ccea37fdcf43f8a136,101,510,2026-09-01,2026-09-01,6227.37,6227.37,6227.37,,,2026-09-11 22:29:06
379149ac22944735a493,103,510,2026-09-02,2026-09-02,2946.23,2946.23,2946.23,,,2026-09-11 22:29:06
e10f8ca9a4d6456dbfbd,112,510,2026-09-03,2026-09-03,2583.66,2583.66,2583.66,,,2026-09-11 22:29:06
27b0ce46fdf640fbae05,119,510,2026-09-04,2026-09-04,1737.24,1737.24,1737.24,,,2026-09-11 22:29:06
1f3f24829a4140bf9516,104,510,2026-09-05,2026-09-05,985.7,985.7,985.7,,,2026-09-11 22:29:06
6e43d6b26a3749c9b8c2,110,510,2026-09-06,2026-09-06,3182.96,3182.96,3182.96,,,2026-09-11 22:29:06
cd38f24e51ba42b58e21,110,510,2026-09-07,2026-09-07,34.38,34.38,34.38,,,2026-09-11 22:29:06
dacc0ab8fdb64f7f809a,101,510,2026-09-08,2026-09-08,3194.44,3194.44,3194.44,,,2026-09-11 22:29:06
49216aeb9e3548f6b839,120,510,2026-09-09,2026-09-09,2057.88,2057.88,2057.88,,,2026-09-11 22:29:06
7792610be0374d95b2cd,115,510,2026-08-11,2026-08-11,571.5,571.5,571.5,,,2026-09-11 22:29:06
059a14b0619240e98f93,105,510,2026-08-12,2026-08-12,434.26,434.26,434.26,,,2026-09-11 22:29:06
ee10c35199a14db6aae9,102,510,2026-08-13,2026-08-13,1072.51,1072.51,1072.51,,,2026-09-11 22:29:06
76922b927ea246b78543,101,510,2026-08-14,2026-08-14,382.91,382.91,382.91,,,2026-09-11 22:29:06
b6c5f69c319842639a86,117,510,2026-08-15,2026-08-15,2053.18,2053.18,2053.18,,,2026-09-11 22:29:06
0a4a04b86713443d8e9c,110,510,2026-08-16,2026-08-16,4336.87,4336.87,4336.87,,,2026-09-11 22:29:06
83e017a14ff442f5b546,112,510,2026-08-17,2026-08-17,1695.44,1695.44,1695.44,,,2026-09-11 22:29:06
c193fdc869c84652989c,105,510,2026-08-18,2026-08-18,1380.99,1380.99,1380.99,,,2026-09-11 22:29:06
6e1f7546f42448d3b75d,111,510,2026-08-19,2026-08-19,1134.02,1134.02,1134.02,,,2026-09-11 22:29:06
46e4e690f9ac4deeb07a,115,510,2026-08-20,2026-08-20,1051.72,1051.72,1051.72,,,2026-09-11 22:29:06
36ada48c994b4401958a,113,510,2026-08-21,2026-08-21,6259.62,6259.62,6259.62,,,2026-09-11 22:29:06
8cdbff61fe064a998359,106,510,2026-08-22,2026-08-22,2727.24,2727.24,2727.24,,,2026-09-11 22:29:06
b97089f82ed747cdab2b,106,510,2026-08-23,2026-08-23,1055.95,1055.95,1055.95,,,2026-09-11 22:29:06
400129f905d541c7b9a4,109,510,2026-08-24,2026-08-24,1268.62,1268.62,1268.62,,,2026-09-11 22:29:06
59bf17cbdb154413b0e7,101,510,2026-08-25,2026-08-25,98.68,98.68,98.68,,,2026-09-11 22:29:06
cd504b114d6d41e1ba18,101,510,2026-08-26,2026-08-26,1699.22,1699.22,1699.22,,,2026-09-11 22:29:06
6cb58bdaa57a427f90d3,101,510,2026-08-27,2026-08-27,783.65,783.65,783.65,,,2026-09-11 22:29:06
100cdd793b4049258e8f,101,510,2026-08-28,2026-08-28,613.22,613.22,613.22,,,2026-09-11 22:29:06
37da36800a724093ba46,114,510,2026-08-29,2026-08-29,1300.56,1300.56,1300.56,,,2026-09-11 22:29:06
84e2863a158b4f38bb8a,111,510,2026-08-30,2026-08-30,273.94,273.94,273.94,,,2026-09-11 22:29:06
be95bfde03b046219b61,113,510,2026-08-31,2026-08-31,292.83,292.83,292.83,,,2026-09-11 22:29:06
ba0d4b5dc49f4c37b200,106,510,2026-09-01,2026-09-01,2520.16,2520.16,2520.16,,,2026-09-11 22:29:06
564c960e289c4659a13f,108,510,2026-09-02,2026-09-02,107.66,107.66,107.66,,,2026-09-11 22:29:06
c117763d861a4ac19a01,113,510,2026-09-03,2026-09-03,3334,3334,3334,,,2026-09-11 22:29:06
28c4c84d770049f3802a,109,510,2026-09-04,2026-09-04,5337.46,5337.46,5337.46,,,2026-09-11 22:29:06
668d32343e3c44acafdc,118,510,2026-09-05,2026-09-05,463.87,463.87,463.87,,,2026-09-11 22:29:06
2e7fcb513d6547ceaec9,101,510,2026-09-06,2026-09-06,4108.15,4108.15,4108.15,,,2026-09-11 22:29:06
687baa8d7e114a6e8444,108,510,2026-09-07,2026-09-07,4128.94,4128.94,4128.94,,,2026-09-11 22:29:06
8eefb4b88e334821b5ce,120,510,2026-09-08,2026-09-08,187.59,187.59,187.59,,,2026-09-11 22:29:06
19b8cd96e9fa4fdea506,118,510,2026-09-09,2026-09-09,949.94,949.94,949.94,,,2026-09-11 22:29:06
a1836c94cd8b4fb798a3,113,510,2026-08-11,2026-08-11,513.23,513.23,513.23,,,2026-09-11 22:29:06
24648392688f4759a606,118,510,2026-08-12,2026-08-12,790.71,790.71,790.71,,,2026-09-11 22:29:06
dfd3410eaa794b63b262,103,510,2026-08-13,2026-08-13,5782.77,5782.77,5782.77,,,2026-09-11 22:29:06
4bd0db6ca7874b0db0d8,107,510,2026-08-14,2026-08-14,4301.11,4301.11,4301.11,,,2026-09-11 22:29:06
1d0b0c4cc33242f4a9d1,106,510,2026-08-15,2026-08-15,1700.78,1700.78,1700.78,,,2026-09-11 22:29:06
5323ab965e894857acd5,104,510,2026-08-16,2026-08-16,3511.31,3511.31,3511.31,,,2026-09-11 22:29:06
fb0be555e4b84b0587ca,102,510,2026-08-17,2026-08-17,22.18,22.18,22.18,,,2026-09-11 22:29:06
1bcd3e02f35c496c91e1,104,510,2026-08-18,2026-08-18,3342.2,3342.2,3342.2,,,2026-09-11 22:29:06
6729296967014546b8cd,116,510,2026-08-19,2026-08-19,1453.82,1453.82,1453.82,,,2026-09-11 22:29:06
0bb362e4bc2d413ba2fc,114,510,2026-08-20,2026-08-20,585.82,585.82,585.82,,,2026-09-11 22:29:06
bc58a737cb354be49069,111,510,2026-08-21,2026-08-21,6571.63,6571.63,6571.63,,,2026-09-11 22:29:06
263e04feb248427ea78a,113,510,2026-08-22,2026-08-22,477.83,477.83,477.83,,,2026-09-11 22:29:06
3a72171817df49158863,118,510,2026-08-23,2026-08-23,2180.8,2180.8,2180.8,,,2026-09-11 22:29:06
cde1a558802844929133,102,510,2026-08-24,2026-08-24,3752.03,3752.03,3752.03,,,2026-09-11 22:29:06
af1e607ee1594ca3a306,116,510,2026-08-25,2026-08-25,3638.46,3638.46,3638.46,,,2026-09-11 22:29:06
f72cd4ee11664ae7a9cb,118,510,2026-08-26,2026-08-26,387.58,387.58,387.58,,,2026-09-11 22:29:06
307b72e899af4d07b15d,106,510,2026-08-27,2026-08-27,4065.92,4065.92,4065.92,,,2026-09-11 22:29:06
8b1169e2816f4d068069,104,510,2026-08-28,2026-08-28,196.16,196.16,196.16,,,2026-09-11 22:29:06
c0f9f0f3897d48d9aecf,113,510,2026-08-29,2026-08-29,1041.76,1041.76,1041.76,,,2026-09-11 22:29:06
ff877ee0978f4bbf9538,107,510,2026-08-30,2026-08-30,7177.9,7177.9,7177.9,,,2026-09-11 22:29:06
43cfdb953b67470a9825,112,510,2026-08-31,2026-08-31,1582.12,1582.12,1582.12,,,2026-09-11 22:29:06
c654aef6eebf498691d7,108,510,2026-09-01,2026-09-01,932.75,932.75,932.75,,,2026-09-11 22:29:06
e2bfef66dd1d490bb0b3,118,510,2026-09-02,2026-09-02,24.85,24.85,24.85,,,2026-09-11 22:29:06
a9726d36fb5b4da0a21b,105,510,2026-09-03,2026-09-03,1572.44,1572.44,1572.44,,,2026-09-11 22:29:06
2c9b0b23bcbd416e990a,105,510,2026-09-04,2026-09-04,107.82,107.82,107.82,,,2026-09-11 22:29:06
44bca8a1934948f68b1d,102,510,2026-09-05,2026-09-05,2342.92,2342.92,2342.92,,,2026-09-11 22:29:06
bc27a38c887d447ca484,110,510,2026-09-06,2026-09-06,5397.93,5397.93,5397.93,,,2026-09-11 22:29:06
a0f5bb5fcedc4440beb2,111,510,2026-09-07,2026-09-07,1669.14,1669.14,1669.14,,,2026-09-11 22:29:06
7a36974c583144b9b24c,107,510,2026-09-08,2026-09-08,4616.76,4616.76,4616.76,,,2026-09-11 22:29:06
d72e4648f1874729ba2d,115,510,2026-09-09,2026-09-09,911.04,911.04,911.04,,,2026-09-11 22:29:06
b17c510e53b94d5baacf,118,510,2026-08-11,2026-08-11,282.19,282.19,282.19,,,2026-09-11 22:29:06
cb3e7098331b4e818a02,101,510,2026-08-12,2026-08-12,186.08,186.08,186.08,,,2026-09-11 22:29:06
6e63d8bd997b4b1aa34d,101,510,2026-08-13,2026-08-13,3650.57,3650.57,3650.57,,,2026-09-11 22:29:06
01354879ceb0438493ff,119,510,2026-08-14,2026-08-14,6284.34,6284.34,6284.34,,,2026-09-11 22:29:06
1c364fad68154652a783,103,510,2026-08-15,2026-08-15,5477.3,5477.3,5477.3,,,2026-09-11 22:29:06
5e06b1e2a7ef40ed9d14,111,510,2026-08-16,2026-08-16,2683.34,2683.34,2683.34,,,2026-09-11 22:29:06
c1dc59c6439746b6a7f5,113,510,2026-08-17,2026-08-17,3061.78,3061.78,3061.78,,,2026-09-11 22:29:06
fb1c60e8a48e49a39c4e,110,510,2026-08-18,2026-08-18,4760.15,4760.15,4760.15,,,2026-09-11 22:29:06
cbb9502b90374e139092,116,510,2026-08-19,2026-08-19,5199.74,5199.74,5199.74,,,2026-09-11 22:29:06
6acafc3f7f8441dca77e,118,510,2026-08-20,2026-08-20,3208.82,3208.82,3208.82,,,2026-09-11 22:29:06
6c12885896c64515b20c,102,510,2026-08-21,2026-08-21,1451.75,1451.75,1451.75,,,2026-09-11 22:29:06
b0284c318403450c91e4,102,510,2026-08-22,2026-08-22,733.28,733.28,733.28,,,2026-09-11 22:29:06
30bd5be91d7f4a42b903,116,510,2026-08-23,2026-08-23,1454.1,1454.1,1454.1,,,2026-09-11 22:29:06
89cd58ed2fe2450888ea,115,510,2026-08-24,2026-08-24,5627.85,5627.85,5627.85,,,2026-09-11 22:29:06
0f69efabbe4247e7a5b4,102,510,2026-08-25,2026-08-25,3281.43,3281.43,3281.43,,,2026-09-11 22:29:06
9ad0ebe0051a4d7f9844,102,510,2026-08-26,2026-08-26,3921.42,3921.42,3921.42,,,2026-09-11 22:29:06
f80c62a373784cd4a505,119,510,2026-08-27,2026-08-27,216.81,216.81,216.81,,,2026-09-11 22:29:06
10d641592ad64e77a6a7,102,510,2026-08-28,2026-08-28,778.07,778.07,778.07,,,2026-09-11 22:29:06
da9cc513985d427f8753,101,510,2026-08-29,2026-08-29,831.97,831.97,831.97,,,2026-09-11 22:29:06
40c74a9801114f3480ef,110,510,2026-08-30,2026-08-30,530.6,530.6,530.6,,,2026-09-11 22:29:06
73effabc3ca84900b5c0,107,510,2026-08-31,2026-08-31,4108.08,4108.08,4108.08,,,2026-09-11 22:29:06
a9b46053ac9744c49fba,120,510,2026-09-01,2026-09-01,914.79,914.79,914.79,,,2026-09-11 22:29:06
ae618503a9044db09637,114,510,2026-09-02,2026-09-02,812.26,812.26,812.26,,,2026-09-11 22:29:06
8f6a9ef1e3844ec4b54c,112,510,2026-09-03,2026-09-03,323.05,323.05,323.05,,,2026-09-11 22:29:06
b7534e3724f44290b772,103,510,2026-09-04,2026-09-04,181.33,181.33,181.33,,,2026-09-11 22:29:06
27dcb83c4701431ea631,119,510,2026-09-05,2026-09-05,3612.86,3612.86,3612.86,,,2026-09-11 22:29:06
dd841932ae794aec9030,105,510,2026-09-06,2026-09-06,5274.57,5274.57,5274.57,,,2026-09-11 22:29:06
8128a70d40ee43c9be70,105,510,2026-09-07,2026-09-07,3047.82,3047.82,3047.82,,,2026-09-11 22:29:06
cddfc19d404c4df295c7,120,510,2026-09-08,2026-09-08,467.87,467.87,467.87,,,2026-09-11 22:29:06
cb52d7f842b54111819c,108,510,2026-09-09,2026-09-09,3981.62,3981.62,3981.62,,,2026-09-11 22:29:06
c8e30e8931a649869c07,108,510,2026-08-11,2026-08-11,1202.68,1202.68,1202.68,,,2026-09-11 22:29:06
7f3bc7cecca04b5dbeba,107,510,2026-08-12,2026-08-12,736.62,736.62,736.62,,,2026-09-11 22:29:06
330f97ad22ea48c1967f,107,510,2026-08-13,2026-08-13,720.69,720.69,720.69,,,2026-09-11 22:29:06
e3943971427e483bb511,112,510,2026-08-14,2026-08-14,1220.96,1220.96,1220.96,,,2026-09-11 22:29:06
86a2742fae0f4c7a9de1,111,510,2026-08-15,2026-08-15,321.31,321.31,321.31,,,2026-09-11 22:29:06
12322d20a4494c1c841d,101,510,2026-08-16,2026-08-16,916.28,916.28,916.28,,,2026-09-11 22:29:06
38fb938c70b64029bef1,101,510,2026-08-17,2026-08-17,2175.41,2175.41,2175.41,,,2026-09-11 22:29:06
dd8dcb3d7c904fe08a4f,104,510,2026-08-18,2026-08-18,277.75,277.75,277.75,,,2026-09-11 22:29:06
13953b273c6d47dd9a2e,102,510,2026-08-19,2026-08-19,4186.08,4186.08,4186.08,,,2026-09-11 22:29:06
00cad9d6ecf14a298def,103,510,2026-08-20,2026-08-20,196.49,196.49,196.49,,,2026-09-11 22:29:06
01f9fd6ed8104d0190c0,103,510,2026-08-21,2026-08-21,3281.16,3281.16,3281.16,,,2026-09-11 22:29:06
62738d48d8134ce79291,116,510,2026-08-22,2026-08-22,181.89,181.89,181.89,,,2026-09-11 22:29:06
b3feb61ede134bc79c44,104,510,2026-08-23,2026-08-23,3314.03,3314.03,3314.03,,,2026-09-11 22:29:06
9cde64c1d92647d1bb36,119,510,2026-08-24,2026-08-24,2152.08,2152.08,2152.08,,,2026-09-11 22:29:06
28e168e154cd482f8617,118,510,2026-08-25,2026-08-25,433.99,433.99,433.99,,,2026-09-11 22:29:06
e356cfae06634933b4a6,117,510,2026-08-26,2026-08-26,4045.46,4045.46,4045.46,,,2026-09-11 22:29:06
0929a6d6db78404cbef8,101,510,2026-08-27,2026-08-27,1039.72,1039.72,1039.72,,,2026-09-11 22:29:06
7530979b66f54ab2930e,119,510,2026-08-28,2026-08-28,43.6,43.6,43.6,,,2026-09-11 22:29:06
64a4678522cd4d8e892e,104,510,2026-08-29,2026-08-29,606.72,606.72,606.72,,,2026-09-11 22:29:06
14577ebc0d314488bb07,120,510,2026-08-30,2026-08-30,3523.42,3523.42,3523.42,,,2026-09-11 22:29:06
631d6de497c34cb98f5d,105,510,2026-08-31,2026-08-31,932.58,932.58,932.58,,,2026-09-11 22:29:06
92fd0cb20fc043f2b55f,109,510,2026-09-01,2026-09-01,2338.01,2338.01,2338.01,,,2026-09-11 22:29:06
481895d9575b416abc89,108,510,2026-09-02,2026-09-02,1063.84,1063.84,1063.84,,,2026-09-11 22:29:06
a2827abbc7e943c09a15,113,510,2026-09-03,2026-09-03,1556.52,1556.52,1556.52,,,2026-09-11 22:29:06
026cb0f3a052498bb54c,109,510,2026-09-04,2026-09-04,1744.23,1744.23,1744.23,,,2026-09-11 22:29:06
be7f7956b978452ca784,112,510,2026-09-05,2026-09-05,195.8,195.8,195.8,,,2026-09-11 22:29:06
81896177fc22453c937d,113,510,2026-09-06,2026-09-06,67.28,67.28,67.28,,,2026-09-11 22:29:06
dc0209a6395448daa892,117,510,2026-09-07,2026-09-07,3068.77,3068.77,3068.77,,,2026-09-11 22:29:06
928730f39ac14f949bc6,104,510,2026-09-08,2026-09-08,4097.83,4097.83,4097.83,,,2026-09-11 22:29:06
0dd829a756a54cfc88b0,119,510,2026-09-09,2026-09-09,1498.65,1498.65,1498.65,,,2026-09-11 22:29:06
0175dc54561a470dae2d,105,510,2026-08-11,2026-08-11,642.7,642.7,642.7,,,2026-09-11 22:29:06
baa0f043a1e548db9047,110,510,2026-08-12,2026-08-12,579.15,579.15,579.15,,,2026-09-11 22:29:06
e4de346f4f0245b1ad5f,110,510,2026-08-13,2026-08-13,2425.07,2425.07,2425.07,,,2026-09-11 22:29:06
abdfa3f30b7d4cb39fca,105,510,2026-08-14,2026-08-14,430.15,430.15,430.15,,,2026-09-11 22:29:06
1527b310e2734ca39862,112,510,2026-08-15,2026-08-15,951.25,951.25,951.25,,,2026-09-11 22:29:06
b78f141399a24ee39f4d,116,510,2026-08-16,2026-08-16,184.98,184.98,184.98,,,2026-09-11 22:29:06
05778fca502e4bbb8200,111,510,2026-08-17,2026-08-17,336.94,336.94,336.94,,,2026-09-11 22:29:06
f9d3226bf8894df9b50e,106,510,2026-08-18,2026-08-18,122.11,122.11,122.11,,,2026-09-11 22:29:06
e39d6a8341694b3c91da,111,510,2026-08-19,2026-08-19,6041.04,6041.04,6041.04,,,2026-09-11 22:29:06
991a22b787ba41068813,102,510,2026-08-20,2026-08-20,438.56,438.56,438.56,,,2026-09-11 22:29:06
9adef2a85dae4b8f9a1f,113,510,2026-08-21,2026-08-21,2283.29,2283.29,2283.29,,,2026-09-11 22:29:06
680a24056ba041d8b547,113,510,2026-08-22,2026-08-22,877.25,877.25,877.25,,,2026-09-11 22:29:06
3488fb4ee74345d48e3e,113,510,2026-08-23,2026-08-23,3592.75,3592.75,3592.75,,,2026-09-11 22:29:06
92062f23f1c343ca9ab0,101,510,2026-08-24,2026-08-24,681.15,681.15,681.15,,,2026-09-11 22:29:06
77db58b19e3741028349,114,510,2026-08-25,2026-08-25,606.06,606.06,606.06,,,2026-09-11 22:29:06
fa0a326f61714a008e7f,116,510,2026-08-26,2026-08-26,50.92,50.92,50.92,,,2026-09-11 22:29:06
90c6edd5660342e195d5,113,510,2026-08-27,2026-08-27,1389.76,1389.76,1389.76,,,2026-09-11 22:29:06
38c4beb6f0584daaa8ea,111,510,2026-08-28,2026-08-28,1700.73,1700.73,1700.73,,,2026-09-11 22:29:06
c8817c3509784ee9b554,102,510,2026-08-29,2026-08-29,1272.81,1272.81,1272.81,,,2026-09-11 22:29:06
9a2e715b88e641fabd5d,102,510,2026-08-30,2026-08-30,745.47,745.47,745.47,,,2026-09-11 22:29:06
69126a9c2b32410a8947,104,510,2026-08-31,2026-08-31,874.63,874.63,874.63,,,2026-09-11 22:29:06
2640c4f1602c4f25b3d6,111,510,2026-09-01,2026-09-01,340.8,340.8,340.8,,,2026-09-11 22:29:06
8a40d0fc17844bcf9b1d,106,510,2026-09-02,2026-09-02,1036.99,1036.99,1036.99,,,2026-09-11 22:29:06
9628d8da6fa44fdbb115,105,510,2026-09-03,2026-09-03,1749.33,1749.33,1749.33,,,2026-09-11 22:29:06
1d0ba6efd96c4e8dae5c,113,510,2026-09-04,2026-09-04,6616.61,6616.61,6616.61,,,2026-09-11 22:29:06
651332a470c9475da263,104,510,2026-09-05,2026-09-05,1225.95,1225.95,1225.95,,,2026-09-11 22:29:06
afbca34d872449e48752,101,510,2026-09-06,2026-09-06,174.24,174.24,174.24,,,2026-09-11 22:29:06
64a47fb0b4974297ad79,104,510,2026-09-07,2026-09-07,1105.46,1105.46,1105.46,,,2026-09-11 22:29:06
c1f04e59ce774c8d99a5,101,510,2026-09-08,2026-09-08,2060.16,2060.16,2060.16,,,2026-09-11 22:29:06
b6ca64f3bb4443edb3df,104,510,2026-09-09,2026-09-09,416.91,416.91,416.91,,,2026-09-11 22:29:06
25cfa9e126d5463aaef6,109,510,2026-08-11,2026-08-11,1050.57,1050.57,1050.57,,,2026-09-11 22:29:06
3671c984303a4044a37f,111,510,2026-08-12,2026-08-12,2612.66,2612.66,2612.66,,,2026-09-11 22:29:06
66502830b90344159c24,115,510,2026-08-13,2026-08-13,4973.64,4973.64,4973.64,,,2026-09-11 22:29:06
c3beb8aac56941edb141,109,510,2026-08-14,2026-08-14,373.75,373.75,373.75,,,2026-09-11 22:29:06
457cca10d8ea47d8ad62,110,510,2026-08-15,2026-08-15,1735.9,1735.9,1735.9,,,2026-09-11 22:29:06
16bdb0451a54404b8011,101,510,2026-08-16,2026-08-16,561.98,561.98,561.98,,,2026-09-11 22:29:06
e5b2e80dd8434216a912,108,510,2026-08-17,2026-08-17,3271.72,3271.72,3271.72,,,2026-09-11 22:29:06
d8eca101d72643b6a979,113,510,2026-08-18,2026-08-18,1859.98,1859.98,1859.98,,,2026-09-11 22:29:06
fa83c96cd77348b1bea1,112,510,2026-08-19,2026-08-19,3924.17,3924.17,3924.17,,,2026-09-11 22:29:06
0808710c80f544b8b56e,104,510,2026-08-20,2026-08-20,1840.31,1840.31,1840.31,,,2026-09-11 22:29:06
10abb1a9ee474e7a9e44,113,510,2026-08-21,2026-08-21,1475.83,1475.83,1475.83,,,2026-09-11 22:29:06
8840409c9923475a895f,111,510,2026-08-22,2026-08-22,3186.47,3186.47,3186.47,,,2026-09-11 22:29:06
f69c3ddde3234a658f06,118,510,2026-08-23,2026-08-23,4150.8,4150.8,4150.8,,,2026-09-11 22:29:06
a0b02b1d56314ba7bba0,103,510,2026-08-24,2026-08-24,2416.29,2416.29,2416.29,,,2026-09-11 22:29:06
20e4c64c49e74d43a8cd,116,510,2026-08-25,2026-08-25,376.85,376.85,376.85,,,2026-09-11 22:29:06
9c9284e954c44b7c86fa,119,510,2026-08-26,2026-08-26,1391.32,1391.32,1391.32,,,2026-09-11 22:29:06
311264a034fc4a26ba0a,111,510,2026-08-27,2026-08-27,1156.26,1156.26,1156.26,,,2026-09-11 22:29:06
da16b7d9e9f344599081,101,510,2026-08-28,2026-08-28,669.97,669.97,669.97,,,2026-09-11 22:29:06
26bb121e233e49ad9e05,120,510,2026-08-29,2026-08-29,3504.36,3504.36,3504.36,,,2026-09-11 22:29:06
dd2c1d3f3e9e4c5a86fa,102,510,2026-08-30,2026-08-30,152.58,152.58,152.58,,,2026-09-11 22:29:06
bacac870aecf4cb29c31,114,510,2026-08-31,2026-08-31,5609.61,5609.61,5609.61,,,2026-09-11 22:29:06
33ec5a62d0204e15bd7a,119,510,2026-09-01,2026-09-01,721.73,721.73,721.73,,,2026-09-11 22:29:06
e2eb05a5d5bc45498776,104,510,2026-09-02,2026-09-02,848.66,848.66,848.66,,,2026-09-11 22:29:06
4f58995099ee43379e55,114,510,2026-09-03,2026-09-03,3931.75,3931.75,3931.75,,,2026-09-11 22:29:06
27910f63841449aba36c,110,510,2026-09-04,2026-09-04,1684.73,1684.73,1684.73,,,2026-09-11 22:29:06
7b5c634f057847768ada,120,510,2026-09-05,2026-09-05,5742.55,5742.55,5742.55,,,2026-09-11 22:29:06
86ecd99a6080437eb1d8,106,510,2026-09-06,2026-09-06,84.62,84.62,84.62,,,2026-09-11 22:29:06
b4cffb02be074c37b91b,118,510,2026-09-07,2026-09-07,7.45,7.45,7.45,,,2026-09-11 22:29:06
cd089121c6514ee4a381,110,510,2026-09-08,2026-09-08,1411.02,1411.02,1411.02,,,2026-09-11 22:29:06
280e2feec9234ea19156,111,510,2026-09-09,2026-09-09,1830.41,1830.41,1830.41,,,2026-09-11 22:29:06
38dd21c563534491a3dc,113,510,2026-08-11,2026-08-11,1738.63,1738.63,1738.63,,,2026-09-11 22:29:06
109f33f4fc0341d6882a,117,510,2026-08-12,2026-08-12,1411.18,1411.18,1411.18,,,2026-09-11 22:29:06
e743999d283d4a82b231,119,510,2026-08-13,2026-08-13,1215.64,1215.64,1215.64,,,2026-09-11 22:29:06
00fb4e7d1d3845548e1d,103,510,2026-08-14,2026-08-14,862.2,862.2,862.2,,,2026-09-11 22:29:06
918b58aaf4d34d6eb17a,113,510,2026-08-15,2026-08-15,4267.74,4267.74,4267.74,,,2026-09-11 22:29:06
d5bd00a3fc4b4b8a86c1,108,510,2026-08-16,2026-08-16,874.2,874.2,874.2,,,2026-09-11 22:29:06
23f02298fc7a4474b6dd,117,510,2026-08-17,2026-08-17,3749.26,3749.26,3749.26,,,2026-09-11 22:29:06
a2cc9fc91bb64c2697fe,112,510,2026-08-18,2026-08-18,4852.12,4852.12,4852.12,,,2026-09-11 22:29:06
bf1a41cf23364957acbc,113,510,2026-08-19,2026-08-19,1849.8,1849.8,1849.8,,,2026-09-11 22:29:06
8285864f6ba64894a95a,117,510,2026-08-20,2026-08-20,2786.62,2786.62,2786.62,,,2026-09-11 22:29:06
aa1020e8666244d7be2e,120,510,2026-08-21,2026-08-21,650.45,650.45,650.45,,,2026-09-11 22:29:06
ab999cc592e84e9689f2,101,510,2026-08-22,2026-08-22,106.7,106.7,106.7,,,2026-09-11 22:29:06
640c585d94a245a6a396,117,510,2026-08-23,2026-08-23,1257.8,1257.8,1257.8,,,2026-09-11 22:29:06
2725500981d4498a8951,104,510,2026-08-24,2026-08-24,32.54,32.54,32.54,,,2026-09-11 22:29:06
5d2d74438afa44bea99d,120,510,2026-08-25,2026-08-25,1127.57,1127.57,1127.57,,,2026-09-11 22:29:06
791309dfd0544329b7e8,109,510,2026-08-26,2026-08-26,2439.41,2439.41,2439.41,,,2026-09-11 22:29:06
db6037ea6a6b4c3d8cc9,109,510,2026-08-27,2026-08-27,2005.47,2005.47,2005.47,,,2026-09-11 22:29:06
e3f14bea9ffd4397bdb7,119,510,2026-08-28,2026-08-28,1176.92,1176.92,1176.92,,,2026-09-11 22:29:06
0fbca9adc07246ada7bf,111,510,2026-08-29,2026-08-29,4838.12,4838.12,4838.12,,,2026-09-11 22:29:06
932d3895c47642359825,118,510,2026-08-30,2026-08-30,4619.99,4619.99,4619.99,,,2026-09-11 22:29:06
27b609566f2143d4a882,112,510,2026-08-31,2026-08-31,3510.31,3510.31,3510.31,,,2026-09-11 22:29:06
72c72c85c00d45d391d3,117,510,2026-09-01,2026-09-01,4664.7,4664.7,4664.7,,,2026-09-11 22:29:06
0eb320a0c4e94192b171,108,510,2026-09-02,2026-09-02,914.7,914.7,914.7,,,2026-09-11 22:29:06
575f8b46c72a4c83b519,117,510,2026-09-03,2026-09-03,2964.03,2964.03,2964.03,,,2026-09-11 22:29:06
6a97a05e854d48d0aa1a,114,510,2026-09-04,2026-09-04,6685.83,6685.83,6685.83,,,2026-09-11 22:29:06
fe327ddf705d4f1781be,120,510,2026-09-05,2026-09-05,162.19,162.19,162.19,,,2026-09-11 22:29:06
8598e57f7c824c928efa,103,510,2026-09-06,2026-09-06,392.49,392.49,392.49,,,2026-09-11 22:29:06
457b40bb27174d639005,116,510,2026-09-07,2026-09-07,331.59,331.59,331.59,,,2026-09-11 22:29:06
f34e5e7075044a98b786,113,510,2026-09-08,2026-09-08,2867.58,2867.58,2867.58,,,2026-09-11 22:29:06
389d81e0a5004a0697de,107,510,2026-09-09,2026-09-09,251.14,251.14,251.14,,,2026-09-11 22:29:06
4a71f8c1ab3748e9b070,119,510,2026-08-11,2026-08-11,78.14,78.14,78.14,,,2026-09-11 22:29:06
50906698897543218584,101,510,2026-08-12,2026-08-12,6505.82,6505.82,6505.82,,,2026-09-11 22:29:06
0003077ccc8346209512,112,510,2026-08-13,2026-08-13,101.05,101.05,101.05,,,2026-09-11 22:29:06
31925938e0bc47b7b0d5,105,510,2026-08-14,2026-08-14,547.12,547.12,547.12,,,2026-09-11 22:29:06
6c8c9182587849d59ee5,116,510,2026-08-15,2026-08-15,2313.81,2313.81,2313.81,,,2026-09-11 22:29:06
c803436ef173495eb6a9,104,510,2026-08-16,2026-08-16,405.61,405.61,405.61,,,2026-09-11 22:29:06
f9c808bd837b4ead8f65,117,510,2026-08-17,2026-08-17,408.69,408.69,408.69,,,2026-09-11 22:29:06
9cebd040c491407082bf,101,510,2026-08-18,2026-08-18,5948.47,5948.47,5948.47,,,2026-09-11 22:29:06
cfcb7be8fe244141ae30,119,510,2026-08-19,2026-08-19,779.01,779.01,779.01,,,2026-09-11 22:29:06
c06b5fc00b2548c39a4f,116,510,2026-08-20,2026-08-20,1599.72,1599.72,1599.72,,,2026-09-11 22:29:06
90e12100ba53425e8b17,111,510,2026-08-21,2026-08-21,1119.75,1119.75,1119.75,,,2026-09-11 22:29:06
4d7446937693458db93d,105,510,2026-08-22,2026-08-22,1263.3,1263.3,1263.3,,,2026-09-11 22:29:06
86881f8f80f34497b027,112,510,2026-08-23,2026-08-23,1671.3,1671.3,1671.3,,,2026-09-11 22:29:06
e556cd96707d4a53ba30,114,510,2026-08-24,2026-08-24,711.56,711.56,711.56,,,2026-09-11 22:29:06
9499cec6a1d141cca145,108,510,2026-08-25,2026-08-25,65.15,65.15,65.15,,,2026-09-11 22:29:06
fd3057de32024c37af2e,106,510,2026-08-26,2026-08-26,235.47,235.47,235.47,,,2026-09-11 22:29:06
919a1315901047f98f96,118,510,2026-08-27,2026-08-27,2458.06,2458.06,2458.06,,,2026-09-11 22:29:06
28dd2f1e98a6468aa3ff,120,510,2026-08-28,2026-08-28,1331.16,1331.16,1331.16,,,2026-09-11 22:29:06
31970d8f3b8e4f368585,114,510,2026-08-29,2026-08-29,39.5,39.5,39.5,,,2026-09-11 22:29:06
578fb45579954a5a959e,104,510,2026-08-30,2026-08-30,4154.2,4154.2,4154.2,,,2026-09-11 22:29:06
5b4aa80106924160a2a8,116,510,2026-08-31,2026-08-31,152.22,152.22,152.22,,,2026-09-11 22:29:06
ebf68976366a4cf7b8da,102,510,2026-09-01,2026-09-01,1108.92,1108.92,1108.92,,,2026-09-11 22:29:06
f8d0a7d62b0748f884e5,114,510,2026-09-02,2026-09-02,845.26,845.26,845.26,,,2026-09-11 22:29:06
fbefae4d0eab489abe8c,102,510,2026-09-03,2026-09-03,2345.96,2345.96,2345.96,,,2026-09-11 22:29:06
eef83a1da72248fa865b,101,510,2026-09-04,2026-09-04,445.58,445.58,445.58,,,2026-09-11 22:29:06
6dc268cd03584216ae3c,102,510,2026-09-05,2026-09-05,2496.09,2496.09,2496.09,,,2026-09-11 22:29:06
1687e4c07999481c8914,114,510,2026-09-06,2026-09-06,1650.61,1650.61,1650.61,,,2026-09-11 22:29:06
31f49e816340418186e6,113,510,2026-09-07,2026-09-07,1689.31,1689.31,1689.31,,,2026-09-11 22:29:06
3373e457fc024e809a60,107,510,2026-09-08,2026-09-08,151.38,151.38,151.38,,,2026-09-11 22:29:06
6562e873a3774ff983ee,105,510,2026-09-09,2026-09-09,6011.08,6011.08,6011.08,,,2026-09-11 22:29:06
91f12eda4b92427e961c,110,510,2026-08-11,2026-08-11,1909.08,1909.08,1909.08,,,2026-09-11 22:29:06
9e4daef530a248febdfb,111,510,2026-08-12,2026-08-12,3305.27,3305.27,3305.27,,,2026-09-11 22:29:06
ceee3ee323a84d8a8d1d,117,510,2026-08-13,2026-08-13,519.59,519.59,519.59,,,2026-09-11 22:29:06
48f1c72bbdea41878683,118,510,2026-08-14,2026-08-14,1446.38,1446.38,1446.38,,,2026-09-11 22:29:06
93b8f50447a847c891cf,112,510,2026-08-15,2026-08-15,1216.37,1216.37,1216.37,,,2026-09-11 22:29:06
1a715898cafa42f3a5cf,105,510,2026-08-16,2026-08-16,1175.9,1175.9,1175.9,,,2026-09-11 22:29:06
ff4ebb4882e546a191bd,106,510,2026-08-17,2026-08-17,1159.38,1159.38,1159.38,,,2026-09-11 22:29:06
db5cd2334a414e8e898e,119,510,2026-08-18,2026-08-18,2259.83,2259.83,2259.83,,,2026-09-11 22:29:06
e915445ba8fc43bfabb9,111,510,2026-08-19,2026-08-19,702.92,702.92,702.92,,,2026-09-11 22:29:06
e7ceb56cd41c49918ecd,119,510,2026-08-20,2026-08-20,3349.73,3349.73,3349.73,,,2026-09-11 22:29:06
aefacbd04b534f2e979d,103,510,2026-08-21,2026-08-21,1616.21,1616.21,1616.21,,,2026-09-11 22:29:06
c7c9700318fb4a2fb901,105,510,2026-08-22,2026-08-22,441.04,441.04,441.04,,,2026-09-11 22:29:06
db6b3f9b1d514763b0dd,110,510,2026-08-23,2026-08-23,979.98,979.98,979.98,,,2026-09-11 22:29:06
6680145e6c3f469085b5,106,510,2026-08-24,2026-08-24,5698.17,5698.17,5698.17,,,2026-09-11 22:29:06
3c74fc3daf83452b8454,116,510,2026-08-25,2026-08-25,803.48,803.48,803.48,,,2026-09-11 22:29:06
1ec4e12ef2fc483dbcc7,120,510,2026-08-26,2026-08-26,3429.94,3429.94,3429.94,,,2026-09-11 22:29:06
937ef3a0ad0143c684ae,119,510,2026-08-27,2026-08-27,4739.74,4739.74,4739.74,,,2026-09-11 22:29:06
381a5c18f09641218a85,118,510,2026-08-28,2026-08-28,1885.76,1885.76,1885.76,,,2026-09-11 22:29:06
fe3e1e8bae7d472c8bc9,107,510,2026-08-29,2026-08-29,41.09,41.09,41.09,,,2026-09-11 22:29:06
8ec9504e2634465b89e4,105,510,2026-08-30,2026-08-30,2159.43,2159.43,2159.43,,,2026-09-11 22:29:06
24530cdc8eca4a68a642,117,510,2026-08-31,2026-08-31,1753.23,1753.23,1753.23,,,2026-09-11 22:29:06
33a2c0c25cc442f19afd,119,510,2026-09-01,2026-09-01,3090.85,3090.85,3090.85,,,2026-09-11 22:29:06
af4021d58c9740328a6c,104,510,2026-09-02,2026-09-02,1283.28,1283.28,1283.28,,,2026-09-11 22:29:06
173ca5cabdfe4db69939,115,510,2026-09-03,2026-09-03,43.85,43.85,43.85,,,2026-09-11 22:29:06
7bf902d32a5e4cd09911,111,510,2026-09-04,2026-09-04,4399.56,4399.56,4399.56,,,2026-09-11 22:29:06
075e8ebedbba4de88041,114,510,2026-09-05,2026-09-05,235.39,235.39,235.39,,,2026-09-11 22:29:06
33848b9b573e42fe8968,112,510,2026-09-06,2026-09-06,3231.61,3231.61,3231.61,,,2026-09-11 22:29:06
35dc61ae0bd446f38eb5,111,510,2026-09-07,2026-09-07,727.96,727.96,727.96,,,2026-09-11 22:29:06
0b65bd5cd7d745d3bf39,102,510,2026-09-08,2026-09-08,1987.17,1987.17,1987.17,,,2026-09-11 22:29:06
23e91eacf1a9451b9000,110,510,2026-09-09,2026-09-09,2816.63,2816.63,2816.63,,,2026-09-11 22:29:06
